Date,High,Low,Open,Close,Volume,Adj Close
2012-06-18,0.0560000017285347,0.0560000017285347,0.0560000017285347,0.0560000017285347,0.0,0.0560000017285347
2012-06-19,0.0560000017285347,0.0560000017285347,0.0560000017285347,0.0560000017285347,0.0,0.0560000017285347
2012-06-20,0.0560000017285347,0.0560000017285347,0.0560000017285347,0.0560000017285347,0.0,0.0560000017285347
2012-06-21,0.0560000017285347,0.0560000017285347,0.0560000017285347,0.0560000017285347,0.0,0.0560000017285347
2012-06-22,0.0560000017285347,0.0560000017285347,0.0560000017285347,0.0560000017285347,0.0,0.0560000017285347
2012-06-25,0.0560000017285347,0.0560000017285347,0.0560000017285347,0.0560000017285347,0.0,0.0560000017285347
2012-06-26,0.0560000017285347,0.0560000017285347,0.0560000017285347,0.0560000017285347,0.0,0.0560000017285347
2012-06-27,0.0560000017285347,0.0560000017285347,0.0560000017285347,0.0560000017285347,0.0,0.0560000017285347
2012-06-28,0.0560000017285347,0.0560000017285347,0.0560000017285347,0.0560000017285347,0.0,0.0560000017285347
2012-06-29,0.0560000017285347,0.0560000017285347,0.0560000017285347,0.0560000017285347,0.0,0.0560000017285347
2012-07-02,0.0560000017285347,0.0560000017285347,0.0560000017285347,0.0560000017285347,0.0,0.0560000017285347
2012-07-03,0.0560000017285347,0.0560000017285347,0.0560000017285347,0.0560000017285347,0.0,0.0560000017285347
2012-07-05,0.0560000017285347,0.0560000017285347,0.0560000017285347,0.0560000017285347,0.0,0.0560000017285347
2012-07-06,0.0560000017285347,0.0560000017285347,0.0560000017285347,0.0560000017285347,0.0,0.0560000017285347
2012-07-09,0.0560000017285347,0.0560000017285347,0.0560000017285347,0.0560000017285347,0.0,0.0560000017285347
2012-07-10,0.0560000017285347,0.0560000017285347,0.0560000017285347,0.0560000017285347,0.0,0.0560000017285347
2012-07-11,0.0560000017285347,0.0560000017285347,0.0560000017285347,0.0560000017285347,0.0,0.0560000017285347
2012-07-12,0.0560000017285347,0.0560000017285347,0.0560000017285347,0.0560000017285347,0.0,0.0560000017285347
2012-07-13,0.0560000017285347,0.0560000017285347,0.0560000017285347,0.0560000017285347,0.0,0.0560000017285347
2012-07-16,0.0560000017285347,0.0560000017285347,0.0560000017285347,0.0560000017285347,0.0,0.0560000017285347
2012-07-17,0.0560000017285347,0.0560000017285347,0.0560000017285347,0.0560000017285347,0.0,0.0560000017285347
2012-07-18,0.0560000017285347,0.0560000017285347,0.0560000017285347,0.0560000017285347,0.0,0.0560000017285347
2012-07-19,0.0560000017285347,0.0560000017285347,0.0560000017285347,0.0560000017285347,0.0,0.0560000017285347
2012-07-20,0.0560000017285347,0.0560000017285347,0.0560000017285347,0.0560000017285347,0.0,0.0560000017285347
2012-07-23,0.0560000017285347,0.0560000017285347,0.0560000017285347,0.0560000017285347,0.0,0.0560000017285347
2012-07-24,0.0560000017285347,0.0560000017285347,0.0560000017285347,0.0560000017285347,0.0,0.0560000017285347
2012-07-25,0.0560000017285347,0.0560000017285347,0.0560000017285347,0.0560000017285347,0.0,0.0560000017285347
2012-07-26,0.0560000017285347,0.0560000017285347,0.0560000017285347,0.0560000017285347,0.0,0.0560000017285347
2012-07-27,0.0560000017285347,0.0560000017285347,0.0560000017285347,0.0560000017285347,0.0,0.0560000017285347
2012-07-30,0.0560000017285347,0.0560000017285347,0.0560000017285347,0.0560000017285347,0.0,0.0560000017285347
2012-07-31,0.0560000017285347,0.0560000017285347,0.0560000017285347,0.0560000017285347,0.0,0.0560000017285347
2012-08-01,0.0560000017285347,0.0560000017285347,0.0560000017285347,0.0560000017285347,0.0,0.0560000017285347
2012-08-02,0.0560000017285347,0.0560000017285347,0.0560000017285347,0.0560000017285347,0.0,0.0560000017285347
2012-08-03,0.0560000017285347,0.0560000017285347,0.0560000017285347,0.0560000017285347,0.0,0.0560000017285347
2012-08-06,0.0560000017285347,0.0560000017285347,0.0560000017285347,0.0560000017285347,0.0,0.0560000017285347
2012-08-07,0.0560000017285347,0.0560000017285347,0.0560000017285347,0.0560000017285347,0.0,0.0560000017285347
2012-08-08,0.0560000017285347,0.0560000017285347,0.0560000017285347,0.0560000017285347,0.0,0.0560000017285347
2012-08-09,0.0560000017285347,0.0560000017285347,0.0560000017285347,0.0560000017285347,0.0,0.0560000017285347
2012-08-10,0.0560000017285347,0.0560000017285347,0.0560000017285347,0.0560000017285347,0.0,0.0560000017285347
2012-08-13,0.0560000017285347,0.0560000017285347,0.0560000017285347,0.0560000017285347,0.0,0.0560000017285347
2012-08-14,0.0560000017285347,0.0560000017285347,0.0560000017285347,0.0560000017285347,0.0,0.0560000017285347
2012-08-15,0.0560000017285347,0.0560000017285347,0.0560000017285347,0.0560000017285347,0.0,0.0560000017285347
2012-08-16,0.0560000017285347,0.0560000017285347,0.0560000017285347,0.0560000017285347,0.0,0.0560000017285347
2012-08-17,0.0560000017285347,0.0560000017285347,0.0560000017285347,0.0560000017285347,0.0,0.0560000017285347
2012-08-20,0.0560000017285347,0.0560000017285347,0.0560000017285347,0.0560000017285347,0.0,0.0560000017285347
2012-08-21,0.0560000017285347,0.0560000017285347,0.0560000017285347,0.0560000017285347,0.0,0.0560000017285347
2012-08-22,0.0560000017285347,0.0560000017285347,0.0560000017285347,0.0560000017285347,0.0,0.0560000017285347
2012-08-23,0.0560000017285347,0.0560000017285347,0.0560000017285347,0.0560000017285347,0.0,0.0560000017285347
2012-08-24,0.0560000017285347,0.0560000017285347,0.0560000017285347,0.0560000017285347,0.0,0.0560000017285347
2012-08-27,0.0560000017285347,0.0560000017285347,0.0560000017285347,0.0560000017285347,0.0,0.0560000017285347
2012-08-28,0.0560000017285347,0.0560000017285347,0.0560000017285347,0.0560000017285347,0.0,0.0560000017285347
2012-08-29,0.0560000017285347,0.0560000017285347,0.0560000017285347,0.0560000017285347,0.0,0.0560000017285347
2012-08-30,0.0560000017285347,0.0560000017285347,0.0560000017285347,0.0560000017285347,0.0,0.0560000017285347
2012-08-31,0.0560000017285347,0.0560000017285347,0.0560000017285347,0.0560000017285347,0.0,0.0560000017285347
2012-09-04,0.0560000017285347,0.0560000017285347,0.0560000017285347,0.0560000017285347,0.0,0.0560000017285347
2012-09-05,0.0560000017285347,0.0560000017285347,0.0560000017285347,0.0560000017285347,0.0,0.0560000017285347
2012-09-06,0.0560000017285347,0.0560000017285347,0.0560000017285347,0.0560000017285347,0.0,0.0560000017285347
2012-09-07,0.0560000017285347,0.0560000017285347,0.0560000017285347,0.0560000017285347,0.0,0.0560000017285347
2012-09-10,0.0560000017285347,0.0560000017285347,0.0560000017285347,0.0560000017285347,0.0,0.0560000017285347
2012-09-11,0.0560000017285347,0.0560000017285347,0.0560000017285347,0.0560000017285347,0.0,0.0560000017285347
2012-09-12,0.0560000017285347,0.0560000017285347,0.0560000017285347,0.0560000017285347,0.0,0.0560000017285347
2012-09-13,0.0560000017285347,0.0560000017285347,0.0560000017285347,0.0560000017285347,0.0,0.0560000017285347
2012-09-14,0.0560000017285347,0.0560000017285347,0.0560000017285347,0.0560000017285347,0.0,0.0560000017285347
2012-09-17,0.0560000017285347,0.0560000017285347,0.0560000017285347,0.0560000017285347,0.0,0.0560000017285347
2012-09-18,0.0560000017285347,0.0560000017285347,0.0560000017285347,0.0560000017285347,0.0,0.0560000017285347
2012-09-19,0.0560000017285347,0.0560000017285347,0.0560000017285347,0.0560000017285347,0.0,0.0560000017285347
2012-09-20,0.0560000017285347,0.0560000017285347,0.0560000017285347,0.0560000017285347,0.0,0.0560000017285347
2012-09-21,0.0560000017285347,0.0560000017285347,0.0560000017285347,0.0560000017285347,0.0,0.0560000017285347
2012-09-24,0.0560000017285347,0.0560000017285347,0.0560000017285347,0.0560000017285347,0.0,0.0560000017285347
2012-09-25,0.0560000017285347,0.0560000017285347,0.0560000017285347,0.0560000017285347,0.0,0.0560000017285347
2012-09-26,0.0560000017285347,0.0560000017285347,0.0560000017285347,0.0560000017285347,0.0,0.0560000017285347
2012-09-27,0.0560000017285347,0.0560000017285347,0.0560000017285347,0.0560000017285347,0.0,0.0560000017285347
2012-09-28,0.0560000017285347,0.0560000017285347,0.0560000017285347,0.0560000017285347,0.0,0.0560000017285347
2012-10-01,0.0560000017285347,0.0560000017285347,0.0560000017285347,0.0560000017285347,0.0,0.0560000017285347
2012-10-02,0.0560000017285347,0.0560000017285347,0.0560000017285347,0.0560000017285347,0.0,0.0560000017285347
2012-10-03,0.0560000017285347,0.0560000017285347,0.0560000017285347,0.0560000017285347,0.0,0.0560000017285347
2012-10-04,0.0560000017285347,0.0560000017285347,0.0560000017285347,0.0560000017285347,0.0,0.0560000017285347
2012-10-05,0.0560000017285347,0.0560000017285347,0.0560000017285347,0.0560000017285347,0.0,0.0560000017285347
2012-10-08,0.0560000017285347,0.0560000017285347,0.0560000017285347,0.0560000017285347,0.0,0.0560000017285347
2012-10-09,0.0560000017285347,0.0560000017285347,0.0560000017285347,0.0560000017285347,0.0,0.0560000017285347
2012-10-10,0.0560000017285347,0.0560000017285347,0.0560000017285347,0.0560000017285347,0.0,0.0560000017285347
2012-10-11,0.0560000017285347,0.0560000017285347,0.0560000017285347,0.0560000017285347,0.0,0.0560000017285347
2012-10-12,0.0560000017285347,0.0560000017285347,0.0560000017285347,0.0560000017285347,0.0,0.0560000017285347
2012-10-15,0.0560000017285347,0.0560000017285347,0.0560000017285347,0.0560000017285347,0.0,0.0560000017285347
2012-10-16,0.0560000017285347,0.0560000017285347,0.0560000017285347,0.0560000017285347,0.0,0.0560000017285347
2012-10-17,0.0560000017285347,0.0560000017285347,0.0560000017285347,0.0560000017285347,0.0,0.0560000017285347
2012-10-18,0.0560000017285347,0.0560000017285347,0.0560000017285347,0.0560000017285347,0.0,0.0560000017285347
2012-10-19,0.0560000017285347,0.0560000017285347,0.0560000017285347,0.0560000017285347,0.0,0.0560000017285347
2012-10-22,0.0560000017285347,0.0560000017285347,0.0560000017285347,0.0560000017285347,0.0,0.0560000017285347
2012-10-23,0.0560000017285347,0.0560000017285347,0.0560000017285347,0.0560000017285347,0.0,0.0560000017285347
2012-10-24,0.0560000017285347,0.0560000017285347,0.0560000017285347,0.0560000017285347,0.0,0.0560000017285347
2012-10-25,0.0560000017285347,0.0560000017285347,0.0560000017285347,0.0560000017285347,0.0,0.0560000017285347
2012-10-26,0.0560000017285347,0.0560000017285347,0.0560000017285347,0.0560000017285347,0.0,0.0560000017285347
2012-10-31,0.0560000017285347,0.0560000017285347,0.0560000017285347,0.0560000017285347,0.0,0.0560000017285347
2012-11-01,0.0560000017285347,0.0560000017285347,0.0560000017285347,0.0560000017285347,0.0,0.0560000017285347
2012-11-02,0.0560000017285347,0.0560000017285347,0.0560000017285347,0.0560000017285347,0.0,0.0560000017285347
2012-11-05,0.0560000017285347,0.0560000017285347,0.0560000017285347,0.0560000017285347,0.0,0.0560000017285347
2012-11-06,0.0560000017285347,0.0560000017285347,0.0560000017285347,0.0560000017285347,0.0,0.0560000017285347
2012-11-07,0.0560000017285347,0.0560000017285347,0.0560000017285347,0.0560000017285347,0.0,0.0560000017285347
2012-11-08,0.0560000017285347,0.0560000017285347,0.0560000017285347,0.0560000017285347,0.0,0.0560000017285347
2012-11-09,0.0560000017285347,0.0560000017285347,0.0560000017285347,0.0560000017285347,0.0,0.0560000017285347
2012-11-12,0.0560000017285347,0.0560000017285347,0.0560000017285347,0.0560000017285347,0.0,0.0560000017285347
2012-11-13,0.0560000017285347,0.0560000017285347,0.0560000017285347,0.0560000017285347,0.0,0.0560000017285347
2012-11-14,0.0560000017285347,0.0560000017285347,0.0560000017285347,0.0560000017285347,0.0,0.0560000017285347
2012-11-15,0.0560000017285347,0.0560000017285347,0.0560000017285347,0.0560000017285347,0.0,0.0560000017285347
2012-11-16,0.0560000017285347,0.0560000017285347,0.0560000017285347,0.0560000017285347,0.0,0.0560000017285347
2012-11-19,0.0560000017285347,0.0560000017285347,0.0560000017285347,0.0560000017285347,0.0,0.0560000017285347
2012-11-20,0.0560000017285347,0.0560000017285347,0.0560000017285347,0.0560000017285347,0.0,0.0560000017285347
2012-11-21,0.0560000017285347,0.0560000017285347,0.0560000017285347,0.0560000017285347,0.0,0.0560000017285347
2012-11-23,0.0560000017285347,0.0560000017285347,0.0560000017285347,0.0560000017285347,0.0,0.0560000017285347
2012-11-26,0.0560000017285347,0.0560000017285347,0.0560000017285347,0.0560000017285347,0.0,0.0560000017285347
2012-11-27,0.0560000017285347,0.0560000017285347,0.0560000017285347,0.0560000017285347,0.0,0.0560000017285347
2012-11-28,0.0560000017285347,0.0560000017285347,0.0560000017285347,0.0560000017285347,0.0,0.0560000017285347
2012-11-29,0.0560000017285347,0.0560000017285347,0.0560000017285347,0.0560000017285347,0.0,0.0560000017285347
2012-11-30,0.0560000017285347,0.0560000017285347,0.0560000017285347,0.0560000017285347,0.0,0.0560000017285347
2012-12-03,0.0560000017285347,0.0560000017285347,0.0560000017285347,0.0560000017285347,0.0,0.0560000017285347
2012-12-04,0.0560000017285347,0.0560000017285347,0.0560000017285347,0.0560000017285347,0.0,0.0560000017285347
2012-12-05,0.0560000017285347,0.0560000017285347,0.0560000017285347,0.0560000017285347,0.0,0.0560000017285347
2012-12-06,0.0560000017285347,0.0560000017285347,0.0560000017285347,0.0560000017285347,0.0,0.0560000017285347
2012-12-07,0.03099999949336052,0.03099999949336052,0.03099999949336052,0.03099999949336052,38000.0,0.03099999949336052
2012-12-10,0.03099999949336052,0.03099999949336052,0.03099999949336052,0.03099999949336052,10000.0,0.03099999949336052
2012-12-11,0.03099999949336052,0.03099999949336052,0.03099999949336052,0.03099999949336052,0.0,0.03099999949336052
2012-12-12,0.03099999949336052,0.03099999949336052,0.03099999949336052,0.03099999949336052,10000.0,0.03099999949336052
2012-12-13,0.03099999949336052,0.03099999949336052,0.03099999949336052,0.03099999949336052,0.0,0.03099999949336052
2012-12-14,0.03099999949336052,0.03099999949336052,0.03099999949336052,0.03099999949336052,10000.0,0.03099999949336052
2012-12-17,0.03099999949336052,0.03099999949336052,0.03099999949336052,0.03099999949336052,20000.0,0.03099999949336052
2012-12-18,0.032999999821186066,0.03099999949336052,0.032999999821186066,0.03099999949336052,11250.0,0.03099999949336052
2012-12-19,0.03099999949336052,0.03099999949336052,0.03099999949336052,0.03099999949336052,0.0,0.03099999949336052
2012-12-20,0.03099999949336052,0.03099999949336052,0.03099999949336052,0.03099999949336052,0.0,0.03099999949336052
2012-12-21,0.03099999949336052,0.03099999949336052,0.03099999949336052,0.03099999949336052,0.0,0.03099999949336052
2012-12-24,0.03099999949336052,0.03099999949336052,0.03099999949336052,0.03099999949336052,0.0,0.03099999949336052
2012-12-26,0.03099999949336052,0.03099999949336052,0.03099999949336052,0.03099999949336052,0.0,0.03099999949336052
2012-12-27,0.03099999949336052,0.03099999949336052,0.03099999949336052,0.03099999949336052,0.0,0.03099999949336052
2012-12-28,0.03099999949336052,0.03099999949336052,0.03099999949336052,0.03099999949336052,5000.0,0.03099999949336052
2012-12-31,0.03099999949336052,0.03099999949336052,0.03099999949336052,0.03099999949336052,10000.0,0.03099999949336052
2013-01-02,0.03099999949336052,0.03099999949336052,0.03099999949336052,0.03099999949336052,0.0,0.03099999949336052
2013-01-03,0.03099999949336052,0.03099999949336052,0.03099999949336052,0.03099999949336052,0.0,0.03099999949336052
2013-01-04,0.03099999949336052,0.03099999949336052,0.03099999949336052,0.03099999949336052,0.0,0.03099999949336052
2013-01-07,0.03099999949336052,0.03099999949336052,0.03099999949336052,0.03099999949336052,0.0,0.03099999949336052
2013-01-08,0.03099999949336052,0.03099999949336052,0.03099999949336052,0.03099999949336052,0.0,0.03099999949336052
2013-01-09,0.03099999949336052,0.03099999949336052,0.03099999949336052,0.03099999949336052,0.0,0.03099999949336052
2013-01-10,0.03099999949336052,0.03099999949336052,0.03099999949336052,0.03099999949336052,0.0,0.03099999949336052
2013-01-11,0.03099999949336052,0.03099999949336052,0.03099999949336052,0.03099999949336052,0.0,0.03099999949336052
2013-01-14,0.03099999949336052,0.03099999949336052,0.03099999949336052,0.03099999949336052,0.0,0.03099999949336052
2013-01-15,0.03099999949336052,0.03099999949336052,0.03099999949336052,0.03099999949336052,0.0,0.03099999949336052
2013-01-16,0.03099999949336052,0.03099999949336052,0.03099999949336052,0.03099999949336052,0.0,0.03099999949336052
2013-01-17,0.03099999949336052,0.03099999949336052,0.03099999949336052,0.03099999949336052,0.0,0.03099999949336052
2013-01-18,0.01600000075995922,0.01600000075995922,0.01600000075995922,0.01600000075995922,150000.0,0.01600000075995922
2013-01-22,0.01600000075995922,0.01600000075995922,0.01600000075995922,0.01600000075995922,0.0,0.01600000075995922
2013-01-23,0.01600000075995922,0.01600000075995922,0.01600000075995922,0.01600000075995922,0.0,0.01600000075995922
2013-01-24,0.01600000075995922,0.01600000075995922,0.01600000075995922,0.01600000075995922,0.0,0.01600000075995922
2013-01-25,0.01600000075995922,0.01600000075995922,0.01600000075995922,0.01600000075995922,0.0,0.01600000075995922
2013-01-28,0.01600000075995922,0.01600000075995922,0.01600000075995922,0.01600000075995922,0.0,0.01600000075995922
2013-01-29,0.01600000075995922,0.01600000075995922,0.01600000075995922,0.01600000075995922,0.0,0.01600000075995922
2013-01-30,0.01600000075995922,0.01600000075995922,0.01600000075995922,0.01600000075995922,0.0,0.01600000075995922
2013-01-31,0.01600000075995922,0.01600000075995922,0.01600000075995922,0.01600000075995922,0.0,0.01600000075995922
2013-02-01,0.01600000075995922,0.01600000075995922,0.01600000075995922,0.01600000075995922,0.0,0.01600000075995922
2013-02-04,0.01600000075995922,0.01600000075995922,0.01600000075995922,0.01600000075995922,0.0,0.01600000075995922
2013-02-05,0.01600000075995922,0.01600000075995922,0.01600000075995922,0.01600000075995922,0.0,0.01600000075995922
2013-02-06,0.01600000075995922,0.01600000075995922,0.01600000075995922,0.01600000075995922,0.0,0.01600000075995922
2013-02-07,0.01600000075995922,0.01600000075995922,0.01600000075995922,0.01600000075995922,0.0,0.01600000075995922
2013-02-08,0.01600000075995922,0.01600000075995922,0.01600000075995922,0.01600000075995922,0.0,0.01600000075995922
2013-02-11,0.01600000075995922,0.01600000075995922,0.01600000075995922,0.01600000075995922,0.0,0.01600000075995922
2013-02-12,0.01600000075995922,0.01600000075995922,0.01600000075995922,0.01600000075995922,0.0,0.01600000075995922
2013-02-13,0.01600000075995922,0.01600000075995922,0.01600000075995922,0.01600000075995922,0.0,0.01600000075995922
2013-02-14,0.01600000075995922,0.01600000075995922,0.01600000075995922,0.01600000075995922,0.0,0.01600000075995922
2013-02-15,0.01600000075995922,0.01600000075995922,0.01600000075995922,0.01600000075995922,0.0,0.01600000075995922
2013-02-19,0.01600000075995922,0.01600000075995922,0.01600000075995922,0.01600000075995922,0.0,0.01600000075995922
2013-02-20,0.01600000075995922,0.01600000075995922,0.01600000075995922,0.01600000075995922,0.0,0.01600000075995922
2013-02-21,0.01600000075995922,0.01600000075995922,0.01600000075995922,0.01600000075995922,0.0,0.01600000075995922
2013-02-22,0.01600000075995922,0.01600000075995922,0.01600000075995922,0.01600000075995922,0.0,0.01600000075995922
2013-02-25,0.01600000075995922,0.01600000075995922,0.01600000075995922,0.01600000075995922,0.0,0.01600000075995922
2013-02-26,0.01600000075995922,0.01600000075995922,0.01600000075995922,0.01600000075995922,0.0,0.01600000075995922
2013-02-27,0.01600000075995922,0.01600000075995922,0.01600000075995922,0.01600000075995922,0.0,0.01600000075995922
2013-02-28,0.01600000075995922,0.01600000075995922,0.01600000075995922,0.01600000075995922,0.0,0.01600000075995922
2013-03-01,0.01600000075995922,0.01600000075995922,0.01600000075995922,0.01600000075995922,0.0,0.01600000075995922
2013-03-04,0.01600000075995922,0.01600000075995922,0.01600000075995922,0.01600000075995922,0.0,0.01600000075995922
2013-03-05,0.01600000075995922,0.01600000075995922,0.01600000075995922,0.01600000075995922,0.0,0.01600000075995922
2013-03-06,0.01600000075995922,0.01600000075995922,0.01600000075995922,0.01600000075995922,0.0,0.01600000075995922
2013-03-07,0.01600000075995922,0.01600000075995922,0.01600000075995922,0.01600000075995922,0.0,0.01600000075995922
2013-03-08,0.01600000075995922,0.01600000075995922,0.01600000075995922,0.01600000075995922,0.0,0.01600000075995922
2013-03-11,0.01600000075995922,0.01600000075995922,0.01600000075995922,0.01600000075995922,0.0,0.01600000075995922
2013-03-12,0.01600000075995922,0.01600000075995922,0.01600000075995922,0.01600000075995922,0.0,0.01600000075995922
2013-03-13,0.01600000075995922,0.01600000075995922,0.01600000075995922,0.01600000075995922,0.0,0.01600000075995922
2013-03-14,0.01600000075995922,0.01600000075995922,0.01600000075995922,0.01600000075995922,0.0,0.01600000075995922
2013-03-15,0.01600000075995922,0.01600000075995922,0.01600000075995922,0.01600000075995922,0.0,0.01600000075995922
2013-03-18,0.01600000075995922,0.01600000075995922,0.01600000075995922,0.01600000075995922,0.0,0.01600000075995922
2013-03-19,0.01600000075995922,0.01600000075995922,0.01600000075995922,0.01600000075995922,0.0,0.01600000075995922
2013-03-20,0.01600000075995922,0.01600000075995922,0.01600000075995922,0.01600000075995922,0.0,0.01600000075995922
2013-03-21,0.01600000075995922,0.01600000075995922,0.01600000075995922,0.01600000075995922,0.0,0.01600000075995922
2013-03-22,0.01600000075995922,0.01600000075995922,0.01600000075995922,0.01600000075995922,0.0,0.01600000075995922
2013-03-25,0.01600000075995922,0.01600000075995922,0.01600000075995922,0.01600000075995922,0.0,0.01600000075995922
2013-03-26,0.01600000075995922,0.01600000075995922,0.01600000075995922,0.01600000075995922,0.0,0.01600000075995922
2013-03-27,0.01600000075995922,0.01600000075995922,0.01600000075995922,0.01600000075995922,0.0,0.01600000075995922
2013-03-28,0.01600000075995922,0.01600000075995922,0.01600000075995922,0.01600000075995922,0.0,0.01600000075995922
2013-04-01,0.01600000075995922,0.01600000075995922,0.01600000075995922,0.01600000075995922,0.0,0.01600000075995922
2013-04-02,0.01600000075995922,0.01600000075995922,0.01600000075995922,0.01600000075995922,0.0,0.01600000075995922
2013-04-03,0.01600000075995922,0.01600000075995922,0.01600000075995922,0.01600000075995922,0.0,0.01600000075995922
2013-04-04,0.01600000075995922,0.01600000075995922,0.01600000075995922,0.01600000075995922,0.0,0.01600000075995922
2013-04-05,0.01600000075995922,0.01600000075995922,0.01600000075995922,0.01600000075995922,0.0,0.01600000075995922
2013-04-08,0.01600000075995922,0.01600000075995922,0.01600000075995922,0.01600000075995922,0.0,0.01600000075995922
2013-04-09,0.01600000075995922,0.01600000075995922,0.01600000075995922,0.01600000075995922,0.0,0.01600000075995922
2013-04-10,0.01600000075995922,0.01600000075995922,0.01600000075995922,0.01600000075995922,0.0,0.01600000075995922
2013-04-11,0.01600000075995922,0.01600000075995922,0.01600000075995922,0.01600000075995922,0.0,0.01600000075995922
2013-04-12,0.01600000075995922,0.01600000075995922,0.01600000075995922,0.01600000075995922,0.0,0.01600000075995922
2013-04-15,0.01600000075995922,0.01600000075995922,0.01600000075995922,0.01600000075995922,0.0,0.01600000075995922
2013-04-16,0.01600000075995922,0.01600000075995922,0.01600000075995922,0.01600000075995922,0.0,0.01600000075995922
2013-04-17,0.01600000075995922,0.01600000075995922,0.01600000075995922,0.01600000075995922,0.0,0.01600000075995922
2013-04-18,0.01600000075995922,0.01600000075995922,0.01600000075995922,0.01600000075995922,0.0,0.01600000075995922
2013-04-19,0.01600000075995922,0.01600000075995922,0.01600000075995922,0.01600000075995922,0.0,0.01600000075995922
2013-04-22,0.01600000075995922,0.01600000075995922,0.01600000075995922,0.01600000075995922,0.0,0.01600000075995922
2013-04-23,0.01600000075995922,0.01600000075995922,0.01600000075995922,0.01600000075995922,0.0,0.01600000075995922
2013-04-24,0.01600000075995922,0.01600000075995922,0.01600000075995922,0.01600000075995922,0.0,0.01600000075995922
2013-04-25,0.01600000075995922,0.01600000075995922,0.01600000075995922,0.01600000075995922,0.0,0.01600000075995922
2013-04-26,0.01600000075995922,0.01600000075995922,0.01600000075995922,0.01600000075995922,0.0,0.01600000075995922
2013-04-29,0.01600000075995922,0.01600000075995922,0.01600000075995922,0.01600000075995922,0.0,0.01600000075995922
2013-04-30,0.01600000075995922,0.01600000075995922,0.01600000075995922,0.01600000075995922,0.0,0.01600000075995922
2013-05-01,0.01600000075995922,0.01600000075995922,0.01600000075995922,0.01600000075995922,0.0,0.01600000075995922
2013-05-02,0.01600000075995922,0.01600000075995922,0.01600000075995922,0.01600000075995922,0.0,0.01600000075995922
2013-05-03,0.01600000075995922,0.01600000075995922,0.01600000075995922,0.01600000075995922,0.0,0.01600000075995922
2013-05-06,0.01600000075995922,0.01600000075995922,0.01600000075995922,0.01600000075995922,0.0,0.01600000075995922
2013-05-07,0.01600000075995922,0.01600000075995922,0.01600000075995922,0.01600000075995922,0.0,0.01600000075995922
2013-05-08,0.01600000075995922,0.01600000075995922,0.01600000075995922,0.01600000075995922,0.0,0.01600000075995922
2013-05-09,0.01600000075995922,0.01600000075995922,0.01600000075995922,0.01600000075995922,0.0,0.01600000075995922
2013-05-10,0.01600000075995922,0.01600000075995922,0.01600000075995922,0.01600000075995922,0.0,0.01600000075995922
2013-05-13,0.01600000075995922,0.01600000075995922,0.01600000075995922,0.01600000075995922,0.0,0.01600000075995922
2013-05-14,0.01600000075995922,0.01600000075995922,0.01600000075995922,0.01600000075995922,0.0,0.01600000075995922
2013-05-15,0.01600000075995922,0.01600000075995922,0.01600000075995922,0.01600000075995922,0.0,0.01600000075995922
2013-05-16,0.01600000075995922,0.01600000075995922,0.01600000075995922,0.01600000075995922,0.0,0.01600000075995922
2013-05-17,0.01600000075995922,0.01600000075995922,0.01600000075995922,0.01600000075995922,0.0,0.01600000075995922
2013-05-20,0.01600000075995922,0.01600000075995922,0.01600000075995922,0.01600000075995922,0.0,0.01600000075995922
2013-05-21,0.01600000075995922,0.01600000075995922,0.01600000075995922,0.01600000075995922,0.0,0.01600000075995922
2013-05-22,0.01600000075995922,0.01600000075995922,0.01600000075995922,0.01600000075995922,0.0,0.01600000075995922
2013-05-23,0.01600000075995922,0.01600000075995922,0.01600000075995922,0.01600000075995922,0.0,0.01600000075995922
2013-05-24,0.01600000075995922,0.01600000075995922,0.01600000075995922,0.01600000075995922,0.0,0.01600000075995922
2013-05-28,0.01600000075995922,0.01600000075995922,0.01600000075995922,0.01600000075995922,0.0,0.01600000075995922
2013-05-29,0.01600000075995922,0.01600000075995922,0.01600000075995922,0.01600000075995922,0.0,0.01600000075995922
2013-05-30,0.01600000075995922,0.01600000075995922,0.01600000075995922,0.01600000075995922,0.0,0.01600000075995922
2013-05-31,0.01600000075995922,0.01600000075995922,0.01600000075995922,0.01600000075995922,0.0,0.01600000075995922
2013-06-03,0.01600000075995922,0.01600000075995922,0.01600000075995922,0.01600000075995922,0.0,0.01600000075995922
2013-06-04,0.01600000075995922,0.01600000075995922,0.01600000075995922,0.01600000075995922,0.0,0.01600000075995922
2013-06-05,0.01600000075995922,0.01600000075995922,0.01600000075995922,0.01600000075995922,0.0,0.01600000075995922
2013-06-06,0.01600000075995922,0.01600000075995922,0.01600000075995922,0.01600000075995922,0.0,0.01600000075995922
2013-06-07,0.01600000075995922,0.01600000075995922,0.01600000075995922,0.01600000075995922,0.0,0.01600000075995922
2013-06-10,0.01600000075995922,0.01600000075995922,0.01600000075995922,0.01600000075995922,0.0,0.01600000075995922
2013-06-11,0.01600000075995922,0.01600000075995922,0.01600000075995922,0.01600000075995922,0.0,0.01600000075995922
2013-06-12,0.01600000075995922,0.01600000075995922,0.01600000075995922,0.01600000075995922,0.0,0.01600000075995922
2013-06-13,0.01600000075995922,0.01600000075995922,0.01600000075995922,0.01600000075995922,0.0,0.01600000075995922
2013-06-14,0.01600000075995922,0.01600000075995922,0.01600000075995922,0.01600000075995922,0.0,0.01600000075995922
2013-06-17,0.01600000075995922,0.01600000075995922,0.01600000075995922,0.01600000075995922,0.0,0.01600000075995922
2013-06-18,0.01600000075995922,0.01600000075995922,0.01600000075995922,0.01600000075995922,0.0,0.01600000075995922
2013-06-19,0.01600000075995922,0.01600000075995922,0.01600000075995922,0.01600000075995922,0.0,0.01600000075995922
2013-06-20,0.01600000075995922,0.01600000075995922,0.01600000075995922,0.01600000075995922,0.0,0.01600000075995922
2013-06-21,0.01600000075995922,0.01600000075995922,0.01600000075995922,0.01600000075995922,0.0,0.01600000075995922
2013-06-24,0.01600000075995922,0.01600000075995922,0.01600000075995922,0.01600000075995922,0.0,0.01600000075995922
2013-06-25,0.01600000075995922,0.01600000075995922,0.01600000075995922,0.01600000075995922,0.0,0.01600000075995922
2013-06-26,0.01600000075995922,0.01600000075995922,0.01600000075995922,0.01600000075995922,0.0,0.01600000075995922
2013-06-27,0.01600000075995922,0.01600000075995922,0.01600000075995922,0.01600000075995922,0.0,0.01600000075995922
2013-06-28,0.01600000075995922,0.01600000075995922,0.01600000075995922,0.01600000075995922,0.0,0.01600000075995922
2013-07-01,0.01600000075995922,0.01600000075995922,0.01600000075995922,0.01600000075995922,0.0,0.01600000075995922
2013-07-02,0.01600000075995922,0.01600000075995922,0.01600000075995922,0.01600000075995922,0.0,0.01600000075995922
2013-07-03,0.01600000075995922,0.01600000075995922,0.01600000075995922,0.01600000075995922,0.0,0.01600000075995922
2013-07-05,0.01600000075995922,0.01600000075995922,0.01600000075995922,0.01600000075995922,0.0,0.01600000075995922
2013-07-08,0.01600000075995922,0.01600000075995922,0.01600000075995922,0.01600000075995922,0.0,0.01600000075995922
2013-07-09,0.01600000075995922,0.01600000075995922,0.01600000075995922,0.01600000075995922,0.0,0.01600000075995922
2013-07-10,0.01600000075995922,0.01600000075995922,0.01600000075995922,0.01600000075995922,0.0,0.01600000075995922
2013-07-11,0.01600000075995922,0.01600000075995922,0.01600000075995922,0.01600000075995922,0.0,0.01600000075995922
2013-07-12,0.01600000075995922,0.01600000075995922,0.01600000075995922,0.01600000075995922,0.0,0.01600000075995922
2013-07-15,0.01600000075995922,0.01600000075995922,0.01600000075995922,0.01600000075995922,0.0,0.01600000075995922
2013-07-16,0.01600000075995922,0.01600000075995922,0.01600000075995922,0.01600000075995922,0.0,0.01600000075995922
2013-07-17,0.01600000075995922,0.01600000075995922,0.01600000075995922,0.01600000075995922,0.0,0.01600000075995922
2013-07-18,0.01600000075995922,0.01600000075995922,0.01600000075995922,0.01600000075995922,0.0,0.01600000075995922
2013-07-19,0.01600000075995922,0.01600000075995922,0.01600000075995922,0.01600000075995922,0.0,0.01600000075995922
2013-07-22,0.01600000075995922,0.01600000075995922,0.01600000075995922,0.01600000075995922,0.0,0.01600000075995922
2013-07-23,0.01600000075995922,0.01600000075995922,0.01600000075995922,0.01600000075995922,0.0,0.01600000075995922
2013-07-24,0.01600000075995922,0.01600000075995922,0.01600000075995922,0.01600000075995922,0.0,0.01600000075995922
2013-07-25,0.01600000075995922,0.01600000075995922,0.01600000075995922,0.01600000075995922,0.0,0.01600000075995922
2013-07-26,0.01600000075995922,0.01600000075995922,0.01600000075995922,0.01600000075995922,0.0,0.01600000075995922
2013-07-29,0.01600000075995922,0.01600000075995922,0.01600000075995922,0.01600000075995922,0.0,0.01600000075995922
2013-07-30,0.01600000075995922,0.01600000075995922,0.01600000075995922,0.01600000075995922,0.0,0.01600000075995922
2013-07-31,0.01600000075995922,0.01600000075995922,0.01600000075995922,0.01600000075995922,0.0,0.01600000075995922
2013-08-01,0.01600000075995922,0.01600000075995922,0.01600000075995922,0.01600000075995922,0.0,0.01600000075995922
2013-08-02,0.01600000075995922,0.01600000075995922,0.01600000075995922,0.01600000075995922,0.0,0.01600000075995922
2013-08-05,0.01600000075995922,0.01600000075995922,0.01600000075995922,0.01600000075995922,0.0,0.01600000075995922
2013-08-06,0.01600000075995922,0.01600000075995922,0.01600000075995922,0.01600000075995922,0.0,0.01600000075995922
2013-08-07,0.01600000075995922,0.01600000075995922,0.01600000075995922,0.01600000075995922,0.0,0.01600000075995922
2013-08-08,0.01600000075995922,0.01600000075995922,0.01600000075995922,0.01600000075995922,0.0,0.01600000075995922
2013-08-09,0.01600000075995922,0.01600000075995922,0.01600000075995922,0.01600000075995922,0.0,0.01600000075995922
2013-08-12,0.01600000075995922,0.01600000075995922,0.01600000075995922,0.01600000075995922,0.0,0.01600000075995922
2013-08-13,0.01600000075995922,0.01600000075995922,0.01600000075995922,0.01600000075995922,0.0,0.01600000075995922
2013-08-14,0.01600000075995922,0.01600000075995922,0.01600000075995922,0.01600000075995922,0.0,0.01600000075995922
2013-08-15,0.01600000075995922,0.01600000075995922,0.01600000075995922,0.01600000075995922,0.0,0.01600000075995922
2013-08-16,0.01600000075995922,0.01600000075995922,0.01600000075995922,0.01600000075995922,0.0,0.01600000075995922
2013-08-19,0.01600000075995922,0.01600000075995922,0.01600000075995922,0.01600000075995922,0.0,0.01600000075995922
2013-08-20,0.01600000075995922,0.01600000075995922,0.01600000075995922,0.01600000075995922,0.0,0.01600000075995922
2013-08-21,0.01600000075995922,0.01600000075995922,0.01600000075995922,0.01600000075995922,0.0,0.01600000075995922
2013-08-22,0.01600000075995922,0.01600000075995922,0.01600000075995922,0.01600000075995922,0.0,0.01600000075995922
2013-08-23,0.01600000075995922,0.01600000075995922,0.01600000075995922,0.01600000075995922,0.0,0.01600000075995922
2013-08-26,0.01600000075995922,0.01600000075995922,0.01600000075995922,0.01600000075995922,0.0,0.01600000075995922
2013-08-27,0.01600000075995922,0.01600000075995922,0.01600000075995922,0.01600000075995922,0.0,0.01600000075995922
2013-08-28,0.01600000075995922,0.01600000075995922,0.01600000075995922,0.01600000075995922,0.0,0.01600000075995922
2013-08-29,0.01600000075995922,0.01600000075995922,0.01600000075995922,0.01600000075995922,0.0,0.01600000075995922
2013-08-30,0.01600000075995922,0.01600000075995922,0.01600000075995922,0.01600000075995922,0.0,0.01600000075995922
2013-09-03,0.01600000075995922,0.01600000075995922,0.01600000075995922,0.01600000075995922,0.0,0.01600000075995922
2013-09-04,0.01600000075995922,0.01600000075995922,0.01600000075995922,0.01600000075995922,0.0,0.01600000075995922
2013-09-05,0.01600000075995922,0.01600000075995922,0.01600000075995922,0.01600000075995922,0.0,0.01600000075995922
2013-09-06,0.01600000075995922,0.01600000075995922,0.01600000075995922,0.01600000075995922,0.0,0.01600000075995922
2013-09-09,0.01600000075995922,0.01600000075995922,0.01600000075995922,0.01600000075995922,0.0,0.01600000075995922
2013-09-10,0.01600000075995922,0.01600000075995922,0.01600000075995922,0.01600000075995922,0.0,0.01600000075995922
2013-09-11,0.01600000075995922,0.01600000075995922,0.01600000075995922,0.01600000075995922,0.0,0.01600000075995922
2013-09-12,0.01600000075995922,0.01600000075995922,0.01600000075995922,0.01600000075995922,0.0,0.01600000075995922
2013-09-13,0.01600000075995922,0.01600000075995922,0.01600000075995922,0.01600000075995922,0.0,0.01600000075995922
2013-09-16,0.01600000075995922,0.01600000075995922,0.01600000075995922,0.01600000075995922,0.0,0.01600000075995922
2013-09-17,0.01600000075995922,0.01600000075995922,0.01600000075995922,0.01600000075995922,0.0,0.01600000075995922
2013-09-18,0.01600000075995922,0.01600000075995922,0.01600000075995922,0.01600000075995922,0.0,0.01600000075995922
2013-09-19,0.01600000075995922,0.01600000075995922,0.01600000075995922,0.01600000075995922,0.0,0.01600000075995922
2013-09-20,0.01600000075995922,0.01600000075995922,0.01600000075995922,0.01600000075995922,0.0,0.01600000075995922
2013-09-23,0.01600000075995922,0.01600000075995922,0.01600000075995922,0.01600000075995922,0.0,0.01600000075995922
2013-09-24,0.01600000075995922,0.01600000075995922,0.01600000075995922,0.01600000075995922,0.0,0.01600000075995922
2013-09-25,0.01600000075995922,0.01600000075995922,0.01600000075995922,0.01600000075995922,0.0,0.01600000075995922
2013-09-26,0.01600000075995922,0.01600000075995922,0.01600000075995922,0.01600000075995922,0.0,0.01600000075995922
2013-09-27,0.01600000075995922,0.01600000075995922,0.01600000075995922,0.01600000075995922,0.0,0.01600000075995922
2013-09-30,0.01600000075995922,0.01600000075995922,0.01600000075995922,0.01600000075995922,0.0,0.01600000075995922
2013-10-01,0.01600000075995922,0.01600000075995922,0.01600000075995922,0.01600000075995922,0.0,0.01600000075995922
2013-10-02,0.01600000075995922,0.01600000075995922,0.01600000075995922,0.01600000075995922,0.0,0.01600000075995922
2013-10-03,0.01600000075995922,0.01600000075995922,0.01600000075995922,0.01600000075995922,0.0,0.01600000075995922
2013-10-04,0.01600000075995922,0.01600000075995922,0.01600000075995922,0.01600000075995922,0.0,0.01600000075995922
2013-10-07,0.01600000075995922,0.01600000075995922,0.01600000075995922,0.01600000075995922,0.0,0.01600000075995922
2013-10-08,0.01600000075995922,0.01600000075995922,0.01600000075995922,0.01600000075995922,0.0,0.01600000075995922
2013-10-09,0.01600000075995922,0.01600000075995922,0.01600000075995922,0.01600000075995922,0.0,0.01600000075995922
2013-10-10,0.01600000075995922,0.01600000075995922,0.01600000075995922,0.01600000075995922,0.0,0.01600000075995922
2013-10-11,0.01600000075995922,0.01600000075995922,0.01600000075995922,0.01600000075995922,0.0,0.01600000075995922
2013-10-14,0.01600000075995922,0.01600000075995922,0.01600000075995922,0.01600000075995922,0.0,0.01600000075995922
2013-10-15,0.01600000075995922,0.01600000075995922,0.01600000075995922,0.01600000075995922,0.0,0.01600000075995922
2013-10-16,0.01600000075995922,0.01600000075995922,0.01600000075995922,0.01600000075995922,0.0,0.01600000075995922
2013-10-17,0.01600000075995922,0.01600000075995922,0.01600000075995922,0.01600000075995922,0.0,0.01600000075995922
2013-10-18,0.01600000075995922,0.01600000075995922,0.01600000075995922,0.01600000075995922,0.0,0.01600000075995922
2013-10-21,0.01600000075995922,0.01600000075995922,0.01600000075995922,0.01600000075995922,0.0,0.01600000075995922
2013-10-22,0.01600000075995922,0.01600000075995922,0.01600000075995922,0.01600000075995922,0.0,0.01600000075995922
2013-10-23,0.01600000075995922,0.01600000075995922,0.01600000075995922,0.01600000075995922,0.0,0.01600000075995922
2013-10-24,0.01600000075995922,0.01600000075995922,0.01600000075995922,0.01600000075995922,0.0,0.01600000075995922
2013-10-25,0.01600000075995922,0.01600000075995922,0.01600000075995922,0.01600000075995922,0.0,0.01600000075995922
2013-10-28,0.01600000075995922,0.01600000075995922,0.01600000075995922,0.01600000075995922,0.0,0.01600000075995922
2013-10-29,0.01600000075995922,0.01600000075995922,0.01600000075995922,0.01600000075995922,0.0,0.01600000075995922
2013-10-30,0.01600000075995922,0.01600000075995922,0.01600000075995922,0.01600000075995922,0.0,0.01600000075995922
2013-10-31,0.01600000075995922,0.01600000075995922,0.01600000075995922,0.01600000075995922,0.0,0.01600000075995922
2013-11-01,0.01600000075995922,0.01600000075995922,0.01600000075995922,0.01600000075995922,0.0,0.01600000075995922
2013-11-04,0.01600000075995922,0.01600000075995922,0.01600000075995922,0.01600000075995922,0.0,0.01600000075995922
2013-11-05,0.01600000075995922,0.01600000075995922,0.01600000075995922,0.01600000075995922,0.0,0.01600000075995922
2013-11-06,0.01600000075995922,0.01600000075995922,0.01600000075995922,0.01600000075995922,0.0,0.01600000075995922
2013-11-07,0.01600000075995922,0.01600000075995922,0.01600000075995922,0.01600000075995922,0.0,0.01600000075995922
2013-11-08,0.01600000075995922,0.01600000075995922,0.01600000075995922,0.01600000075995922,0.0,0.01600000075995922
2013-11-11,0.01600000075995922,0.01600000075995922,0.01600000075995922,0.01600000075995922,0.0,0.01600000075995922
2013-11-12,0.01600000075995922,0.01600000075995922,0.01600000075995922,0.01600000075995922,0.0,0.01600000075995922
2013-11-13,0.01600000075995922,0.01600000075995922,0.01600000075995922,0.01600000075995922,0.0,0.01600000075995922
2013-11-14,0.01600000075995922,0.01600000075995922,0.01600000075995922,0.01600000075995922,0.0,0.01600000075995922
2013-11-15,0.01600000075995922,0.01600000075995922,0.01600000075995922,0.01600000075995922,0.0,0.01600000075995922
2013-11-18,0.01600000075995922,0.01600000075995922,0.01600000075995922,0.01600000075995922,0.0,0.01600000075995922
2013-11-19,0.01600000075995922,0.01600000075995922,0.01600000075995922,0.01600000075995922,0.0,0.01600000075995922
2013-11-20,0.01600000075995922,0.01600000075995922,0.01600000075995922,0.01600000075995922,0.0,0.01600000075995922
2013-11-21,0.01600000075995922,0.01600000075995922,0.01600000075995922,0.01600000075995922,0.0,0.01600000075995922
2013-11-22,0.01600000075995922,0.01600000075995922,0.01600000075995922,0.01600000075995922,0.0,0.01600000075995922
2013-11-25,0.01600000075995922,0.01600000075995922,0.01600000075995922,0.01600000075995922,0.0,0.01600000075995922
2013-11-26,0.01600000075995922,0.01600000075995922,0.01600000075995922,0.01600000075995922,0.0,0.01600000075995922
2013-11-27,0.01600000075995922,0.01600000075995922,0.01600000075995922,0.01600000075995922,0.0,0.01600000075995922
2013-11-29,0.01600000075995922,0.01600000075995922,0.01600000075995922,0.01600000075995922,0.0,0.01600000075995922
2013-12-02,0.01600000075995922,0.01600000075995922,0.01600000075995922,0.01600000075995922,0.0,0.01600000075995922
2013-12-03,0.01600000075995922,0.01600000075995922,0.01600000075995922,0.01600000075995922,0.0,0.01600000075995922
2013-12-04,0.01600000075995922,0.01600000075995922,0.01600000075995922,0.01600000075995922,0.0,0.01600000075995922
2013-12-05,0.01600000075995922,0.01600000075995922,0.01600000075995922,0.01600000075995922,0.0,0.01600000075995922
2013-12-06,0.01600000075995922,0.01600000075995922,0.01600000075995922,0.01600000075995922,0.0,0.01600000075995922
2013-12-09,0.01600000075995922,0.01600000075995922,0.01600000075995922,0.01600000075995922,0.0,0.01600000075995922
2013-12-10,0.01600000075995922,0.01600000075995922,0.01600000075995922,0.01600000075995922,0.0,0.01600000075995922
2013-12-11,0.01600000075995922,0.01600000075995922,0.01600000075995922,0.01600000075995922,0.0,0.01600000075995922
2013-12-12,0.01600000075995922,0.01600000075995922,0.01600000075995922,0.01600000075995922,0.0,0.01600000075995922
2013-12-13,0.01600000075995922,0.01600000075995922,0.01600000075995922,0.01600000075995922,0.0,0.01600000075995922
2013-12-16,0.01600000075995922,0.01600000075995922,0.01600000075995922,0.01600000075995922,0.0,0.01600000075995922
2013-12-17,0.01600000075995922,0.01600000075995922,0.01600000075995922,0.01600000075995922,0.0,0.01600000075995922
2013-12-18,0.01600000075995922,0.01600000075995922,0.01600000075995922,0.01600000075995922,0.0,0.01600000075995922
2013-12-19,0.01600000075995922,0.01600000075995922,0.01600000075995922,0.01600000075995922,0.0,0.01600000075995922
2013-12-20,0.01600000075995922,0.01600000075995922,0.01600000075995922,0.01600000075995922,0.0,0.01600000075995922
2013-12-23,0.01600000075995922,0.01600000075995922,0.01600000075995922,0.01600000075995922,0.0,0.01600000075995922
2013-12-24,0.01600000075995922,0.01600000075995922,0.01600000075995922,0.01600000075995922,0.0,0.01600000075995922
2013-12-26,0.01600000075995922,0.01600000075995922,0.01600000075995922,0.01600000075995922,0.0,0.01600000075995922
2013-12-27,0.01600000075995922,0.01600000075995922,0.01600000075995922,0.01600000075995922,0.0,0.01600000075995922
2013-12-30,0.01600000075995922,0.01600000075995922,0.01600000075995922,0.01600000075995922,0.0,0.01600000075995922
2013-12-31,0.01600000075995922,0.01600000075995922,0.01600000075995922,0.01600000075995922,0.0,0.01600000075995922
2014-01-02,0.01600000075995922,0.01600000075995922,0.01600000075995922,0.01600000075995922,0.0,0.01600000075995922
2014-01-03,0.01600000075995922,0.01600000075995922,0.01600000075995922,0.01600000075995922,0.0,0.01600000075995922
2014-01-06,0.01600000075995922,0.01600000075995922,0.01600000075995922,0.01600000075995922,0.0,0.01600000075995922
2014-01-07,0.01600000075995922,0.01600000075995922,0.01600000075995922,0.01600000075995922,0.0,0.01600000075995922
2014-01-08,0.01600000075995922,0.01600000075995922,0.01600000075995922,0.01600000075995922,0.0,0.01600000075995922
2014-01-09,0.01600000075995922,0.01600000075995922,0.01600000075995922,0.01600000075995922,0.0,0.01600000075995922
2014-01-10,0.01600000075995922,0.01600000075995922,0.01600000075995922,0.01600000075995922,0.0,0.01600000075995922
2014-01-13,0.01600000075995922,0.01600000075995922,0.01600000075995922,0.01600000075995922,0.0,0.01600000075995922
2014-01-14,0.01600000075995922,0.01600000075995922,0.01600000075995922,0.01600000075995922,0.0,0.01600000075995922
2014-01-15,0.01600000075995922,0.01600000075995922,0.01600000075995922,0.01600000075995922,0.0,0.01600000075995922
2014-01-16,0.01600000075995922,0.01600000075995922,0.01600000075995922,0.01600000075995922,0.0,0.01600000075995922
2014-01-17,0.01600000075995922,0.01600000075995922,0.01600000075995922,0.01600000075995922,0.0,0.01600000075995922
2014-01-21,0.01600000075995922,0.01600000075995922,0.01600000075995922,0.01600000075995922,0.0,0.01600000075995922
2014-01-22,0.01600000075995922,0.01600000075995922,0.01600000075995922,0.01600000075995922,0.0,0.01600000075995922
2014-01-23,0.01600000075995922,0.01600000075995922,0.01600000075995922,0.01600000075995922,0.0,0.01600000075995922
2014-01-24,0.01600000075995922,0.01600000075995922,0.01600000075995922,0.01600000075995922,0.0,0.01600000075995922
2014-01-27,0.01600000075995922,0.01600000075995922,0.01600000075995922,0.01600000075995922,0.0,0.01600000075995922
2014-01-28,0.01600000075995922,0.01600000075995922,0.01600000075995922,0.01600000075995922,0.0,0.01600000075995922
2014-01-29,0.01600000075995922,0.01600000075995922,0.01600000075995922,0.01600000075995922,0.0,0.01600000075995922
2014-01-30,0.01600000075995922,0.01600000075995922,0.01600000075995922,0.01600000075995922,0.0,0.01600000075995922
2014-01-31,0.01600000075995922,0.01600000075995922,0.01600000075995922,0.01600000075995922,0.0,0.01600000075995922
2014-02-03,0.01600000075995922,0.01600000075995922,0.01600000075995922,0.01600000075995922,0.0,0.01600000075995922
2014-02-04,0.01600000075995922,0.01600000075995922,0.01600000075995922,0.01600000075995922,0.0,0.01600000075995922
2014-02-05,0.01600000075995922,0.01600000075995922,0.01600000075995922,0.01600000075995922,0.0,0.01600000075995922
2014-02-06,0.01600000075995922,0.01600000075995922,0.01600000075995922,0.01600000075995922,0.0,0.01600000075995922
2014-02-07,0.01600000075995922,0.01600000075995922,0.01600000075995922,0.01600000075995922,0.0,0.01600000075995922
2014-02-10,0.01600000075995922,0.01600000075995922,0.01600000075995922,0.01600000075995922,0.0,0.01600000075995922
2014-02-11,0.01600000075995922,0.01600000075995922,0.01600000075995922,0.01600000075995922,0.0,0.01600000075995922
2014-02-12,0.01600000075995922,0.01600000075995922,0.01600000075995922,0.01600000075995922,0.0,0.01600000075995922
2014-02-13,0.01600000075995922,0.01600000075995922,0.01600000075995922,0.01600000075995922,0.0,0.01600000075995922
2014-02-14,0.01600000075995922,0.01600000075995922,0.01600000075995922,0.01600000075995922,0.0,0.01600000075995922
2014-02-18,0.01600000075995922,0.01600000075995922,0.01600000075995922,0.01600000075995922,0.0,0.01600000075995922
2014-02-19,0.01600000075995922,0.01600000075995922,0.01600000075995922,0.01600000075995922,0.0,0.01600000075995922
2014-02-20,0.01600000075995922,0.01600000075995922,0.01600000075995922,0.01600000075995922,0.0,0.01600000075995922
2014-02-21,0.01600000075995922,0.01600000075995922,0.01600000075995922,0.01600000075995922,0.0,0.01600000075995922
2014-02-24,0.01600000075995922,0.01600000075995922,0.01600000075995922,0.01600000075995922,0.0,0.01600000075995922
2014-02-25,0.01600000075995922,0.01600000075995922,0.01600000075995922,0.01600000075995922,0.0,0.01600000075995922
2014-02-26,0.01600000075995922,0.01600000075995922,0.01600000075995922,0.01600000075995922,0.0,0.01600000075995922
2014-02-27,0.01600000075995922,0.01600000075995922,0.01600000075995922,0.01600000075995922,0.0,0.01600000075995922
2014-02-28,0.01600000075995922,0.01600000075995922,0.01600000075995922,0.01600000075995922,0.0,0.01600000075995922
2014-03-03,0.01600000075995922,0.01600000075995922,0.01600000075995922,0.01600000075995922,0.0,0.01600000075995922
2014-03-04,0.01600000075995922,0.01600000075995922,0.01600000075995922,0.01600000075995922,0.0,0.01600000075995922
2014-03-05,0.01600000075995922,0.01600000075995922,0.01600000075995922,0.01600000075995922,0.0,0.01600000075995922
2014-03-06,0.01600000075995922,0.01600000075995922,0.01600000075995922,0.01600000075995922,0.0,0.01600000075995922
2014-03-07,0.01600000075995922,0.01600000075995922,0.01600000075995922,0.01600000075995922,0.0,0.01600000075995922
2014-03-10,0.01600000075995922,0.01600000075995922,0.01600000075995922,0.01600000075995922,0.0,0.01600000075995922
2014-03-11,0.01600000075995922,0.01600000075995922,0.01600000075995922,0.01600000075995922,0.0,0.01600000075995922
2014-03-12,0.01600000075995922,0.01600000075995922,0.01600000075995922,0.01600000075995922,0.0,0.01600000075995922
2014-03-13,0.01600000075995922,0.01600000075995922,0.01600000075995922,0.01600000075995922,0.0,0.01600000075995922
2014-03-14,0.01600000075995922,0.01600000075995922,0.01600000075995922,0.01600000075995922,0.0,0.01600000075995922
2014-03-17,0.01600000075995922,0.01600000075995922,0.01600000075995922,0.01600000075995922,0.0,0.01600000075995922
2014-03-18,0.01600000075995922,0.01600000075995922,0.01600000075995922,0.01600000075995922,0.0,0.01600000075995922
2014-03-19,0.01600000075995922,0.01600000075995922,0.01600000075995922,0.01600000075995922,0.0,0.01600000075995922
2014-03-20,0.01600000075995922,0.01600000075995922,0.01600000075995922,0.01600000075995922,0.0,0.01600000075995922
2014-03-21,0.01600000075995922,0.01600000075995922,0.01600000075995922,0.01600000075995922,0.0,0.01600000075995922
2014-03-24,0.01600000075995922,0.01600000075995922,0.01600000075995922,0.01600000075995922,0.0,0.01600000075995922
2014-03-25,0.01600000075995922,0.01600000075995922,0.01600000075995922,0.01600000075995922,0.0,0.01600000075995922
2014-03-26,0.01600000075995922,0.01600000075995922,0.01600000075995922,0.01600000075995922,0.0,0.01600000075995922
2014-03-27,0.01600000075995922,0.01600000075995922,0.01600000075995922,0.01600000075995922,0.0,0.01600000075995922
2014-03-28,0.01600000075995922,0.01600000075995922,0.01600000075995922,0.01600000075995922,0.0,0.01600000075995922
2014-03-31,0.01600000075995922,0.01600000075995922,0.01600000075995922,0.01600000075995922,0.0,0.01600000075995922
2014-04-01,0.01600000075995922,0.01600000075995922,0.01600000075995922,0.01600000075995922,0.0,0.01600000075995922
2014-04-02,0.01600000075995922,0.01600000075995922,0.01600000075995922,0.01600000075995922,0.0,0.01600000075995922
2014-04-03,0.01600000075995922,0.01600000075995922,0.01600000075995922,0.01600000075995922,0.0,0.01600000075995922
2014-04-04,0.01600000075995922,0.01600000075995922,0.01600000075995922,0.01600000075995922,0.0,0.01600000075995922
2014-04-07,0.01600000075995922,0.01600000075995922,0.01600000075995922,0.01600000075995922,0.0,0.01600000075995922
2014-04-08,0.01600000075995922,0.01600000075995922,0.01600000075995922,0.01600000075995922,0.0,0.01600000075995922
2014-04-09,0.01600000075995922,0.01600000075995922,0.01600000075995922,0.01600000075995922,0.0,0.01600000075995922
2014-04-10,0.01600000075995922,0.01600000075995922,0.01600000075995922,0.01600000075995922,0.0,0.01600000075995922
2014-04-11,0.01600000075995922,0.01600000075995922,0.01600000075995922,0.01600000075995922,0.0,0.01600000075995922
2014-04-14,0.01600000075995922,0.01600000075995922,0.01600000075995922,0.01600000075995922,0.0,0.01600000075995922
2014-04-15,0.01600000075995922,0.01600000075995922,0.01600000075995922,0.01600000075995922,0.0,0.01600000075995922
2014-04-16,0.01600000075995922,0.01600000075995922,0.01600000075995922,0.01600000075995922,0.0,0.01600000075995922
2014-04-17,0.01600000075995922,0.01600000075995922,0.01600000075995922,0.01600000075995922,0.0,0.01600000075995922
2014-04-21,0.01600000075995922,0.01600000075995922,0.01600000075995922,0.01600000075995922,0.0,0.01600000075995922
2014-04-22,0.01600000075995922,0.01600000075995922,0.01600000075995922,0.01600000075995922,0.0,0.01600000075995922
2014-04-23,0.01600000075995922,0.01600000075995922,0.01600000075995922,0.01600000075995922,0.0,0.01600000075995922
2014-04-24,0.01600000075995922,0.01600000075995922,0.01600000075995922,0.01600000075995922,0.0,0.01600000075995922
2014-04-25,0.01600000075995922,0.01600000075995922,0.01600000075995922,0.01600000075995922,0.0,0.01600000075995922
2014-04-28,0.01600000075995922,0.01600000075995922,0.01600000075995922,0.01600000075995922,0.0,0.01600000075995922
2014-04-29,0.01600000075995922,0.01600000075995922,0.01600000075995922,0.01600000075995922,0.0,0.01600000075995922
2014-04-30,0.01600000075995922,0.01600000075995922,0.01600000075995922,0.01600000075995922,0.0,0.01600000075995922
2014-05-01,0.01600000075995922,0.01600000075995922,0.01600000075995922,0.01600000075995922,0.0,0.01600000075995922
2014-05-02,0.01600000075995922,0.01600000075995922,0.01600000075995922,0.01600000075995922,0.0,0.01600000075995922
2014-05-05,0.01600000075995922,0.01600000075995922,0.01600000075995922,0.01600000075995922,0.0,0.01600000075995922
2014-05-06,0.01600000075995922,0.01600000075995922,0.01600000075995922,0.01600000075995922,0.0,0.01600000075995922
2014-05-07,0.01600000075995922,0.01600000075995922,0.01600000075995922,0.01600000075995922,0.0,0.01600000075995922
2014-05-08,0.01600000075995922,0.01600000075995922,0.01600000075995922,0.01600000075995922,0.0,0.01600000075995922
2014-05-09,0.01600000075995922,0.01600000075995922,0.01600000075995922,0.01600000075995922,0.0,0.01600000075995922
2014-05-12,0.01600000075995922,0.01600000075995922,0.01600000075995922,0.01600000075995922,0.0,0.01600000075995922
2014-05-13,0.01600000075995922,0.01600000075995922,0.01600000075995922,0.01600000075995922,0.0,0.01600000075995922
2014-05-14,0.01600000075995922,0.01600000075995922,0.01600000075995922,0.01600000075995922,0.0,0.01600000075995922
2014-05-15,0.01600000075995922,0.01600000075995922,0.01600000075995922,0.01600000075995922,0.0,0.01600000075995922
2014-05-16,0.01600000075995922,0.01600000075995922,0.01600000075995922,0.01600000075995922,0.0,0.01600000075995922
2014-05-19,0.01600000075995922,0.01600000075995922,0.01600000075995922,0.01600000075995922,0.0,0.01600000075995922
2014-05-20,0.01600000075995922,0.01600000075995922,0.01600000075995922,0.01600000075995922,0.0,0.01600000075995922
2014-05-21,0.01600000075995922,0.01600000075995922,0.01600000075995922,0.01600000075995922,0.0,0.01600000075995922
2014-05-22,0.01600000075995922,0.01600000075995922,0.01600000075995922,0.01600000075995922,0.0,0.01600000075995922
2014-05-23,0.01600000075995922,0.01600000075995922,0.01600000075995922,0.01600000075995922,0.0,0.01600000075995922
2014-05-27,0.01600000075995922,0.01600000075995922,0.01600000075995922,0.01600000075995922,0.0,0.01600000075995922
2014-05-28,0.01600000075995922,0.01600000075995922,0.01600000075995922,0.01600000075995922,0.0,0.01600000075995922
2014-05-29,0.01600000075995922,0.01600000075995922,0.01600000075995922,0.01600000075995922,0.0,0.01600000075995922
2014-05-30,0.01600000075995922,0.01600000075995922,0.01600000075995922,0.01600000075995922,0.0,0.01600000075995922
2014-06-02,0.01600000075995922,0.01600000075995922,0.01600000075995922,0.01600000075995922,0.0,0.01600000075995922
2014-06-03,0.01600000075995922,0.01600000075995922,0.01600000075995922,0.01600000075995922,0.0,0.01600000075995922
2014-06-04,0.01600000075995922,0.01600000075995922,0.01600000075995922,0.01600000075995922,0.0,0.01600000075995922
2014-06-05,0.01600000075995922,0.01600000075995922,0.01600000075995922,0.01600000075995922,0.0,0.01600000075995922
2014-06-06,0.01600000075995922,0.01600000075995922,0.01600000075995922,0.01600000075995922,0.0,0.01600000075995922
2014-06-09,0.01600000075995922,0.01600000075995922,0.01600000075995922,0.01600000075995922,0.0,0.01600000075995922
2014-06-10,0.01600000075995922,0.01600000075995922,0.01600000075995922,0.01600000075995922,0.0,0.01600000075995922
2014-06-11,0.01600000075995922,0.01600000075995922,0.01600000075995922,0.01600000075995922,0.0,0.01600000075995922
2014-06-12,0.01600000075995922,0.01600000075995922,0.01600000075995922,0.01600000075995922,0.0,0.01600000075995922
2014-06-13,0.01600000075995922,0.01600000075995922,0.01600000075995922,0.01600000075995922,0.0,0.01600000075995922
2014-06-16,0.01600000075995922,0.01600000075995922,0.01600000075995922,0.01600000075995922,0.0,0.01600000075995922
2014-06-17,0.01600000075995922,0.01600000075995922,0.01600000075995922,0.01600000075995922,0.0,0.01600000075995922
2014-06-18,0.01600000075995922,0.01600000075995922,0.01600000075995922,0.01600000075995922,0.0,0.01600000075995922
2014-06-19,0.01600000075995922,0.01600000075995922,0.01600000075995922,0.01600000075995922,0.0,0.01600000075995922
2014-06-20,0.01600000075995922,0.01600000075995922,0.01600000075995922,0.01600000075995922,0.0,0.01600000075995922
2014-06-23,0.01600000075995922,0.01600000075995922,0.01600000075995922,0.01600000075995922,0.0,0.01600000075995922
2014-06-24,0.01600000075995922,0.01600000075995922,0.01600000075995922,0.01600000075995922,0.0,0.01600000075995922
2014-06-25,0.01600000075995922,0.01600000075995922,0.01600000075995922,0.01600000075995922,0.0,0.01600000075995922
2014-06-26,0.01600000075995922,0.01600000075995922,0.01600000075995922,0.01600000075995922,0.0,0.01600000075995922
2014-06-27,0.01600000075995922,0.01600000075995922,0.01600000075995922,0.01600000075995922,0.0,0.01600000075995922
2014-06-30,0.01600000075995922,0.01600000075995922,0.01600000075995922,0.01600000075995922,0.0,0.01600000075995922
2014-07-01,0.01600000075995922,0.01600000075995922,0.01600000075995922,0.01600000075995922,0.0,0.01600000075995922
2014-07-02,0.01600000075995922,0.01600000075995922,0.01600000075995922,0.01600000075995922,0.0,0.01600000075995922
2014-07-03,0.01600000075995922,0.01600000075995922,0.01600000075995922,0.01600000075995922,0.0,0.01600000075995922
2014-07-07,0.01600000075995922,0.01600000075995922,0.01600000075995922,0.01600000075995922,0.0,0.01600000075995922
2014-07-08,0.01600000075995922,0.01600000075995922,0.01600000075995922,0.01600000075995922,0.0,0.01600000075995922
2014-07-09,0.01600000075995922,0.01600000075995922,0.01600000075995922,0.01600000075995922,0.0,0.01600000075995922
2014-07-10,0.01600000075995922,0.01600000075995922,0.01600000075995922,0.01600000075995922,0.0,0.01600000075995922
2014-07-11,0.01600000075995922,0.01600000075995922,0.01600000075995922,0.01600000075995922,0.0,0.01600000075995922
2014-07-14,0.01600000075995922,0.01600000075995922,0.01600000075995922,0.01600000075995922,0.0,0.01600000075995922
2014-07-15,0.01600000075995922,0.01600000075995922,0.01600000075995922,0.01600000075995922,0.0,0.01600000075995922
2014-07-16,0.01600000075995922,0.01600000075995922,0.01600000075995922,0.01600000075995922,0.0,0.01600000075995922
2014-07-17,0.01600000075995922,0.01600000075995922,0.01600000075995922,0.01600000075995922,0.0,0.01600000075995922
2014-07-18,0.01600000075995922,0.01600000075995922,0.01600000075995922,0.01600000075995922,0.0,0.01600000075995922
2014-07-21,0.01600000075995922,0.01600000075995922,0.01600000075995922,0.01600000075995922,0.0,0.01600000075995922
2014-07-22,0.01600000075995922,0.01600000075995922,0.01600000075995922,0.01600000075995922,0.0,0.01600000075995922
2014-07-23,0.01600000075995922,0.01600000075995922,0.01600000075995922,0.01600000075995922,0.0,0.01600000075995922
2014-07-24,0.01600000075995922,0.01600000075995922,0.01600000075995922,0.01600000075995922,0.0,0.01600000075995922
2014-07-25,0.01600000075995922,0.01600000075995922,0.01600000075995922,0.01600000075995922,0.0,0.01600000075995922
2014-07-28,0.01600000075995922,0.01600000075995922,0.01600000075995922,0.01600000075995922,0.0,0.01600000075995922
2014-07-29,0.01600000075995922,0.01600000075995922,0.01600000075995922,0.01600000075995922,0.0,0.01600000075995922
2014-07-30,0.01600000075995922,0.01600000075995922,0.01600000075995922,0.01600000075995922,0.0,0.01600000075995922
2014-07-31,0.01600000075995922,0.01600000075995922,0.01600000075995922,0.01600000075995922,0.0,0.01600000075995922
2014-08-01,0.01600000075995922,0.01600000075995922,0.01600000075995922,0.01600000075995922,0.0,0.01600000075995922
2014-08-04,0.01600000075995922,0.01600000075995922,0.01600000075995922,0.01600000075995922,0.0,0.01600000075995922
2014-08-05,0.01600000075995922,0.01600000075995922,0.01600000075995922,0.01600000075995922,0.0,0.01600000075995922
2014-08-06,0.01600000075995922,0.01600000075995922,0.01600000075995922,0.01600000075995922,0.0,0.01600000075995922
2014-08-07,0.01600000075995922,0.01600000075995922,0.01600000075995922,0.01600000075995922,0.0,0.01600000075995922
2014-08-08,0.01600000075995922,0.01600000075995922,0.01600000075995922,0.01600000075995922,0.0,0.01600000075995922
2014-08-11,0.01600000075995922,0.01600000075995922,0.01600000075995922,0.01600000075995922,0.0,0.01600000075995922
2014-08-12,0.01600000075995922,0.01600000075995922,0.01600000075995922,0.01600000075995922,0.0,0.01600000075995922
2014-08-13,0.01600000075995922,0.01600000075995922,0.01600000075995922,0.01600000075995922,0.0,0.01600000075995922
2014-08-14,0.01600000075995922,0.01600000075995922,0.01600000075995922,0.01600000075995922,0.0,0.01600000075995922
2014-08-15,0.01600000075995922,0.01600000075995922,0.01600000075995922,0.01600000075995922,0.0,0.01600000075995922
2014-08-18,0.01600000075995922,0.01600000075995922,0.01600000075995922,0.01600000075995922,0.0,0.01600000075995922
2014-08-19,0.01600000075995922,0.01600000075995922,0.01600000075995922,0.01600000075995922,0.0,0.01600000075995922
2014-08-20,0.01600000075995922,0.01600000075995922,0.01600000075995922,0.01600000075995922,0.0,0.01600000075995922
2014-08-21,0.01600000075995922,0.01600000075995922,0.01600000075995922,0.01600000075995922,0.0,0.01600000075995922
2014-08-22,0.01600000075995922,0.01600000075995922,0.01600000075995922,0.01600000075995922,0.0,0.01600000075995922
2014-08-25,0.01600000075995922,0.01600000075995922,0.01600000075995922,0.01600000075995922,0.0,0.01600000075995922
2014-08-26,0.01600000075995922,0.01600000075995922,0.01600000075995922,0.01600000075995922,0.0,0.01600000075995922
2014-08-27,0.01600000075995922,0.01600000075995922,0.01600000075995922,0.01600000075995922,0.0,0.01600000075995922
2014-08-28,0.01600000075995922,0.01600000075995922,0.01600000075995922,0.01600000075995922,0.0,0.01600000075995922
2014-08-29,0.01600000075995922,0.01600000075995922,0.01600000075995922,0.01600000075995922,0.0,0.01600000075995922
2014-09-02,0.01600000075995922,0.01600000075995922,0.01600000075995922,0.01600000075995922,0.0,0.01600000075995922
2014-09-03,0.01600000075995922,0.01600000075995922,0.01600000075995922,0.01600000075995922,0.0,0.01600000075995922
2014-09-04,0.01600000075995922,0.01600000075995922,0.01600000075995922,0.01600000075995922,0.0,0.01600000075995922
2014-09-05,0.01600000075995922,0.01600000075995922,0.01600000075995922,0.01600000075995922,0.0,0.01600000075995922
2014-09-08,0.01600000075995922,0.01600000075995922,0.01600000075995922,0.01600000075995922,0.0,0.01600000075995922
2014-09-09,0.01600000075995922,0.01600000075995922,0.01600000075995922,0.01600000075995922,0.0,0.01600000075995922
2014-09-10,0.01600000075995922,0.01600000075995922,0.01600000075995922,0.01600000075995922,0.0,0.01600000075995922
2014-09-11,0.01600000075995922,0.01600000075995922,0.01600000075995922,0.01600000075995922,0.0,0.01600000075995922
2014-09-12,0.01600000075995922,0.01600000075995922,0.01600000075995922,0.01600000075995922,0.0,0.01600000075995922
2014-09-15,0.01600000075995922,0.01600000075995922,0.01600000075995922,0.01600000075995922,0.0,0.01600000075995922
2014-09-16,0.01600000075995922,0.01600000075995922,0.01600000075995922,0.01600000075995922,0.0,0.01600000075995922
2014-09-17,0.01600000075995922,0.01600000075995922,0.01600000075995922,0.01600000075995922,0.0,0.01600000075995922
2014-09-18,0.01600000075995922,0.01600000075995922,0.01600000075995922,0.01600000075995922,0.0,0.01600000075995922
2014-09-19,0.01600000075995922,0.01600000075995922,0.01600000075995922,0.01600000075995922,0.0,0.01600000075995922
2014-09-22,0.01600000075995922,0.01600000075995922,0.01600000075995922,0.01600000075995922,0.0,0.01600000075995922
2014-09-23,0.01600000075995922,0.01600000075995922,0.01600000075995922,0.01600000075995922,0.0,0.01600000075995922
2014-09-24,0.01600000075995922,0.01600000075995922,0.01600000075995922,0.01600000075995922,0.0,0.01600000075995922
2014-09-25,0.01600000075995922,0.01600000075995922,0.01600000075995922,0.01600000075995922,0.0,0.01600000075995922
2014-09-26,0.01600000075995922,0.01600000075995922,0.01600000075995922,0.01600000075995922,0.0,0.01600000075995922
2014-09-29,0.01600000075995922,0.01600000075995922,0.01600000075995922,0.01600000075995922,0.0,0.01600000075995922
2014-09-30,0.01600000075995922,0.01600000075995922,0.01600000075995922,0.01600000075995922,0.0,0.01600000075995922
2014-10-01,0.01600000075995922,0.01600000075995922,0.01600000075995922,0.01600000075995922,0.0,0.01600000075995922
2014-10-02,0.01600000075995922,0.01600000075995922,0.01600000075995922,0.01600000075995922,0.0,0.01600000075995922
2014-10-03,0.01600000075995922,0.01600000075995922,0.01600000075995922,0.01600000075995922,0.0,0.01600000075995922
2014-10-06,0.01600000075995922,0.01600000075995922,0.01600000075995922,0.01600000075995922,0.0,0.01600000075995922
2014-10-07,0.01600000075995922,0.01600000075995922,0.01600000075995922,0.01600000075995922,0.0,0.01600000075995922
2014-10-08,0.01600000075995922,0.01600000075995922,0.01600000075995922,0.01600000075995922,0.0,0.01600000075995922
2014-10-09,0.01600000075995922,0.01600000075995922,0.01600000075995922,0.01600000075995922,0.0,0.01600000075995922
2014-10-10,0.01600000075995922,0.01600000075995922,0.01600000075995922,0.01600000075995922,0.0,0.01600000075995922
2014-10-13,0.01600000075995922,0.01600000075995922,0.01600000075995922,0.01600000075995922,0.0,0.01600000075995922
2014-10-14,0.01600000075995922,0.01600000075995922,0.01600000075995922,0.01600000075995922,0.0,0.01600000075995922
2014-10-15,0.01600000075995922,0.01600000075995922,0.01600000075995922,0.01600000075995922,0.0,0.01600000075995922
2014-10-16,0.01600000075995922,0.01600000075995922,0.01600000075995922,0.01600000075995922,0.0,0.01600000075995922
2014-10-17,0.01600000075995922,0.01600000075995922,0.01600000075995922,0.01600000075995922,0.0,0.01600000075995922
2014-10-20,0.01600000075995922,0.01600000075995922,0.01600000075995922,0.01600000075995922,0.0,0.01600000075995922
2014-10-21,0.01600000075995922,0.01600000075995922,0.01600000075995922,0.01600000075995922,0.0,0.01600000075995922
2014-10-22,0.01600000075995922,0.01600000075995922,0.01600000075995922,0.01600000075995922,0.0,0.01600000075995922
2014-10-23,0.01600000075995922,0.01600000075995922,0.01600000075995922,0.01600000075995922,0.0,0.01600000075995922
2014-10-24,0.01600000075995922,0.01600000075995922,0.01600000075995922,0.01600000075995922,0.0,0.01600000075995922
2014-10-27,0.01600000075995922,0.01600000075995922,0.01600000075995922,0.01600000075995922,0.0,0.01600000075995922
2014-10-28,0.01600000075995922,0.01600000075995922,0.01600000075995922,0.01600000075995922,0.0,0.01600000075995922
2014-10-29,0.01600000075995922,0.01600000075995922,0.01600000075995922,0.01600000075995922,0.0,0.01600000075995922
2014-10-30,0.01600000075995922,0.01600000075995922,0.01600000075995922,0.01600000075995922,0.0,0.01600000075995922
2014-10-31,0.01600000075995922,0.01600000075995922,0.01600000075995922,0.01600000075995922,0.0,0.01600000075995922
2014-11-03,0.01600000075995922,0.01600000075995922,0.01600000075995922,0.01600000075995922,0.0,0.01600000075995922
2014-11-04,0.01600000075995922,0.01600000075995922,0.01600000075995922,0.01600000075995922,0.0,0.01600000075995922
2014-11-05,0.01600000075995922,0.01600000075995922,0.01600000075995922,0.01600000075995922,0.0,0.01600000075995922
2014-11-06,0.01600000075995922,0.01600000075995922,0.01600000075995922,0.01600000075995922,0.0,0.01600000075995922
2014-11-07,0.01600000075995922,0.01600000075995922,0.01600000075995922,0.01600000075995922,0.0,0.01600000075995922
2014-11-10,0.01600000075995922,0.01600000075995922,0.01600000075995922,0.01600000075995922,0.0,0.01600000075995922
2014-11-11,0.01600000075995922,0.01600000075995922,0.01600000075995922,0.01600000075995922,0.0,0.01600000075995922
2014-11-12,0.01600000075995922,0.01600000075995922,0.01600000075995922,0.01600000075995922,0.0,0.01600000075995922
2014-11-13,0.01600000075995922,0.01600000075995922,0.01600000075995922,0.01600000075995922,0.0,0.01600000075995922
2014-11-14,0.01600000075995922,0.01600000075995922,0.01600000075995922,0.01600000075995922,0.0,0.01600000075995922
2014-11-17,0.01600000075995922,0.01600000075995922,0.01600000075995922,0.01600000075995922,0.0,0.01600000075995922
2014-11-18,0.01600000075995922,0.01600000075995922,0.01600000075995922,0.01600000075995922,0.0,0.01600000075995922
2014-11-19,0.01600000075995922,0.01600000075995922,0.01600000075995922,0.01600000075995922,0.0,0.01600000075995922
2014-11-20,0.01600000075995922,0.01600000075995922,0.01600000075995922,0.01600000075995922,0.0,0.01600000075995922
2014-11-21,0.01600000075995922,0.01600000075995922,0.01600000075995922,0.01600000075995922,0.0,0.01600000075995922
2014-11-24,0.01600000075995922,0.01600000075995922,0.01600000075995922,0.01600000075995922,0.0,0.01600000075995922
2014-11-25,0.01600000075995922,0.01600000075995922,0.01600000075995922,0.01600000075995922,0.0,0.01600000075995922
2014-11-26,0.01600000075995922,0.01600000075995922,0.01600000075995922,0.01600000075995922,0.0,0.01600000075995922
2014-11-28,0.01600000075995922,0.01600000075995922,0.01600000075995922,0.01600000075995922,0.0,0.01600000075995922
2014-12-01,0.01600000075995922,0.01600000075995922,0.01600000075995922,0.01600000075995922,0.0,0.01600000075995922
2014-12-02,0.01600000075995922,0.01600000075995922,0.01600000075995922,0.01600000075995922,0.0,0.01600000075995922
2014-12-03,0.01600000075995922,0.01600000075995922,0.01600000075995922,0.01600000075995922,0.0,0.01600000075995922
2014-12-04,0.01600000075995922,0.01600000075995922,0.01600000075995922,0.01600000075995922,0.0,0.01600000075995922
2014-12-05,0.01600000075995922,0.01600000075995922,0.01600000075995922,0.01600000075995922,0.0,0.01600000075995922
2014-12-08,0.01600000075995922,0.01600000075995922,0.01600000075995922,0.01600000075995922,0.0,0.01600000075995922
2014-12-09,0.01600000075995922,0.01600000075995922,0.01600000075995922,0.01600000075995922,0.0,0.01600000075995922
2014-12-10,0.01600000075995922,0.01600000075995922,0.01600000075995922,0.01600000075995922,0.0,0.01600000075995922
2014-12-11,0.01600000075995922,0.01600000075995922,0.01600000075995922,0.01600000075995922,0.0,0.01600000075995922
2014-12-12,0.01600000075995922,0.01600000075995922,0.01600000075995922,0.01600000075995922,0.0,0.01600000075995922
2014-12-15,0.01600000075995922,0.01600000075995922,0.01600000075995922,0.01600000075995922,0.0,0.01600000075995922
2014-12-16,0.01600000075995922,0.01600000075995922,0.01600000075995922,0.01600000075995922,0.0,0.01600000075995922
2014-12-17,0.01600000075995922,0.01600000075995922,0.01600000075995922,0.01600000075995922,0.0,0.01600000075995922
2014-12-18,0.01600000075995922,0.01600000075995922,0.01600000075995922,0.01600000075995922,0.0,0.01600000075995922
2014-12-19,0.01600000075995922,0.01600000075995922,0.01600000075995922,0.01600000075995922,0.0,0.01600000075995922
2014-12-22,0.01600000075995922,0.01600000075995922,0.01600000075995922,0.01600000075995922,0.0,0.01600000075995922
2014-12-23,0.01600000075995922,0.01600000075995922,0.01600000075995922,0.01600000075995922,0.0,0.01600000075995922
2014-12-24,0.01600000075995922,0.01600000075995922,0.01600000075995922,0.01600000075995922,0.0,0.01600000075995922
2014-12-26,0.01600000075995922,0.01600000075995922,0.01600000075995922,0.01600000075995922,0.0,0.01600000075995922
2014-12-29,0.01600000075995922,0.01600000075995922,0.01600000075995922,0.01600000075995922,0.0,0.01600000075995922
2014-12-30,0.01600000075995922,0.01600000075995922,0.01600000075995922,0.01600000075995922,0.0,0.01600000075995922
2014-12-31,0.01600000075995922,0.01600000075995922,0.01600000075995922,0.01600000075995922,0.0,0.01600000075995922
2015-01-02,0.01600000075995922,0.01600000075995922,0.01600000075995922,0.01600000075995922,0.0,0.01600000075995922
2015-01-05,0.01600000075995922,0.01600000075995922,0.01600000075995922,0.01600000075995922,0.0,0.01600000075995922
2015-01-06,0.01600000075995922,0.01600000075995922,0.01600000075995922,0.01600000075995922,0.0,0.01600000075995922
2015-01-07,0.01600000075995922,0.01600000075995922,0.01600000075995922,0.01600000075995922,0.0,0.01600000075995922
2015-01-08,0.01600000075995922,0.01600000075995922,0.01600000075995922,0.01600000075995922,0.0,0.01600000075995922
2015-01-09,0.01600000075995922,0.01600000075995922,0.01600000075995922,0.01600000075995922,0.0,0.01600000075995922
2015-01-12,0.01600000075995922,0.01600000075995922,0.01600000075995922,0.01600000075995922,0.0,0.01600000075995922
2015-01-13,0.01600000075995922,0.01600000075995922,0.01600000075995922,0.01600000075995922,0.0,0.01600000075995922
2015-01-14,0.01600000075995922,0.01600000075995922,0.01600000075995922,0.01600000075995922,0.0,0.01600000075995922
2015-01-15,0.01600000075995922,0.01600000075995922,0.01600000075995922,0.01600000075995922,0.0,0.01600000075995922
2015-01-16,0.052000001072883606,0.052000001072883606,0.052000001072883606,0.052000001072883606,500.0,0.052000001072883606
2015-01-20,0.052000001072883606,0.052000001072883606,0.052000001072883606,0.052000001072883606,0.0,0.052000001072883606
2015-01-21,0.052000001072883606,0.052000001072883606,0.052000001072883606,0.052000001072883606,0.0,0.052000001072883606
2015-01-22,0.052000001072883606,0.052000001072883606,0.052000001072883606,0.052000001072883606,0.0,0.052000001072883606
2015-01-23,0.052000001072883606,0.052000001072883606,0.052000001072883606,0.052000001072883606,0.0,0.052000001072883606
2015-01-26,0.052000001072883606,0.052000001072883606,0.052000001072883606,0.052000001072883606,0.0,0.052000001072883606
2015-01-27,0.052000001072883606,0.052000001072883606,0.052000001072883606,0.052000001072883606,0.0,0.052000001072883606
2015-01-28,0.052000001072883606,0.052000001072883606,0.052000001072883606,0.052000001072883606,0.0,0.052000001072883606
2015-01-29,0.052000001072883606,0.052000001072883606,0.052000001072883606,0.052000001072883606,0.0,0.052000001072883606
2015-01-30,0.052000001072883606,0.052000001072883606,0.052000001072883606,0.052000001072883606,0.0,0.052000001072883606
2015-02-02,0.052000001072883606,0.052000001072883606,0.052000001072883606,0.052000001072883606,0.0,0.052000001072883606
2015-02-03,0.052000001072883606,0.052000001072883606,0.052000001072883606,0.052000001072883606,0.0,0.052000001072883606
2015-02-04,0.052000001072883606,0.052000001072883606,0.052000001072883606,0.052000001072883606,0.0,0.052000001072883606
2015-02-05,0.052000001072883606,0.052000001072883606,0.052000001072883606,0.052000001072883606,0.0,0.052000001072883606
2015-02-06,0.052000001072883606,0.052000001072883606,0.052000001072883606,0.052000001072883606,0.0,0.052000001072883606
2015-02-09,0.052000001072883606,0.052000001072883606,0.052000001072883606,0.052000001072883606,0.0,0.052000001072883606
2015-02-10,0.052000001072883606,0.052000001072883606,0.052000001072883606,0.052000001072883606,0.0,0.052000001072883606
2015-02-11,0.052000001072883606,0.052000001072883606,0.052000001072883606,0.052000001072883606,0.0,0.052000001072883606
2015-02-12,0.052000001072883606,0.052000001072883606,0.052000001072883606,0.052000001072883606,0.0,0.052000001072883606
2015-02-13,0.052000001072883606,0.052000001072883606,0.052000001072883606,0.052000001072883606,0.0,0.052000001072883606
2015-02-17,0.052000001072883606,0.052000001072883606,0.052000001072883606,0.052000001072883606,0.0,0.052000001072883606
2015-02-18,0.052000001072883606,0.052000001072883606,0.052000001072883606,0.052000001072883606,0.0,0.052000001072883606
2015-02-19,0.052000001072883606,0.052000001072883606,0.052000001072883606,0.052000001072883606,0.0,0.052000001072883606
2015-02-20,0.052000001072883606,0.052000001072883606,0.052000001072883606,0.052000001072883606,0.0,0.052000001072883606
2015-02-23,0.052000001072883606,0.052000001072883606,0.052000001072883606,0.052000001072883606,0.0,0.052000001072883606
2015-02-24,0.052000001072883606,0.052000001072883606,0.052000001072883606,0.052000001072883606,0.0,0.052000001072883606
2015-02-25,0.052000001072883606,0.052000001072883606,0.052000001072883606,0.052000001072883606,0.0,0.052000001072883606
2015-02-26,0.052000001072883606,0.052000001072883606,0.052000001072883606,0.052000001072883606,0.0,0.052000001072883606
2015-02-27,0.052000001072883606,0.052000001072883606,0.052000001072883606,0.052000001072883606,0.0,0.052000001072883606
2015-03-02,0.052000001072883606,0.052000001072883606,0.052000001072883606,0.052000001072883606,0.0,0.052000001072883606
2015-03-03,0.052000001072883606,0.052000001072883606,0.052000001072883606,0.052000001072883606,0.0,0.052000001072883606
2015-03-04,0.052000001072883606,0.052000001072883606,0.052000001072883606,0.052000001072883606,0.0,0.052000001072883606
2015-03-05,0.052000001072883606,0.052000001072883606,0.052000001072883606,0.052000001072883606,0.0,0.052000001072883606
2015-03-06,0.052000001072883606,0.052000001072883606,0.052000001072883606,0.052000001072883606,0.0,0.052000001072883606
2015-03-09,0.052000001072883606,0.052000001072883606,0.052000001072883606,0.052000001072883606,0.0,0.052000001072883606
2015-03-10,0.052000001072883606,0.052000001072883606,0.052000001072883606,0.052000001072883606,0.0,0.052000001072883606
2015-03-11,0.052000001072883606,0.052000001072883606,0.052000001072883606,0.052000001072883606,0.0,0.052000001072883606
2015-03-12,0.052000001072883606,0.052000001072883606,0.052000001072883606,0.052000001072883606,0.0,0.052000001072883606
2015-03-13,0.052000001072883606,0.052000001072883606,0.052000001072883606,0.052000001072883606,0.0,0.052000001072883606
2015-03-16,0.052000001072883606,0.052000001072883606,0.052000001072883606,0.052000001072883606,0.0,0.052000001072883606
2015-03-17,0.052000001072883606,0.052000001072883606,0.052000001072883606,0.052000001072883606,0.0,0.052000001072883606
2015-03-18,0.052000001072883606,0.052000001072883606,0.052000001072883606,0.052000001072883606,0.0,0.052000001072883606
2015-03-19,0.052000001072883606,0.052000001072883606,0.052000001072883606,0.052000001072883606,0.0,0.052000001072883606
2015-03-20,0.052000001072883606,0.052000001072883606,0.052000001072883606,0.052000001072883606,0.0,0.052000001072883606
2015-03-23,0.052000001072883606,0.052000001072883606,0.052000001072883606,0.052000001072883606,0.0,0.052000001072883606
2015-03-24,0.052000001072883606,0.052000001072883606,0.052000001072883606,0.052000001072883606,0.0,0.052000001072883606
2015-03-25,0.052000001072883606,0.052000001072883606,0.052000001072883606,0.052000001072883606,0.0,0.052000001072883606
2015-03-26,0.052000001072883606,0.052000001072883606,0.052000001072883606,0.052000001072883606,0.0,0.052000001072883606
2015-03-27,0.052000001072883606,0.052000001072883606,0.052000001072883606,0.052000001072883606,0.0,0.052000001072883606
2015-03-30,0.052000001072883606,0.052000001072883606,0.052000001072883606,0.052000001072883606,0.0,0.052000001072883606
2015-03-31,0.052000001072883606,0.052000001072883606,0.052000001072883606,0.052000001072883606,0.0,0.052000001072883606
2015-04-01,0.052000001072883606,0.052000001072883606,0.052000001072883606,0.052000001072883606,0.0,0.052000001072883606
2015-04-02,0.052000001072883606,0.052000001072883606,0.052000001072883606,0.052000001072883606,0.0,0.052000001072883606
2015-04-06,0.052000001072883606,0.052000001072883606,0.052000001072883606,0.052000001072883606,0.0,0.052000001072883606
2015-04-07,0.052000001072883606,0.052000001072883606,0.052000001072883606,0.052000001072883606,0.0,0.052000001072883606
2015-04-08,0.052000001072883606,0.052000001072883606,0.052000001072883606,0.052000001072883606,0.0,0.052000001072883606
2015-04-09,0.052000001072883606,0.052000001072883606,0.052000001072883606,0.052000001072883606,0.0,0.052000001072883606
2015-04-10,0.052000001072883606,0.052000001072883606,0.052000001072883606,0.052000001072883606,0.0,0.052000001072883606
2015-04-13,0.052000001072883606,0.052000001072883606,0.052000001072883606,0.052000001072883606,0.0,0.052000001072883606
2015-04-14,0.052000001072883606,0.052000001072883606,0.052000001072883606,0.052000001072883606,0.0,0.052000001072883606
2015-04-15,0.052000001072883606,0.052000001072883606,0.052000001072883606,0.052000001072883606,0.0,0.052000001072883606
2015-04-16,0.052000001072883606,0.052000001072883606,0.052000001072883606,0.052000001072883606,0.0,0.052000001072883606
2015-04-17,0.052000001072883606,0.052000001072883606,0.052000001072883606,0.052000001072883606,0.0,0.052000001072883606
2015-04-20,0.052000001072883606,0.052000001072883606,0.052000001072883606,0.052000001072883606,0.0,0.052000001072883606
2015-04-21,0.052000001072883606,0.052000001072883606,0.052000001072883606,0.052000001072883606,0.0,0.052000001072883606
2015-04-22,0.052000001072883606,0.052000001072883606,0.052000001072883606,0.052000001072883606,0.0,0.052000001072883606
2015-04-23,0.052000001072883606,0.052000001072883606,0.052000001072883606,0.052000001072883606,0.0,0.052000001072883606
2015-04-24,0.052000001072883606,0.052000001072883606,0.052000001072883606,0.052000001072883606,0.0,0.052000001072883606
2015-04-27,0.052000001072883606,0.052000001072883606,0.052000001072883606,0.052000001072883606,0.0,0.052000001072883606
2015-04-28,0.052000001072883606,0.052000001072883606,0.052000001072883606,0.052000001072883606,0.0,0.052000001072883606
2015-04-29,0.052000001072883606,0.052000001072883606,0.052000001072883606,0.052000001072883606,0.0,0.052000001072883606
2015-04-30,0.052000001072883606,0.052000001072883606,0.052000001072883606,0.052000001072883606,0.0,0.052000001072883606
2015-05-01,0.052000001072883606,0.052000001072883606,0.052000001072883606,0.052000001072883606,0.0,0.052000001072883606
2015-05-04,0.052000001072883606,0.052000001072883606,0.052000001072883606,0.052000001072883606,0.0,0.052000001072883606
2015-05-05,0.052000001072883606,0.052000001072883606,0.052000001072883606,0.052000001072883606,0.0,0.052000001072883606
2015-05-06,0.052000001072883606,0.052000001072883606,0.052000001072883606,0.052000001072883606,0.0,0.052000001072883606
2015-05-07,0.052000001072883606,0.052000001072883606,0.052000001072883606,0.052000001072883606,0.0,0.052000001072883606
2015-05-08,0.052000001072883606,0.052000001072883606,0.052000001072883606,0.052000001072883606,0.0,0.052000001072883606
2015-05-11,0.052000001072883606,0.052000001072883606,0.052000001072883606,0.052000001072883606,0.0,0.052000001072883606
2015-05-12,0.052000001072883606,0.052000001072883606,0.052000001072883606,0.052000001072883606,0.0,0.052000001072883606
2015-05-13,0.052000001072883606,0.052000001072883606,0.052000001072883606,0.052000001072883606,0.0,0.052000001072883606
2015-05-14,0.052000001072883606,0.052000001072883606,0.052000001072883606,0.052000001072883606,0.0,0.052000001072883606
2015-05-15,0.052000001072883606,0.052000001072883606,0.052000001072883606,0.052000001072883606,0.0,0.052000001072883606
2015-05-18,0.052000001072883606,0.052000001072883606,0.052000001072883606,0.052000001072883606,0.0,0.052000001072883606
2015-05-19,0.052000001072883606,0.052000001072883606,0.052000001072883606,0.052000001072883606,0.0,0.052000001072883606
2015-05-20,0.052000001072883606,0.052000001072883606,0.052000001072883606,0.052000001072883606,0.0,0.052000001072883606
2015-05-21,0.052000001072883606,0.052000001072883606,0.052000001072883606,0.052000001072883606,0.0,0.052000001072883606
2015-05-22,0.052000001072883606,0.052000001072883606,0.052000001072883606,0.052000001072883606,0.0,0.052000001072883606
2015-05-26,0.052000001072883606,0.052000001072883606,0.052000001072883606,0.052000001072883606,0.0,0.052000001072883606
2015-05-27,0.024000000208616257,0.024000000208616257,0.024000000208616257,0.024000000208616257,20000.0,0.024000000208616257
2015-05-28,0.024000000208616257,0.024000000208616257,0.024000000208616257,0.024000000208616257,0.0,0.024000000208616257
2015-05-29,0.024000000208616257,0.024000000208616257,0.024000000208616257,0.024000000208616257,0.0,0.024000000208616257
2015-06-01,0.024000000208616257,0.024000000208616257,0.024000000208616257,0.024000000208616257,0.0,0.024000000208616257
2015-06-02,0.024000000208616257,0.024000000208616257,0.024000000208616257,0.024000000208616257,0.0,0.024000000208616257
2015-06-03,0.024000000208616257,0.024000000208616257,0.024000000208616257,0.024000000208616257,0.0,0.024000000208616257
2015-06-04,0.024000000208616257,0.024000000208616257,0.024000000208616257,0.024000000208616257,0.0,0.024000000208616257
2015-06-05,0.024000000208616257,0.024000000208616257,0.024000000208616257,0.024000000208616257,0.0,0.024000000208616257
2015-06-08,0.024000000208616257,0.024000000208616257,0.024000000208616257,0.024000000208616257,0.0,0.024000000208616257
2015-06-09,0.024000000208616257,0.024000000208616257,0.024000000208616257,0.024000000208616257,0.0,0.024000000208616257
2015-06-10,0.024000000208616257,0.024000000208616257,0.024000000208616257,0.024000000208616257,0.0,0.024000000208616257
2015-06-11,0.024000000208616257,0.024000000208616257,0.024000000208616257,0.024000000208616257,0.0,0.024000000208616257
2015-06-12,0.024000000208616257,0.024000000208616257,0.024000000208616257,0.024000000208616257,0.0,0.024000000208616257
2015-06-15,0.014999999664723873,0.014999999664723873,0.014999999664723873,0.014999999664723873,150.0,0.014999999664723873
2015-06-16,0.014999999664723873,0.014999999664723873,0.014999999664723873,0.014999999664723873,0.0,0.014999999664723873
2015-06-17,0.014999999664723873,0.014999999664723873,0.014999999664723873,0.014999999664723873,0.0,0.014999999664723873
2015-06-18,0.014999999664723873,0.014999999664723873,0.014999999664723873,0.014999999664723873,0.0,0.014999999664723873
2015-06-19,0.014999999664723873,0.014999999664723873,0.014999999664723873,0.014999999664723873,0.0,0.014999999664723873
2015-06-22,0.011300000362098217,0.011300000362098217,0.011300000362098217,0.011300000362098217,1500.0,0.011300000362098217
2015-06-23,0.011300000362098217,0.011300000362098217,0.011300000362098217,0.011300000362098217,0.0,0.011300000362098217
2015-06-24,0.011300000362098217,0.011300000362098217,0.011300000362098217,0.011300000362098217,0.0,0.011300000362098217
2015-06-25,0.011300000362098217,0.011300000362098217,0.011300000362098217,0.011300000362098217,0.0,0.011300000362098217
2015-06-26,0.011300000362098217,0.011300000362098217,0.011300000362098217,0.011300000362098217,0.0,0.011300000362098217
2015-06-29,0.011300000362098217,0.011300000362098217,0.011300000362098217,0.011300000362098217,0.0,0.011300000362098217
2015-06-30,0.011300000362098217,0.011300000362098217,0.011300000362098217,0.011300000362098217,0.0,0.011300000362098217
2015-07-01,0.011300000362098217,0.011300000362098217,0.011300000362098217,0.011300000362098217,0.0,0.011300000362098217
2015-07-02,0.011300000362098217,0.011300000362098217,0.011300000362098217,0.011300000362098217,0.0,0.011300000362098217
2015-07-06,0.011300000362098217,0.011300000362098217,0.011300000362098217,0.011300000362098217,0.0,0.011300000362098217
2015-07-07,0.011300000362098217,0.011300000362098217,0.011300000362098217,0.011300000362098217,0.0,0.011300000362098217
2015-07-08,0.011300000362098217,0.011300000362098217,0.011300000362098217,0.011300000362098217,0.0,0.011300000362098217
2015-07-09,0.011300000362098217,0.011300000362098217,0.011300000362098217,0.011300000362098217,0.0,0.011300000362098217
2015-07-10,0.011300000362098217,0.011300000362098217,0.011300000362098217,0.011300000362098217,0.0,0.011300000362098217
2015-07-13,0.011300000362098217,0.011300000362098217,0.011300000362098217,0.011300000362098217,0.0,0.011300000362098217
2015-07-14,0.011300000362098217,0.011300000362098217,0.011300000362098217,0.011300000362098217,0.0,0.011300000362098217
2015-07-15,0.011300000362098217,0.011300000362098217,0.011300000362098217,0.011300000362098217,0.0,0.011300000362098217
2015-07-16,0.011300000362098217,0.011300000362098217,0.011300000362098217,0.011300000362098217,0.0,0.011300000362098217
2015-07-17,0.011300000362098217,0.011300000362098217,0.011300000362098217,0.011300000362098217,0.0,0.011300000362098217
2015-07-20,0.011300000362098217,0.011300000362098217,0.011300000362098217,0.011300000362098217,0.0,0.011300000362098217
2015-07-21,0.011300000362098217,0.011300000362098217,0.011300000362098217,0.011300000362098217,0.0,0.011300000362098217
2015-07-22,0.011300000362098217,0.011300000362098217,0.011300000362098217,0.011300000362098217,0.0,0.011300000362098217
2015-07-23,0.011300000362098217,0.011300000362098217,0.011300000362098217,0.011300000362098217,0.0,0.011300000362098217
2015-07-24,0.011300000362098217,0.011300000362098217,0.011300000362098217,0.011300000362098217,0.0,0.011300000362098217
2015-07-27,0.011300000362098217,0.011300000362098217,0.011300000362098217,0.011300000362098217,0.0,0.011300000362098217
2015-07-28,0.011300000362098217,0.011300000362098217,0.011300000362098217,0.011300000362098217,0.0,0.011300000362098217
2015-07-29,0.011300000362098217,0.011300000362098217,0.011300000362098217,0.011300000362098217,0.0,0.011300000362098217
2015-07-30,0.011300000362098217,0.011300000362098217,0.011300000362098217,0.011300000362098217,0.0,0.011300000362098217
2015-07-31,0.011300000362098217,0.011300000362098217,0.011300000362098217,0.011300000362098217,0.0,0.011300000362098217
2015-08-03,0.011300000362098217,0.011300000362098217,0.011300000362098217,0.011300000362098217,0.0,0.011300000362098217
2015-08-04,0.011300000362098217,0.011300000362098217,0.011300000362098217,0.011300000362098217,0.0,0.011300000362098217
2015-08-05,0.011300000362098217,0.011300000362098217,0.011300000362098217,0.011300000362098217,0.0,0.011300000362098217
2015-08-06,0.011300000362098217,0.011300000362098217,0.011300000362098217,0.011300000362098217,0.0,0.011300000362098217
2015-08-07,0.011300000362098217,0.011300000362098217,0.011300000362098217,0.011300000362098217,0.0,0.011300000362098217
2015-08-10,0.011300000362098217,0.011300000362098217,0.011300000362098217,0.011300000362098217,0.0,0.011300000362098217
2015-08-11,0.011300000362098217,0.011300000362098217,0.011300000362098217,0.011300000362098217,0.0,0.011300000362098217
2015-08-12,0.011300000362098217,0.011300000362098217,0.011300000362098217,0.011300000362098217,0.0,0.011300000362098217
2015-08-13,0.011300000362098217,0.011300000362098217,0.011300000362098217,0.011300000362098217,0.0,0.011300000362098217
2015-08-14,0.011300000362098217,0.011300000362098217,0.011300000362098217,0.011300000362098217,0.0,0.011300000362098217
2015-08-17,0.011300000362098217,0.011300000362098217,0.011300000362098217,0.011300000362098217,0.0,0.011300000362098217
2015-08-18,0.011300000362098217,0.011300000362098217,0.011300000362098217,0.011300000362098217,0.0,0.011300000362098217
2015-08-19,0.011300000362098217,0.011300000362098217,0.011300000362098217,0.011300000362098217,0.0,0.011300000362098217
2015-08-20,0.011300000362098217,0.011300000362098217,0.011300000362098217,0.011300000362098217,0.0,0.011300000362098217
2015-08-21,0.011300000362098217,0.011300000362098217,0.011300000362098217,0.011300000362098217,0.0,0.011300000362098217
2015-08-24,0.011300000362098217,0.011300000362098217,0.011300000362098217,0.011300000362098217,0.0,0.011300000362098217
2015-08-25,0.011300000362098217,0.011300000362098217,0.011300000362098217,0.011300000362098217,0.0,0.011300000362098217
2015-08-26,0.011300000362098217,0.011300000362098217,0.011300000362098217,0.011300000362098217,0.0,0.011300000362098217
2015-08-27,0.011300000362098217,0.011300000362098217,0.011300000362098217,0.011300000362098217,0.0,0.011300000362098217
2015-08-28,0.011300000362098217,0.011300000362098217,0.011300000362098217,0.011300000362098217,0.0,0.011300000362098217
2015-08-31,0.011300000362098217,0.011300000362098217,0.011300000362098217,0.011300000362098217,0.0,0.011300000362098217
2015-09-01,0.011300000362098217,0.011300000362098217,0.011300000362098217,0.011300000362098217,0.0,0.011300000362098217
2015-09-02,0.011300000362098217,0.011300000362098217,0.011300000362098217,0.011300000362098217,0.0,0.011300000362098217
2015-09-03,0.011300000362098217,0.011300000362098217,0.011300000362098217,0.011300000362098217,0.0,0.011300000362098217
2015-09-04,0.011300000362098217,0.011300000362098217,0.011300000362098217,0.011300000362098217,0.0,0.011300000362098217
2015-09-08,0.011300000362098217,0.011300000362098217,0.011300000362098217,0.011300000362098217,0.0,0.011300000362098217
2015-09-09,0.011300000362098217,0.011300000362098217,0.011300000362098217,0.011300000362098217,0.0,0.011300000362098217
2015-09-10,0.011300000362098217,0.011300000362098217,0.011300000362098217,0.011300000362098217,0.0,0.011300000362098217
2015-09-11,0.011300000362098217,0.011300000362098217,0.011300000362098217,0.011300000362098217,0.0,0.011300000362098217
2015-09-14,0.011300000362098217,0.011300000362098217,0.011300000362098217,0.011300000362098217,0.0,0.011300000362098217
2015-09-15,0.011300000362098217,0.011300000362098217,0.011300000362098217,0.011300000362098217,0.0,0.011300000362098217
2015-09-16,0.011300000362098217,0.011300000362098217,0.011300000362098217,0.011300000362098217,0.0,0.011300000362098217
2015-09-17,0.011300000362098217,0.011300000362098217,0.011300000362098217,0.011300000362098217,0.0,0.011300000362098217
2015-09-18,0.011300000362098217,0.011300000362098217,0.011300000362098217,0.011300000362098217,0.0,0.011300000362098217
2015-09-21,0.011300000362098217,0.011300000362098217,0.011300000362098217,0.011300000362098217,0.0,0.011300000362098217
2015-09-22,0.011300000362098217,0.011300000362098217,0.011300000362098217,0.011300000362098217,0.0,0.011300000362098217
2015-09-23,0.011300000362098217,0.011300000362098217,0.011300000362098217,0.011300000362098217,0.0,0.011300000362098217
2015-09-24,0.011300000362098217,0.011300000362098217,0.011300000362098217,0.011300000362098217,0.0,0.011300000362098217
2015-09-25,0.011300000362098217,0.011300000362098217,0.011300000362098217,0.011300000362098217,0.0,0.011300000362098217
2015-09-28,0.011300000362098217,0.011300000362098217,0.011300000362098217,0.011300000362098217,0.0,0.011300000362098217
2015-09-29,0.011300000362098217,0.011300000362098217,0.011300000362098217,0.011300000362098217,0.0,0.011300000362098217
2015-09-30,0.011300000362098217,0.011300000362098217,0.011300000362098217,0.011300000362098217,0.0,0.011300000362098217
2015-10-01,0.011300000362098217,0.011300000362098217,0.011300000362098217,0.011300000362098217,0.0,0.011300000362098217
2015-10-02,0.011300000362098217,0.011300000362098217,0.011300000362098217,0.011300000362098217,0.0,0.011300000362098217
2015-10-05,0.011300000362098217,0.011300000362098217,0.011300000362098217,0.011300000362098217,0.0,0.011300000362098217
2015-10-06,0.011300000362098217,0.011300000362098217,0.011300000362098217,0.011300000362098217,0.0,0.011300000362098217
2015-10-07,0.011300000362098217,0.011300000362098217,0.011300000362098217,0.011300000362098217,0.0,0.011300000362098217
2015-10-08,0.011300000362098217,0.011300000362098217,0.011300000362098217,0.011300000362098217,0.0,0.011300000362098217
2015-10-09,0.011300000362098217,0.011300000362098217,0.011300000362098217,0.011300000362098217,0.0,0.011300000362098217
2015-10-12,0.011300000362098217,0.011300000362098217,0.011300000362098217,0.011300000362098217,0.0,0.011300000362098217
2015-10-13,0.011300000362098217,0.011300000362098217,0.011300000362098217,0.011300000362098217,0.0,0.011300000362098217
2015-10-14,0.011300000362098217,0.011300000362098217,0.011300000362098217,0.011300000362098217,0.0,0.011300000362098217
2015-10-15,0.011300000362098217,0.011300000362098217,0.011300000362098217,0.011300000362098217,0.0,0.011300000362098217
2015-10-16,0.011300000362098217,0.011300000362098217,0.011300000362098217,0.011300000362098217,0.0,0.011300000362098217
2015-10-19,0.011300000362098217,0.011300000362098217,0.011300000362098217,0.011300000362098217,0.0,0.011300000362098217
2015-10-20,0.011300000362098217,0.011300000362098217,0.011300000362098217,0.011300000362098217,0.0,0.011300000362098217
2015-10-21,0.011300000362098217,0.011300000362098217,0.011300000362098217,0.011300000362098217,0.0,0.011300000362098217
2015-10-22,0.011300000362098217,0.011300000362098217,0.011300000362098217,0.011300000362098217,0.0,0.011300000362098217
2015-10-23,0.011300000362098217,0.011300000362098217,0.011300000362098217,0.011300000362098217,0.0,0.011300000362098217
2015-10-26,0.011300000362098217,0.011300000362098217,0.011300000362098217,0.011300000362098217,0.0,0.011300000362098217
2015-10-27,0.011300000362098217,0.011300000362098217,0.011300000362098217,0.011300000362098217,0.0,0.011300000362098217
2015-10-28,0.011300000362098217,0.011300000362098217,0.011300000362098217,0.011300000362098217,0.0,0.011300000362098217
2015-10-29,0.011300000362098217,0.011300000362098217,0.011300000362098217,0.011300000362098217,0.0,0.011300000362098217
2015-10-30,0.011300000362098217,0.011300000362098217,0.011300000362098217,0.011300000362098217,0.0,0.011300000362098217
2015-11-02,0.011300000362098217,0.011300000362098217,0.011300000362098217,0.011300000362098217,0.0,0.011300000362098217
2015-11-03,0.011300000362098217,0.011300000362098217,0.011300000362098217,0.011300000362098217,0.0,0.011300000362098217
2015-11-04,0.011300000362098217,0.011300000362098217,0.011300000362098217,0.011300000362098217,0.0,0.011300000362098217
2015-11-05,0.011300000362098217,0.011300000362098217,0.011300000362098217,0.011300000362098217,0.0,0.011300000362098217
2015-11-06,0.011300000362098217,0.011300000362098217,0.011300000362098217,0.011300000362098217,0.0,0.011300000362098217
2015-11-09,0.011300000362098217,0.011300000362098217,0.011300000362098217,0.011300000362098217,0.0,0.011300000362098217
2015-11-10,0.011300000362098217,0.011300000362098217,0.011300000362098217,0.011300000362098217,0.0,0.011300000362098217
2015-11-11,0.011300000362098217,0.011300000362098217,0.011300000362098217,0.011300000362098217,0.0,0.011300000362098217
2015-11-12,0.011300000362098217,0.011300000362098217,0.011300000362098217,0.011300000362098217,0.0,0.011300000362098217
2015-11-13,0.011300000362098217,0.011300000362098217,0.011300000362098217,0.011300000362098217,0.0,0.011300000362098217
2015-11-16,0.011300000362098217,0.011300000362098217,0.011300000362098217,0.011300000362098217,0.0,0.011300000362098217
2015-11-17,0.011300000362098217,0.011300000362098217,0.011300000362098217,0.011300000362098217,0.0,0.011300000362098217
2015-11-18,0.011300000362098217,0.011300000362098217,0.011300000362098217,0.011300000362098217,0.0,0.011300000362098217
2015-11-19,0.011300000362098217,0.011300000362098217,0.011300000362098217,0.011300000362098217,0.0,0.011300000362098217
2015-11-20,0.011300000362098217,0.011300000362098217,0.011300000362098217,0.011300000362098217,0.0,0.011300000362098217
2015-11-23,0.011300000362098217,0.011300000362098217,0.011300000362098217,0.011300000362098217,0.0,0.011300000362098217
2015-11-24,0.011300000362098217,0.011300000362098217,0.011300000362098217,0.011300000362098217,0.0,0.011300000362098217
2015-11-25,0.011300000362098217,0.011300000362098217,0.011300000362098217,0.011300000362098217,0.0,0.011300000362098217
2015-11-27,0.011300000362098217,0.011300000362098217,0.011300000362098217,0.011300000362098217,0.0,0.011300000362098217
2015-11-30,0.011300000362098217,0.011300000362098217,0.011300000362098217,0.011300000362098217,0.0,0.011300000362098217
2015-12-01,0.011300000362098217,0.011300000362098217,0.011300000362098217,0.011300000362098217,0.0,0.011300000362098217
2015-12-02,0.011300000362098217,0.011300000362098217,0.011300000362098217,0.011300000362098217,0.0,0.011300000362098217
2015-12-03,0.011300000362098217,0.011300000362098217,0.011300000362098217,0.011300000362098217,0.0,0.011300000362098217
2015-12-04,0.011300000362098217,0.011300000362098217,0.011300000362098217,0.011300000362098217,0.0,0.011300000362098217
2015-12-07,0.011300000362098217,0.011300000362098217,0.011300000362098217,0.011300000362098217,0.0,0.011300000362098217
2015-12-08,0.011300000362098217,0.011300000362098217,0.011300000362098217,0.011300000362098217,0.0,0.011300000362098217
2015-12-09,0.011300000362098217,0.011300000362098217,0.011300000362098217,0.011300000362098217,0.0,0.011300000362098217
2015-12-10,0.011300000362098217,0.011300000362098217,0.011300000362098217,0.011300000362098217,0.0,0.011300000362098217
2015-12-11,0.011300000362098217,0.011300000362098217,0.011300000362098217,0.011300000362098217,0.0,0.011300000362098217
2015-12-14,0.011300000362098217,0.011300000362098217,0.011300000362098217,0.011300000362098217,0.0,0.011300000362098217
2015-12-15,0.011300000362098217,0.011300000362098217,0.011300000362098217,0.011300000362098217,0.0,0.011300000362098217
2015-12-16,0.011300000362098217,0.011300000362098217,0.011300000362098217,0.011300000362098217,0.0,0.011300000362098217
2015-12-17,0.011300000362098217,0.011300000362098217,0.011300000362098217,0.011300000362098217,0.0,0.011300000362098217
2015-12-18,0.011300000362098217,0.011300000362098217,0.011300000362098217,0.011300000362098217,0.0,0.011300000362098217
2015-12-21,0.011300000362098217,0.011300000362098217,0.011300000362098217,0.011300000362098217,0.0,0.011300000362098217
2015-12-22,0.011300000362098217,0.011300000362098217,0.011300000362098217,0.011300000362098217,0.0,0.011300000362098217
2015-12-23,0.011300000362098217,0.011300000362098217,0.011300000362098217,0.011300000362098217,0.0,0.011300000362098217
2015-12-24,0.011300000362098217,0.011300000362098217,0.011300000362098217,0.011300000362098217,0.0,0.011300000362098217
2015-12-28,0.011300000362098217,0.011300000362098217,0.011300000362098217,0.011300000362098217,0.0,0.011300000362098217
2015-12-29,0.011300000362098217,0.011300000362098217,0.011300000362098217,0.011300000362098217,0.0,0.011300000362098217
2015-12-30,0.011300000362098217,0.011300000362098217,0.011300000362098217,0.011300000362098217,0.0,0.011300000362098217
2015-12-31,0.011300000362098217,0.011300000362098217,0.011300000362098217,0.011300000362098217,0.0,0.011300000362098217
2016-01-04,0.011300000362098217,0.011300000362098217,0.011300000362098217,0.011300000362098217,0.0,0.011300000362098217
2016-01-05,0.011300000362098217,0.011300000362098217,0.011300000362098217,0.011300000362098217,0.0,0.011300000362098217
2016-01-06,0.011300000362098217,0.011300000362098217,0.011300000362098217,0.011300000362098217,0.0,0.011300000362098217
2016-01-07,0.011300000362098217,0.011300000362098217,0.011300000362098217,0.011300000362098217,0.0,0.011300000362098217
2016-01-08,0.011300000362098217,0.011300000362098217,0.011300000362098217,0.011300000362098217,0.0,0.011300000362098217
2016-01-11,0.011300000362098217,0.011300000362098217,0.011300000362098217,0.011300000362098217,0.0,0.011300000362098217
2016-01-12,0.011300000362098217,0.011300000362098217,0.011300000362098217,0.011300000362098217,0.0,0.011300000362098217
2016-01-13,0.011300000362098217,0.011300000362098217,0.011300000362098217,0.011300000362098217,0.0,0.011300000362098217
2016-01-14,0.011300000362098217,0.011300000362098217,0.011300000362098217,0.011300000362098217,0.0,0.011300000362098217
2016-01-15,0.011300000362098217,0.011300000362098217,0.011300000362098217,0.011300000362098217,0.0,0.011300000362098217
2016-01-19,0.011300000362098217,0.011300000362098217,0.011300000362098217,0.011300000362098217,0.0,0.011300000362098217
2016-01-20,0.011300000362098217,0.011300000362098217,0.011300000362098217,0.011300000362098217,0.0,0.011300000362098217
2016-01-21,0.011300000362098217,0.011300000362098217,0.011300000362098217,0.011300000362098217,0.0,0.011300000362098217
2016-01-22,0.011300000362098217,0.011300000362098217,0.011300000362098217,0.011300000362098217,0.0,0.011300000362098217
2016-01-25,0.011300000362098217,0.011300000362098217,0.011300000362098217,0.011300000362098217,0.0,0.011300000362098217
2016-01-26,0.011300000362098217,0.011300000362098217,0.011300000362098217,0.011300000362098217,0.0,0.011300000362098217
2016-01-27,0.011300000362098217,0.011300000362098217,0.011300000362098217,0.011300000362098217,0.0,0.011300000362098217
2016-01-28,0.011300000362098217,0.011300000362098217,0.011300000362098217,0.011300000362098217,0.0,0.011300000362098217
2016-01-29,0.011300000362098217,0.011300000362098217,0.011300000362098217,0.011300000362098217,0.0,0.011300000362098217
2016-02-01,0.011300000362098217,0.011300000362098217,0.011300000362098217,0.011300000362098217,0.0,0.011300000362098217
2016-02-02,0.011300000362098217,0.011300000362098217,0.011300000362098217,0.011300000362098217,0.0,0.011300000362098217
2016-02-03,0.011300000362098217,0.011300000362098217,0.011300000362098217,0.011300000362098217,0.0,0.011300000362098217
2016-02-04,0.011300000362098217,0.011300000362098217,0.011300000362098217,0.011300000362098217,0.0,0.011300000362098217
2016-02-05,0.011300000362098217,0.011300000362098217,0.011300000362098217,0.011300000362098217,0.0,0.011300000362098217
2016-02-08,0.011300000362098217,0.011300000362098217,0.011300000362098217,0.011300000362098217,0.0,0.011300000362098217
2016-02-09,0.011300000362098217,0.011300000362098217,0.011300000362098217,0.011300000362098217,0.0,0.011300000362098217
2016-02-10,0.011300000362098217,0.011300000362098217,0.011300000362098217,0.011300000362098217,0.0,0.011300000362098217
2016-02-11,0.011300000362098217,0.011300000362098217,0.011300000362098217,0.011300000362098217,0.0,0.011300000362098217
2016-02-12,0.011300000362098217,0.011300000362098217,0.011300000362098217,0.011300000362098217,0.0,0.011300000362098217
2016-02-16,0.011300000362098217,0.011300000362098217,0.011300000362098217,0.011300000362098217,0.0,0.011300000362098217
2016-02-17,0.011300000362098217,0.011300000362098217,0.011300000362098217,0.011300000362098217,0.0,0.011300000362098217
2016-02-18,0.011300000362098217,0.011300000362098217,0.011300000362098217,0.011300000362098217,0.0,0.011300000362098217
2016-02-19,0.011300000362098217,0.011300000362098217,0.011300000362098217,0.011300000362098217,0.0,0.011300000362098217
2016-02-22,0.011300000362098217,0.011300000362098217,0.011300000362098217,0.011300000362098217,0.0,0.011300000362098217
2016-02-23,0.011300000362098217,0.011300000362098217,0.011300000362098217,0.011300000362098217,0.0,0.011300000362098217
2016-02-24,0.011300000362098217,0.011300000362098217,0.011300000362098217,0.011300000362098217,0.0,0.011300000362098217
2016-02-25,0.011300000362098217,0.011300000362098217,0.011300000362098217,0.011300000362098217,0.0,0.011300000362098217
2016-02-26,0.011300000362098217,0.011300000362098217,0.011300000362098217,0.011300000362098217,0.0,0.011300000362098217
2016-02-29,0.011300000362098217,0.011300000362098217,0.011300000362098217,0.011300000362098217,0.0,0.011300000362098217
2016-03-01,0.011300000362098217,0.011300000362098217,0.011300000362098217,0.011300000362098217,0.0,0.011300000362098217
2016-03-02,0.011300000362098217,0.011300000362098217,0.011300000362098217,0.011300000362098217,0.0,0.011300000362098217
2016-03-03,0.011300000362098217,0.011300000362098217,0.011300000362098217,0.011300000362098217,0.0,0.011300000362098217
2016-03-04,0.011300000362098217,0.011300000362098217,0.011300000362098217,0.011300000362098217,0.0,0.011300000362098217
2016-03-07,0.011300000362098217,0.011300000362098217,0.011300000362098217,0.011300000362098217,0.0,0.011300000362098217
2016-03-08,0.011300000362098217,0.011300000362098217,0.011300000362098217,0.011300000362098217,0.0,0.011300000362098217
2016-03-09,0.011300000362098217,0.011300000362098217,0.011300000362098217,0.011300000362098217,0.0,0.011300000362098217
2016-03-10,0.011300000362098217,0.011300000362098217,0.011300000362098217,0.011300000362098217,0.0,0.011300000362098217
2016-03-11,0.011300000362098217,0.011300000362098217,0.011300000362098217,0.011300000362098217,0.0,0.011300000362098217
2016-03-14,0.011300000362098217,0.011300000362098217,0.011300000362098217,0.011300000362098217,0.0,0.011300000362098217
2016-03-15,0.011300000362098217,0.011300000362098217,0.011300000362098217,0.011300000362098217,0.0,0.011300000362098217
2016-03-16,0.011300000362098217,0.011300000362098217,0.011300000362098217,0.011300000362098217,0.0,0.011300000362098217
2016-03-17,0.011300000362098217,0.011300000362098217,0.011300000362098217,0.011300000362098217,0.0,0.011300000362098217
2016-03-18,0.011300000362098217,0.011300000362098217,0.011300000362098217,0.011300000362098217,0.0,0.011300000362098217
2016-03-21,0.011300000362098217,0.011300000362098217,0.011300000362098217,0.011300000362098217,0.0,0.011300000362098217
2016-03-22,0.011300000362098217,0.011300000362098217,0.011300000362098217,0.011300000362098217,0.0,0.011300000362098217
2016-03-23,0.011300000362098217,0.011300000362098217,0.011300000362098217,0.011300000362098217,0.0,0.011300000362098217
2016-03-24,0.011300000362098217,0.011300000362098217,0.011300000362098217,0.011300000362098217,0.0,0.011300000362098217
2016-03-28,0.011300000362098217,0.011300000362098217,0.011300000362098217,0.011300000362098217,0.0,0.011300000362098217
2016-03-29,0.011300000362098217,0.011300000362098217,0.011300000362098217,0.011300000362098217,0.0,0.011300000362098217
2016-03-30,0.011300000362098217,0.011300000362098217,0.011300000362098217,0.011300000362098217,0.0,0.011300000362098217
2016-03-31,0.011300000362098217,0.011300000362098217,0.011300000362098217,0.011300000362098217,0.0,0.011300000362098217
2016-04-01,0.011300000362098217,0.011300000362098217,0.011300000362098217,0.011300000362098217,0.0,0.011300000362098217
2016-04-04,0.011300000362098217,0.011300000362098217,0.011300000362098217,0.011300000362098217,0.0,0.011300000362098217
2016-04-05,0.011300000362098217,0.011300000362098217,0.011300000362098217,0.011300000362098217,0.0,0.011300000362098217
2016-04-06,0.011300000362098217,0.011300000362098217,0.011300000362098217,0.011300000362098217,0.0,0.011300000362098217
2016-04-07,0.011300000362098217,0.011300000362098217,0.011300000362098217,0.011300000362098217,0.0,0.011300000362098217
2016-04-08,0.011300000362098217,0.011300000362098217,0.011300000362098217,0.011300000362098217,0.0,0.011300000362098217
2016-04-11,0.011300000362098217,0.011300000362098217,0.011300000362098217,0.011300000362098217,0.0,0.011300000362098217
2016-04-12,0.011300000362098217,0.011300000362098217,0.011300000362098217,0.011300000362098217,0.0,0.011300000362098217
2016-04-13,0.011300000362098217,0.011300000362098217,0.011300000362098217,0.011300000362098217,0.0,0.011300000362098217
2016-04-14,0.032999999821186066,0.032999999821186066,0.032999999821186066,0.032999999821186066,5000.0,0.032999999821186066
2016-04-15,0.0340999998152256,0.03310000151395798,0.0340999998152256,0.03310000151395798,70000.0,0.03310000151395798
2016-04-18,0.038100000470876694,0.038100000470876694,0.038100000470876694,0.038100000470876694,125000.0,0.038100000470876694
2016-04-19,0.042500000447034836,0.04149999842047691,0.042500000447034836,0.04149999842047691,230000.0,0.04149999842047691
2016-04-20,0.05849999934434891,0.04639999940991402,0.04639999940991402,0.05849999934434891,350000.0,0.05849999934434891
2016-04-21,0.05849999934434891,0.05849999934434891,0.05849999934434891,0.05849999934434891,0.0,0.05849999934434891
2016-04-22,0.05849999934434891,0.05849999934434891,0.05849999934434891,0.05849999934434891,0.0,0.05849999934434891
2016-04-25,0.05849999934434891,0.05849999934434891,0.05849999934434891,0.05849999934434891,0.0,0.05849999934434891
2016-04-26,0.05849999934434891,0.05849999934434891,0.05849999934434891,0.05849999934434891,0.0,0.05849999934434891
2016-04-27,0.05849999934434891,0.05849999934434891,0.05849999934434891,0.05849999934434891,0.0,0.05849999934434891
2016-04-28,0.06689999997615814,0.05429999902844429,0.05429999902844429,0.06689999997615814,296000.0,0.06689999997615814
2016-04-29,0.07079999893903732,0.05999999865889549,0.05999999865889549,0.07079999893903732,251300.0,0.07079999893903732
2016-05-02,0.07800000160932541,0.07400000095367432,0.07400000095367432,0.07800000160932541,50000.0,0.07800000160932541
2016-05-03,0.07800000160932541,0.07800000160932541,0.07800000160932541,0.07800000160932541,0.0,0.07800000160932541
2016-05-04,0.07800000160932541,0.07800000160932541,0.07800000160932541,0.07800000160932541,0.0,0.07800000160932541
2016-05-05,0.07639999687671661,0.07249999791383743,0.07249999791383743,0.07639999687671661,121000.0,0.07639999687671661
2016-05-06,0.07270000129938126,0.06889999657869339,0.06889999657869339,0.07259999960660934,100000.0,0.07259999960660934
2016-05-09,0.07259999960660934,0.07259999960660934,0.07259999960660934,0.07259999960660934,0.0,0.07259999960660934
2016-05-10,0.07259999960660934,0.07259999960660934,0.07259999960660934,0.07259999960660934,0.0,0.07259999960660934
2016-05-11,0.07259999960660934,0.07259999960660934,0.07259999960660934,0.07259999960660934,0.0,0.07259999960660934
2016-05-12,0.07259999960660934,0.07259999960660934,0.07259999960660934,0.07259999960660934,0.0,0.07259999960660934
2016-05-13,0.07259999960660934,0.07259999960660934,0.07259999960660934,0.07259999960660934,0.0,0.07259999960660934
2016-05-16,0.07259999960660934,0.07259999960660934,0.07259999960660934,0.07259999960660934,0.0,0.07259999960660934
2016-05-17,0.07259999960660934,0.07259999960660934,0.07259999960660934,0.07259999960660934,0.0,0.07259999960660934
2016-05-18,0.07259999960660934,0.07259999960660934,0.07259999960660934,0.07259999960660934,0.0,0.07259999960660934
2016-05-19,0.07259999960660934,0.07259999960660934,0.07259999960660934,0.07259999960660934,0.0,0.07259999960660934
2016-05-20,0.07259999960660934,0.07259999960660934,0.07259999960660934,0.07259999960660934,0.0,0.07259999960660934
2016-05-23,0.07259999960660934,0.07259999960660934,0.07259999960660934,0.07259999960660934,0.0,0.07259999960660934
2016-05-24,0.07259999960660934,0.07259999960660934,0.07259999960660934,0.07259999960660934,0.0,0.07259999960660934
2016-05-25,0.07259999960660934,0.07259999960660934,0.07259999960660934,0.07259999960660934,0.0,0.07259999960660934
2016-05-26,0.07259999960660934,0.07259999960660934,0.07259999960660934,0.07259999960660934,0.0,0.07259999960660934
2016-05-27,0.07259999960660934,0.07259999960660934,0.07259999960660934,0.07259999960660934,0.0,0.07259999960660934
2016-05-31,0.07259999960660934,0.07259999960660934,0.07259999960660934,0.07259999960660934,0.0,0.07259999960660934
2016-06-01,0.07259999960660934,0.07259999960660934,0.07259999960660934,0.07259999960660934,0.0,0.07259999960660934
2016-06-02,0.07259999960660934,0.07259999960660934,0.07259999960660934,0.07259999960660934,0.0,0.07259999960660934
2016-06-03,0.07259999960660934,0.07259999960660934,0.07259999960660934,0.07259999960660934,0.0,0.07259999960660934
2016-06-06,0.07259999960660934,0.07259999960660934,0.07259999960660934,0.07259999960660934,0.0,0.07259999960660934
2016-06-07,0.07259999960660934,0.07259999960660934,0.07259999960660934,0.07259999960660934,0.0,0.07259999960660934
2016-06-08,0.07259999960660934,0.07259999960660934,0.07259999960660934,0.07259999960660934,0.0,0.07259999960660934
2016-06-09,0.06780000030994415,0.06780000030994415,0.06780000030994415,0.06780000030994415,18000.0,0.06780000030994415
2016-06-10,0.07360000163316727,0.0658000037074089,0.0658000037074089,0.07360000163316727,70000.0,0.07360000163316727
2016-06-13,0.07360000163316727,0.07360000163316727,0.07360000163316727,0.07360000163316727,0.0,0.07360000163316727
2016-06-14,0.07360000163316727,0.07360000163316727,0.07360000163316727,0.07360000163316727,0.0,0.07360000163316727
2016-06-15,0.07360000163316727,0.07360000163316727,0.07360000163316727,0.07360000163316727,0.0,0.07360000163316727
2016-06-16,0.0786999985575676,0.07100000232458115,0.07100000232458115,0.07859999686479568,50000.0,0.07859999686479568
2016-06-17,0.07859999686479568,0.07859999686479568,0.07859999686479568,0.07859999686479568,0.0,0.07859999686479568
2016-06-20,0.07859999686479568,0.07859999686479568,0.07859999686479568,0.07859999686479568,0.0,0.07859999686479568
2016-06-21,0.07519999891519547,0.07129999995231628,0.07129999995231628,0.07519999891519547,20000.0,0.07519999891519547
2016-06-22,0.07150000333786011,0.07150000333786011,0.07150000333786011,0.07150000333786011,20000.0,0.07150000333786011
2016-06-23,0.07150000333786011,0.07150000333786011,0.07150000333786011,0.07150000333786011,0.0,0.07150000333786011
2016-06-24,0.07999999821186066,0.0746999979019165,0.07999999821186066,0.07859999686479568,317000.0,0.07859999686479568
2016-06-27,0.07859999686479568,0.07859999686479568,0.07859999686479568,0.07859999686479568,0.0,0.07859999686479568
2016-06-28,0.07859999686479568,0.07859999686479568,0.07859999686479568,0.07859999686479568,0.0,0.07859999686479568
2016-06-29,0.07859999686479568,0.07859999686479568,0.07859999686479568,0.07859999686479568,0.0,0.07859999686479568
2016-06-30,0.0706000030040741,0.06030000001192093,0.06669999659061432,0.06040000170469284,370000.0,0.06040000170469284
2016-07-01,0.06040000170469284,0.06040000170469284,0.06040000170469284,0.06040000170469284,0.0,0.06040000170469284
2016-07-05,0.06040000170469284,0.06040000170469284,0.06040000170469284,0.06040000170469284,0.0,0.06040000170469284
2016-07-06,0.06040000170469284,0.06040000170469284,0.06040000170469284,0.06040000170469284,0.0,0.06040000170469284
2016-07-07,0.06040000170469284,0.06040000170469284,0.06040000170469284,0.06040000170469284,0.0,0.06040000170469284
2016-07-08,0.06040000170469284,0.06040000170469284,0.06040000170469284,0.06040000170469284,0.0,0.06040000170469284
2016-07-11,0.06040000170469284,0.06040000170469284,0.06040000170469284,0.06040000170469284,0.0,0.06040000170469284
2016-07-12,0.06040000170469284,0.06040000170469284,0.06040000170469284,0.06040000170469284,0.0,0.06040000170469284
2016-07-13,0.06040000170469284,0.06040000170469284,0.06040000170469284,0.06040000170469284,0.0,0.06040000170469284
2016-07-14,0.06040000170469284,0.06040000170469284,0.06040000170469284,0.06040000170469284,0.0,0.06040000170469284
2016-07-15,0.06040000170469284,0.06040000170469284,0.06040000170469284,0.06040000170469284,0.0,0.06040000170469284
2016-07-18,0.06040000170469284,0.06040000170469284,0.06040000170469284,0.06040000170469284,0.0,0.06040000170469284
2016-07-19,0.06040000170469284,0.06040000170469284,0.06040000170469284,0.06040000170469284,0.0,0.06040000170469284
2016-07-20,0.06040000170469284,0.06040000170469284,0.06040000170469284,0.06040000170469284,0.0,0.06040000170469284
2016-07-21,0.06040000170469284,0.06040000170469284,0.06040000170469284,0.06040000170469284,0.0,0.06040000170469284
2016-07-22,0.06040000170469284,0.06040000170469284,0.06040000170469284,0.06040000170469284,0.0,0.06040000170469284
2016-07-25,0.06040000170469284,0.06040000170469284,0.06040000170469284,0.06040000170469284,0.0,0.06040000170469284
2016-07-26,0.06360000371932983,0.05979999899864197,0.05979999899864197,0.06360000371932983,20000.0,0.06360000371932983
2016-07-27,0.06360000371932983,0.06360000371932983,0.06360000371932983,0.06360000371932983,0.0,0.06360000371932983
2016-07-28,0.05999999865889549,0.05999999865889549,0.05999999865889549,0.05999999865889549,8000.0,0.05999999865889549
2016-07-29,0.05999999865889549,0.05999999865889549,0.05999999865889549,0.05999999865889549,0.0,0.05999999865889549
2016-08-01,0.05999999865889549,0.05999999865889549,0.05999999865889549,0.05999999865889549,0.0,0.05999999865889549
2016-08-02,0.06700000166893005,0.05849999934434891,0.06499999761581421,0.05849999934434891,133000.0,0.05849999934434891
2016-08-03,0.062300000339746475,0.062300000339746475,0.062300000339746475,0.062300000339746475,7250.0,0.062300000339746475
2016-08-04,0.062300000339746475,0.062300000339746475,0.062300000339746475,0.062300000339746475,0.0,0.062300000339746475
2016-08-05,0.062300000339746475,0.062300000339746475,0.062300000339746475,0.062300000339746475,0.0,0.062300000339746475
2016-08-08,0.062300000339746475,0.062300000339746475,0.062300000339746475,0.062300000339746475,0.0,0.062300000339746475
2016-08-09,0.062300000339746475,0.062300000339746475,0.062300000339746475,0.062300000339746475,0.0,0.062300000339746475
2016-08-10,0.062300000339746475,0.062300000339746475,0.062300000339746475,0.062300000339746475,0.0,0.062300000339746475
2016-08-11,0.062300000339746475,0.062300000339746475,0.062300000339746475,0.062300000339746475,0.0,0.062300000339746475
2016-08-12,0.062300000339746475,0.062300000339746475,0.062300000339746475,0.062300000339746475,0.0,0.062300000339746475
2016-08-15,0.05999999865889549,0.05700000002980232,0.05700000002980232,0.05999999865889549,60000.0,0.05999999865889549
2016-08-16,0.05700000002980232,0.05400000140070915,0.05400000140070915,0.05700000002980232,34000.0,0.05700000002980232
2016-08-17,0.05700000002980232,0.05700000002980232,0.05700000002980232,0.05700000002980232,1000.0,0.05700000002980232
2016-08-18,0.05700000002980232,0.05700000002980232,0.05700000002980232,0.05700000002980232,0.0,0.05700000002980232
2016-08-19,0.05700000002980232,0.05700000002980232,0.05700000002980232,0.05700000002980232,0.0,0.05700000002980232
2016-08-22,0.05700000002980232,0.05700000002980232,0.05700000002980232,0.05700000002980232,0.0,0.05700000002980232
2016-08-23,0.05700000002980232,0.05700000002980232,0.05700000002980232,0.05700000002980232,0.0,0.05700000002980232
2016-08-24,0.05700000002980232,0.05700000002980232,0.05700000002980232,0.05700000002980232,0.0,0.05700000002980232
2016-08-25,0.05700000002980232,0.05700000002980232,0.05700000002980232,0.05700000002980232,0.0,0.05700000002980232
2016-08-26,0.05700000002980232,0.05700000002980232,0.05700000002980232,0.05700000002980232,0.0,0.05700000002980232
2016-08-29,0.05700000002980232,0.05700000002980232,0.05700000002980232,0.05700000002980232,0.0,0.05700000002980232
2016-08-30,0.05700000002980232,0.05700000002980232,0.05700000002980232,0.05700000002980232,0.0,0.05700000002980232
2016-08-31,0.05700000002980232,0.05700000002980232,0.05700000002980232,0.05700000002980232,0.0,0.05700000002980232
2016-09-01,0.05700000002980232,0.05700000002980232,0.05700000002980232,0.05700000002980232,0.0,0.05700000002980232
2016-09-02,0.06499999761581421,0.06499999761581421,0.06499999761581421,0.06499999761581421,50000.0,0.06499999761581421
2016-09-06,0.06499999761581421,0.06499999761581421,0.06499999761581421,0.06499999761581421,0.0,0.06499999761581421
2016-09-07,0.06499999761581421,0.06499999761581421,0.06499999761581421,0.06499999761581421,0.0,0.06499999761581421
2016-09-08,0.06499999761581421,0.06499999761581421,0.06499999761581421,0.06499999761581421,0.0,0.06499999761581421
2016-09-09,0.06499999761581421,0.06499999761581421,0.06499999761581421,0.06499999761581421,0.0,0.06499999761581421
2016-09-12,0.06499999761581421,0.06499999761581421,0.06499999761581421,0.06499999761581421,0.0,0.06499999761581421
2016-09-13,0.06499999761581421,0.06499999761581421,0.06499999761581421,0.06499999761581421,0.0,0.06499999761581421
2016-09-14,0.06499999761581421,0.06499999761581421,0.06499999761581421,0.06499999761581421,0.0,0.06499999761581421
2016-09-15,0.06499999761581421,0.06499999761581421,0.06499999761581421,0.06499999761581421,0.0,0.06499999761581421
2016-09-16,0.06499999761581421,0.06499999761581421,0.06499999761581421,0.06499999761581421,0.0,0.06499999761581421
2016-09-19,0.06499999761581421,0.06499999761581421,0.06499999761581421,0.06499999761581421,0.0,0.06499999761581421
2016-09-20,0.06499999761581421,0.06499999761581421,0.06499999761581421,0.06499999761581421,0.0,0.06499999761581421
2016-09-21,0.06499999761581421,0.06499999761581421,0.06499999761581421,0.06499999761581421,0.0,0.06499999761581421
2016-09-22,0.06499999761581421,0.06499999761581421,0.06499999761581421,0.06499999761581421,0.0,0.06499999761581421
2016-09-23,0.06499999761581421,0.06499999761581421,0.06499999761581421,0.06499999761581421,0.0,0.06499999761581421
2016-09-26,0.08429999649524689,0.054099999368190765,0.054099999368190765,0.08429999649524689,234000.0,0.08429999649524689
2016-09-27,0.07760000228881836,0.0729999989271164,0.0729999989271164,0.07760000228881836,33000.0,0.07760000228881836
2016-09-28,0.09000000357627869,0.07800000160932541,0.07800000160932541,0.08500000089406967,169000.0,0.08500000089406967
2016-09-29,0.08500000089406967,0.08500000089406967,0.08500000089406967,0.08500000089406967,0.0,0.08500000089406967
2016-09-30,0.08500000089406967,0.08500000089406967,0.08500000089406967,0.08500000089406967,0.0,0.08500000089406967
2016-10-03,0.08500000089406967,0.08500000089406967,0.08500000089406967,0.08500000089406967,0.0,0.08500000089406967
2016-10-04,0.08500000089406967,0.08500000089406967,0.08500000089406967,0.08500000089406967,0.0,0.08500000089406967
2016-10-05,0.08500000089406967,0.08500000089406967,0.08500000089406967,0.08500000089406967,0.0,0.08500000089406967
2016-10-06,0.08500000089406967,0.08500000089406967,0.08500000089406967,0.08500000089406967,0.0,0.08500000089406967
2016-10-07,0.08500000089406967,0.08500000089406967,0.08500000089406967,0.08500000089406967,0.0,0.08500000089406967
2016-10-10,0.08500000089406967,0.08500000089406967,0.08500000089406967,0.08500000089406967,0.0,0.08500000089406967
2016-10-11,0.08500000089406967,0.08500000089406967,0.08500000089406967,0.08500000089406967,0.0,0.08500000089406967
2016-10-12,0.05900000035762787,0.05900000035762787,0.05900000035762787,0.05900000035762787,100000.0,0.05900000035762787
2016-10-13,0.07660000026226044,0.06300000101327896,0.06300000101327896,0.07660000026226044,225000.0,0.07660000026226044
2016-10-14,0.07500000298023224,0.07500000298023224,0.07500000298023224,0.07500000298023224,44000.0,0.07500000298023224
2016-10-17,0.07500000298023224,0.07500000298023224,0.07500000298023224,0.07500000298023224,0.0,0.07500000298023224
2016-10-18,0.07500000298023224,0.07500000298023224,0.07500000298023224,0.07500000298023224,0.0,0.07500000298023224
2016-10-19,0.07500000298023224,0.07500000298023224,0.07500000298023224,0.07500000298023224,0.0,0.07500000298023224
2016-10-20,0.0731000006198883,0.0729999989271164,0.0731000006198883,0.0729999989271164,350000.0,0.0729999989271164
2016-10-21,0.0729999989271164,0.0729999989271164,0.0729999989271164,0.0729999989271164,0.0,0.0729999989271164
2016-10-24,0.0729999989271164,0.0729999989271164,0.0729999989271164,0.0729999989271164,0.0,0.0729999989271164
2016-10-25,0.07500000298023224,0.06700000166893005,0.06700000166893005,0.07000000029802322,285000.0,0.07000000029802322
2016-10-26,0.07000000029802322,0.07000000029802322,0.07000000029802322,0.07000000029802322,0.0,0.07000000029802322
2016-10-27,0.07000000029802322,0.07000000029802322,0.07000000029802322,0.07000000029802322,235000.0,0.07000000029802322
2016-10-28,0.07779999822378159,0.07400000095367432,0.07400000095367432,0.07699999958276749,216000.0,0.07699999958276749
2016-10-31,0.07400000095367432,0.07400000095367432,0.07400000095367432,0.07400000095367432,273000.0,0.07400000095367432
2016-11-01,0.07400000095367432,0.07400000095367432,0.07400000095367432,0.07400000095367432,0.0,0.07400000095367432
2016-11-02,0.07400000095367432,0.07400000095367432,0.07400000095367432,0.07400000095367432,0.0,0.07400000095367432
2016-11-03,0.07400000095367432,0.07000000029802322,0.07400000095367432,0.07000000029802322,104790.0,0.07000000029802322
2016-11-04,0.07000000029802322,0.06599999964237213,0.06599999964237213,0.07000000029802322,100000.0,0.07000000029802322
2016-11-07,0.07000000029802322,0.07000000029802322,0.07000000029802322,0.07000000029802322,0.0,0.07000000029802322
2016-11-08,0.07000000029802322,0.07000000029802322,0.07000000029802322,0.07000000029802322,0.0,0.07000000029802322
2016-11-09,0.07000000029802322,0.06199999898672104,0.06199999898672104,0.07000000029802322,327000.0,0.07000000029802322
2016-11-10,0.07000000029802322,0.07000000029802322,0.07000000029802322,0.07000000029802322,0.0,0.07000000029802322
2016-11-11,0.07000000029802322,0.07000000029802322,0.07000000029802322,0.07000000029802322,0.0,0.07000000029802322
2016-11-14,0.07000000029802322,0.07000000029802322,0.07000000029802322,0.07000000029802322,0.0,0.07000000029802322
2016-11-15,0.07000000029802322,0.07000000029802322,0.07000000029802322,0.07000000029802322,0.0,0.07000000029802322
2016-11-16,0.07000000029802322,0.07000000029802322,0.07000000029802322,0.07000000029802322,0.0,0.07000000029802322
2016-11-17,0.07000000029802322,0.07000000029802322,0.07000000029802322,0.07000000029802322,213100.0,0.07000000029802322
2016-11-18,0.07000000029802322,0.07000000029802322,0.07000000029802322,0.07000000029802322,0.0,0.07000000029802322
2016-11-21,0.07000000029802322,0.07000000029802322,0.07000000029802322,0.07000000029802322,0.0,0.07000000029802322
2016-11-22,0.07000000029802322,0.07000000029802322,0.07000000029802322,0.07000000029802322,0.0,0.07000000029802322
2016-11-23,0.07000000029802322,0.07000000029802322,0.07000000029802322,0.07000000029802322,0.0,0.07000000029802322
2016-11-25,0.07000000029802322,0.07000000029802322,0.07000000029802322,0.07000000029802322,0.0,0.07000000029802322
2016-11-28,0.07000000029802322,0.07000000029802322,0.07000000029802322,0.07000000029802322,0.0,0.07000000029802322
2016-11-29,0.07000000029802322,0.07000000029802322,0.07000000029802322,0.07000000029802322,0.0,0.07000000029802322
2016-11-30,0.07800000160932541,0.07000000029802322,0.07000000029802322,0.07750000059604645,228800.0,0.07750000059604645
2016-12-01,0.07750000059604645,0.07750000059604645,0.07750000059604645,0.07750000059604645,0.0,0.07750000059604645
2016-12-02,0.07819999754428864,0.07450000196695328,0.07450000196695328,0.07819999754428864,100000.0,0.07819999754428864
2016-12-05,0.05000000074505806,0.05000000074505806,0.05000000074505806,0.05000000074505806,1000.0,0.05000000074505806
2016-12-06,0.05000000074505806,0.05000000074505806,0.05000000074505806,0.05000000074505806,0.0,0.05000000074505806
2016-12-07,0.08049999922513962,0.07289999723434448,0.07400000095367432,0.07739999890327454,801471.0,0.07739999890327454
2016-12-08,0.07880000025033951,0.07500000298023224,0.07689999788999557,0.07880000025033951,175000.0,0.07880000025033951
2016-12-09,0.0771000012755394,0.07500000298023224,0.0771000012755394,0.07500000298023224,95000.0,0.07500000298023224
2016-12-12,0.07500000298023224,0.07500000298023224,0.07500000298023224,0.07500000298023224,27000.0,0.07500000298023224
2016-12-13,0.0820000022649765,0.0820000022649765,0.0820000022649765,0.0820000022649765,23963.0,0.0820000022649765
2016-12-14,0.0820000022649765,0.0820000022649765,0.0820000022649765,0.0820000022649765,0.0,0.0820000022649765
2016-12-15,0.07800000160932541,0.07649999856948853,0.07769999653100967,0.07649999856948853,185999.0,0.07649999856948853
2016-12-16,0.07649999856948853,0.07649999856948853,0.07649999856948853,0.07649999856948853,0.0,0.07649999856948853
2016-12-19,0.0729999989271164,0.07209999859333038,0.07209999859333038,0.07209999859333038,83999.0,0.07209999859333038
2016-12-20,0.0723000019788742,0.054999999701976776,0.06499999761581421,0.054999999701976776,141499.0,0.054999999701976776
2016-12-21,0.054999999701976776,0.054999999701976776,0.054999999701976776,0.054999999701976776,0.0,0.054999999701976776
2016-12-22,0.07800000160932541,0.0723000019788742,0.07800000160932541,0.07599999755620956,75000.0,0.07599999755620956
2016-12-23,0.07599999755620956,0.07599999755620956,0.07599999755620956,0.07599999755620956,0.0,0.07599999755620956
2016-12-27,0.07599999755620956,0.07599999755620956,0.07599999755620956,0.07599999755620956,0.0,0.07599999755620956
2016-12-28,0.07599999755620956,0.07599999755620956,0.07599999755620956,0.07599999755620956,0.0,0.07599999755620956
2016-12-29,0.07599999755620956,0.07599999755620956,0.07599999755620956,0.07599999755620956,0.0,0.07599999755620956
2016-12-30,0.07599999755620956,0.07599999755620956,0.07599999755620956,0.07599999755620956,0.0,0.07599999755620956
2017-01-03,0.07729999721050262,0.07729999721050262,0.07729999721050262,0.07729999721050262,20000.0,0.07729999721050262
2017-01-04,0.07729999721050262,0.07729999721050262,0.07729999721050262,0.07729999721050262,0.0,0.07729999721050262
2017-01-05,0.07729999721050262,0.07729999721050262,0.07729999721050262,0.07729999721050262,0.0,0.07729999721050262
2017-01-06,0.07729999721050262,0.07729999721050262,0.07729999721050262,0.07729999721050262,0.0,0.07729999721050262
2017-01-09,0.07729999721050262,0.07729999721050262,0.07729999721050262,0.07729999721050262,0.0,0.07729999721050262
2017-01-10,0.07729999721050262,0.07729999721050262,0.07729999721050262,0.07729999721050262,0.0,0.07729999721050262
2017-01-11,0.07729999721050262,0.07729999721050262,0.07729999721050262,0.07729999721050262,0.0,0.07729999721050262
2017-01-12,0.07500000298023224,0.07500000298023224,0.07500000298023224,0.07500000298023224,19000.0,0.07500000298023224
2017-01-13,0.07500000298023224,0.07500000298023224,0.07500000298023224,0.07500000298023224,25000.0,0.07500000298023224
2017-01-17,0.07500000298023224,0.07500000298023224,0.07500000298023224,0.07500000298023224,0.0,0.07500000298023224
2017-01-18,0.07500000298023224,0.07500000298023224,0.07500000298023224,0.07500000298023224,0.0,0.07500000298023224
2017-01-19,0.07500000298023224,0.07500000298023224,0.07500000298023224,0.07500000298023224,0.0,0.07500000298023224
2017-01-20,0.07999999821186066,0.07999999821186066,0.07999999821186066,0.07999999821186066,30000.0,0.07999999821186066
2017-01-23,0.07999999821186066,0.07999999821186066,0.07999999821186066,0.07999999821186066,0.0,0.07999999821186066
2017-01-24,0.07999999821186066,0.07999999821186066,0.07999999821186066,0.07999999821186066,0.0,0.07999999821186066
2017-01-25,0.07999999821186066,0.07999999821186066,0.07999999821186066,0.07999999821186066,0.0,0.07999999821186066
2017-01-26,0.07999999821186066,0.07999999821186066,0.07999999821186066,0.07999999821186066,0.0,0.07999999821186066
2017-01-27,0.07360000163316727,0.0697999969124794,0.0697999969124794,0.07360000163316727,315000.0,0.07360000163316727
2017-01-30,0.07999999821186066,0.07360000163316727,0.07479999959468842,0.07999999821186066,50379.0,0.07999999821186066
2017-01-31,0.07810000330209732,0.07800000160932541,0.07800000160932541,0.07810000330209732,47000.0,0.07810000330209732
2017-02-01,0.07859999686479568,0.07859999686479568,0.07859999686479568,0.07859999686479568,4999.0,0.07859999686479568
2017-02-02,0.07810000330209732,0.07800000160932541,0.07810000330209732,0.07800000160932541,83000.0,0.07800000160932541
2017-02-03,0.07800000160932541,0.07800000160932541,0.07800000160932541,0.07800000160932541,0.0,0.07800000160932541
2017-02-06,0.0737999975681305,0.07349999994039536,0.0737999975681305,0.07349999994039536,41299.0,0.07349999994039536
2017-02-07,0.07519999891519547,0.07509999722242355,0.07519999891519547,0.07509999722242355,64000.0,0.07509999722242355
2017-02-08,0.07509999722242355,0.07509999722242355,0.07509999722242355,0.07509999722242355,0.0,0.07509999722242355
2017-02-09,0.07150000333786011,0.07150000333786011,0.07150000333786011,0.07150000333786011,13000.0,0.07150000333786011
2017-02-10,0.07000000029802322,0.07000000029802322,0.07000000029802322,0.07000000029802322,4999.0,0.07000000029802322
2017-02-13,0.07769999653100967,0.07769999653100967,0.07769999653100967,0.07769999653100967,50000.0,0.07769999653100967
2017-02-14,0.07800000160932541,0.07800000160932541,0.07800000160932541,0.07800000160932541,63974.0,0.07800000160932541
2017-02-15,0.09369999915361404,0.0737999975681305,0.0737999975681305,0.08699999749660492,550000.0,0.08699999749660492
2017-02-16,0.10000000149011612,0.09099999815225601,0.09489999711513519,0.09759999811649323,162900.0,0.09759999811649323
2017-02-17,0.10000000149011612,0.09300000220537186,0.09300000220537186,0.10000000149011612,49000.0,0.10000000149011612
2017-02-21,0.08699999749660492,0.08699999749660492,0.08699999749660492,0.08699999749660492,100000.0,0.08699999749660492
2017-02-22,0.08699999749660492,0.08699999749660492,0.08699999749660492,0.08699999749660492,0.0,0.08699999749660492
2017-02-23,0.10980000346899033,0.10980000346899033,0.10980000346899033,0.10980000346899033,100000.0,0.10980000346899033
2017-02-24,0.10989999771118164,0.10989999771118164,0.10989999771118164,0.10989999771118164,25000.0,0.10989999771118164
2017-02-27,0.09350000321865082,0.09350000321865082,0.09350000321865082,0.09350000321865082,15000.0,0.09350000321865082
2017-02-28,0.0966000035405159,0.0966000035405159,0.0966000035405159,0.0966000035405159,10000.0,0.0966000035405159
2017-03-01,0.11900000274181366,0.11900000274181366,0.11900000274181366,0.11900000274181366,50000.0,0.11900000274181366
2017-03-02,0.10000000149011612,0.0989999994635582,0.10000000149011612,0.10000000149011612,100500.0,0.10000000149011612
2017-03-03,0.10000000149011612,0.10000000149011612,0.10000000149011612,0.10000000149011612,0.0,0.10000000149011612
2017-03-06,0.11900000274181366,0.10700000077486038,0.11500000208616257,0.11299999803304672,109613.0,0.11299999803304672
2017-03-07,0.11999999731779099,0.08749999850988388,0.11100000143051147,0.08749999850988388,155995.0,0.08749999850988388
2017-03-08,0.09290000051259995,0.08990000188350677,0.08990000188350677,0.09080000221729279,207850.0,0.09080000221729279
2017-03-09,0.08429999649524689,0.07959999889135361,0.08330000191926956,0.07999999821186066,70499.0,0.07999999821186066
2017-03-10,0.09000000357627869,0.0835999995470047,0.09000000357627869,0.0835999995470047,137666.0,0.0835999995470047
2017-03-13,0.08739999681711197,0.08320000022649765,0.08320000022649765,0.08739999681711197,12500.0,0.08739999681711197
2017-03-14,0.08709999918937683,0.08709999918937683,0.08709999918937683,0.08709999918937683,10000.0,0.08709999918937683
2017-03-15,0.09969999641180038,0.09480000287294388,0.09480000287294388,0.09960000216960907,71666.0,0.09960000216960907
2017-03-16,0.12999999523162842,0.1145000010728836,0.12999999523162842,0.11919999867677689,187461.0,0.11919999867677689
2017-03-17,0.1257999986410141,0.1257999986410141,0.1257999986410141,0.1257999986410141,10000.0,0.1257999986410141
2017-03-20,0.12919999659061432,0.1290999948978424,0.12919999659061432,0.12919999659061432,8000.0,0.12919999659061432
2017-03-21,0.1331000030040741,0.12919999659061432,0.12919999659061432,0.12929999828338623,8230.0,0.12929999828338623
2017-03-22,0.12770000100135803,0.11169999837875366,0.12189999967813492,0.11169999837875366,93500.0,0.11169999837875366
2017-03-23,0.11169999837875366,0.11169999837875366,0.11169999837875366,0.11169999837875366,0.0,0.11169999837875366
2017-03-24,0.11999999731779099,0.10660000145435333,0.10660000145435333,0.11999999731779099,26071.0,0.11999999731779099
2017-03-27,0.10660000145435333,0.1039000004529953,0.10660000145435333,0.1039000004529953,118000.0,0.1039000004529953
2017-03-28,0.1039000004529953,0.1039000004529953,0.1039000004529953,0.1039000004529953,0.0,0.1039000004529953
2017-03-29,0.10999999940395355,0.10999999940395355,0.10999999940395355,0.10999999940395355,100000.0,0.10999999940395355
2017-03-30,0.13699999451637268,0.1257999986410141,0.1257999986410141,0.13699999451637268,45000.0,0.13699999451637268
2017-03-31,0.13699999451637268,0.13699999451637268,0.13699999451637268,0.13699999451637268,0.0,0.13699999451637268
2017-04-03,0.12250000238418579,0.12240000069141388,0.12250000238418579,0.12240000069141388,14500.0,0.12240000069141388
2017-04-04,0.12240000069141388,0.12240000069141388,0.12240000069141388,0.12240000069141388,0.0,0.12240000069141388
2017-04-05,0.12479999661445618,0.12479999661445618,0.12479999661445618,0.12479999661445618,150.0,0.12479999661445618
2017-04-06,0.12479999661445618,0.12479999661445618,0.12479999661445618,0.12479999661445618,0.0,0.12479999661445618
2017-04-07,0.12479999661445618,0.12479999661445618,0.12479999661445618,0.12479999661445618,0.0,0.12479999661445618
2017-04-10,0.12479999661445618,0.12479999661445618,0.12479999661445618,0.12479999661445618,0.0,0.12479999661445618
2017-04-11,0.1289999932050705,0.1266999989748001,0.1266999989748001,0.1289999932050705,7715.0,0.1289999932050705
2017-04-12,0.1177000030875206,0.1177000030875206,0.1177000030875206,0.1177000030875206,10000.0,0.1177000030875206
2017-04-13,0.1177000030875206,0.1177000030875206,0.1177000030875206,0.1177000030875206,0.0,0.1177000030875206
2017-04-17,0.1177000030875206,0.1177000030875206,0.1177000030875206,0.1177000030875206,0.0,0.1177000030875206
2017-04-18,0.1177000030875206,0.1177000030875206,0.1177000030875206,0.1177000030875206,0.0,0.1177000030875206
2017-04-19,0.1177000030875206,0.1177000030875206,0.1177000030875206,0.1177000030875206,0.0,0.1177000030875206
2017-04-20,0.11309999972581863,0.09830000251531601,0.11309999972581863,0.09830000251531601,2500.0,0.09830000251531601
2017-04-21,0.09830000251531601,0.09830000251531601,0.09830000251531601,0.09830000251531601,0.0,0.09830000251531601
2017-04-24,0.1429000049829483,0.13609999418258667,0.13609999418258667,0.1386999934911728,61898.0,0.1386999934911728
2017-04-25,0.13490000367164612,0.1265999972820282,0.1265999972820282,0.12700000405311584,94500.0,0.12700000405311584
2017-04-26,0.12720000743865967,0.12359999865293503,0.12720000743865967,0.12680000066757202,60000.0,0.12680000066757202
2017-04-27,0.12800000607967377,0.12680000066757202,0.12680000066757202,0.12800000607967377,144500.0,0.12800000607967377
2017-04-28,0.12240000069141388,0.12240000069141388,0.12240000069141388,0.12240000069141388,19500.0,0.12240000069141388
2017-05-01,0.12240000069141388,0.12240000069141388,0.12240000069141388,0.12240000069141388,0.0,0.12240000069141388
2017-05-02,0.12219999730587006,0.11710000038146973,0.12219999730587006,0.12200000137090683,190500.0,0.12200000137090683
2017-05-03,0.125,0.10499999672174454,0.12020000070333481,0.12200000137090683,173000.0,0.12200000137090683
2017-05-04,0.1185000017285347,0.11840000003576279,0.11840000003576279,0.1185000017285347,85500.0,0.1185000017285347
2017-05-05,0.1185000017285347,0.1185000017285347,0.1185000017285347,0.1185000017285347,0.0,0.1185000017285347
2017-05-08,0.11980000138282776,0.11869999766349792,0.11980000138282776,0.11869999766349792,176500.0,0.11869999766349792
2017-05-09,0.11869999766349792,0.11869999766349792,0.11869999766349792,0.11869999766349792,0.0,0.11869999766349792
2017-05-10,0.11869999766349792,0.11869999766349792,0.11869999766349792,0.11869999766349792,0.0,0.11869999766349792
2017-05-11,0.14000000059604645,0.14000000059604645,0.14000000059604645,0.14000000059604645,155000.0,0.14000000059604645
2017-05-12,0.14000000059604645,0.14000000059604645,0.14000000059604645,0.14000000059604645,0.0,0.14000000059604645
2017-05-15,0.1298999935388565,0.1264999955892563,0.1264999955892563,0.1298999935388565,45000.0,0.1298999935388565
2017-05-16,0.13199999928474426,0.12700000405311584,0.13199999928474426,0.12700000405311584,99500.0,0.12700000405311584
2017-05-17,0.12999999523162842,0.1264999955892563,0.1266999989748001,0.12999999523162842,161000.0,0.12999999523162842
2017-05-18,0.12999999523162842,0.12999999523162842,0.12999999523162842,0.12999999523162842,0.0,0.12999999523162842
2017-05-19,0.14000000059604645,0.13819999992847443,0.14000000059604645,0.13819999992847443,40000.0,0.13819999992847443
2017-05-22,0.13819999992847443,0.13819999992847443,0.13819999992847443,0.13819999992847443,0.0,0.13819999992847443
2017-05-23,0.12880000472068787,0.12880000472068787,0.12880000472068787,0.12880000472068787,100000.0,0.12880000472068787
2017-05-24,0.12880000472068787,0.12880000472068787,0.12880000472068787,0.12880000472068787,0.0,0.12880000472068787
2017-05-25,0.12880000472068787,0.12880000472068787,0.12880000472068787,0.12880000472068787,0.0,0.12880000472068787
2017-05-26,0.12460000067949295,0.12460000067949295,0.12460000067949295,0.12460000067949295,100000.0,0.12460000067949295
2017-05-30,0.12999999523162842,0.12449999898672104,0.12999999523162842,0.12449999898672104,330750.0,0.12449999898672104
2017-05-31,0.12449999898672104,0.12449999898672104,0.12449999898672104,0.12449999898672104,0.0,0.12449999898672104
2017-06-01,0.12790000438690186,0.11670000106096268,0.12409999966621399,0.11670000106096268,197000.0,0.11670000106096268
2017-06-02,0.11670000106096268,0.11670000106096268,0.11670000106096268,0.11670000106096268,0.0,0.11670000106096268
2017-06-05,0.12800000607967377,0.11999999731779099,0.12790000438690186,0.11999999731779099,165000.0,0.11999999731779099
2017-06-06,0.13120000064373016,0.12809999287128448,0.12809999287128448,0.1281999945640564,18725.0,0.1281999945640564
2017-06-07,0.1281999945640564,0.1281999945640564,0.1281999945640564,0.1281999945640564,0.0,0.1281999945640564
2017-06-08,0.13089999556541443,0.12399999797344208,0.125,0.13089999556541443,65000.0,0.13089999556541443
2017-06-09,0.12759999930858612,0.12449999898672104,0.12449999898672104,0.12759999930858612,140000.0,0.12759999930858612
2017-06-12,0.11999999731779099,0.11999999731779099,0.11999999731779099,0.11999999731779099,85000.0,0.11999999731779099
2017-06-13,0.11699999868869781,0.11500000208616257,0.11699999868869781,0.11500000208616257,131000.0,0.11500000208616257
2017-06-14,0.11100000143051147,0.10999999940395355,0.11100000143051147,0.10999999940395355,12500.0,0.10999999940395355
2017-06-15,0.10999999940395355,0.10999999940395355,0.10999999940395355,0.10999999940395355,0.0,0.10999999940395355
2017-06-16,0.1234000027179718,0.1234000027179718,0.1234000027179718,0.1234000027179718,20000.0,0.1234000027179718
2017-06-19,0.1234000027179718,0.1234000027179718,0.1234000027179718,0.1234000027179718,0.0,0.1234000027179718
2017-06-20,0.12720000743865967,0.12349999696016312,0.12349999696016312,0.12720000743865967,96500.0,0.12720000743865967
2017-06-21,0.11800000071525574,0.11800000071525574,0.11800000071525574,0.11800000071525574,20500.0,0.11800000071525574
2017-06-22,0.11640000343322754,0.11640000343322754,0.11640000343322754,0.11640000343322754,18250.0,0.11640000343322754
2017-06-23,0.11640000343322754,0.11640000343322754,0.11640000343322754,0.11640000343322754,0.0,0.11640000343322754
2017-06-26,0.11620000004768372,0.11620000004768372,0.11620000004768372,0.11620000004768372,4550.0,0.11620000004768372
2017-06-27,0.1080000028014183,0.1080000028014183,0.1080000028014183,0.1080000028014183,7500.0,0.1080000028014183
2017-06-28,0.1080000028014183,0.1080000028014183,0.1080000028014183,0.1080000028014183,0.0,0.1080000028014183
2017-06-29,0.1080000028014183,0.1080000028014183,0.1080000028014183,0.1080000028014183,0.0,0.1080000028014183
2017-06-30,0.1080000028014183,0.1080000028014183,0.1080000028014183,0.1080000028014183,0.0,0.1080000028014183
2017-07-03,0.1080000028014183,0.1080000028014183,0.1080000028014183,0.1080000028014183,0.0,0.1080000028014183
2017-07-05,0.11999999731779099,0.11999999731779099,0.11999999731779099,0.11999999731779099,2500.0,0.11999999731779099
2017-07-06,0.10300000011920929,0.10000000149011612,0.10300000011920929,0.10000000149011612,81300.0,0.10000000149011612
2017-07-07,0.10000000149011612,0.10000000149011612,0.10000000149011612,0.10000000149011612,0.0,0.10000000149011612
2017-07-10,0.11500000208616257,0.11500000208616257,0.11500000208616257,0.11500000208616257,4500.0,0.11500000208616257
2017-07-11,0.10999999940395355,0.10999999940395355,0.10999999940395355,0.10999999940395355,7500.0,0.10999999940395355
2017-07-12,0.11999999731779099,0.11999999731779099,0.11999999731779099,0.11999999731779099,10000.0,0.11999999731779099
2017-07-13,0.11999999731779099,0.11999999731779099,0.11999999731779099,0.11999999731779099,20000.0,0.11999999731779099
2017-07-14,0.14000000059604645,0.13650000095367432,0.14000000059604645,0.13740000128746033,10750.0,0.13740000128746033
2017-07-17,0.1412999927997589,0.1289999932050705,0.1412999927997589,0.1289999932050705,12500.0,0.1289999932050705
2017-07-18,0.1289999932050705,0.1289999932050705,0.1289999932050705,0.1289999932050705,0.0,0.1289999932050705
2017-07-19,0.1289999932050705,0.1289999932050705,0.1289999932050705,0.1289999932050705,0.0,0.1289999932050705
2017-07-20,0.1289999932050705,0.1289999932050705,0.1289999932050705,0.1289999932050705,0.0,0.1289999932050705
2017-07-21,0.1289999932050705,0.1289999932050705,0.1289999932050705,0.1289999932050705,0.0,0.1289999932050705
2017-07-24,0.12700000405311584,0.12300000339746475,0.12700000405311584,0.12300000339746475,6250.0,0.12300000339746475
2017-07-25,0.12300000339746475,0.12300000339746475,0.12300000339746475,0.12300000339746475,0.0,0.12300000339746475
2017-07-26,0.125,0.125,0.125,0.125,10000.0,0.125
2017-07-27,0.11699999868869781,0.11699999868869781,0.11699999868869781,0.11699999868869781,20000.0,0.11699999868869781
2017-07-28,0.10999999940395355,0.10949999839067459,0.10949999839067459,0.10999999940395355,30000.0,0.10999999940395355
2017-07-31,0.10920000076293945,0.10920000076293945,0.10920000076293945,0.10920000076293945,14500.0,0.10920000076293945
2017-08-01,0.10920000076293945,0.10920000076293945,0.10920000076293945,0.10920000076293945,0.0,0.10920000076293945
2017-08-02,0.10920000076293945,0.10920000076293945,0.10920000076293945,0.10920000076293945,0.0,0.10920000076293945
2017-08-03,0.11829999834299088,0.11739999800920486,0.11829999834299088,0.11739999800920486,9500.0,0.11739999800920486
2017-08-04,0.11999999731779099,0.1039000004529953,0.11699999868869781,0.11999999731779099,24500.0,0.11999999731779099
2017-08-07,0.125,0.125,0.125,0.125,4500.0,0.125
2017-08-08,0.13230000436306,0.11640000343322754,0.11999999731779099,0.13230000436306,481500.0,0.13230000436306
2017-08-09,0.12298999726772308,0.11999999731779099,0.11999999731779099,0.11999999731779099,330000.0,0.11999999731779099
2017-08-10,0.11999999731779099,0.11999999731779099,0.11999999731779099,0.11999999731779099,150000.0,0.11999999731779099
2017-08-11,0.1290999948978424,0.11940000206232071,0.12610000371932983,0.11940000206232071,75000.0,0.11940000206232071
2017-08-14,0.1290999948978424,0.11699999868869781,0.1290999948978424,0.11999999731779099,62300.0,0.11999999731779099
2017-08-15,0.11999999731779099,0.11860000342130661,0.11860000342130661,0.11999999731779099,25000.0,0.11999999731779099
2017-08-16,0.11999999731779099,0.11999999731779099,0.11999999731779099,0.11999999731779099,0.0,0.11999999731779099
2017-08-17,0.11999999731779099,0.11999999731779099,0.11999999731779099,0.11999999731779099,0.0,0.11999999731779099
2017-08-18,0.11999999731779099,0.11999999731779099,0.11999999731779099,0.11999999731779099,0.0,0.11999999731779099
2017-08-21,0.11999999731779099,0.11999999731779099,0.11999999731779099,0.11999999731779099,0.0,0.11999999731779099
2017-08-22,0.1324000060558319,0.11999999731779099,0.1324000060558319,0.11999999731779099,44200.0,0.11999999731779099
2017-08-23,0.11999999731779099,0.11249999701976776,0.11999999731779099,0.11249999701976776,28000.0,0.11249999701976776
2017-08-24,0.12870000302791595,0.11999999731779099,0.12870000302791595,0.11999999731779099,19700.0,0.11999999731779099
2017-08-25,0.13740000128746033,0.12479999661445618,0.12479999661445618,0.1307000070810318,90800.0,0.1307000070810318
2017-08-28,0.11999999731779099,0.11999999731779099,0.11999999731779099,0.11999999731779099,35000.0,0.11999999731779099
2017-08-29,0.11999999731779099,0.10000000149011612,0.11999999731779099,0.11270000040531158,81600.0,0.11270000040531158
2017-08-30,0.11270000040531158,0.11270000040531158,0.11270000040531158,0.11270000040531158,0.0,0.11270000040531158
2017-08-31,0.11699999868869781,0.11699999868869781,0.11699999868869781,0.11699999868869781,10000.0,0.11699999868869781
2017-09-01,0.1160999983549118,0.11410000175237656,0.1160999983549118,0.11410000175237656,100487.0,0.11410000175237656
2017-09-05,0.11620000004768372,0.1080000028014183,0.10999999940395355,0.11620000004768372,3091.0,0.11620000004768372
2017-09-06,0.11620000004768372,0.11620000004768372,0.11620000004768372,0.11620000004768372,0.0,0.11620000004768372
2017-09-07,0.11620000004768372,0.11620000004768372,0.11620000004768372,0.11620000004768372,0.0,0.11620000004768372
2017-09-08,0.11620000004768372,0.11620000004768372,0.11620000004768372,0.11620000004768372,0.0,0.11620000004768372
2017-09-11,0.11620000004768372,0.11620000004768372,0.11620000004768372,0.11620000004768372,0.0,0.11620000004768372
2017-09-12,0.12600000202655792,0.1152999997138977,0.1152999997138977,0.12600000202655792,13500.0,0.12600000202655792
2017-09-13,0.12250000238418579,0.12250000238418579,0.12250000238418579,0.12250000238418579,3150.0,0.12250000238418579
2017-09-14,0.12250000238418579,0.12250000238418579,0.12250000238418579,0.12250000238418579,0.0,0.12250000238418579
2017-09-15,0.12250000238418579,0.12250000238418579,0.12250000238418579,0.12250000238418579,0.0,0.12250000238418579
2017-09-18,0.11840000003576279,0.11748000234365463,0.11840000003576279,0.11748000234365463,598.0,0.11748000234365463
2017-09-19,0.11479999870061874,0.11479999870061874,0.11479999870061874,0.11479999870061874,15500.0,0.11479999870061874
2017-09-20,0.11479999870061874,0.11479999870061874,0.11479999870061874,0.11479999870061874,0.0,0.11479999870061874
2017-09-21,0.11225000023841858,0.11225000023841858,0.11225000023841858,0.11225000023841858,50000.0,0.11225000023841858
2017-09-22,0.11500000208616257,0.11020000278949738,0.1137000024318695,0.1103999987244606,53000.0,0.1103999987244606
2017-09-25,0.1103999987244606,0.1103999987244606,0.1103999987244606,0.1103999987244606,0.0,0.1103999987244606
2017-09-26,0.1298999935388565,0.12160000205039978,0.1216999962925911,0.1298999935388565,38000.0,0.1298999935388565
2017-09-27,0.12950000166893005,0.12950000166893005,0.12950000166893005,0.12950000166893005,20500.0,0.12950000166893005
2017-09-28,0.12950000166893005,0.12950000166893005,0.12950000166893005,0.12950000166893005,0.0,0.12950000166893005
2017-09-29,0.12950000166893005,0.12950000166893005,0.12950000166893005,0.12950000166893005,0.0,0.12950000166893005
2017-10-02,0.12950000166893005,0.12950000166893005,0.12950000166893005,0.12950000166893005,0.0,0.12950000166893005
2017-10-03,0.11500000208616257,0.11299999803304672,0.11500000208616257,0.11309999972581863,130000.0,0.11309999972581863
2017-10-04,0.11720000207424164,0.10999999940395355,0.11249999701976776,0.11720000207424164,102000.0,0.11720000207424164
2017-10-05,0.11999999731779099,0.11500000208616257,0.11500000208616257,0.11999999731779099,111000.0,0.11999999731779099
2017-10-06,0.11999999731779099,0.11999999731779099,0.11999999731779099,0.11999999731779099,0.0,0.11999999731779099
2017-10-09,0.11999999731779099,0.11999999731779099,0.11999999731779099,0.11999999731779099,0.0,0.11999999731779099
2017-10-10,0.11289999634027481,0.11289999634027481,0.11289999634027481,0.11289999634027481,20000.0,0.11289999634027481
2017-10-11,0.11500000208616257,0.10999999940395355,0.11500000208616257,0.10999999940395355,75695.0,0.10999999940395355
2017-10-12,0.10999999940395355,0.10999999940395355,0.10999999940395355,0.10999999940395355,0.0,0.10999999940395355
2017-10-13,0.12120000272989273,0.11810000240802765,0.12120000272989273,0.11810000240802765,41000.0,0.11810000240802765
2017-10-16,0.11810000240802765,0.11810000240802765,0.11810000240802765,0.11810000240802765,0.0,0.11810000240802765
2017-10-17,0.11389999836683273,0.11389999836683273,0.11389999836683273,0.11389999836683273,1100.0,0.11389999836683273
2017-10-18,0.11389999836683273,0.11389999836683273,0.11389999836683273,0.11389999836683273,0.0,0.11389999836683273
2017-10-19,0.11389999836683273,0.11389999836683273,0.11389999836683273,0.11389999836683273,0.0,0.11389999836683273
2017-10-20,0.11389999836683273,0.11389999836683273,0.11389999836683273,0.11389999836683273,0.0,0.11389999836683273
2017-10-23,0.12200000137090683,0.08410000056028366,0.10679999738931656,0.08500000089406967,332200.0,0.08500000089406967
2017-10-24,0.08500000089406967,0.08500000089406967,0.08500000089406967,0.08500000089406967,0.0,0.08500000089406967
2017-10-25,0.08827000111341476,0.08827000111341476,0.08827000111341476,0.08827000111341476,105520.0,0.08827000111341476
2017-10-26,0.11509999632835388,0.1111999973654747,0.1111999973654747,0.11500000208616257,34100.0,0.11500000208616257
2017-10-27,0.11749999970197678,0.11749999970197678,0.11749999970197678,0.11749999970197678,11000.0,0.11749999970197678
2017-10-30,0.11749999970197678,0.11749999970197678,0.11749999970197678,0.11749999970197678,0.0,0.11749999970197678
2017-10-31,0.1143999993801117,0.1006999984383583,0.1006999984383583,0.1143999993801117,14500.0,0.1143999993801117
2017-11-01,0.1143999993801117,0.1143999993801117,0.1143999993801117,0.1143999993801117,0.0,0.1143999993801117
2017-11-02,0.1143999993801117,0.1143999993801117,0.1143999993801117,0.1143999993801117,0.0,0.1143999993801117
2017-11-03,0.1143999993801117,0.1143999993801117,0.1143999993801117,0.1143999993801117,0.0,0.1143999993801117
2017-11-06,0.1143999993801117,0.1143999993801117,0.1143999993801117,0.1143999993801117,0.0,0.1143999993801117
2017-11-07,0.1143999993801117,0.1143999993801117,0.1143999993801117,0.1143999993801117,0.0,0.1143999993801117
2017-11-08,0.10719999670982361,0.10719999670982361,0.10719999670982361,0.10719999670982361,1000.0,0.10719999670982361
2017-11-09,0.10719999670982361,0.10719999670982361,0.10719999670982361,0.10719999670982361,0.0,0.10719999670982361
2017-11-10,0.10719999670982361,0.10719999670982361,0.10719999670982361,0.10719999670982361,0.0,0.10719999670982361
2017-11-13,0.11999999731779099,0.11999999731779099,0.11999999731779099,0.11999999731779099,48000.0,0.11999999731779099
2017-11-14,0.11999999731779099,0.11999999731779099,0.11999999731779099,0.11999999731779099,0.0,0.11999999731779099
2017-11-15,0.09640000015497208,0.08879999816417694,0.08879999816417694,0.0925000011920929,46200.0,0.0925000011920929
2017-11-16,0.0925000011920929,0.0925000011920929,0.0925000011920929,0.0925000011920929,0.0,0.0925000011920929
2017-11-17,0.10249999910593033,0.0925000011920929,0.10249999910593033,0.0949999988079071,28100.0,0.0949999988079071
2017-11-20,0.0949999988079071,0.0949999988079071,0.0949999988079071,0.0949999988079071,0.0,0.0949999988079071
2017-11-21,0.0949999988079071,0.0949999988079071,0.0949999988079071,0.0949999988079071,0.0,0.0949999988079071
2017-11-22,0.0949999988079071,0.0949999988079071,0.0949999988079071,0.0949999988079071,0.0,0.0949999988079071
2017-11-24,0.0949999988079071,0.0949999988079071,0.0949999988079071,0.0949999988079071,0.0,0.0949999988079071
2017-11-27,0.0860000029206276,0.06859999895095825,0.0820000022649765,0.08340000361204147,148764.0,0.08340000361204147
2017-11-28,0.08510000258684158,0.0812000036239624,0.0812000036239624,0.08510000258684158,77000.0,0.08510000258684158
2017-11-29,0.08510000258684158,0.08510000258684158,0.08510000258684158,0.08510000258684158,0.0,0.08510000258684158
2017-11-30,0.08510000258684158,0.08510000258684158,0.08510000258684158,0.08510000258684158,0.0,0.08510000258684158
2017-12-01,0.07999999821186066,0.07999999821186066,0.07999999821186066,0.07999999821186066,62500.0,0.07999999821186066
2017-12-04,0.07999999821186066,0.07999999821186066,0.07999999821186066,0.07999999821186066,5000.0,0.07999999821186066
2017-12-05,0.07999999821186066,0.07999999821186066,0.07999999821186066,0.07999999821186066,0.0,0.07999999821186066
2017-12-06,0.08330000191926956,0.08330000191926956,0.08330000191926956,0.08330000191926956,42500.0,0.08330000191926956
2017-12-07,0.08330000191926956,0.08330000191926956,0.08330000191926956,0.08330000191926956,0.0,0.08330000191926956
2017-12-08,0.08169999718666077,0.07999999821186066,0.08169999718666077,0.07999999821186066,21500.0,0.07999999821186066
2017-12-11,0.07999999821186066,0.07999999821186066,0.07999999821186066,0.07999999821186066,0.0,0.07999999821186066
2017-12-12,0.07800000160932541,0.07800000160932541,0.07800000160932541,0.07800000160932541,50000.0,0.07800000160932541
2017-12-13,0.07800000160932541,0.07800000160932541,0.07800000160932541,0.07800000160932541,0.0,0.07800000160932541
2017-12-14,0.07800000160932541,0.07800000160932541,0.07800000160932541,0.07800000160932541,50000.0,0.07800000160932541
2017-12-15,0.08410000056028366,0.08410000056028366,0.08410000056028366,0.08410000056028366,11000.0,0.08410000056028366
2017-12-18,0.08410000056028366,0.08410000056028366,0.08410000056028366,0.08410000056028366,0.0,0.08410000056028366
2017-12-19,0.08410000056028366,0.08410000056028366,0.08410000056028366,0.08410000056028366,0.0,0.08410000056028366
2017-12-20,0.07259999960660934,0.05999999865889549,0.07259999960660934,0.05999999865889549,72025.0,0.05999999865889549
2017-12-21,0.0771000012755394,0.07000000029802322,0.07000000029802322,0.07500000298023224,135000.0,0.07500000298023224
2017-12-22,0.07500000298023224,0.07500000298023224,0.07500000298023224,0.07500000298023224,0.0,0.07500000298023224
2017-12-26,0.0860000029206276,0.0860000029206276,0.0860000029206276,0.0860000029206276,10000.0,0.0860000029206276
2017-12-27,0.0860000029206276,0.0860000029206276,0.0860000029206276,0.0860000029206276,0.0,0.0860000029206276
2017-12-28,0.0860000029206276,0.0860000029206276,0.0860000029206276,0.0860000029206276,0.0,0.0860000029206276
2017-12-29,0.0860000029206276,0.0860000029206276,0.0860000029206276,0.0860000029206276,0.0,0.0860000029206276
2018-01-02,0.06949999928474426,0.06949999928474426,0.06949999928474426,0.06949999928474426,2800.0,0.06949999928474426
2018-01-03,0.07900000363588333,0.07900000363588333,0.07900000363588333,0.07900000363588333,3700.0,0.07900000363588333
2018-01-04,0.07000000029802322,0.07000000029802322,0.07000000029802322,0.07000000029802322,79000.0,0.07000000029802322
2018-01-05,0.06610000133514404,0.06610000133514404,0.06610000133514404,0.06610000133514404,2400.0,0.06610000133514404
2018-01-08,0.06610000133514404,0.06610000133514404,0.06610000133514404,0.06610000133514404,0.0,0.06610000133514404
2018-01-09,0.06610000133514404,0.06610000133514404,0.06610000133514404,0.06610000133514404,0.0,0.06610000133514404
2018-01-10,0.06610000133514404,0.06610000133514404,0.06610000133514404,0.06610000133514404,0.0,0.06610000133514404
2018-01-11,0.08269999921321869,0.0820000022649765,0.08269999921321869,0.0820000022649765,68800.0,0.0820000022649765
2018-01-12,0.0925000011920929,0.0925000011920929,0.0925000011920929,0.0925000011920929,1000.0,0.0925000011920929
2018-01-16,0.0925000011920929,0.0925000011920929,0.0925000011920929,0.0925000011920929,0.0,0.0925000011920929
2018-01-17,0.0925000011920929,0.0925000011920929,0.0925000011920929,0.0925000011920929,0.0,0.0925000011920929
2018-01-18,0.0925000011920929,0.0925000011920929,0.0925000011920929,0.0925000011920929,0.0,0.0925000011920929
2018-01-19,0.0925000011920929,0.0925000011920929,0.0925000011920929,0.0925000011920929,0.0,0.0925000011920929
2018-01-22,0.0925000011920929,0.0925000011920929,0.0925000011920929,0.0925000011920929,0.0,0.0925000011920929
2018-01-23,0.0925000011920929,0.0925000011920929,0.0925000011920929,0.0925000011920929,0.0,0.0925000011920929
2018-01-24,0.0925000011920929,0.0925000011920929,0.0925000011920929,0.0925000011920929,0.0,0.0925000011920929
2018-01-25,0.0925000011920929,0.0925000011920929,0.0925000011920929,0.0925000011920929,0.0,0.0925000011920929
2018-01-26,0.08299999684095383,0.08299999684095383,0.08299999684095383,0.08299999684095383,10000.0,0.08299999684095383
2018-01-29,0.08299999684095383,0.08299999684095383,0.08299999684095383,0.08299999684095383,0.0,0.08299999684095383
2018-01-30,0.08299999684095383,0.08299999684095383,0.08299999684095383,0.08299999684095383,0.0,0.08299999684095383
2018-01-31,0.08299999684095383,0.08299999684095383,0.08299999684095383,0.08299999684095383,0.0,0.08299999684095383
2018-02-01,0.08299999684095383,0.08299999684095383,0.08299999684095383,0.08299999684095383,0.0,0.08299999684095383
2018-02-02,0.07999999821186066,0.07999999821186066,0.07999999821186066,0.07999999821186066,45000.0,0.07999999821186066
2018-02-05,0.06289999932050705,0.05510000139474869,0.06289999932050705,0.05999999865889549,63000.0,0.05999999865889549
2018-02-06,0.05999999865889549,0.05999999865889549,0.05999999865889549,0.05999999865889549,22500.0,0.05999999865889549
2018-02-07,0.05999999865889549,0.05999999865889549,0.05999999865889549,0.05999999865889549,0.0,0.05999999865889549
2018-02-08,0.05999999865889549,0.05999999865889549,0.05999999865889549,0.05999999865889549,0.0,0.05999999865889549
2018-02-09,0.06639999896287918,0.06239999830722809,0.06239999830722809,0.06639999896287918,57500.0,0.06639999896287918
2018-02-12,0.0738999992609024,0.07000000029802322,0.07000000029802322,0.0738999992609024,51700.0,0.0738999992609024
2018-02-13,0.0738999992609024,0.0738999992609024,0.0738999992609024,0.0738999992609024,0.0,0.0738999992609024
2018-02-14,0.06499999761581421,0.06499999761581421,0.06499999761581421,0.06499999761581421,15000.0,0.06499999761581421
2018-02-15,0.06499999761581421,0.06499999761581421,0.06499999761581421,0.06499999761581421,0.0,0.06499999761581421
2018-02-16,0.06499999761581421,0.06499999761581421,0.06499999761581421,0.06499999761581421,0.0,0.06499999761581421
2018-02-20,0.06499999761581421,0.06499999761581421,0.06499999761581421,0.06499999761581421,0.0,0.06499999761581421
2018-02-21,0.06499999761581421,0.06499999761581421,0.06499999761581421,0.06499999761581421,0.0,0.06499999761581421
2018-02-22,0.06499999761581421,0.06499999761581421,0.06499999761581421,0.06499999761581421,0.0,0.06499999761581421
2018-02-23,0.07620000094175339,0.07620000094175339,0.07620000094175339,0.07620000094175339,100.0,0.07620000094175339
2018-02-26,0.07620000094175339,0.07620000094175339,0.07620000094175339,0.07620000094175339,0.0,0.07620000094175339
2018-02-27,0.07620000094175339,0.07620000094175339,0.07620000094175339,0.07620000094175339,0.0,0.07620000094175339
2018-02-28,0.07670000195503235,0.07670000195503235,0.07670000195503235,0.07670000195503235,6400.0,0.07670000195503235
2018-03-01,0.07670000195503235,0.07670000195503235,0.07670000195503235,0.07670000195503235,0.0,0.07670000195503235
2018-03-02,0.07670000195503235,0.07670000195503235,0.07670000195503235,0.07670000195503235,0.0,0.07670000195503235
2018-03-05,0.07670000195503235,0.07670000195503235,0.07670000195503235,0.07670000195503235,0.0,0.07670000195503235
2018-03-06,0.07670000195503235,0.07670000195503235,0.07670000195503235,0.07670000195503235,0.0,0.07670000195503235
2018-03-07,0.07670000195503235,0.07670000195503235,0.07670000195503235,0.07670000195503235,0.0,0.07670000195503235
2018-03-08,0.06983000040054321,0.06983000040054321,0.06983000040054321,0.06983000040054321,5000.0,0.06983000040054321
2018-03-09,0.06983000040054321,0.06983000040054321,0.06983000040054321,0.06983000040054321,0.0,0.06983000040054321
2018-03-12,0.07000000029802322,0.07000000029802322,0.07000000029802322,0.07000000029802322,25000.0,0.07000000029802322
2018-03-13,0.07000000029802322,0.07000000029802322,0.07000000029802322,0.07000000029802322,24000.0,0.07000000029802322
2018-03-14,0.07000000029802322,0.07000000029802322,0.07000000029802322,0.07000000029802322,0.0,0.07000000029802322
2018-03-15,0.07000000029802322,0.07000000029802322,0.07000000029802322,0.07000000029802322,0.0,0.07000000029802322
2018-03-16,0.07000000029802322,0.07000000029802322,0.07000000029802322,0.07000000029802322,0.0,0.07000000029802322
2018-03-19,0.07000000029802322,0.07000000029802322,0.07000000029802322,0.07000000029802322,0.0,0.07000000029802322
2018-03-20,0.07000000029802322,0.07000000029802322,0.07000000029802322,0.07000000029802322,0.0,0.07000000029802322
2018-03-21,0.07000000029802322,0.07000000029802322,0.07000000029802322,0.07000000029802322,0.0,0.07000000029802322
2018-03-22,0.07199999690055847,0.07000000029802322,0.07000000029802322,0.07000000029802322,60300.0,0.07000000029802322
2018-03-23,0.07000000029802322,0.07000000029802322,0.07000000029802322,0.07000000029802322,0.0,0.07000000029802322
2018-03-26,0.07000000029802322,0.07000000029802322,0.07000000029802322,0.07000000029802322,0.0,0.07000000029802322
2018-03-27,0.07450000196695328,0.07450000196695328,0.07450000196695328,0.07450000196695328,5700.0,0.07450000196695328
2018-03-28,0.07190000265836716,0.07190000265836716,0.07190000265836716,0.07190000265836716,8500.0,0.07190000265836716
2018-03-29,0.07000000029802322,0.06589999794960022,0.07000000029802322,0.07000000029802322,22500.0,0.07000000029802322
2018-04-02,0.09000000357627869,0.0794999971985817,0.0794999971985817,0.09000000357627869,215000.0,0.09000000357627869
2018-04-03,0.09000000357627869,0.09000000357627869,0.09000000357627869,0.09000000357627869,0.0,0.09000000357627869
2018-04-04,0.125,0.09019999951124191,0.125,0.09019999951124191,10250.0,0.09019999951124191
2018-04-05,0.07000000029802322,0.07000000029802322,0.07000000029802322,0.07000000029802322,60000.0,0.07000000029802322
2018-04-06,0.07000000029802322,0.07000000029802322,0.07000000029802322,0.07000000029802322,0.0,0.07000000029802322
2018-04-09,0.11999999731779099,0.0989999994635582,0.11999999731779099,0.0989999994635582,10833.0,0.0989999994635582
2018-04-10,0.10899999737739563,0.07000000029802322,0.10899999737739563,0.0949999988079071,527000.0,0.0949999988079071
2018-04-11,0.0716399997472763,0.0716399997472763,0.0716399997472763,0.0716399997472763,156.0,0.0716399997472763
2018-04-12,0.0716399997472763,0.0716399997472763,0.0716399997472763,0.0716399997472763,0.0,0.0716399997472763
2018-04-13,0.07999999821186066,0.07010000199079514,0.07999999821186066,0.07010000199079514,274080.0,0.07010000199079514
2018-04-16,0.07010000199079514,0.07010000199079514,0.07010000199079514,0.07010000199079514,0.0,0.07010000199079514
2018-04-17,0.07010000199079514,0.07010000199079514,0.07010000199079514,0.07010000199079514,0.0,0.07010000199079514
2018-04-18,0.07010000199079514,0.07010000199079514,0.07010000199079514,0.07010000199079514,0.0,0.07010000199079514
2018-04-19,0.07010000199079514,0.07010000199079514,0.07010000199079514,0.07010000199079514,0.0,0.07010000199079514
2018-04-20,0.07000000029802322,0.06030000001192093,0.07000000029802322,0.06030000001192093,204000.0,0.06030000001192093
2018-04-23,0.06030000001192093,0.06030000001192093,0.06030000001192093,0.06030000001192093,0.0,0.06030000001192093
2018-04-24,0.07029999792575836,0.06870000064373016,0.06870000064373016,0.07029999792575836,63285.0,0.07029999792575836
2018-04-25,0.07029999792575836,0.07029999792575836,0.07029999792575836,0.07029999792575836,0.0,0.07029999792575836
2018-04-26,0.07029999792575836,0.07029999792575836,0.07029999792575836,0.07029999792575836,0.0,0.07029999792575836
2018-04-27,0.07029999792575836,0.07029999792575836,0.07029999792575836,0.07029999792575836,0.0,0.07029999792575836
2018-04-30,0.08299999684095383,0.07500000298023224,0.07500000298023224,0.08299999684095383,191000.0,0.08299999684095383
2018-05-01,0.08299999684095383,0.08299999684095383,0.08299999684095383,0.08299999684095383,0.0,0.08299999684095383
2018-05-02,0.07999999821186066,0.0754999965429306,0.07800000160932541,0.07999999821186066,59000.0,0.07999999821186066
2018-05-03,0.07000000029802322,0.06499999761581421,0.06790000200271606,0.07000000029802322,73500.0,0.07000000029802322
2018-05-04,0.06499999761581421,0.06499999761581421,0.06499999761581421,0.06499999761581421,50000.0,0.06499999761581421
2018-05-07,0.06499999761581421,0.06499999761581421,0.06499999761581421,0.06499999761581421,0.0,0.06499999761581421
2018-05-08,0.06499999761581421,0.06499999761581421,0.06499999761581421,0.06499999761581421,7500.0,0.06499999761581421
2018-05-09,0.06499999761581421,0.06499999761581421,0.06499999761581421,0.06499999761581421,0.0,0.06499999761581421
2018-05-10,0.06499999761581421,0.06499999761581421,0.06499999761581421,0.06499999761581421,0.0,0.06499999761581421
2018-05-11,0.06499999761581421,0.06499999761581421,0.06499999761581421,0.06499999761581421,0.0,0.06499999761581421
2018-05-14,0.06499999761581421,0.06499999761581421,0.06499999761581421,0.06499999761581421,0.0,0.06499999761581421
2018-05-15,0.07000000029802322,0.07000000029802322,0.07000000029802322,0.07000000029802322,1250.0,0.07000000029802322
2018-05-16,0.06499999761581421,0.06499999761581421,0.06499999761581421,0.06499999761581421,31285.0,0.06499999761581421
2018-05-17,0.06499999761581421,0.06499999761581421,0.06499999761581421,0.06499999761581421,0.0,0.06499999761581421
2018-05-18,0.06499999761581421,0.06499999761581421,0.06499999761581421,0.06499999761581421,0.0,0.06499999761581421
2018-05-21,0.06499999761581421,0.06499999761581421,0.06499999761581421,0.06499999761581421,0.0,0.06499999761581421
2018-05-22,0.06499999761581421,0.06499999761581421,0.06499999761581421,0.06499999761581421,0.0,0.06499999761581421
2018-05-23,0.07000000029802322,0.07000000029802322,0.07000000029802322,0.07000000029802322,2000.0,0.07000000029802322
2018-05-24,0.07000000029802322,0.07000000029802322,0.07000000029802322,0.07000000029802322,0.0,0.07000000029802322
2018-05-25,0.06499999761581421,0.06499999761581421,0.06499999761581421,0.06499999761581421,1700.0,0.06499999761581421
2018-05-29,0.06499999761581421,0.06499999761581421,0.06499999761581421,0.06499999761581421,0.0,0.06499999761581421
2018-05-30,0.06499999761581421,0.06499999761581421,0.06499999761581421,0.06499999761581421,0.0,0.06499999761581421
2018-05-31,0.06499999761581421,0.06499999761581421,0.06499999761581421,0.06499999761581421,0.0,0.06499999761581421
2018-06-01,0.06700000166893005,0.06700000166893005,0.06700000166893005,0.06700000166893005,5000.0,0.06700000166893005
2018-06-04,0.06700000166893005,0.06700000166893005,0.06700000166893005,0.06700000166893005,0.0,0.06700000166893005
2018-06-05,0.06700000166893005,0.06700000166893005,0.06700000166893005,0.06700000166893005,0.0,0.06700000166893005
2018-06-06,0.06700000166893005,0.06700000166893005,0.06700000166893005,0.06700000166893005,0.0,0.06700000166893005
2018-06-07,0.06700000166893005,0.06700000166893005,0.06700000166893005,0.06700000166893005,0.0,0.06700000166893005
2018-06-08,0.06700000166893005,0.06700000166893005,0.06700000166893005,0.06700000166893005,0.0,0.06700000166893005
2018-06-11,0.06700000166893005,0.06700000166893005,0.06700000166893005,0.06700000166893005,0.0,0.06700000166893005
2018-06-12,0.06499999761581421,0.06499999761581421,0.06499999761581421,0.06499999761581421,57000.0,0.06499999761581421
2018-06-13,0.06499999761581421,0.06499999761581421,0.06499999761581421,0.06499999761581421,100.0,0.06499999761581421
2018-06-14,0.06499999761581421,0.06499999761581421,0.06499999761581421,0.06499999761581421,0.0,0.06499999761581421
2018-06-15,0.05990000069141388,0.05990000069141388,0.05990000069141388,0.05990000069141388,54500.0,0.05990000069141388
2018-06-18,0.05990000069141388,0.05990000069141388,0.05990000069141388,0.05990000069141388,0.0,0.05990000069141388
2018-06-19,0.05990000069141388,0.05990000069141388,0.05990000069141388,0.05990000069141388,0.0,0.05990000069141388
2018-06-20,0.05000000074505806,0.03500000014901161,0.05000000074505806,0.04100000113248825,91000.0,0.04100000113248825
2018-06-21,0.03999999910593033,0.03200000151991844,0.03438999876379967,0.03999999910593033,127694.0,0.03999999910593033
2018-06-22,0.03999999910593033,0.03999999910593033,0.03999999910593033,0.03999999910593033,0.0,0.03999999910593033
2018-06-25,0.04910000041127205,0.03500000014901161,0.03500000014901161,0.04910000041127205,498000.0,0.04910000041127205
2018-06-26,0.04910000041127205,0.04910000041127205,0.04910000041127205,0.04910000041127205,0.0,0.04910000041127205
2018-06-27,0.04910000041127205,0.04910000041127205,0.04910000041127205,0.04910000041127205,0.0,0.04910000041127205
2018-06-28,0.04910000041127205,0.04910000041127205,0.04910000041127205,0.04910000041127205,0.0,0.04910000041127205
2018-06-29,0.04910000041127205,0.04910000041127205,0.04910000041127205,0.04910000041127205,0.0,0.04910000041127205
2018-07-02,0.04910000041127205,0.04910000041127205,0.04910000041127205,0.04910000041127205,0.0,0.04910000041127205
2018-07-03,0.04910000041127205,0.04910000041127205,0.04910000041127205,0.04910000041127205,0.0,0.04910000041127205
2018-07-05,0.04910000041127205,0.04910000041127205,0.04910000041127205,0.04910000041127205,0.0,0.04910000041127205
2018-07-06,0.04910000041127205,0.04910000041127205,0.04910000041127205,0.04910000041127205,0.0,0.04910000041127205
2018-07-09,0.04989999905228615,0.04989999905228615,0.04989999905228615,0.04989999905228615,2000.0,0.04989999905228615
2018-07-10,0.04989999905228615,0.04989999905228615,0.04989999905228615,0.04989999905228615,0.0,0.04989999905228615
2018-07-11,0.04989999905228615,0.04989999905228615,0.04989999905228615,0.04989999905228615,0.0,0.04989999905228615
2018-07-12,0.04809999838471413,0.032999999821186066,0.04439999908208847,0.04809999838471413,78730.0,0.04809999838471413
2018-07-13,0.04659999907016754,0.04659999907016754,0.04659999907016754,0.04659999907016754,5005.0,0.04659999907016754
2018-07-16,0.04659999907016754,0.04659999907016754,0.04659999907016754,0.04659999907016754,0.0,0.04659999907016754
2018-07-17,0.04659999907016754,0.04659999907016754,0.04659999907016754,0.04659999907016754,0.0,0.04659999907016754
2018-07-18,0.049300000071525574,0.049300000071525574,0.049300000071525574,0.049300000071525574,1500.0,0.049300000071525574
2018-07-19,0.049300000071525574,0.049300000071525574,0.049300000071525574,0.049300000071525574,0.0,0.049300000071525574
2018-07-20,0.049300000071525574,0.049300000071525574,0.049300000071525574,0.049300000071525574,0.0,0.049300000071525574
2018-07-23,0.049300000071525574,0.049300000071525574,0.049300000071525574,0.049300000071525574,0.0,0.049300000071525574
2018-07-24,0.05820000171661377,0.05820000171661377,0.05820000171661377,0.05820000171661377,6100.0,0.05820000171661377
2018-07-25,0.0560000017285347,0.0560000017285347,0.0560000017285347,0.0560000017285347,100000.0,0.0560000017285347
2018-07-26,0.0560000017285347,0.0560000017285347,0.0560000017285347,0.0560000017285347,0.0,0.0560000017285347
2018-07-27,0.0560000017285347,0.0560000017285347,0.0560000017285347,0.0560000017285347,0.0,0.0560000017285347
2018-07-30,0.0560000017285347,0.0560000017285347,0.0560000017285347,0.0560000017285347,0.0,0.0560000017285347
2018-07-31,0.0560000017285347,0.0560000017285347,0.0560000017285347,0.0560000017285347,0.0,0.0560000017285347
2018-08-01,0.0560000017285347,0.0560000017285347,0.0560000017285347,0.0560000017285347,0.0,0.0560000017285347
2018-08-02,0.0560000017285347,0.0560000017285347,0.0560000017285347,0.0560000017285347,0.0,0.0560000017285347
2018-08-03,0.0560000017285347,0.0560000017285347,0.0560000017285347,0.0560000017285347,0.0,0.0560000017285347
2018-08-06,0.061400000005960464,0.061400000005960464,0.061400000005960464,0.061400000005960464,200.0,0.061400000005960464
2018-08-07,0.061000000685453415,0.05999999865889549,0.05999999865889549,0.061000000685453415,32000.0,0.061000000685453415
2018-08-08,0.061000000685453415,0.061000000685453415,0.061000000685453415,0.061000000685453415,0.0,0.061000000685453415
2018-08-09,0.061000000685453415,0.061000000685453415,0.061000000685453415,0.061000000685453415,0.0,0.061000000685453415
2018-08-10,0.061000000685453415,0.061000000685453415,0.061000000685453415,0.061000000685453415,0.0,0.061000000685453415
2018-08-13,0.0820000022649765,0.06700000166893005,0.0674000009894371,0.0819299966096878,260000.0,0.0819299966096878
2018-08-14,0.06509999930858612,0.06509999930858612,0.06509999930858612,0.06509999930858612,4520.0,0.06509999930858612
2018-08-15,0.06509999930858612,0.06509999930858612,0.06509999930858612,0.06509999930858612,0.0,0.06509999930858612
2018-08-16,0.06509999930858612,0.06509999930858612,0.06509999930858612,0.06509999930858612,0.0,0.06509999930858612
2018-08-17,0.06509999930858612,0.06509999930858612,0.06509999930858612,0.06509999930858612,0.0,0.06509999930858612
2018-08-20,0.06509999930858612,0.06509999930858612,0.06509999930858612,0.06509999930858612,0.0,0.06509999930858612
2018-08-21,0.06509999930858612,0.06509999930858612,0.06509999930858612,0.06509999930858612,0.0,0.06509999930858612
2018-08-22,0.06509999930858612,0.06509999930858612,0.06509999930858612,0.06509999930858612,0.0,0.06509999930858612
2018-08-23,0.06509999930858612,0.06509999930858612,0.06509999930858612,0.06509999930858612,0.0,0.06509999930858612
2018-08-24,0.06509999930858612,0.06509999930858612,0.06509999930858612,0.06509999930858612,0.0,0.06509999930858612
2018-08-27,0.06509999930858612,0.06509999930858612,0.06509999930858612,0.06509999930858612,0.0,0.06509999930858612
2018-08-28,0.06509999930858612,0.06509999930858612,0.06509999930858612,0.06509999930858612,0.0,0.06509999930858612
2018-08-29,0.06509999930858612,0.06509999930858612,0.06509999930858612,0.06509999930858612,0.0,0.06509999930858612
2018-08-30,0.06419999897480011,0.0617000013589859,0.06419999897480011,0.0617000013589859,6000.0,0.0617000013589859
2018-08-31,0.0617000013589859,0.0617000013589859,0.0617000013589859,0.0617000013589859,0.0,0.0617000013589859
2018-09-04,0.0617000013589859,0.0617000013589859,0.0617000013589859,0.0617000013589859,0.0,0.0617000013589859
2018-09-05,0.0617000013589859,0.0617000013589859,0.0617000013589859,0.0617000013589859,0.0,0.0617000013589859
2018-09-06,0.0617000013589859,0.0617000013589859,0.0617000013589859,0.0617000013589859,0.0,0.0617000013589859
2018-09-07,0.050999999046325684,0.03400000184774399,0.03779999911785126,0.050999999046325684,126420.0,0.050999999046325684
2018-09-10,0.050999999046325684,0.050999999046325684,0.050999999046325684,0.050999999046325684,0.0,0.050999999046325684
2018-09-11,0.050999999046325684,0.050999999046325684,0.050999999046325684,0.050999999046325684,0.0,0.050999999046325684
2018-09-12,0.03840000182390213,0.03840000182390213,0.03840000182390213,0.03840000182390213,5000.0,0.03840000182390213
2018-09-13,0.03840000182390213,0.03840000182390213,0.03840000182390213,0.03840000182390213,0.0,0.03840000182390213
2018-09-14,0.03840000182390213,0.03840000182390213,0.03840000182390213,0.03840000182390213,0.0,0.03840000182390213
2018-09-17,0.03840000182390213,0.03840000182390213,0.03840000182390213,0.03840000182390213,0.0,0.03840000182390213
2018-09-18,0.05400000140070915,0.05400000140070915,0.05400000140070915,0.05400000140070915,1200.0,0.05400000140070915
2018-09-19,0.04329000040888786,0.03220000118017197,0.04329000040888786,0.03220000118017197,260000.0,0.03220000118017197
2018-09-20,0.029999999329447746,0.029999999329447746,0.029999999329447746,0.029999999329447746,100000.0,0.029999999329447746
2018-09-21,0.029999999329447746,0.029999999329447746,0.029999999329447746,0.029999999329447746,0.0,0.029999999329447746
2018-09-24,0.029999999329447746,0.029999999329447746,0.029999999329447746,0.029999999329447746,0.0,0.029999999329447746
2018-09-25,0.029999999329447746,0.029999999329447746,0.029999999329447746,0.029999999329447746,0.0,0.029999999329447746
2018-09-26,0.04399999976158142,0.04360000044107437,0.04360000044107437,0.04399999976158142,38000.0,0.04399999976158142
2018-09-27,0.04399999976158142,0.04399999976158142,0.04399999976158142,0.04399999976158142,0.0,0.04399999976158142
2018-09-28,0.04399999976158142,0.04399999976158142,0.04399999976158142,0.04399999976158142,0.0,0.04399999976158142
2018-10-01,0.04399999976158142,0.04399999976158142,0.04399999976158142,0.04399999976158142,0.0,0.04399999976158142
2018-10-02,0.04399999976158142,0.04399999976158142,0.04399999976158142,0.04399999976158142,1500.0,0.04399999976158142
2018-10-03,0.04399999976158142,0.04399999976158142,0.04399999976158142,0.04399999976158142,0.0,0.04399999976158142
2018-10-04,0.04399999976158142,0.04399999976158142,0.04399999976158142,0.04399999976158142,0.0,0.04399999976158142
2018-10-05,0.04399999976158142,0.04399999976158142,0.04399999976158142,0.04399999976158142,0.0,0.04399999976158142
2018-10-08,0.04399999976158142,0.04399999976158142,0.04399999976158142,0.04399999976158142,18500.0,0.04399999976158142
2018-10-09,0.04399999976158142,0.04399999976158142,0.04399999976158142,0.04399999976158142,46500.0,0.04399999976158142
2018-10-10,0.04399999976158142,0.04399999976158142,0.04399999976158142,0.04399999976158142,0.0,0.04399999976158142
2018-10-11,0.04399999976158142,0.04399999976158142,0.04399999976158142,0.04399999976158142,0.0,0.04399999976158142
2018-10-12,0.033399999141693115,0.03150000050663948,0.033399999141693115,0.033399999141693115,10000.0,0.033399999141693115
2018-10-15,0.04610000178217888,0.04610000178217888,0.04610000178217888,0.04610000178217888,2500.0,0.04610000178217888
2018-10-16,0.04610000178217888,0.04610000178217888,0.04610000178217888,0.04610000178217888,0.0,0.04610000178217888
2018-10-17,0.045099999755620956,0.04500000178813934,0.04500000178813934,0.04500000178813934,196850.0,0.04500000178813934
2018-10-18,0.04500000178813934,0.04500000178813934,0.04500000178813934,0.04500000178813934,0.0,0.04500000178813934
2018-10-19,0.04500000178813934,0.04500000178813934,0.04500000178813934,0.04500000178813934,0.0,0.04500000178813934
2018-10-22,0.04600000008940697,0.04309999942779541,0.04309999942779541,0.04600000008940697,36000.0,0.04600000008940697
2018-10-23,0.041999999433755875,0.041999999433755875,0.041999999433755875,0.041999999433755875,25000.0,0.041999999433755875
2018-10-24,0.041999999433755875,0.041999999433755875,0.041999999433755875,0.041999999433755875,0.0,0.041999999433755875
2018-10-25,0.041999999433755875,0.041999999433755875,0.041999999433755875,0.041999999433755875,0.0,0.041999999433755875
2018-10-26,0.041999999433755875,0.041999999433755875,0.041999999433755875,0.041999999433755875,0.0,0.041999999433755875
2018-10-29,0.041999999433755875,0.041999999433755875,0.041999999433755875,0.041999999433755875,0.0,0.041999999433755875
2018-10-30,0.041999999433755875,0.041999999433755875,0.041999999433755875,0.041999999433755875,0.0,0.041999999433755875
2018-10-31,0.041999999433755875,0.041999999433755875,0.041999999433755875,0.041999999433755875,10000.0,0.041999999433755875
2018-11-01,0.041999999433755875,0.03929999843239784,0.041999999433755875,0.03929999843239784,22000.0,0.03929999843239784
2018-11-02,0.03929999843239784,0.03929999843239784,0.03929999843239784,0.03929999843239784,0.0,0.03929999843239784
2018-11-05,0.04500000178813934,0.0421999990940094,0.0421999990940094,0.04500000178813934,2400.0,0.04500000178813934
2018-11-06,0.04100000113248825,0.04100000113248825,0.04100000113248825,0.04100000113248825,9000.0,0.04100000113248825
2018-11-07,0.04100000113248825,0.04100000113248825,0.04100000113248825,0.04100000113248825,0.0,0.04100000113248825
2018-11-08,0.04100000113248825,0.04100000113248825,0.04100000113248825,0.04100000113248825,0.0,0.04100000113248825
2018-11-09,0.04100000113248825,0.04100000113248825,0.04100000113248825,0.04100000113248825,0.0,0.04100000113248825
2018-11-12,0.04100000113248825,0.04100000113248825,0.04100000113248825,0.04100000113248825,0.0,0.04100000113248825
2018-11-13,0.04100000113248825,0.03999999910593033,0.04100000113248825,0.03999999910593033,11500.0,0.03999999910593033
2018-11-14,0.03420000150799751,0.03420000150799751,0.03420000150799751,0.03420000150799751,20000.0,0.03420000150799751
2018-11-15,0.03420000150799751,0.03420000150799751,0.03420000150799751,0.03420000150799751,0.0,0.03420000150799751
2018-11-16,0.03420000150799751,0.03420000150799751,0.03420000150799751,0.03420000150799751,0.0,0.03420000150799751
2018-11-19,0.04100000113248825,0.04100000113248825,0.04100000113248825,0.04100000113248825,9000.0,0.04100000113248825
2018-11-20,0.04100000113248825,0.03999999910593033,0.03999999910593033,0.04100000113248825,11000.0,0.04100000113248825
2018-11-21,0.04100000113248825,0.04100000113248825,0.04100000113248825,0.04100000113248825,0.0,0.04100000113248825
2018-11-23,0.04100000113248825,0.04100000113248825,0.04100000113248825,0.04100000113248825,0.0,0.04100000113248825
2018-11-26,0.045499999076128006,0.045499999076128006,0.045499999076128006,0.045499999076128006,1000.0,0.045499999076128006
2018-11-27,0.045499999076128006,0.045499999076128006,0.045499999076128006,0.045499999076128006,0.0,0.045499999076128006
2018-11-28,0.045499999076128006,0.045499999076128006,0.045499999076128006,0.045499999076128006,0.0,0.045499999076128006
2018-11-29,0.045499999076128006,0.045499999076128006,0.045499999076128006,0.045499999076128006,0.0,0.045499999076128006
2018-11-30,0.045499999076128006,0.045499999076128006,0.045499999076128006,0.045499999076128006,0.0,0.045499999076128006
2018-12-03,0.045499999076128006,0.045499999076128006,0.045499999076128006,0.045499999076128006,0.0,0.045499999076128006
2018-12-04,0.04500000178813934,0.04500000178813934,0.04500000178813934,0.04500000178813934,14000.0,0.04500000178813934
2018-12-06,0.04500000178813934,0.04500000178813934,0.04500000178813934,0.04500000178813934,0.0,0.04500000178813934
2018-12-07,0.04500000178813934,0.04500000178813934,0.04500000178813934,0.04500000178813934,0.0,0.04500000178813934
2018-12-10,0.051100000739097595,0.04500000178813934,0.051100000739097595,0.04500000178813934,2000.0,0.04500000178813934
2018-12-11,0.04500000178813934,0.04500000178813934,0.04500000178813934,0.04500000178813934,0.0,0.04500000178813934
2018-12-12,0.04500000178813934,0.04500000178813934,0.04500000178813934,0.04500000178813934,0.0,0.04500000178813934
2018-12-13,0.04500000178813934,0.04500000178813934,0.04500000178813934,0.04500000178813934,0.0,0.04500000178813934
2018-12-14,0.04500000178813934,0.04500000178813934,0.04500000178813934,0.04500000178813934,0.0,0.04500000178813934
2018-12-17,0.04500000178813934,0.04500000178813934,0.04500000178813934,0.04500000178813934,0.0,0.04500000178813934
2018-12-18,0.027300000190734863,0.014999999664723873,0.027300000190734863,0.021700000390410423,217000.0,0.021700000390410423
2018-12-19,0.029999999329447746,0.02199999988079071,0.029999999329447746,0.02199999988079071,125000.0,0.02199999988079071
2018-12-20,0.02604999952018261,0.017999999225139618,0.017999999225139618,0.02604999952018261,120000.0,0.02604999952018261
2018-12-21,0.02604999952018261,0.02604999952018261,0.02604999952018261,0.02604999952018261,0.0,0.02604999952018261
2018-12-24,0.02604999952018261,0.02604999952018261,0.02604999952018261,0.02604999952018261,0.0,0.02604999952018261
2018-12-26,0.02604999952018261,0.02604999952018261,0.02604999952018261,0.02604999952018261,0.0,0.02604999952018261
2018-12-27,0.02604999952018261,0.02604999952018261,0.02604999952018261,0.02604999952018261,0.0,0.02604999952018261
2018-12-28,0.04639999940991402,0.037700001150369644,0.037700001150369644,0.04500000178813934,35800.0,0.04500000178813934
2018-12-31,0.04600000008940697,0.04500000178813934,0.04500000178813934,0.04600000008940697,81000.0,0.04600000008940697
2019-01-02,0.04600000008940697,0.04600000008940697,0.04600000008940697,0.04600000008940697,0.0,0.04600000008940697
2019-01-03,0.06069999933242798,0.049630001187324524,0.04984999820590019,0.06069999933242798,110000.0,0.06069999933242798
2019-01-04,0.06504999846220016,0.0348999984562397,0.06504999846220016,0.0348999984562397,147500.0,0.0348999984562397
2019-01-07,0.05000000074505806,0.05000000074505806,0.05000000074505806,0.05000000074505806,4500.0,0.05000000074505806
2019-01-08,0.04639999940991402,0.04600000008940697,0.04639999940991402,0.04600000008940697,15750.0,0.04600000008940697
2019-01-09,0.049400001764297485,0.049300000071525574,0.049300000071525574,0.049400001764297485,15500.0,0.049400001764297485
2019-01-10,0.054999999701976776,0.054999999701976776,0.054999999701976776,0.054999999701976776,4500.0,0.054999999701976776
2019-01-11,0.054999999701976776,0.054999999701976776,0.054999999701976776,0.054999999701976776,0.0,0.054999999701976776
2019-01-14,0.054999999701976776,0.054999999701976776,0.054999999701976776,0.054999999701976776,0.0,0.054999999701976776
2019-01-15,0.054999999701976776,0.054999999701976776,0.054999999701976776,0.054999999701976776,25000.0,0.054999999701976776
2019-01-16,0.05299999937415123,0.05299999937415123,0.05299999937415123,0.05299999937415123,25000.0,0.05299999937415123
2019-01-17,0.051899999380111694,0.05180000141263008,0.05180000141263008,0.051899999380111694,15000.0,0.051899999380111694
2019-01-18,0.06889999657869339,0.0560000017285347,0.0560000017285347,0.06889999657869339,33750.0,0.06889999657869339
2019-01-22,0.06889999657869339,0.06889999657869339,0.06889999657869339,0.06889999657869339,0.0,0.06889999657869339
2019-01-23,0.06199999898672104,0.05260000005364418,0.06109999865293503,0.05260000005364418,61575.0,0.05260000005364418
2019-01-24,0.043800000101327896,0.043800000101327896,0.043800000101327896,0.043800000101327896,3000.0,0.043800000101327896
2019-01-25,0.043800000101327896,0.043800000101327896,0.043800000101327896,0.043800000101327896,0.0,0.043800000101327896
2019-01-28,0.043800000101327896,0.043800000101327896,0.043800000101327896,0.043800000101327896,0.0,0.043800000101327896
2019-01-29,0.043800000101327896,0.043800000101327896,0.043800000101327896,0.043800000101327896,0.0,0.043800000101327896
2019-01-30,0.043800000101327896,0.043800000101327896,0.043800000101327896,0.043800000101327896,0.0,0.043800000101327896
2019-01-31,0.043800000101327896,0.043800000101327896,0.043800000101327896,0.043800000101327896,0.0,0.043800000101327896
2019-02-01,0.043800000101327896,0.043800000101327896,0.043800000101327896,0.043800000101327896,0.0,0.043800000101327896
2019-02-04,0.0560000017285347,0.052000001072883606,0.052000001072883606,0.0560000017285347,13000.0,0.0560000017285347
2019-02-05,0.0560000017285347,0.0560000017285347,0.0560000017285347,0.0560000017285347,0.0,0.0560000017285347
2019-02-06,0.05999999865889549,0.05999999865889549,0.05999999865889549,0.05999999865889549,40000.0,0.05999999865889549
2019-02-07,0.05999999865889549,0.05999999865889549,0.05999999865889549,0.05999999865889549,0.0,0.05999999865889549
2019-02-08,0.05999999865889549,0.05999999865889549,0.05999999865889549,0.05999999865889549,0.0,0.05999999865889549
2019-02-11,0.05999999865889549,0.05999999865889549,0.05999999865889549,0.05999999865889549,0.0,0.05999999865889549
2019-02-12,0.05999999865889549,0.05999999865889549,0.05999999865889549,0.05999999865889549,0.0,0.05999999865889549
2019-02-13,0.05999999865889549,0.05999999865889549,0.05999999865889549,0.05999999865889549,0.0,0.05999999865889549
2019-02-14,0.05999999865889549,0.05999999865889549,0.05999999865889549,0.05999999865889549,0.0,0.05999999865889549
2019-02-15,0.05999999865889549,0.05999999865889549,0.05999999865889549,0.05999999865889549,0.0,0.05999999865889549
2019-02-19,0.04910000041127205,0.04910000041127205,0.04910000041127205,0.04910000041127205,10000.0,0.04910000041127205
2019-02-20,0.04500000178813934,0.04500000178813934,0.04500000178813934,0.04500000178813934,15000.0,0.04500000178813934
2019-02-21,0.04500000178813934,0.04500000178813934,0.04500000178813934,0.04500000178813934,0.0,0.04500000178813934
2019-02-22,0.04500000178813934,0.04500000178813934,0.04500000178813934,0.04500000178813934,0.0,0.04500000178813934
2019-02-25,0.0494999997317791,0.0494999997317791,0.0494999997317791,0.0494999997317791,20000.0,0.0494999997317791
2019-02-26,0.05000000074505806,0.05000000074505806,0.05000000074505806,0.05000000074505806,23000.0,0.05000000074505806
2019-02-27,0.04749999940395355,0.04749999940395355,0.04749999940395355,0.04749999940395355,21000.0,0.04749999940395355
2019-02-28,0.04749999940395355,0.04749999940395355,0.04749999940395355,0.04749999940395355,0.0,0.04749999940395355
2019-03-01,0.04749999940395355,0.04749999940395355,0.04749999940395355,0.04749999940395355,0.0,0.04749999940395355
2019-03-04,0.04619999974966049,0.04619999974966049,0.04619999974966049,0.04619999974966049,3000.0,0.04619999974966049
2019-03-05,0.05073999986052513,0.04619999974966049,0.05073999986052513,0.04619999974966049,22961.0,0.04619999974966049
2019-03-06,0.04349999874830246,0.04349999874830246,0.04349999874830246,0.04349999874830246,5200.0,0.04349999874830246
2019-03-07,0.04349999874830246,0.04349999874830246,0.04349999874830246,0.04349999874830246,0.0,0.04349999874830246
2019-03-08,0.04349999874830246,0.04349999874830246,0.04349999874830246,0.04349999874830246,0.0,0.04349999874830246
2019-03-11,0.04349999874830246,0.04349999874830246,0.04349999874830246,0.04349999874830246,0.0,0.04349999874830246
2019-03-12,0.04349999874830246,0.04349999874830246,0.04349999874830246,0.04349999874830246,0.0,0.04349999874830246
2019-03-13,0.04349999874830246,0.04349999874830246,0.04349999874830246,0.04349999874830246,0.0,0.04349999874830246
2019-03-14,0.04349999874830246,0.04349999874830246,0.04349999874830246,0.04349999874830246,0.0,0.04349999874830246
2019-03-15,0.04284999892115593,0.03500000014901161,0.03500000014901161,0.03500000014901161,9000.0,0.03500000014901161
2019-03-18,0.03500000014901161,0.03500000014901161,0.03500000014901161,0.03500000014901161,0.0,0.03500000014901161
2019-03-19,0.04740000143647194,0.042500000447034836,0.042500000447034836,0.04740000143647194,10000.0,0.04740000143647194
2019-03-20,0.04800000041723251,0.04800000041723251,0.04800000041723251,0.04800000041723251,2000.0,0.04800000041723251
2019-03-21,0.034699998795986176,0.034699998795986176,0.034699998795986176,0.034699998795986176,2000.0,0.034699998795986176
2019-03-22,0.034699998795986176,0.034699998795986176,0.034699998795986176,0.034699998795986176,0.0,0.034699998795986176
2019-03-25,0.034699998795986176,0.034699998795986176,0.034699998795986176,0.034699998795986176,0.0,0.034699998795986176
2019-03-26,0.034699998795986176,0.034699998795986176,0.034699998795986176,0.034699998795986176,0.0,0.034699998795986176
2019-03-27,0.034699998795986176,0.034699998795986176,0.034699998795986176,0.034699998795986176,0.0,0.034699998795986176
2019-03-28,0.034699998795986176,0.034699998795986176,0.034699998795986176,0.034699998795986176,0.0,0.034699998795986176
2019-03-29,0.04899999871850014,0.04899999871850014,0.04899999871850014,0.04899999871850014,25425.0,0.04899999871850014
2019-04-01,0.04899999871850014,0.04899999871850014,0.04899999871850014,0.04899999871850014,0.0,0.04899999871850014
2019-04-02,0.04899999871850014,0.04899999871850014,0.04899999871850014,0.04899999871850014,0.0,0.04899999871850014
2019-04-03,0.04899999871850014,0.04899999871850014,0.04899999871850014,0.04899999871850014,0.0,0.04899999871850014
2019-04-04,0.04899999871850014,0.04899999871850014,0.04899999871850014,0.04899999871850014,0.0,0.04899999871850014
2019-04-05,0.04899999871850014,0.04899999871850014,0.04899999871850014,0.04899999871850014,0.0,0.04899999871850014
2019-04-08,0.04899999871850014,0.04899999871850014,0.04899999871850014,0.04899999871850014,0.0,0.04899999871850014
2019-04-09,0.04899999871850014,0.04899999871850014,0.04899999871850014,0.04899999871850014,0.0,0.04899999871850014
2019-04-10,0.043800000101327896,0.043800000101327896,0.043800000101327896,0.043800000101327896,5000.0,0.043800000101327896
2019-04-11,0.06350000202655792,0.06350000202655792,0.06350000202655792,0.06350000202655792,10000.0,0.06350000202655792
2019-04-12,0.06350000202655792,0.06350000202655792,0.06350000202655792,0.06350000202655792,0.0,0.06350000202655792
2019-04-15,0.06350000202655792,0.06350000202655792,0.06350000202655792,0.06350000202655792,0.0,0.06350000202655792
2019-04-16,0.04879999905824661,0.048700001090765,0.048700001090765,0.04879999905824661,23000.0,0.04879999905824661
2019-04-17,0.04879999905824661,0.04879999905824661,0.04879999905824661,0.04879999905824661,0.0,0.04879999905824661
2019-04-18,0.03500000014901161,0.03500000014901161,0.03500000014901161,0.03500000014901161,3000.0,0.03500000014901161
2019-04-22,0.03500000014901161,0.03500000014901161,0.03500000014901161,0.03500000014901161,0.0,0.03500000014901161
2019-04-23,0.03500000014901161,0.03500000014901161,0.03500000014901161,0.03500000014901161,0.0,0.03500000014901161
2019-04-24,0.03500000014901161,0.03500000014901161,0.03500000014901161,0.03500000014901161,0.0,0.03500000014901161
2019-04-25,0.03500000014901161,0.03500000014901161,0.03500000014901161,0.03500000014901161,0.0,0.03500000014901161
2019-04-26,0.04050000011920929,0.03500000014901161,0.04050000011920929,0.03500000014901161,4400.0,0.03500000014901161
2019-04-29,0.039000000804662704,0.039000000804662704,0.039000000804662704,0.039000000804662704,18000.0,0.039000000804662704
2019-04-30,0.04500000178813934,0.042500000447034836,0.04500000178813934,0.042500000447034836,36500.0,0.042500000447034836
2019-05-01,0.042500000447034836,0.042500000447034836,0.042500000447034836,0.042500000447034836,0.0,0.042500000447034836
2019-05-02,0.042500000447034836,0.042500000447034836,0.042500000447034836,0.042500000447034836,0.0,0.042500000447034836
2019-05-03,0.042500000447034836,0.042500000447034836,0.042500000447034836,0.042500000447034836,0.0,0.042500000447034836
2019-05-06,0.042500000447034836,0.042500000447034836,0.042500000447034836,0.042500000447034836,0.0,0.042500000447034836
2019-05-07,0.039000000804662704,0.03500000014901161,0.039000000804662704,0.03500000014901161,40000.0,0.03500000014901161
2019-05-08,0.03500000014901161,0.03500000014901161,0.03500000014901161,0.03500000014901161,0.0,0.03500000014901161
2019-05-09,0.03500000014901161,0.03500000014901161,0.03500000014901161,0.03500000014901161,0.0,0.03500000014901161
2019-05-10,0.03500000014901161,0.03500000014901161,0.03500000014901161,0.03500000014901161,0.0,0.03500000014901161
2019-05-13,0.03500000014901161,0.03500000014901161,0.03500000014901161,0.03500000014901161,0.0,0.03500000014901161
2019-05-14,0.03500000014901161,0.03500000014901161,0.03500000014901161,0.03500000014901161,0.0,0.03500000014901161
2019-05-15,0.049309998750686646,0.049309998750686646,0.049309998750686646,0.049309998750686646,40000.0,0.049309998750686646
2019-05-16,0.05000000074505806,0.045899998396635056,0.045899998396635056,0.05000000074505806,12000.0,0.05000000074505806
2019-05-17,0.05000000074505806,0.05000000074505806,0.05000000074505806,0.05000000074505806,0.0,0.05000000074505806
2019-05-20,0.05000000074505806,0.05000000074505806,0.05000000074505806,0.05000000074505806,0.0,0.05000000074505806
2019-05-21,0.05000000074505806,0.05000000074505806,0.05000000074505806,0.05000000074505806,0.0,0.05000000074505806
2019-05-22,0.05000000074505806,0.05000000074505806,0.05000000074505806,0.05000000074505806,0.0,0.05000000074505806
2019-05-23,0.05000000074505806,0.05000000074505806,0.05000000074505806,0.05000000074505806,0.0,0.05000000074505806
2019-05-24,0.05000000074505806,0.05000000074505806,0.05000000074505806,0.05000000074505806,0.0,0.05000000074505806
2019-05-28,0.05000000074505806,0.05000000074505806,0.05000000074505806,0.05000000074505806,8000.0,0.05000000074505806
2019-05-29,0.039000000804662704,0.039000000804662704,0.039000000804662704,0.039000000804662704,10000.0,0.039000000804662704
2019-05-30,0.039000000804662704,0.039000000804662704,0.039000000804662704,0.039000000804662704,0.0,0.039000000804662704
2019-05-31,0.039000000804662704,0.039000000804662704,0.039000000804662704,0.039000000804662704,0.0,0.039000000804662704
2019-06-03,0.049400001764297485,0.04560000076889992,0.049400001764297485,0.04560000076889992,15000.0,0.04560000076889992
2019-06-04,0.026100000366568565,0.026100000366568565,0.026100000366568565,0.026100000366568565,8000.0,0.026100000366568565
2019-06-05,0.026100000366568565,0.026100000366568565,0.026100000366568565,0.026100000366568565,0.0,0.026100000366568565
2019-06-06,0.03779999911785126,0.03779999911785126,0.03779999911785126,0.03779999911785126,5000.0,0.03779999911785126
2019-06-07,0.03779999911785126,0.03779999911785126,0.03779999911785126,0.03779999911785126,0.0,0.03779999911785126
2019-06-10,0.03779999911785126,0.03779999911785126,0.03779999911785126,0.03779999911785126,0.0,0.03779999911785126
2019-06-11,0.03779999911785126,0.03779999911785126,0.03779999911785126,0.03779999911785126,0.0,0.03779999911785126
2019-06-12,0.04600000008940697,0.04506000131368637,0.04600000008940697,0.04506000131368637,15000.0,0.04506000131368637
2019-06-13,0.04506000131368637,0.04506000131368637,0.04506000131368637,0.04506000131368637,0.0,0.04506000131368637
2019-06-14,0.04506000131368637,0.04506000131368637,0.04506000131368637,0.04506000131368637,0.0,0.04506000131368637
2019-06-17,0.04500000178813934,0.04500000178813934,0.04500000178813934,0.04500000178813934,10000.0,0.04500000178813934
2019-06-18,0.04500000178813934,0.04095999896526337,0.04095999896526337,0.04500000178813934,34000.0,0.04500000178813934
2019-06-19,0.04809999838471413,0.04500000178813934,0.04500000178813934,0.04809999838471413,33000.0,0.04809999838471413
2019-06-20,0.04809999838471413,0.04809999838471413,0.04809999838471413,0.04809999838471413,0.0,0.04809999838471413
2019-06-21,0.04580000042915344,0.04580000042915344,0.04580000042915344,0.04580000042915344,21800.0,0.04580000042915344
2019-06-24,0.04580000042915344,0.04580000042915344,0.04580000042915344,0.04580000042915344,0.0,0.04580000042915344
2019-06-25,0.05000000074505806,0.03200000151991844,0.05000000074505806,0.03200000151991844,145000.0,0.03200000151991844
2019-06-26,0.03200000151991844,0.03200000151991844,0.03200000151991844,0.03200000151991844,0.0,0.03200000151991844
2019-06-27,0.03200000151991844,0.03200000151991844,0.03200000151991844,0.03200000151991844,0.0,0.03200000151991844
2019-06-28,0.04899999871850014,0.03500000014901161,0.04639999940991402,0.03500000014901161,51200.0,0.03500000014901161
2019-07-01,0.035999998450279236,0.035999998450279236,0.035999998450279236,0.035999998450279236,30000.0,0.035999998450279236
2019-07-02,0.029999999329447746,0.023399999365210533,0.029999999329447746,0.029999999329447746,138115.0,0.029999999329447746
2019-07-03,0.029999999329447746,0.029999999329447746,0.029999999329447746,0.029999999329447746,0.0,0.029999999329447746
2019-07-05,0.029999999329447746,0.029999999329447746,0.029999999329447746,0.029999999329447746,0.0,0.029999999329447746
2019-07-08,0.029999999329447746,0.029999999329447746,0.029999999329447746,0.029999999329447746,0.0,0.029999999329447746
2019-07-09,0.021700000390410423,0.021700000390410423,0.021700000390410423,0.021700000390410423,3000.0,0.021700000390410423
2019-07-10,0.021800000220537186,0.019999999552965164,0.021800000220537186,0.019999999552965164,150000.0,0.019999999552965164
2019-07-11,0.03200000151991844,0.018799999728798866,0.026000000536441803,0.019999999552965164,137000.0,0.019999999552965164
2019-07-12,0.020999999716877937,0.0032999999821186066,0.020999999716877937,0.016019999980926514,903600.0,0.016019999980926514
2019-07-15,0.023019999265670776,0.023000000044703484,0.023019999265670776,0.023000000044703484,24000.0,0.023000000044703484
2019-07-16,0.023000000044703484,0.023000000044703484,0.023000000044703484,0.023000000044703484,0.0,0.023000000044703484
2019-07-17,0.027899999171495438,0.023000000044703484,0.02410000003874302,0.023000000044703484,200000.0,0.023000000044703484
2019-07-18,0.023000000044703484,0.023000000044703484,0.023000000044703484,0.023000000044703484,0.0,0.023000000044703484
2019-07-19,0.023000000044703484,0.023000000044703484,0.023000000044703484,0.023000000044703484,0.0,0.023000000044703484
2019-07-22,0.023000000044703484,0.023000000044703484,0.023000000044703484,0.023000000044703484,0.0,0.023000000044703484
2019-07-23,0.023000000044703484,0.023000000044703484,0.023000000044703484,0.023000000044703484,0.0,0.023000000044703484
2019-07-24,0.025200000032782555,0.025200000032782555,0.025200000032782555,0.025200000032782555,28000.0,0.025200000032782555
2019-07-25,0.03200000151991844,0.03200000151991844,0.03200000151991844,0.03200000151991844,68000.0,0.03200000151991844
2019-07-26,0.03200000151991844,0.03200000151991844,0.03200000151991844,0.03200000151991844,0.0,0.03200000151991844
2019-07-29,0.03200000151991844,0.03200000151991844,0.03200000151991844,0.03200000151991844,0.0,0.03200000151991844
2019-07-30,0.03200000151991844,0.03200000151991844,0.03200000151991844,0.03200000151991844,0.0,0.03200000151991844
2019-07-31,0.02500000037252903,0.006000000052154064,0.02500000037252903,0.01549999974668026,808600.0,0.01549999974668026
2019-08-01,0.01549999974668026,0.01549999974668026,0.01549999974668026,0.01549999974668026,0.0,0.01549999974668026
2019-08-02,0.017500000074505806,0.017500000074505806,0.017500000074505806,0.017500000074505806,50000.0,0.017500000074505806
2019-08-05,0.017500000074505806,0.017500000074505806,0.017500000074505806,0.017500000074505806,0.0,0.017500000074505806
2019-08-06,0.017500000074505806,0.017500000074505806,0.017500000074505806,0.017500000074505806,0.0,0.017500000074505806
2019-08-07,0.019360000267624855,0.014999999664723873,0.014999999664723873,0.019360000267624855,80285.0,0.019360000267624855
2019-08-08,0.021199999377131462,0.010099999606609344,0.010099999606609344,0.021199999377131462,164100.0,0.021199999377131462
2019-08-09,0.021199999377131462,0.021199999377131462,0.021199999377131462,0.021199999377131462,0.0,0.021199999377131462
2019-08-12,0.024000000208616257,0.024000000208616257,0.024000000208616257,0.024000000208616257,100000.0,0.024000000208616257
2019-08-13,0.024000000208616257,0.024000000208616257,0.024000000208616257,0.024000000208616257,0.0,0.024000000208616257
2019-08-14,0.024000000208616257,0.024000000208616257,0.024000000208616257,0.024000000208616257,0.0,0.024000000208616257
2019-08-15,0.024000000208616257,0.024000000208616257,0.024000000208616257,0.024000000208616257,0.0,0.024000000208616257
2019-08-16,0.024000000208616257,0.024000000208616257,0.024000000208616257,0.024000000208616257,0.0,0.024000000208616257
2019-08-19,0.024000000208616257,0.024000000208616257,0.024000000208616257,0.024000000208616257,0.0,0.024000000208616257
2019-08-20,0.019899999722838402,0.019899999722838402,0.019899999722838402,0.019899999722838402,43000.0,0.019899999722838402
2019-08-21,0.019899999722838402,0.019899999722838402,0.019899999722838402,0.019899999722838402,0.0,0.019899999722838402
2019-08-22,0.019899999722838402,0.019899999722838402,0.019899999722838402,0.019899999722838402,0.0,0.019899999722838402
2019-08-23,0.0207700002938509,0.01759999990463257,0.01759999990463257,0.0207700002938509,22600.0,0.0207700002938509
2019-08-26,0.019899999722838402,0.019899999722838402,0.019899999722838402,0.019899999722838402,800.0,0.019899999722838402
2019-08-27,0.019899999722838402,0.019899999722838402,0.019899999722838402,0.019899999722838402,0.0,0.019899999722838402
2019-08-28,0.019899999722838402,0.019899999722838402,0.019899999722838402,0.019899999722838402,0.0,0.019899999722838402
2019-08-29,0.019899999722838402,0.019899999722838402,0.019899999722838402,0.019899999722838402,0.0,0.019899999722838402
2019-08-30,0.019899999722838402,0.019899999722838402,0.019899999722838402,0.019899999722838402,0.0,0.019899999722838402
2019-09-03,0.019899999722838402,0.019899999722838402,0.019899999722838402,0.019899999722838402,0.0,0.019899999722838402
2019-09-04,0.019899999722838402,0.019899999722838402,0.019899999722838402,0.019899999722838402,0.0,0.019899999722838402
2019-09-05,0.019899999722838402,0.019899999722838402,0.019899999722838402,0.019899999722838402,0.0,0.019899999722838402
2019-09-06,0.024000000208616257,0.024000000208616257,0.024000000208616257,0.024000000208616257,16200.0,0.024000000208616257
2019-09-09,0.024000000208616257,0.024000000208616257,0.024000000208616257,0.024000000208616257,0.0,0.024000000208616257
2019-09-10,0.024000000208616257,0.017799999564886093,0.017799999564886093,0.024000000208616257,87400.0,0.024000000208616257
2019-09-11,0.024000000208616257,0.024000000208616257,0.024000000208616257,0.024000000208616257,0.0,0.024000000208616257
2019-09-12,0.024000000208616257,0.024000000208616257,0.024000000208616257,0.024000000208616257,0.0,0.024000000208616257
2019-09-13,0.024000000208616257,0.024000000208616257,0.024000000208616257,0.024000000208616257,0.0,0.024000000208616257
2019-09-16,0.024000000208616257,0.024000000208616257,0.024000000208616257,0.024000000208616257,0.0,0.024000000208616257
2019-09-17,0.024000000208616257,0.024000000208616257,0.024000000208616257,0.024000000208616257,0.0,0.024000000208616257
2019-09-18,0.024000000208616257,0.024000000208616257,0.024000000208616257,0.024000000208616257,0.0,0.024000000208616257
2019-09-19,0.024000000208616257,0.024000000208616257,0.024000000208616257,0.024000000208616257,140000.0,0.024000000208616257
2019-09-20,0.024000000208616257,0.024000000208616257,0.024000000208616257,0.024000000208616257,0.0,0.024000000208616257
2019-09-23,0.024000000208616257,0.024000000208616257,0.024000000208616257,0.024000000208616257,0.0,0.024000000208616257
2019-09-24,0.021220000460743904,0.021199999377131462,0.021199999377131462,0.021220000460743904,70500.0,0.021220000460743904
2019-09-25,0.021400000900030136,0.014000000432133675,0.021400000900030136,0.014000000432133675,35499.0,0.014000000432133675
2019-09-26,0.014000000432133675,0.014000000432133675,0.014000000432133675,0.014000000432133675,0.0,0.014000000432133675
2019-09-27,0.027000000700354576,0.024000000208616257,0.024000000208616257,0.027000000700354576,152500.0,0.027000000700354576
2019-09-30,0.039000000804662704,0.028699999675154686,0.028699999675154686,0.039000000804662704,72000.0,0.039000000804662704
2019-10-01,0.03999999910593033,0.03999999910593033,0.03999999910593033,0.03999999910593033,1700.0,0.03999999910593033
2019-10-02,0.03999999910593033,0.03999999910593033,0.03999999910593033,0.03999999910593033,0.0,0.03999999910593033
2019-10-03,0.03999999910593033,0.03999999910593033,0.03999999910593033,0.03999999910593033,0.0,0.03999999910593033
2019-10-04,0.03999999910593033,0.03999999910593033,0.03999999910593033,0.03999999910593033,0.0,0.03999999910593033
2019-10-07,0.03999999910593033,0.03999999910593033,0.03999999910593033,0.03999999910593033,0.0,0.03999999910593033
2019-10-08,0.029100000858306885,0.02070000022649765,0.02070000022649765,0.029100000858306885,66000.0,0.029100000858306885
2019-10-09,0.029100000858306885,0.029100000858306885,0.029100000858306885,0.029100000858306885,0.0,0.029100000858306885
2019-10-10,0.029100000858306885,0.029100000858306885,0.029100000858306885,0.029100000858306885,0.0,0.029100000858306885
2019-10-11,0.029100000858306885,0.029100000858306885,0.029100000858306885,0.029100000858306885,0.0,0.029100000858306885
2019-10-14,0.029100000858306885,0.029100000858306885,0.029100000858306885,0.029100000858306885,0.0,0.029100000858306885
2019-10-15,0.029100000858306885,0.029100000858306885,0.029100000858306885,0.029100000858306885,0.0,0.029100000858306885
2019-10-16,0.026240000501275063,0.026240000501275063,0.026240000501275063,0.026240000501275063,3750.0,0.026240000501275063
2019-10-17,0.026240000501275063,0.026240000501275063,0.026240000501275063,0.026240000501275063,0.0,0.026240000501275063
2019-10-18,0.026240000501275063,0.026240000501275063,0.026240000501275063,0.026240000501275063,0.0,0.026240000501275063
2019-10-21,0.026240000501275063,0.026240000501275063,0.026240000501275063,0.026240000501275063,0.0,0.026240000501275063
2019-10-22,0.03254000097513199,0.026660000905394554,0.026660000905394554,0.03254000097513199,42250.0,0.03254000097513199
2019-10-23,0.03909999877214432,0.03180000185966492,0.03180000185966492,0.03468000143766403,49750.0,0.03468000143766403
2019-10-24,0.03468000143766403,0.03468000143766403,0.03468000143766403,0.03468000143766403,0.0,0.03468000143766403
2019-10-25,0.03537999838590622,0.03537999838590622,0.03537999838590622,0.03537999838590622,1000.0,0.03537999838590622
2019-10-28,0.03880000114440918,0.035999998450279236,0.035999998450279236,0.03880000114440918,13500.0,0.03880000114440918
2019-10-29,0.03880000114440918,0.03880000114440918,0.03880000114440918,0.03880000114440918,0.0,0.03880000114440918
2019-10-30,0.03200000151991844,0.029419999569654465,0.031700000166893005,0.031300000846385956,144500.0,0.031300000846385956
2019-10-31,0.031300000846385956,0.031300000846385956,0.031300000846385956,0.031300000846385956,0.0,0.031300000846385956
2019-11-01,0.031300000846385956,0.031300000846385956,0.031300000846385956,0.031300000846385956,0.0,0.031300000846385956
2019-11-04,0.031300000846385956,0.031300000846385956,0.031300000846385956,0.031300000846385956,0.0,0.031300000846385956
2019-11-05,0.029759999364614487,0.029759999364614487,0.029759999364614487,0.029759999364614487,18250.0,0.029759999364614487
2019-11-06,0.030400000512599945,0.030400000512599945,0.030400000512599945,0.030400000512599945,3750.0,0.030400000512599945
2019-11-07,0.030479999259114265,0.030479999259114265,0.030479999259114265,0.030479999259114265,13250.0,0.030479999259114265
2019-11-08,0.030460000038146973,0.029999999329447746,0.029999999329447746,0.030460000038146973,32500.0,0.030460000038146973
2019-11-11,0.03102000057697296,0.03102000057697296,0.03102000057697296,0.03102000057697296,2500.0,0.03102000057697296
2019-11-12,0.03200000151991844,0.029740000143647194,0.03200000151991844,0.029740000143647194,148750.0,0.029740000143647194
2019-11-13,0.02653999999165535,0.02653999999165535,0.02653999999165535,0.02653999999165535,6500.0,0.02653999999165535
2019-11-14,0.02653999999165535,0.02653999999165535,0.02653999999165535,0.02653999999165535,0.0,0.02653999999165535
2019-11-15,0.03150000050663948,0.024000000208616257,0.024000000208616257,0.03150000050663948,179000.0,0.03150000050663948
2019-11-18,0.03269999846816063,0.03269999846816063,0.03269999846816063,0.03269999846816063,60000.0,0.03269999846816063
2019-11-19,0.03269999846816063,0.03269999846816063,0.03269999846816063,0.03269999846816063,0.0,0.03269999846816063
2019-11-20,0.03020000085234642,0.03020000085234642,0.03020000085234642,0.03020000085234642,7500.0,0.03020000085234642
2019-11-21,0.026599999517202377,0.026599999517202377,0.026599999517202377,0.026599999517202377,30000.0,0.026599999517202377
2019-11-22,0.026599999517202377,0.026599999517202377,0.026599999517202377,0.026599999517202377,0.0,0.026599999517202377
2019-11-25,0.026599999517202377,0.026599999517202377,0.026599999517202377,0.026599999517202377,0.0,0.026599999517202377
2019-11-26,0.026599999517202377,0.026599999517202377,0.026599999517202377,0.026599999517202377,0.0,0.026599999517202377
2019-11-27,0.026599999517202377,0.026599999517202377,0.026599999517202377,0.026599999517202377,0.0,0.026599999517202377
2019-11-29,0.026599999517202377,0.026599999517202377,0.026599999517202377,0.026599999517202377,0.0,0.026599999517202377
2019-12-02,0.026599999517202377,0.026599999517202377,0.026599999517202377,0.026599999517202377,0.0,0.026599999517202377
2019-12-03,0.026599999517202377,0.026599999517202377,0.026599999517202377,0.026599999517202377,0.0,0.026599999517202377
2019-12-04,0.026599999517202377,0.026599999517202377,0.026599999517202377,0.026599999517202377,0.0,0.026599999517202377
2019-12-05,0.02500000037252903,0.01696000061929226,0.01696000061929226,0.019999999552965164,50290.0,0.019999999552965164
2019-12-06,0.032999999821186066,0.02800000086426735,0.02800000086426735,0.028200000524520874,25250.0,0.028200000524520874
2019-12-09,0.028200000524520874,0.028200000524520874,0.028200000524520874,0.028200000524520874,0.0,0.028200000524520874
2019-12-10,0.028200000524520874,0.028200000524520874,0.028200000524520874,0.028200000524520874,0.0,0.028200000524520874
2019-12-11,0.028200000524520874,0.028200000524520874,0.028200000524520874,0.028200000524520874,0.0,0.028200000524520874
2019-12-12,0.028200000524520874,0.028200000524520874,0.028200000524520874,0.028200000524520874,0.0,0.028200000524520874
2019-12-13,0.028200000524520874,0.028200000524520874,0.028200000524520874,0.028200000524520874,0.0,0.028200000524520874
2019-12-16,0.028200000524520874,0.028200000524520874,0.028200000524520874,0.028200000524520874,0.0,0.028200000524520874
2019-12-17,0.028200000524520874,0.028200000524520874,0.028200000524520874,0.028200000524520874,0.0,0.028200000524520874
2019-12-18,0.028200000524520874,0.028200000524520874,0.028200000524520874,0.028200000524520874,0.0,0.028200000524520874
2019-12-19,0.028200000524520874,0.028200000524520874,0.028200000524520874,0.028200000524520874,0.0,0.028200000524520874
2019-12-20,0.028200000524520874,0.028200000524520874,0.028200000524520874,0.028200000524520874,0.0,0.028200000524520874
2019-12-23,0.028200000524520874,0.028200000524520874,0.028200000524520874,0.028200000524520874,0.0,0.028200000524520874
2019-12-24,0.028200000524520874,0.028200000524520874,0.028200000524520874,0.028200000524520874,0.0,0.028200000524520874
2019-12-26,0.01600000075995922,0.01600000075995922,0.01600000075995922,0.01600000075995922,110000.0,0.01600000075995922
2019-12-27,0.02199999988079071,0.02199999988079071,0.02199999988079071,0.02199999988079071,3500.0,0.02199999988079071
2019-12-30,0.017400000244379044,0.017400000244379044,0.017400000244379044,0.017400000244379044,10000.0,0.017400000244379044
2019-12-31,0.02199999988079071,0.019999999552965164,0.02199999988079071,0.019999999552965164,207500.0,0.019999999552965164
2020-01-02,0.03613999858498573,0.03581000119447708,0.03581000119447708,0.03613999858498573,13500.0,0.03613999858498573
2020-01-03,0.03613999858498573,0.03613999858498573,0.03613999858498573,0.03613999858498573,0.0,0.03613999858498573
2020-01-06,0.03613999858498573,0.03613999858498573,0.03613999858498573,0.03613999858498573,0.0,0.03613999858498573
2020-01-07,0.03613999858498573,0.03613999858498573,0.03613999858498573,0.03613999858498573,0.0,0.03613999858498573
2020-01-08,0.03613999858498573,0.03613999858498573,0.03613999858498573,0.03613999858498573,0.0,0.03613999858498573
2020-01-09,0.03613999858498573,0.03613999858498573,0.03613999858498573,0.03613999858498573,0.0,0.03613999858498573
2020-01-10,0.03613999858498573,0.03613999858498573,0.03613999858498573,0.03613999858498573,0.0,0.03613999858498573
2020-01-13,0.03613999858498573,0.03613999858498573,0.03613999858498573,0.03613999858498573,0.0,0.03613999858498573
2020-01-14,0.03613999858498573,0.03613999858498573,0.03613999858498573,0.03613999858498573,0.0,0.03613999858498573
2020-01-15,0.03613999858498573,0.03613999858498573,0.03613999858498573,0.03613999858498573,0.0,0.03613999858498573
2020-01-16,0.03613999858498573,0.03613999858498573,0.03613999858498573,0.03613999858498573,0.0,0.03613999858498573
2020-01-17,0.032499998807907104,0.032499998807907104,0.032499998807907104,0.032499998807907104,1001.0,0.032499998807907104
2020-01-21,0.028750000521540642,0.028750000521540642,0.028750000521540642,0.028750000521540642,7000.0,0.028750000521540642
2020-01-22,0.028750000521540642,0.028750000521540642,0.028750000521540642,0.028750000521540642,0.0,0.028750000521540642
2020-01-23,0.027799999341368675,0.027799999341368675,0.027799999341368675,0.027799999341368675,8000.0,0.027799999341368675
2020-01-24,0.027799999341368675,0.027799999341368675,0.027799999341368675,0.027799999341368675,0.0,0.027799999341368675
2020-01-27,0.027799999341368675,0.027799999341368675,0.027799999341368675,0.027799999341368675,0.0,0.027799999341368675
2020-01-28,0.027799999341368675,0.027799999341368675,0.027799999341368675,0.027799999341368675,0.0,0.027799999341368675
2020-01-29,0.027799999341368675,0.027799999341368675,0.027799999341368675,0.027799999341368675,0.0,0.027799999341368675
2020-01-30,0.027799999341368675,0.027799999341368675,0.027799999341368675,0.027799999341368675,0.0,0.027799999341368675
2020-01-31,0.02800000086426735,0.02800000086426735,0.02800000086426735,0.02800000086426735,5000.0,0.02800000086426735
2020-02-03,0.02800000086426735,0.02800000086426735,0.02800000086426735,0.02800000086426735,0.0,0.02800000086426735
2020-02-04,0.02800000086426735,0.02800000086426735,0.02800000086426735,0.02800000086426735,0.0,0.02800000086426735
2020-02-05,0.02800000086426735,0.02800000086426735,0.02800000086426735,0.02800000086426735,0.0,0.02800000086426735
2020-02-06,0.02410000003874302,0.013000000268220901,0.013000000268220901,0.02410000003874302,33000.0,0.02410000003874302
2020-02-07,0.028750000521540642,0.028750000521540642,0.028750000521540642,0.028750000521540642,25000.0,0.028750000521540642
2020-02-10,0.028750000521540642,0.028750000521540642,0.028750000521540642,0.028750000521540642,0.0,0.028750000521540642
2020-02-11,0.013000000268220901,0.013000000268220901,0.013000000268220901,0.013000000268220901,1277200.0,0.013000000268220901
2020-02-12,0.012000000104308128,0.012000000104308128,0.012000000104308128,0.012000000104308128,35000.0,0.012000000104308128
2020-02-13,0.012000000104308128,0.012000000104308128,0.012000000104308128,0.012000000104308128,1000.0,0.012000000104308128
2020-02-14,0.012000000104308128,0.012000000104308128,0.012000000104308128,0.012000000104308128,50000.0,0.012000000104308128
2020-02-18,0.012000000104308128,0.012000000104308128,0.012000000104308128,0.012000000104308128,50000.0,0.012000000104308128
2020-02-19,0.012000000104308128,0.012000000104308128,0.012000000104308128,0.012000000104308128,0.0,0.012000000104308128
2020-02-20,0.02263999916613102,0.017100000753998756,0.017100000753998756,0.02263999916613102,25000.0,0.02263999916613102
2020-02-21,0.02263999916613102,0.02263999916613102,0.02263999916613102,0.02263999916613102,0.0,0.02263999916613102
2020-02-24,0.02263999916613102,0.02263999916613102,0.02263999916613102,0.02263999916613102,0.0,0.02263999916613102
2020-02-25,0.02263999916613102,0.02263999916613102,0.02263999916613102,0.02263999916613102,0.0,0.02263999916613102
2020-02-26,0.012000000104308128,0.01119999960064888,0.012000000104308128,0.012000000104308128,55000.0,0.012000000104308128
2020-02-27,0.017500000074505806,0.017500000074505806,0.017500000074505806,0.017500000074505806,10000.0,0.017500000074505806
2020-02-28,0.017500000074505806,0.017500000074505806,0.017500000074505806,0.017500000074505806,0.0,0.017500000074505806
2020-03-02,0.017500000074505806,0.017500000074505806,0.017500000074505806,0.017500000074505806,0.0,0.017500000074505806
2020-03-03,0.014999999664723873,0.014999999664723873,0.014999999664723873,0.014999999664723873,110000.0,0.014999999664723873
2020-03-04,0.014999999664723873,0.014999999664723873,0.014999999664723873,0.014999999664723873,0.0,0.014999999664723873
2020-03-05,0.014999999664723873,0.014999999664723873,0.014999999664723873,0.014999999664723873,0.0,0.014999999664723873
2020-03-06,0.014999999664723873,0.014999999664723873,0.014999999664723873,0.014999999664723873,0.0,0.014999999664723873
2020-03-09,0.009700000286102295,0.009700000286102295,0.009700000286102295,0.009700000286102295,10000.0,0.009700000286102295
2020-03-10,0.009700000286102295,0.009700000286102295,0.009700000286102295,0.009700000286102295,0.0,0.009700000286102295
2020-03-11,0.017500000074505806,0.017500000074505806,0.017500000074505806,0.017500000074505806,4000.0,0.017500000074505806
2020-03-12,0.017500000074505806,0.017500000074505806,0.017500000074505806,0.017500000074505806,0.0,0.017500000074505806
2020-03-13,0.017500000074505806,0.017500000074505806,0.017500000074505806,0.017500000074505806,0.0,0.017500000074505806
2020-03-16,0.010999999940395355,0.010999999940395355,0.010999999940395355,0.010999999940395355,30000.0,0.010999999940395355
2020-03-17,0.010999999940395355,0.010999999940395355,0.010999999940395355,0.010999999940395355,100000.0,0.010999999940395355
2020-03-18,0.010999999940395355,0.010999999940395355,0.010999999940395355,0.010999999940395355,0.0,0.010999999940395355
2020-03-19,0.010999999940395355,0.010999999940395355,0.010999999940395355,0.010999999940395355,0.0,0.010999999940395355
2020-03-20,0.010999999940395355,0.010999999940395355,0.010999999940395355,0.010999999940395355,0.0,0.010999999940395355
2020-03-23,0.01600000075995922,0.01600000075995922,0.01600000075995922,0.01600000075995922,10000.0,0.01600000075995922
2020-03-24,0.01600000075995922,0.01600000075995922,0.01600000075995922,0.01600000075995922,0.0,0.01600000075995922
2020-03-25,0.01600000075995922,0.01600000075995922,0.01600000075995922,0.01600000075995922,0.0,0.01600000075995922
2020-03-26,0.01600000075995922,0.01600000075995922,0.01600000075995922,0.01600000075995922,0.0,0.01600000075995922
2020-03-27,0.01600000075995922,0.01600000075995922,0.01600000075995922,0.01600000075995922,0.0,0.01600000075995922
2020-03-30,0.007499999832361937,0.007499999832361937,0.007499999832361937,0.007499999832361937,3000.0,0.007499999832361937
2020-03-31,0.007499999832361937,0.007499999832361937,0.007499999832361937,0.007499999832361937,0.0,0.007499999832361937
2020-04-01,0.007499999832361937,0.00570000009611249,0.00570000009611249,0.007499999832361937,8000.0,0.007499999832361937
2020-04-02,0.007499999832361937,0.007499999832361937,0.007499999832361937,0.007499999832361937,0.0,0.007499999832361937
2020-04-03,0.007499999832361937,0.007499999832361937,0.007499999832361937,0.007499999832361937,0.0,0.007499999832361937
2020-04-06,0.00800000037997961,0.007499999832361937,0.00800000037997961,0.007499999832361937,111000.0,0.007499999832361937
2020-04-07,0.006000000052154064,0.006000000052154064,0.006000000052154064,0.006000000052154064,160000.0,0.006000000052154064
2020-04-08,0.006000000052154064,0.006000000052154064,0.006000000052154064,0.006000000052154064,0.0,0.006000000052154064
2020-04-09,0.006000000052154064,0.006000000052154064,0.006000000052154064,0.006000000052154064,0.0,0.006000000052154064
2020-04-13,0.007499999832361937,0.007499999832361937,0.007499999832361937,0.007499999832361937,95000.0,0.007499999832361937
2020-04-14,0.004999999888241291,0.004999999888241291,0.004999999888241291,0.004999999888241291,120000.0,0.004999999888241291
2020-04-15,0.004999999888241291,0.004999999888241291,0.004999999888241291,0.004999999888241291,0.0,0.004999999888241291
2020-04-16,0.004999999888241291,0.004999999888241291,0.004999999888241291,0.004999999888241291,0.0,0.004999999888241291
2020-04-17,0.005369999911636114,0.003060000017285347,0.005369999911636114,0.003060000017285347,778600.0,0.003060000017285347
2020-04-20,0.003060000017285347,0.003060000017285347,0.003060000017285347,0.003060000017285347,0.0,0.003060000017285347
2020-04-21,0.003060000017285347,0.003060000017285347,0.003060000017285347,0.003060000017285347,0.0,0.003060000017285347
2020-04-22,0.003060000017285347,0.003060000017285347,0.003060000017285347,0.003060000017285347,0.0,0.003060000017285347
2020-04-23,0.004600000102072954,0.0033499998971819878,0.004600000102072954,0.004600000102072954,155347.0,0.004600000102072954
2020-04-24,0.004600000102072954,0.004600000102072954,0.004600000102072954,0.004600000102072954,10000.0,0.004600000102072954
2020-04-27,0.009999999776482582,0.004600000102072954,0.009999999776482582,0.004600000102072954,15000.0,0.004600000102072954
2020-04-28,0.0034000000450760126,0.0034000000450760126,0.0034000000450760126,0.0034000000450760126,30000.0,0.0034000000450760126
2020-04-29,0.004600000102072954,0.004050000105053186,0.004600000102072954,0.004050000105053186,56347.0,0.004050000105053186
2020-04-30,0.004600000102072954,0.004600000102072954,0.004600000102072954,0.004600000102072954,3000.0,0.004600000102072954
2020-05-01,0.004600000102072954,0.004600000102072954,0.004600000102072954,0.004600000102072954,0.0,0.004600000102072954
2020-05-04,0.004600000102072954,0.004600000102072954,0.004600000102072954,0.004600000102072954,0.0,0.004600000102072954
2020-05-05,0.004040000028908253,0.0035000001080334187,0.004040000028908253,0.0035000001080334187,2000.0,0.0035000001080334187
2020-05-06,0.004040000028908253,0.0035000001080334187,0.004040000028908253,0.0035000001080334187,15704.0,0.0035000001080334187
2020-05-07,0.0035000001080334187,0.0035000001080334187,0.0035000001080334187,0.0035000001080334187,54974.0,0.0035000001080334187
2020-05-08,0.0035000001080334187,0.0035000001080334187,0.0035000001080334187,0.0035000001080334187,0.0,0.0035000001080334187
2020-05-11,0.0035000001080334187,0.0035000001080334187,0.0035000001080334187,0.0035000001080334187,0.0,0.0035000001080334187
2020-05-12,0.0035000001080334187,0.0035000001080334187,0.0035000001080334187,0.0035000001080334187,0.0,0.0035000001080334187
2020-05-13,0.0035000001080334187,0.0035000001080334187,0.0035000001080334187,0.0035000001080334187,0.0,0.0035000001080334187
2020-05-14,0.0035000001080334187,0.0035000001080334187,0.0035000001080334187,0.0035000001080334187,0.0,0.0035000001080334187
2020-05-15,0.004600000102072954,0.004050000105053186,0.004050000105053186,0.004600000102072954,65000.0,0.004600000102072954
2020-05-18,0.004600000102072954,0.004600000102072954,0.004600000102072954,0.004600000102072954,124000.0,0.004600000102072954
2020-05-19,0.004600000102072954,0.004600000102072954,0.004600000102072954,0.004600000102072954,0.0,0.004600000102072954
2020-05-20,0.009700000286102295,0.009700000286102295,0.009700000286102295,0.009700000286102295,1000.0,0.009700000286102295
2020-05-21,0.009700000286102295,0.009700000286102295,0.009700000286102295,0.009700000286102295,1000.0,0.009700000286102295
2020-05-22,0.009700000286102295,0.009700000286102295,0.009700000286102295,0.009700000286102295,0.0,0.009700000286102295
2020-05-26,0.009700000286102295,0.009700000286102295,0.009700000286102295,0.009700000286102295,0.0,0.009700000286102295
2020-05-27,0.009700000286102295,0.009700000286102295,0.009700000286102295,0.009700000286102295,0.0,0.009700000286102295
2020-05-28,0.0044999998062849045,0.0044999998062849045,0.0044999998062849045,0.0044999998062849045,24000.0,0.0044999998062849045
2020-05-29,0.006500000134110451,0.006500000134110451,0.006500000134110451,0.006500000134110451,350000.0,0.006500000134110451
2020-06-01,0.009999999776482582,0.007600000128149986,0.009999999776482582,0.007699999958276749,29068.0,0.007699999958276749
2020-06-02,0.009999999776482582,0.007499999832361937,0.007499999832361937,0.009999999776482582,44000.0,0.009999999776482582
2020-06-03,0.011500000022351742,0.009999999776482582,0.009999999776482582,0.009999999776482582,73300.0,0.009999999776482582
2020-06-04,0.009999999776482582,0.009999999776482582,0.009999999776482582,0.009999999776482582,0.0,0.009999999776482582
2020-06-05,0.013399999588727951,0.013399999588727951,0.013399999588727951,0.013399999588727951,91956.0,0.013399999588727951
2020-06-08,0.013399999588727951,0.013399999588727951,0.013399999588727951,0.013399999588727951,0.0,0.013399999588727951
2020-06-09,0.014999999664723873,0.012900000438094139,0.014999999664723873,0.012900000438094139,2425.0,0.012900000438094139
2020-06-10,0.012900000438094139,0.012900000438094139,0.012900000438094139,0.012900000438094139,0.0,0.012900000438094139
2020-06-11,0.017000000923871994,0.004000000189989805,0.004000000189989805,0.01209999993443489,994469.0,0.01209999993443489
2020-06-12,0.010049999691545963,0.010049999691545963,0.010049999691545963,0.010049999691545963,582.0,0.010049999691545963
2020-06-15,0.009999999776482582,0.009999999776482582,0.009999999776482582,0.009999999776482582,16000.0,0.009999999776482582
2020-06-16,0.00800000037997961,0.004000000189989805,0.00800000037997961,0.004000000189989805,64000.0,0.004000000189989805
2020-06-17,0.009999999776482582,0.009100000374019146,0.009999999776482582,0.009100000374019146,39675.0,0.009100000374019146
2020-06-18,0.009970000013709068,0.009100000374019146,0.009970000013709068,0.009100000374019146,31729.0,0.009100000374019146
2020-06-19,0.009100000374019146,0.009100000374019146,0.009100000374019146,0.009100000374019146,0.0,0.009100000374019146
2020-06-22,0.013000000268220901,0.007499999832361937,0.013000000268220901,0.009999999776482582,146000.0,0.009999999776482582
2020-06-23,0.011500000022351742,0.01080000028014183,0.01080000028014183,0.011500000022351742,15000.0,0.011500000022351742
2020-06-24,0.01549999974668026,0.012000000104308128,0.01549999974668026,0.012000000104308128,11840.0,0.012000000104308128
2020-06-25,0.01489999983459711,0.012000000104308128,0.01489999983459711,0.012000000104308128,11000.0,0.012000000104308128
2020-06-26,0.014000000432133675,0.012550000101327896,0.012550000101327896,0.012900000438094139,23308.0,0.012900000438094139
2020-06-29,0.012900000438094139,0.012900000438094139,0.012900000438094139,0.012900000438094139,0.0,0.012900000438094139
2020-06-30,0.01054999977350235,0.007499999832361937,0.01054999977350235,0.009100000374019146,97000.0,0.009100000374019146
2020-07-01,0.009100000374019146,0.009100000374019146,0.009100000374019146,0.009100000374019146,0.0,0.009100000374019146
2020-07-02,0.009100000374019146,0.009100000374019146,0.009100000374019146,0.009100000374019146,0.0,0.009100000374019146
2020-07-06,0.01600000075995922,0.010900000110268593,0.01600000075995922,0.010900000110268593,6160.0,0.010900000110268593
2020-07-07,0.010700000450015068,0.010700000450015068,0.010700000450015068,0.010700000450015068,5000.0,0.010700000450015068
2020-07-08,0.017000000923871994,0.008750000037252903,0.017000000923871994,0.009999999776482582,61100.0,0.009999999776482582
2020-07-09,0.009999999776482582,0.009999999776482582,0.009999999776482582,0.009999999776482582,0.0,0.009999999776482582
2020-07-10,0.009999999776482582,0.009999999776482582,0.009999999776482582,0.009999999776482582,0.0,0.009999999776482582
2020-07-13,0.008999999612569809,0.008999999612569809,0.008999999612569809,0.008999999612569809,1000.0,0.008999999612569809
2020-07-14,0.010900000110268593,0.010900000110268593,0.010900000110268593,0.010900000110268593,10150.0,0.010900000110268593
2020-07-15,0.010900000110268593,0.010900000110268593,0.010900000110268593,0.010900000110268593,0.0,0.010900000110268593
2020-07-16,0.010900000110268593,0.010900000110268593,0.010900000110268593,0.010900000110268593,0.0,0.010900000110268593
2020-07-17,0.010900000110268593,0.010900000110268593,0.010900000110268593,0.010900000110268593,0.0,0.010900000110268593
2020-07-20,0.010900000110268593,0.010900000110268593,0.010900000110268593,0.010900000110268593,0.0,0.010900000110268593
2020-07-21,0.010900000110268593,0.010900000110268593,0.010900000110268593,0.010900000110268593,0.0,0.010900000110268593
2020-07-22,0.010900000110268593,0.010900000110268593,0.010900000110268593,0.010900000110268593,15000.0,0.010900000110268593
2020-07-23,0.009999999776482582,0.009999999776482582,0.009999999776482582,0.009999999776482582,5963.0,0.009999999776482582
2020-07-24,0.009999999776482582,0.009999999776482582,0.009999999776482582,0.009999999776482582,0.0,0.009999999776482582
2020-07-27,0.009999999776482582,0.009999999776482582,0.009999999776482582,0.009999999776482582,13049.0,0.009999999776482582
2020-07-28,0.017400000244379044,0.00925000011920929,0.017400000244379044,0.00925000011920929,11100.0,0.00925000011920929
2020-07-29,0.010900000110268593,0.010900000110268593,0.010900000110268593,0.010900000110268593,666.0,0.010900000110268593
2020-07-30,0.010900000110268593,0.010900000110268593,0.010900000110268593,0.010900000110268593,10000.0,0.010900000110268593
2020-07-31,0.010900000110268593,0.009320000186562538,0.009320000186562538,0.010900000110268593,20000.0,0.010900000110268593
2020-08-03,0.010900000110268593,0.010900000110268593,0.010900000110268593,0.010900000110268593,7000.0,0.010900000110268593
2020-08-04,0.010300000198185444,0.010300000198185444,0.010300000198185444,0.010300000198185444,3000.0,0.010300000198185444
2020-08-05,0.010300000198185444,0.010300000198185444,0.010300000198185444,0.010300000198185444,0.0,0.010300000198185444
2020-08-06,0.008999999612569809,0.008999999612569809,0.008999999612569809,0.008999999612569809,5000.0,0.008999999612569809
2020-08-07,0.008999999612569809,0.008999999612569809,0.008999999612569809,0.008999999612569809,45000.0,0.008999999612569809
2020-08-10,0.008999999612569809,0.008999999612569809,0.008999999612569809,0.008999999612569809,0.0,0.008999999612569809
2020-08-11,0.010900000110268593,0.010900000110268593,0.010900000110268593,0.010900000110268593,5000.0,0.010900000110268593
2020-08-12,0.010900000110268593,0.009949999861419201,0.010900000110268593,0.010900000110268593,34093.0,0.010900000110268593
2020-08-13,0.010900000110268593,0.010900000110268593,0.010900000110268593,0.010900000110268593,0.0,0.010900000110268593
2020-08-14,0.013749999925494194,0.013749999925494194,0.013749999925494194,0.013749999925494194,907.0,0.013749999925494194
2020-08-17,0.010099999606609344,0.010099999606609344,0.010099999606609344,0.010099999606609344,50000.0,0.010099999606609344
2020-08-18,0.010099999606609344,0.010099999606609344,0.010099999606609344,0.010099999606609344,0.0,0.010099999606609344
2020-08-19,0.014829999767243862,0.014829999767243862,0.014829999767243862,0.014829999767243862,5000.0,0.014829999767243862
2020-08-20,0.015769999474287033,0.015769999474287033,0.015769999474287033,0.015769999474287033,676.0,0.015769999474287033
2020-08-21,0.020999999716877937,0.010099999606609344,0.020999999716877937,0.010099999606609344,951.0,0.010099999606609344
2020-08-24,0.012550000101327896,0.012550000101327896,0.012550000101327896,0.012550000101327896,1100.0,0.012550000101327896
2020-08-25,0.012550000101327896,0.012550000101327896,0.012550000101327896,0.012550000101327896,0.0,0.012550000101327896
2020-08-26,0.012550000101327896,0.012550000101327896,0.012550000101327896,0.012550000101327896,0.0,0.012550000101327896
2020-08-27,0.012550000101327896,0.012550000101327896,0.012550000101327896,0.012550000101327896,0.0,0.012550000101327896
2020-08-28,0.012550000101327896,0.012550000101327896,0.012550000101327896,0.012550000101327896,0.0,0.012550000101327896
2020-08-31,0.012550000101327896,0.012550000101327896,0.012550000101327896,0.012550000101327896,0.0,0.012550000101327896
2020-09-01,0.012550000101327896,0.012550000101327896,0.012550000101327896,0.012550000101327896,0.0,0.012550000101327896
2020-09-02,0.012550000101327896,0.012550000101327896,0.012550000101327896,0.012550000101327896,0.0,0.012550000101327896
2020-09-03,0.012550000101327896,0.012550000101327896,0.012550000101327896,0.012550000101327896,0.0,0.012550000101327896
2020-09-04,0.014999999664723873,0.012500000186264515,0.014999999664723873,0.012500000186264515,30000.0,0.012500000186264515
2020-09-08,0.012500000186264515,0.012500000186264515,0.012500000186264515,0.012500000186264515,39324.0,0.012500000186264515
2020-09-09,0.012500000186264515,0.012500000186264515,0.012500000186264515,0.012500000186264515,0.0,0.012500000186264515
2020-09-10,0.010099999606609344,0.010099999606609344,0.010099999606609344,0.010099999606609344,50000.0,0.010099999606609344
2020-09-11,0.010099999606609344,0.010099999606609344,0.010099999606609344,0.010099999606609344,0.0,0.010099999606609344
2020-09-14,0.010099999606609344,0.010099999606609344,0.010099999606609344,0.010099999606609344,0.0,0.010099999606609344
2020-09-15,0.010099999606609344,0.010099999606609344,0.010099999606609344,0.010099999606609344,0.0,0.010099999606609344
2020-09-16,0.010099999606609344,0.010099999606609344,0.010099999606609344,0.010099999606609344,0.0,0.010099999606609344
2020-09-17,0.010099999606609344,0.010099999606609344,0.010099999606609344,0.010099999606609344,0.0,0.010099999606609344
2020-09-21,0.01489999983459711,0.01489999983459711,0.01489999983459711,0.01489999983459711,0.0,0.01489999983459711
2020-09-22,0.01489999983459711,0.01489999983459711,0.01489999983459711,0.01489999983459711,0.0,0.01489999983459711
2020-09-23,0.01489999983459711,0.01489999983459711,0.01489999983459711,0.01489999983459711,0.0,0.01489999983459711
2020-09-24,0.01489999983459711,0.012550000101327896,0.012550000101327896,0.01489999983459711,15000.0,0.01489999983459711
2020-09-25,0.01140000019222498,0.009999999776482582,0.01140000019222498,0.009999999776482582,20000.0,0.009999999776482582
2020-09-28,0.014600000344216824,0.008999999612569809,0.014600000344216824,0.008999999612569809,284999.0,0.008999999612569809
2020-09-29,0.008500000461935997,0.005400000140070915,0.005400000140070915,0.008500000461935997,652630.0,0.008500000461935997
2020-09-30,0.008500000461935997,0.008500000461935997,0.008500000461935997,0.008500000461935997,0.0,0.008500000461935997
2020-10-01,0.008500000461935997,0.008500000461935997,0.008500000461935997,0.008500000461935997,0.0,0.008500000461935997
2020-10-02,0.008500000461935997,0.008500000461935997,0.008500000461935997,0.008500000461935997,0.0,0.008500000461935997
2020-10-05,0.008500000461935997,0.008500000461935997,0.008500000461935997,0.008500000461935997,0.0,0.008500000461935997
2020-10-06,0.008899999782443047,0.008899999782443047,0.008899999782443047,0.008899999782443047,299999.0,0.008899999782443047
2020-10-07,0.010400000028312206,0.006300000008195639,0.006300000008195639,0.010400000028312206,311101.0,0.010400000028312206
2020-10-08,0.010400000028312206,0.010400000028312206,0.010400000028312206,0.010400000028312206,0.0,0.010400000028312206
2020-10-09,0.010400000028312206,0.010400000028312206,0.010400000028312206,0.010400000028312206,0.0,0.010400000028312206
2020-10-12,0.010400000028312206,0.010400000028312206,0.010400000028312206,0.010400000028312206,0.0,0.010400000028312206
2020-10-13,0.010400000028312206,0.010400000028312206,0.010400000028312206,0.010400000028312206,0.0,0.010400000028312206
2020-10-14,0.01056000031530857,0.01056000031530857,0.01056000031530857,0.01056000031530857,8900.0,0.01056000031530857
2020-10-15,0.014499999582767487,0.010999999940395355,0.010999999940395355,0.014499999582767487,11077.0,0.014499999582767487
2020-10-16,0.009999999776482582,0.006300000008195639,0.009999999776482582,0.006300000008195639,212000.0,0.006300000008195639
2020-10-19,0.008999999612569809,0.0076500000432133675,0.0076500000432133675,0.008999999612569809,42000.0,0.008999999612569809
2020-10-20,0.00989999994635582,0.008100000210106373,0.00989999994635582,0.00989999994635582,19000.0,0.00989999994635582
2020-10-21,0.010900000110268593,0.010900000110268593,0.010900000110268593,0.010900000110268593,15000.0,0.010900000110268593
2020-10-22,0.010900000110268593,0.010900000110268593,0.010900000110268593,0.010900000110268593,0.0,0.010900000110268593
2020-10-23,0.010900000110268593,0.010900000110268593,0.010900000110268593,0.010900000110268593,0.0,0.010900000110268593
2020-10-26,0.010900000110268593,0.010900000110268593,0.010900000110268593,0.010900000110268593,0.0,0.010900000110268593
2020-10-27,0.010900000110268593,0.010900000110268593,0.010900000110268593,0.010900000110268593,0.0,0.010900000110268593
2020-10-28,0.010900000110268593,0.010900000110268593,0.010900000110268593,0.010900000110268593,0.0,0.010900000110268593
2020-10-29,0.010900000110268593,0.010900000110268593,0.010900000110268593,0.010900000110268593,0.0,0.010900000110268593
2020-10-30,0.010900000110268593,0.010900000110268593,0.010900000110268593,0.010900000110268593,0.0,0.010900000110268593
2020-11-02,0.010900000110268593,0.010900000110268593,0.010900000110268593,0.010900000110268593,0.0,0.010900000110268593
2020-11-03,0.010900000110268593,0.010900000110268593,0.010900000110268593,0.010900000110268593,0.0,0.010900000110268593
2020-11-04,0.012000000104308128,0.006500000134110451,0.006500000134110451,0.012000000104308128,43000.0,0.012000000104308128
2020-11-05,0.012000000104308128,0.012000000104308128,0.012000000104308128,0.012000000104308128,0.0,0.012000000104308128
2020-11-06,0.01600000075995922,0.01600000075995922,0.01600000075995922,0.01600000075995922,8000.0,0.01600000075995922
2020-11-09,0.01600000075995922,0.01600000075995922,0.01600000075995922,0.01600000075995922,0.0,0.01600000075995922
2020-11-10,0.012000000104308128,0.012000000104308128,0.012000000104308128,0.012000000104308128,500.0,0.012000000104308128
2020-11-11,0.012000000104308128,0.012000000104308128,0.012000000104308128,0.012000000104308128,0.0,0.012000000104308128
2020-11-12,0.012000000104308128,0.012000000104308128,0.012000000104308128,0.012000000104308128,0.0,0.012000000104308128
2020-11-13,0.012000000104308128,0.012000000104308128,0.012000000104308128,0.012000000104308128,0.0,0.012000000104308128
2020-11-16,0.012000000104308128,0.012000000104308128,0.012000000104308128,0.012000000104308128,0.0,0.012000000104308128
2020-11-17,0.012000000104308128,0.012000000104308128,0.012000000104308128,0.012000000104308128,0.0,0.012000000104308128
2020-11-18,0.012000000104308128,0.012000000104308128,0.012000000104308128,0.012000000104308128,0.0,0.012000000104308128
