Date,High,Low,Open,Close,Volume,Adj Close
2012-09-25,400.0,400.0,400.0,400.0,0.0,370.1918029785156
2012-09-26,400.0,400.0,400.0,400.0,0.0,370.1918029785156
2012-09-27,400.0,400.0,400.0,400.0,0.0,370.1918029785156
2012-09-28,400.0,400.0,400.0,400.0,0.0,370.1918029785156
2012-10-01,400.0,400.0,400.0,400.0,0.0,370.1918029785156
2012-10-02,400.0,400.0,400.0,400.0,0.0,370.1918029785156
2012-10-03,400.0,400.0,400.0,400.0,0.0,370.1918029785156
2012-10-04,400.0,400.0,400.0,400.0,0.0,370.1918029785156
2012-10-05,400.0,400.0,400.0,400.0,0.0,370.1918029785156
2012-10-08,400.0,400.0,400.0,400.0,0.0,370.1918029785156
2012-10-09,400.0,400.0,400.0,400.0,0.0,370.1918029785156
2012-10-10,400.0,400.0,400.0,400.0,0.0,370.1918029785156
2012-10-11,400.0,400.0,400.0,400.0,0.0,370.1918029785156
2012-10-12,400.0,400.0,400.0,400.0,0.0,370.1918029785156
2012-10-15,400.0,400.0,400.0,400.0,0.0,370.1918029785156
2012-10-16,400.0,400.0,400.0,400.0,0.0,370.1918029785156
2012-10-17,400.0,400.0,400.0,400.0,0.0,370.1918029785156
2012-10-18,400.0,400.0,400.0,400.0,0.0,370.1918029785156
2012-10-19,400.0,400.0,400.0,400.0,0.0,370.1918029785156
2012-10-22,400.0,400.0,400.0,400.0,0.0,370.1918029785156
2012-10-23,400.0,400.0,400.0,400.0,0.0,370.1918029785156
2012-10-24,400.0,400.0,400.0,400.0,0.0,370.1918029785156
2012-10-25,400.0,400.0,400.0,400.0,0.0,370.1918029785156
2012-10-26,400.0,400.0,400.0,400.0,0.0,370.1918029785156
2012-10-31,400.0,400.0,400.0,400.0,0.0,370.1918029785156
2012-11-01,400.0,400.0,400.0,400.0,0.0,370.1918029785156
2012-11-02,400.0,400.0,400.0,400.0,0.0,370.1918029785156
2012-11-05,400.0,400.0,400.0,400.0,0.0,370.1918029785156
2012-11-06,400.0,400.0,400.0,400.0,0.0,370.1918029785156
2012-11-07,400.0,400.0,400.0,400.0,0.0,370.1918029785156
2012-11-08,400.0,400.0,400.0,400.0,0.0,370.1918029785156
2012-11-09,400.0,400.0,400.0,400.0,0.0,370.1918029785156
2012-11-12,400.0,400.0,400.0,400.0,0.0,370.1918029785156
2012-11-13,400.0,400.0,400.0,400.0,0.0,370.1918029785156
2012-11-14,400.0,400.0,400.0,400.0,0.0,370.1918029785156
2012-11-15,400.0,400.0,400.0,400.0,0.0,370.1918029785156
2012-11-16,400.0,400.0,400.0,400.0,0.0,370.1918029785156
2012-11-19,400.0,400.0,400.0,400.0,0.0,370.1918029785156
2012-11-20,400.0,400.0,400.0,400.0,0.0,370.1918029785156
2012-11-21,400.0,400.0,400.0,400.0,0.0,370.1918029785156
2012-11-23,400.0,400.0,400.0,400.0,0.0,370.1918029785156
2012-11-26,400.0,400.0,400.0,400.0,0.0,370.1918029785156
2012-11-27,400.0,400.0,400.0,400.0,0.0,370.1918029785156
2012-11-28,401.0,401.0,401.0,401.0,100.0,371.1172180175781
2012-11-29,401.0,401.0,401.0,401.0,0.0,371.1172180175781
2012-11-30,401.0,401.0,401.0,401.0,0.0,371.1172180175781
2012-12-03,401.0,401.0,401.0,401.0,0.0,371.1172180175781
2012-12-04,401.0,401.0,401.0,401.0,0.0,371.1172180175781
2012-12-05,401.0,401.0,401.0,401.0,0.0,371.1172180175781
2012-12-06,401.0,401.0,401.0,401.0,0.0,371.1172180175781
2012-12-07,401.0,401.0,401.0,401.0,0.0,371.1172180175781
2012-12-10,401.0,401.0,401.0,401.0,0.0,371.1172180175781
2012-12-11,401.0,401.0,401.0,401.0,0.0,371.1172180175781
2012-12-12,401.0,401.0,401.0,401.0,0.0,371.1172180175781
2012-12-13,401.0,401.0,401.0,401.0,0.0,371.1172180175781
2012-12-14,401.0,401.0,401.0,401.0,0.0,371.1172180175781
2012-12-17,401.0,401.0,401.0,401.0,0.0,371.1172180175781
2012-12-18,401.0,401.0,401.0,401.0,0.0,371.1172180175781
2012-12-19,401.0,401.0,401.0,401.0,0.0,371.1172180175781
2012-12-20,401.0,401.0,401.0,401.0,0.0,371.1172180175781
2012-12-21,401.0,401.0,401.0,401.0,0.0,371.1172180175781
2012-12-24,401.0,401.0,401.0,401.0,0.0,371.1172180175781
2012-12-26,401.0,401.0,401.0,401.0,0.0,371.1172180175781
2012-12-27,401.0,401.0,401.0,401.0,0.0,371.1172180175781
2012-12-28,399.0,399.0,399.0,399.0,200.0,369.2662658691406
2012-12-31,399.0,399.0,399.0,399.0,0.0,369.2662658691406
2013-01-02,399.0,399.0,399.0,399.0,0.0,369.2662658691406
2013-01-03,399.0,399.0,399.0,399.0,0.0,369.2662658691406
2013-01-04,399.0,399.0,399.0,399.0,0.0,369.2662658691406
2013-01-07,399.0,399.0,399.0,399.0,0.0,369.2662658691406
2013-01-08,399.0,399.0,399.0,399.0,0.0,369.2662658691406
2013-01-09,399.0,399.0,399.0,399.0,0.0,369.2662658691406
2013-01-10,401.010009765625,401.010009765625,401.010009765625,401.010009765625,100.0,371.1265563964844
2013-01-11,401.010009765625,401.010009765625,401.010009765625,401.010009765625,0.0,371.1265563964844
2013-01-14,401.010009765625,401.010009765625,401.010009765625,401.010009765625,0.0,371.1265563964844
2013-01-15,401.010009765625,401.010009765625,401.010009765625,401.010009765625,0.0,371.1265563964844
2013-01-16,401.010009765625,401.010009765625,401.010009765625,401.010009765625,0.0,371.1265563964844
2013-01-17,401.010009765625,401.010009765625,401.010009765625,401.010009765625,0.0,371.1265563964844
2013-01-18,401.010009765625,401.010009765625,401.010009765625,401.010009765625,0.0,371.1265563964844
2013-01-22,401.010009765625,401.010009765625,401.010009765625,401.010009765625,0.0,371.1265563964844
2013-01-23,401.010009765625,401.010009765625,401.010009765625,401.010009765625,0.0,371.1265563964844
2013-01-24,401.010009765625,401.010009765625,401.010009765625,401.010009765625,0.0,371.1265563964844
2013-01-25,401.010009765625,401.010009765625,401.010009765625,401.010009765625,0.0,371.1265563964844
2013-01-28,401.010009765625,401.010009765625,401.010009765625,401.010009765625,0.0,371.1265563964844
2013-01-29,401.010009765625,401.010009765625,401.010009765625,401.010009765625,0.0,371.1265563964844
2013-01-30,401.010009765625,401.010009765625,401.010009765625,401.010009765625,0.0,371.1265563964844
2013-01-31,401.010009765625,401.010009765625,401.010009765625,401.010009765625,0.0,371.1265563964844
2013-02-01,401.010009765625,401.010009765625,401.010009765625,401.010009765625,0.0,371.1265563964844
2013-02-04,401.010009765625,401.010009765625,401.010009765625,401.010009765625,0.0,371.1265563964844
2013-02-05,401.010009765625,401.010009765625,401.010009765625,401.010009765625,0.0,371.1265563964844
2013-02-06,401.010009765625,401.010009765625,401.010009765625,401.010009765625,0.0,371.1265563964844
2013-02-07,401.010009765625,401.010009765625,401.010009765625,401.010009765625,0.0,371.1265563964844
2013-02-08,401.010009765625,401.010009765625,401.010009765625,401.010009765625,0.0,371.1265563964844
2013-02-11,401.010009765625,401.010009765625,401.010009765625,401.010009765625,0.0,371.1265563964844
2013-02-12,401.010009765625,401.010009765625,401.010009765625,401.010009765625,0.0,371.1265563964844
2013-02-13,401.010009765625,401.010009765625,401.010009765625,401.010009765625,0.0,371.1265563964844
2013-02-14,401.010009765625,401.010009765625,401.010009765625,401.010009765625,0.0,371.1265563964844
2013-02-15,401.010009765625,401.010009765625,401.010009765625,401.010009765625,0.0,371.1265563964844
2013-02-19,401.010009765625,401.010009765625,401.010009765625,401.010009765625,0.0,371.1265563964844
2013-02-20,401.010009765625,401.010009765625,401.010009765625,401.010009765625,0.0,371.1265563964844
2013-02-21,401.010009765625,401.010009765625,401.010009765625,401.010009765625,0.0,371.1265563964844
2013-02-22,401.010009765625,401.010009765625,401.010009765625,401.010009765625,0.0,371.1265563964844
2013-02-25,401.010009765625,401.010009765625,401.010009765625,401.010009765625,0.0,371.1265563964844
2013-02-26,401.010009765625,401.010009765625,401.010009765625,401.010009765625,0.0,371.1265563964844
2013-02-27,401.010009765625,401.010009765625,401.010009765625,401.010009765625,0.0,371.1265563964844
2013-02-28,401.010009765625,401.010009765625,401.010009765625,401.010009765625,0.0,371.1265563964844
2013-03-01,401.010009765625,401.010009765625,401.010009765625,401.010009765625,0.0,371.1265563964844
2013-03-04,401.010009765625,401.010009765625,401.010009765625,401.010009765625,0.0,371.1265563964844
2013-03-05,401.010009765625,401.010009765625,401.010009765625,401.010009765625,0.0,371.1265563964844
2013-03-06,401.010009765625,401.010009765625,401.010009765625,401.010009765625,0.0,371.1265563964844
2013-03-07,401.010009765625,401.010009765625,401.010009765625,401.010009765625,0.0,371.1265563964844
2013-03-08,401.010009765625,401.010009765625,401.010009765625,401.010009765625,0.0,371.49713134765625
2013-03-11,401.010009765625,401.010009765625,401.010009765625,401.010009765625,0.0,371.49713134765625
2013-03-12,401.010009765625,401.010009765625,401.010009765625,401.010009765625,0.0,371.49713134765625
2013-03-13,401.010009765625,401.010009765625,401.010009765625,401.010009765625,0.0,371.49713134765625
2013-03-14,401.010009765625,401.010009765625,401.010009765625,401.010009765625,0.0,371.49713134765625
2013-03-15,401.010009765625,401.010009765625,401.010009765625,401.010009765625,0.0,371.49713134765625
2013-03-18,401.010009765625,401.010009765625,401.010009765625,401.010009765625,0.0,371.49713134765625
2013-03-19,401.010009765625,401.010009765625,401.010009765625,401.010009765625,0.0,371.49713134765625
2013-03-20,401.010009765625,401.010009765625,401.010009765625,401.010009765625,0.0,371.49713134765625
2013-03-21,401.010009765625,401.010009765625,401.010009765625,401.010009765625,0.0,371.49713134765625
2013-03-22,401.010009765625,401.010009765625,401.010009765625,401.010009765625,0.0,371.49713134765625
2013-03-25,401.010009765625,401.010009765625,401.010009765625,401.010009765625,0.0,371.49713134765625
2013-03-26,401.010009765625,401.010009765625,401.010009765625,401.010009765625,0.0,371.49713134765625
2013-03-27,401.010009765625,401.010009765625,401.010009765625,401.010009765625,0.0,371.49713134765625
2013-03-28,401.010009765625,401.010009765625,401.010009765625,401.010009765625,0.0,371.49713134765625
2013-04-01,401.010009765625,401.010009765625,401.010009765625,401.010009765625,0.0,371.49713134765625
2013-04-02,401.010009765625,401.010009765625,401.010009765625,401.010009765625,0.0,371.49713134765625
2013-04-03,401.010009765625,401.010009765625,401.010009765625,401.010009765625,0.0,371.49713134765625
2013-04-04,401.010009765625,401.010009765625,401.010009765625,401.010009765625,0.0,371.49713134765625
2013-04-05,401.010009765625,401.010009765625,401.010009765625,401.010009765625,0.0,371.49713134765625
2013-04-08,401.010009765625,401.010009765625,401.010009765625,401.010009765625,0.0,371.49713134765625
2013-04-09,401.010009765625,401.010009765625,401.010009765625,401.010009765625,0.0,371.49713134765625
2013-04-10,401.010009765625,401.010009765625,401.010009765625,401.010009765625,0.0,371.49713134765625
2013-04-11,401.010009765625,401.010009765625,401.010009765625,401.010009765625,0.0,371.49713134765625
2013-04-12,401.010009765625,401.010009765625,401.010009765625,401.010009765625,0.0,371.49713134765625
2013-04-15,401.010009765625,401.010009765625,401.010009765625,401.010009765625,0.0,371.49713134765625
2013-04-16,401.010009765625,401.010009765625,401.010009765625,401.010009765625,0.0,371.49713134765625
2013-04-17,401.010009765625,401.010009765625,401.010009765625,401.010009765625,0.0,371.49713134765625
2013-04-18,401.010009765625,401.010009765625,401.010009765625,401.010009765625,0.0,371.49713134765625
2013-04-19,401.010009765625,401.010009765625,401.010009765625,401.010009765625,0.0,371.49713134765625
2013-04-22,401.010009765625,401.010009765625,401.010009765625,401.010009765625,0.0,371.49713134765625
2013-04-23,401.010009765625,401.010009765625,401.010009765625,401.010009765625,0.0,371.49713134765625
2013-04-24,401.010009765625,401.010009765625,401.010009765625,401.010009765625,0.0,371.49713134765625
2013-04-25,401.010009765625,401.010009765625,401.010009765625,401.010009765625,0.0,371.49713134765625
2013-04-26,401.010009765625,401.010009765625,401.010009765625,401.010009765625,0.0,371.49713134765625
2013-04-29,401.010009765625,401.010009765625,401.010009765625,401.010009765625,0.0,371.49713134765625
2013-04-30,401.010009765625,401.010009765625,401.010009765625,401.010009765625,0.0,371.49713134765625
2013-05-01,401.010009765625,401.010009765625,401.010009765625,401.010009765625,0.0,371.49713134765625
2013-05-02,401.010009765625,401.010009765625,401.010009765625,401.010009765625,0.0,371.49713134765625
2013-05-03,401.010009765625,401.010009765625,401.010009765625,401.010009765625,0.0,371.49713134765625
2013-05-06,401.010009765625,401.010009765625,401.010009765625,401.010009765625,0.0,371.49713134765625
2013-05-07,401.010009765625,401.010009765625,401.010009765625,401.010009765625,0.0,371.49713134765625
2013-05-08,401.010009765625,401.010009765625,401.010009765625,401.010009765625,0.0,371.49713134765625
2013-05-09,401.010009765625,401.010009765625,401.010009765625,401.010009765625,0.0,371.49713134765625
2013-05-10,401.010009765625,401.010009765625,401.010009765625,401.010009765625,0.0,371.49713134765625
2013-05-13,401.010009765625,401.010009765625,401.010009765625,401.010009765625,0.0,371.49713134765625
2013-05-14,401.010009765625,401.010009765625,401.010009765625,401.010009765625,0.0,371.49713134765625
2013-05-15,401.010009765625,401.010009765625,401.010009765625,401.010009765625,0.0,371.49713134765625
2013-05-16,401.010009765625,401.010009765625,401.010009765625,401.010009765625,0.0,371.49713134765625
2013-05-17,401.010009765625,401.010009765625,401.010009765625,401.010009765625,0.0,371.49713134765625
2013-05-20,401.010009765625,401.010009765625,401.010009765625,401.010009765625,0.0,371.49713134765625
2013-05-21,401.010009765625,401.010009765625,401.010009765625,401.010009765625,0.0,371.49713134765625
2013-05-22,401.010009765625,401.010009765625,401.010009765625,401.010009765625,0.0,371.49713134765625
2013-05-23,401.010009765625,401.010009765625,401.010009765625,401.010009765625,0.0,371.49713134765625
2013-05-24,401.010009765625,401.010009765625,401.010009765625,401.010009765625,0.0,371.49713134765625
2013-05-28,401.010009765625,401.010009765625,401.010009765625,401.010009765625,0.0,371.49713134765625
2013-05-29,401.010009765625,401.010009765625,401.010009765625,401.010009765625,0.0,371.49713134765625
2013-05-30,401.010009765625,401.010009765625,401.010009765625,401.010009765625,0.0,371.8680419921875
2013-05-31,401.010009765625,401.010009765625,401.010009765625,401.010009765625,0.0,371.8680419921875
2013-06-03,401.010009765625,401.010009765625,401.010009765625,401.010009765625,0.0,371.8680419921875
2013-06-04,401.010009765625,401.010009765625,401.010009765625,401.010009765625,0.0,371.8680419921875
2013-06-05,401.010009765625,401.010009765625,401.010009765625,401.010009765625,0.0,371.8680419921875
2013-06-06,401.010009765625,401.010009765625,401.010009765625,401.010009765625,0.0,371.8680419921875
2013-06-07,401.010009765625,401.010009765625,401.010009765625,401.010009765625,0.0,371.8680419921875
2013-06-10,401.010009765625,401.010009765625,401.010009765625,401.010009765625,0.0,371.8680419921875
2013-06-11,401.010009765625,401.010009765625,401.010009765625,401.010009765625,0.0,371.8680419921875
2013-06-12,401.010009765625,401.010009765625,401.010009765625,401.010009765625,0.0,371.8680419921875
2013-06-13,401.010009765625,401.010009765625,401.010009765625,401.010009765625,0.0,371.8680419921875
2013-06-14,401.010009765625,401.010009765625,401.010009765625,401.010009765625,0.0,371.8680419921875
2013-06-17,401.010009765625,401.010009765625,401.010009765625,401.010009765625,0.0,371.8680419921875
2013-06-18,401.0,305.0,400.0,401.0,200.0,371.8586730957031
2013-06-19,401.0,401.0,401.0,401.0,0.0,371.8586730957031
2013-06-20,401.0,401.0,401.0,401.0,0.0,371.8586730957031
2013-06-21,450.0,450.0,450.0,450.0,0.0,417.29779052734375
2013-06-24,450.0,450.0,450.0,450.0,0.0,417.29779052734375
2013-06-25,450.0,450.0,450.0,450.0,0.0,417.29779052734375
2013-06-26,450.0,450.0,450.0,450.0,0.0,417.29779052734375
2013-06-27,450.0,450.0,450.0,450.0,0.0,417.29779052734375
2013-06-28,450.0,450.0,450.0,450.0,0.0,417.29779052734375
2013-07-01,450.0,450.0,450.0,450.0,0.0,417.29779052734375
2013-07-02,450.0,450.0,450.0,450.0,0.0,417.29779052734375
2013-07-03,450.0,450.0,450.0,450.0,0.0,417.29779052734375
2013-07-05,450.0,450.0,450.0,450.0,0.0,417.29779052734375
2013-07-08,450.0,450.0,450.0,450.0,0.0,417.29779052734375
2013-07-09,450.0,450.0,450.0,450.0,0.0,417.29779052734375
2013-07-10,450.0,450.0,450.0,450.0,0.0,417.29779052734375
2013-07-11,450.0,450.0,450.0,450.0,0.0,417.29779052734375
2013-07-12,450.0,450.0,450.0,450.0,0.0,417.29779052734375
2013-07-15,450.0,450.0,450.0,450.0,0.0,417.29779052734375
2013-07-16,450.0,450.0,450.0,450.0,0.0,417.29779052734375
2013-07-17,450.0,450.0,450.0,450.0,0.0,417.29779052734375
2013-07-18,450.0,450.0,450.0,450.0,0.0,417.29779052734375
2013-07-19,450.0,450.0,450.0,450.0,0.0,417.29779052734375
2013-07-22,450.0,450.0,450.0,450.0,0.0,417.29779052734375
2013-07-23,450.0,450.0,450.0,450.0,0.0,417.29779052734375
2013-07-24,450.0,450.0,450.0,450.0,0.0,417.29779052734375
2013-07-25,450.0,450.0,450.0,450.0,0.0,417.29779052734375
2013-07-26,450.0,450.0,450.0,450.0,0.0,417.29779052734375
2013-07-29,450.0,450.0,450.0,450.0,0.0,417.29779052734375
2013-07-30,450.0,450.0,450.0,450.0,0.0,417.29779052734375
2013-07-31,450.0,450.0,450.0,450.0,0.0,417.29779052734375
2013-08-01,450.0,450.0,450.0,450.0,0.0,417.29779052734375
2013-08-02,450.0,450.0,450.0,450.0,0.0,417.29779052734375
2013-08-05,450.0,450.0,450.0,450.0,0.0,417.29779052734375
2013-08-06,450.0,450.0,450.0,450.0,0.0,417.29779052734375
2013-08-07,450.0,450.0,450.0,450.0,0.0,417.29779052734375
2013-08-08,450.0,450.0,450.0,450.0,0.0,417.29779052734375
2013-08-09,450.0,450.0,450.0,450.0,0.0,417.29779052734375
2013-08-12,450.0,450.0,450.0,450.0,0.0,417.29779052734375
2013-08-13,450.0,450.0,450.0,450.0,0.0,417.29779052734375
2013-08-14,450.0,450.0,450.0,450.0,0.0,417.29779052734375
2013-08-15,450.0,450.0,450.0,450.0,0.0,417.29779052734375
2013-08-16,450.0,450.0,450.0,450.0,0.0,417.29779052734375
2013-08-19,450.0,450.0,450.0,450.0,0.0,417.29779052734375
2013-08-20,450.0,450.0,450.0,450.0,0.0,417.29779052734375
2013-08-21,450.0,450.0,450.0,450.0,0.0,417.29779052734375
2013-08-22,450.0,450.0,450.0,450.0,0.0,417.29779052734375
2013-08-23,450.0,450.0,450.0,450.0,0.0,417.29779052734375
2013-08-26,450.0,450.0,450.0,450.0,0.0,417.29779052734375
2013-08-27,450.0,450.0,450.0,450.0,0.0,417.29779052734375
2013-08-28,450.0,450.0,450.0,450.0,0.0,417.66912841796875
2013-08-29,450.0,450.0,450.0,450.0,0.0,417.66912841796875
2013-08-30,450.0,450.0,450.0,450.0,0.0,417.66912841796875
2013-09-03,450.0,450.0,450.0,450.0,0.0,417.66912841796875
2013-09-04,401.1499938964844,401.1499938964844,401.1499938964844,401.1499938964844,0.0,372.3287048339844
2013-09-05,401.1499938964844,401.1499938964844,401.1499938964844,401.1499938964844,0.0,372.3287048339844
2013-09-06,401.1499938964844,401.1499938964844,401.1499938964844,401.1499938964844,0.0,372.3287048339844
2013-09-09,401.1499938964844,401.1499938964844,401.1499938964844,401.1499938964844,0.0,372.3287048339844
2013-09-10,401.1499938964844,401.1499938964844,401.1499938964844,401.1499938964844,0.0,372.3287048339844
2013-09-11,401.1499938964844,401.1499938964844,401.1499938964844,401.1499938964844,0.0,372.3287048339844
2013-09-12,401.1499938964844,401.1499938964844,401.1499938964844,401.1499938964844,0.0,372.3287048339844
2013-09-13,401.1499938964844,401.1499938964844,401.1499938964844,401.1499938964844,0.0,372.3287048339844
2013-09-16,401.1499938964844,401.1499938964844,401.1499938964844,401.1499938964844,0.0,372.3287048339844
2013-09-17,401.1499938964844,401.1499938964844,401.1499938964844,401.1499938964844,0.0,372.3287048339844
2013-09-18,401.1499938964844,401.1499938964844,401.1499938964844,401.1499938964844,0.0,372.3287048339844
2013-09-19,401.1499938964844,401.1499938964844,401.1499938964844,401.1499938964844,0.0,372.3287048339844
2013-09-20,401.1499938964844,401.1499938964844,401.1499938964844,401.1499938964844,0.0,372.3287048339844
2013-09-23,401.1499938964844,401.1499938964844,401.1499938964844,401.1499938964844,0.0,372.3287048339844
2013-09-24,401.1499938964844,401.1499938964844,401.1499938964844,401.1499938964844,0.0,372.3287048339844
2013-09-25,401.1499938964844,401.1499938964844,401.1499938964844,401.1499938964844,0.0,372.3287048339844
2013-09-26,401.1499938964844,401.1499938964844,401.1499938964844,401.1499938964844,0.0,372.3287048339844
2013-09-27,401.1499938964844,401.1499938964844,401.1499938964844,401.1499938964844,0.0,372.3287048339844
2013-09-30,401.1499938964844,401.1499938964844,401.1499938964844,401.1499938964844,0.0,372.3287048339844
2013-10-01,401.1499938964844,401.1499938964844,401.1499938964844,401.1499938964844,0.0,372.3287048339844
2013-10-02,401.1499938964844,401.1499938964844,401.1499938964844,401.1499938964844,0.0,372.3287048339844
2013-10-03,401.1499938964844,401.1499938964844,401.1499938964844,401.1499938964844,0.0,372.3287048339844
2013-10-04,401.1499938964844,401.1499938964844,401.1499938964844,401.1499938964844,0.0,372.3287048339844
2013-10-07,401.1499938964844,401.1499938964844,401.1499938964844,401.1499938964844,0.0,372.3287048339844
2013-10-08,401.1499938964844,401.1499938964844,401.1499938964844,401.1499938964844,0.0,372.3287048339844
2013-10-09,401.1499938964844,401.1499938964844,401.1499938964844,401.1499938964844,0.0,372.3287048339844
2013-10-10,401.1499938964844,401.1499938964844,401.1499938964844,401.1499938964844,0.0,372.3287048339844
2013-10-11,401.1499938964844,401.1499938964844,401.1499938964844,401.1499938964844,0.0,372.3287048339844
2013-10-14,401.1499938964844,401.1499938964844,401.1499938964844,401.1499938964844,0.0,372.3287048339844
2013-10-15,401.1499938964844,401.1499938964844,401.1499938964844,401.1499938964844,0.0,372.3287048339844
2013-10-16,401.1499938964844,401.1499938964844,401.1499938964844,401.1499938964844,0.0,372.3287048339844
2013-10-17,401.1499938964844,401.1499938964844,401.1499938964844,401.1499938964844,0.0,372.3287048339844
2013-10-18,401.1499938964844,401.1499938964844,401.1499938964844,401.1499938964844,0.0,372.3287048339844
2013-10-21,401.1499938964844,401.1499938964844,401.1499938964844,401.1499938964844,0.0,372.3287048339844
2013-10-22,401.1499938964844,401.1499938964844,401.1499938964844,401.1499938964844,0.0,372.3287048339844
2013-10-23,401.1499938964844,401.1499938964844,401.1499938964844,401.1499938964844,0.0,372.3287048339844
2013-10-24,401.1499938964844,401.1499938964844,401.1499938964844,401.1499938964844,0.0,372.3287048339844
2013-10-25,401.1499938964844,401.1499938964844,401.1499938964844,401.1499938964844,0.0,372.3287048339844
2013-10-28,401.1499938964844,401.1499938964844,401.1499938964844,401.1499938964844,0.0,372.3287048339844
2013-10-29,401.1499938964844,401.1499938964844,401.1499938964844,401.1499938964844,0.0,372.3287048339844
2013-10-30,401.1499938964844,401.1499938964844,401.1499938964844,401.1499938964844,0.0,372.3287048339844
2013-10-31,401.1499938964844,401.1499938964844,401.1499938964844,401.1499938964844,0.0,372.3287048339844
2013-11-01,401.1499938964844,401.1499938964844,401.1499938964844,401.1499938964844,0.0,372.3287048339844
2013-11-04,401.1499938964844,401.1499938964844,401.1499938964844,401.1499938964844,0.0,372.3287048339844
2013-11-05,401.1499938964844,401.1499938964844,401.1499938964844,401.1499938964844,0.0,372.3287048339844
2013-11-06,401.1499938964844,401.1499938964844,401.1499938964844,401.1499938964844,0.0,372.3287048339844
2013-11-07,401.1499938964844,401.1499938964844,401.1499938964844,401.1499938964844,0.0,372.3287048339844
2013-11-08,401.1499938964844,401.1499938964844,401.1499938964844,401.1499938964844,0.0,372.3287048339844
2013-11-11,401.1499938964844,401.1499938964844,401.1499938964844,401.1499938964844,0.0,372.3287048339844
2013-11-12,401.1499938964844,401.1499938964844,401.1499938964844,401.1499938964844,0.0,372.3287048339844
2013-11-13,401.1499938964844,401.1499938964844,401.1499938964844,401.1499938964844,0.0,372.3287048339844
2013-11-14,401.1499938964844,401.1499938964844,401.1499938964844,401.1499938964844,0.0,372.3287048339844
2013-11-15,401.1499938964844,401.1499938964844,401.1499938964844,401.1499938964844,0.0,372.3287048339844
2013-11-18,401.1499938964844,401.1499938964844,401.1499938964844,401.1499938964844,0.0,372.3287048339844
2013-11-19,401.1499938964844,401.1499938964844,401.1499938964844,401.1499938964844,0.0,372.3287048339844
2013-11-20,401.1499938964844,401.1499938964844,401.1499938964844,401.1499938964844,0.0,372.3287048339844
2013-11-21,401.1499938964844,401.1499938964844,401.1499938964844,401.1499938964844,0.0,372.3287048339844
2013-11-22,401.1499938964844,401.1499938964844,401.1499938964844,401.1499938964844,0.0,372.3287048339844
2013-11-25,401.1499938964844,401.1499938964844,401.1499938964844,401.1499938964844,0.0,372.3287048339844
2013-11-26,401.1499938964844,401.1499938964844,401.1499938964844,401.1499938964844,0.0,372.3287048339844
2013-11-27,401.1499938964844,401.1499938964844,401.1499938964844,401.1499938964844,0.0,372.7004089355469
2013-11-29,401.1499938964844,401.1499938964844,401.1499938964844,401.1499938964844,0.0,372.7004089355469
2013-12-02,401.1499938964844,401.1499938964844,401.1499938964844,401.1499938964844,0.0,372.7004089355469
2013-12-03,401.1499938964844,401.1499938964844,401.1499938964844,401.1499938964844,0.0,372.7004089355469
2013-12-04,401.1499938964844,401.1499938964844,401.1499938964844,401.1499938964844,0.0,372.7004089355469
2013-12-05,401.1499938964844,401.1499938964844,401.1499938964844,401.1499938964844,0.0,372.7004089355469
2013-12-06,401.1499938964844,401.1499938964844,401.1499938964844,401.1499938964844,0.0,372.7004089355469
2013-12-09,401.1499938964844,401.1499938964844,401.1499938964844,401.1499938964844,0.0,372.7004089355469
2013-12-10,401.1499938964844,401.1499938964844,401.1499938964844,401.1499938964844,0.0,372.7004089355469
2013-12-11,401.1499938964844,401.1499938964844,401.1499938964844,401.1499938964844,0.0,372.7004089355469
2013-12-12,401.1499938964844,401.1499938964844,401.1499938964844,401.1499938964844,0.0,372.7004089355469
2013-12-13,401.1499938964844,401.1499938964844,401.1499938964844,401.1499938964844,0.0,372.7004089355469
2013-12-16,401.1499938964844,401.1499938964844,401.1499938964844,401.1499938964844,0.0,372.7004089355469
2013-12-17,401.1499938964844,401.1499938964844,401.1499938964844,401.1499938964844,0.0,372.7004089355469
2013-12-18,401.1499938964844,401.1499938964844,401.1499938964844,401.1499938964844,0.0,372.7004089355469
2013-12-19,401.1499938964844,401.1499938964844,401.1499938964844,401.1499938964844,0.0,372.7004089355469
2013-12-20,401.1499938964844,401.1499938964844,401.1499938964844,401.1499938964844,0.0,372.7004089355469
2013-12-23,401.1499938964844,401.1499938964844,401.1499938964844,401.1499938964844,0.0,372.7004089355469
2013-12-24,401.1499938964844,401.1499938964844,401.1499938964844,401.1499938964844,0.0,372.7004089355469
2013-12-26,401.1499938964844,401.1499938964844,401.1499938964844,401.1499938964844,0.0,372.7004089355469
2013-12-27,401.1499938964844,401.1499938964844,401.1499938964844,401.1499938964844,0.0,372.7004089355469
2013-12-30,401.1499938964844,401.1499938964844,401.1499938964844,401.1499938964844,0.0,372.7004089355469
2013-12-31,401.1499938964844,401.1499938964844,401.1499938964844,401.1499938964844,0.0,372.7004089355469
2014-01-02,401.1499938964844,401.1499938964844,401.1499938964844,401.1499938964844,0.0,372.7004089355469
2014-01-03,401.1499938964844,401.1499938964844,401.1499938964844,401.1499938964844,0.0,372.7004089355469
2014-01-06,401.1499938964844,401.1499938964844,401.1499938964844,401.1499938964844,0.0,372.7004089355469
2014-01-07,401.1499938964844,401.1499938964844,401.1499938964844,401.1499938964844,0.0,372.7004089355469
2014-01-08,401.1499938964844,401.1499938964844,401.1499938964844,401.1499938964844,0.0,372.7004089355469
2014-01-09,401.1499938964844,401.1499938964844,401.1499938964844,401.1499938964844,0.0,372.7004089355469
2014-01-10,401.1499938964844,401.1499938964844,401.1499938964844,401.1499938964844,0.0,372.7004089355469
2014-01-13,401.1499938964844,401.1499938964844,401.1499938964844,401.1499938964844,0.0,372.7004089355469
2014-01-14,401.1499938964844,401.1499938964844,401.1499938964844,401.1499938964844,0.0,372.7004089355469
2014-01-15,401.1499938964844,401.1499938964844,401.1499938964844,401.1499938964844,0.0,372.7004089355469
2014-01-16,401.1499938964844,401.1499938964844,401.1499938964844,401.1499938964844,0.0,372.7004089355469
2014-01-17,401.1499938964844,401.1499938964844,401.1499938964844,401.1499938964844,0.0,372.7004089355469
2014-01-21,401.1499938964844,401.1499938964844,401.1499938964844,401.1499938964844,0.0,372.7004089355469
2014-01-22,401.1499938964844,401.1499938964844,401.1499938964844,401.1499938964844,0.0,372.7004089355469
2014-01-23,401.1499938964844,401.1499938964844,401.1499938964844,401.1499938964844,0.0,372.7004089355469
2014-01-24,401.1499938964844,401.1499938964844,401.1499938964844,401.1499938964844,0.0,372.7004089355469
2014-01-27,401.1499938964844,401.1499938964844,401.1499938964844,401.1499938964844,0.0,372.7004089355469
2014-01-28,401.1499938964844,401.1499938964844,401.1499938964844,401.1499938964844,0.0,372.7004089355469
2014-01-29,401.1499938964844,401.1499938964844,401.1499938964844,401.1499938964844,0.0,372.7004089355469
2014-01-30,401.1499938964844,401.1499938964844,401.1499938964844,401.1499938964844,0.0,372.7004089355469
2014-01-31,401.1499938964844,401.1499938964844,401.1499938964844,401.1499938964844,0.0,372.7004089355469
2014-02-03,401.1499938964844,401.1499938964844,401.1499938964844,401.1499938964844,0.0,372.7004089355469
2014-02-04,401.1499938964844,401.1499938964844,401.1499938964844,401.1499938964844,0.0,372.7004089355469
2014-02-05,401.1499938964844,401.1499938964844,401.1499938964844,401.1499938964844,0.0,372.7004089355469
2014-02-06,401.1499938964844,401.1499938964844,401.1499938964844,401.1499938964844,0.0,372.7004089355469
2014-02-07,401.1499938964844,401.1499938964844,401.1499938964844,401.1499938964844,0.0,372.7004089355469
2014-02-10,401.1499938964844,401.1499938964844,401.1499938964844,401.1499938964844,0.0,372.7004089355469
2014-02-11,401.1499938964844,401.1499938964844,401.1499938964844,401.1499938964844,0.0,372.7004089355469
2014-02-12,401.1499938964844,401.1499938964844,401.1499938964844,401.1499938964844,0.0,372.7004089355469
2014-02-13,401.1499938964844,401.1499938964844,401.1499938964844,401.1499938964844,0.0,372.7004089355469
2014-02-14,401.1499938964844,401.1499938964844,401.1499938964844,401.1499938964844,0.0,372.7004089355469
2014-02-18,401.1499938964844,401.1499938964844,401.1499938964844,401.1499938964844,0.0,372.7004089355469
2014-02-19,401.1499938964844,401.1499938964844,401.1499938964844,401.1499938964844,0.0,372.7004089355469
2014-02-20,401.1499938964844,401.1499938964844,401.1499938964844,401.1499938964844,0.0,372.7004089355469
2014-02-21,401.1499938964844,401.1499938964844,401.1499938964844,401.1499938964844,0.0,372.7004089355469
2014-02-24,401.1499938964844,401.1499938964844,401.1499938964844,401.1499938964844,0.0,372.7004089355469
2014-02-25,401.1499938964844,401.1499938964844,401.1499938964844,401.1499938964844,0.0,372.7004089355469
2014-02-26,401.1499938964844,401.1499938964844,401.1499938964844,401.1499938964844,0.0,372.7004089355469
2014-02-27,401.1499938964844,401.1499938964844,401.1499938964844,401.1499938964844,0.0,372.7004089355469
2014-02-28,401.1499938964844,401.1499938964844,401.1499938964844,401.1499938964844,0.0,372.7004089355469
2014-03-03,401.1499938964844,401.1499938964844,401.1499938964844,401.1499938964844,0.0,372.7004089355469
2014-03-04,401.1499938964844,401.1499938964844,401.1499938964844,401.1499938964844,0.0,372.7004089355469
2014-03-05,401.1499938964844,401.1499938964844,401.1499938964844,401.1499938964844,0.0,373.2586975097656
2014-03-06,401.1499938964844,401.1499938964844,401.1499938964844,401.1499938964844,0.0,373.2586975097656
2014-03-07,401.1499938964844,401.1499938964844,401.1499938964844,401.1499938964844,0.0,373.2586975097656
2014-03-10,401.1499938964844,401.1499938964844,401.1499938964844,401.1499938964844,0.0,373.2586975097656
2014-03-11,401.1499938964844,401.1499938964844,401.1499938964844,401.1499938964844,0.0,373.2586975097656
2014-03-12,401.1499938964844,401.1499938964844,401.1499938964844,401.1499938964844,0.0,373.2586975097656
2014-03-13,401.1499938964844,401.1499938964844,401.1499938964844,401.1499938964844,0.0,373.2586975097656
2014-03-14,401.1499938964844,401.1499938964844,401.1499938964844,401.1499938964844,0.0,373.2586975097656
2014-03-17,401.1499938964844,401.1499938964844,401.1499938964844,401.1499938964844,0.0,373.2586975097656
2014-03-18,401.1499938964844,401.1499938964844,401.1499938964844,401.1499938964844,0.0,373.2586975097656
2014-03-19,401.1499938964844,401.1499938964844,401.1499938964844,401.1499938964844,0.0,373.2586975097656
2014-03-20,401.1499938964844,401.1499938964844,401.1499938964844,401.1499938964844,0.0,373.2586975097656
2014-03-21,401.1499938964844,401.1499938964844,401.1499938964844,401.1499938964844,0.0,373.2586975097656
2014-03-24,401.1499938964844,401.1499938964844,401.1499938964844,401.1499938964844,0.0,373.2586975097656
2014-03-25,401.1499938964844,401.1499938964844,401.1499938964844,401.1499938964844,0.0,373.2586975097656
2014-03-26,401.1499938964844,401.1499938964844,401.1499938964844,401.1499938964844,0.0,373.2586975097656
2014-03-27,401.1499938964844,401.1499938964844,401.1499938964844,401.1499938964844,0.0,373.2586975097656
2014-03-28,401.1499938964844,401.1499938964844,401.1499938964844,401.1499938964844,0.0,373.2586975097656
2014-03-31,401.1499938964844,401.1499938964844,401.1499938964844,401.1499938964844,0.0,373.2586975097656
2014-04-01,401.1499938964844,401.1499938964844,401.1499938964844,401.1499938964844,0.0,373.2586975097656
2014-04-02,401.1499938964844,401.1499938964844,401.1499938964844,401.1499938964844,0.0,373.2586975097656
2014-04-03,401.1499938964844,401.1499938964844,401.1499938964844,401.1499938964844,0.0,373.2586975097656
2014-04-04,401.1499938964844,401.1499938964844,401.1499938964844,401.1499938964844,0.0,373.2586975097656
2014-04-07,401.1499938964844,401.1499938964844,401.1499938964844,401.1499938964844,0.0,373.2586975097656
2014-04-08,401.1499938964844,401.1499938964844,401.1499938964844,401.1499938964844,0.0,373.2586975097656
2014-04-09,401.1499938964844,401.1499938964844,401.1499938964844,401.1499938964844,0.0,373.2586975097656
2014-04-10,450.0,450.0,450.0,450.0,0.0,418.71234130859375
2014-04-11,450.0,450.0,450.0,450.0,0.0,418.71234130859375
2014-04-14,450.0,450.0,450.0,450.0,0.0,418.71234130859375
2014-04-15,450.0,450.0,450.0,450.0,0.0,418.71234130859375
2014-04-16,450.0,450.0,450.0,450.0,0.0,418.71234130859375
2014-04-17,450.0,450.0,450.0,450.0,0.0,418.71234130859375
2014-04-21,450.0,450.0,450.0,450.0,0.0,418.71234130859375
2014-04-22,450.0,450.0,450.0,450.0,0.0,418.71234130859375
2014-04-23,450.0,450.0,450.0,450.0,0.0,418.71234130859375
2014-04-24,450.0,450.0,450.0,450.0,0.0,418.71234130859375
2014-04-25,450.0,450.0,450.0,450.0,0.0,418.71234130859375
2014-04-28,450.0,450.0,450.0,450.0,0.0,418.71234130859375
2014-04-29,450.0,450.0,450.0,450.0,0.0,418.71234130859375
2014-04-30,450.0,450.0,450.0,450.0,0.0,418.71234130859375
2014-05-01,440.0,440.0,440.0,440.0,100.0,409.4074401855469
2014-05-02,440.0,440.0,440.0,440.0,0.0,409.4074401855469
2014-05-05,440.0,440.0,440.0,440.0,0.0,409.4074401855469
2014-05-06,440.0,440.0,440.0,440.0,0.0,409.4074401855469
2014-05-07,440.0,440.0,440.0,440.0,0.0,409.4074401855469
2014-05-08,440.0,440.0,440.0,440.0,0.0,409.4074401855469
2014-05-09,440.0,440.0,440.0,440.0,0.0,409.4074401855469
2014-05-12,440.0,440.0,440.0,440.0,0.0,409.4074401855469
2014-05-13,440.0,440.0,440.0,440.0,0.0,409.4074401855469
2014-05-14,440.0,440.0,440.0,440.0,0.0,409.4074401855469
2014-05-15,440.0,440.0,440.0,440.0,0.0,409.4074401855469
2014-05-16,440.0,440.0,440.0,440.0,0.0,409.4074401855469
2014-05-19,440.0,440.0,440.0,440.0,0.0,409.4074401855469
2014-05-20,440.0,440.0,440.0,440.0,0.0,409.4074401855469
2014-05-21,440.0,440.0,440.0,440.0,0.0,409.4074401855469
2014-05-22,440.0,440.0,440.0,440.0,0.0,409.4074401855469
2014-05-23,440.0,440.0,440.0,440.0,0.0,409.4074401855469
2014-05-27,440.0,440.0,440.0,440.0,0.0,409.4074401855469
2014-05-28,440.0,440.0,440.0,440.0,0.0,409.4074401855469
2014-05-29,440.0,440.0,440.0,440.0,0.0,409.4074401855469
2014-05-30,440.0,440.0,440.0,440.0,0.0,409.4074401855469
2014-06-02,440.0,440.0,440.0,440.0,0.0,409.4074401855469
2014-06-03,440.0,440.0,440.0,440.0,0.0,409.4074401855469
2014-06-04,440.0,440.0,440.0,440.0,0.0,409.9665222167969
2014-06-05,440.0,440.0,440.0,440.0,0.0,409.9665222167969
2014-06-06,440.0,440.0,440.0,440.0,0.0,409.9665222167969
2014-06-09,440.0,440.0,440.0,440.0,0.0,409.9665222167969
2014-06-10,440.0,440.0,440.0,440.0,0.0,409.9665222167969
2014-06-11,440.0,440.0,440.0,440.0,0.0,409.9665222167969
2014-06-12,440.0,440.0,440.0,440.0,0.0,409.9665222167969
2014-06-13,440.0,440.0,440.0,440.0,0.0,409.9665222167969
2014-06-16,440.0,440.0,440.0,440.0,0.0,409.9665222167969
2014-06-17,440.0,440.0,440.0,440.0,0.0,409.9665222167969
2014-06-18,440.0,440.0,440.0,440.0,0.0,409.9665222167969
2014-06-19,440.0,440.0,440.0,440.0,0.0,409.9665222167969
2014-06-20,440.0,440.0,440.0,440.0,0.0,409.9665222167969
2014-06-23,440.0,440.0,440.0,440.0,0.0,409.9665222167969
2014-06-24,440.0,440.0,440.0,440.0,0.0,409.9665222167969
2014-06-25,440.0,440.0,440.0,440.0,0.0,409.9665222167969
2014-06-26,440.0,440.0,440.0,440.0,0.0,409.9665222167969
2014-06-27,440.0,440.0,440.0,440.0,0.0,409.9665222167969
2014-06-30,440.0,440.0,440.0,440.0,0.0,409.9665222167969
2014-07-01,440.0,440.0,440.0,440.0,0.0,409.9665222167969
2014-07-02,440.0,440.0,440.0,440.0,0.0,409.9665222167969
2014-07-03,440.0,440.0,440.0,440.0,0.0,409.9665222167969
2014-07-07,440.0,440.0,440.0,440.0,0.0,409.9665222167969
2014-07-08,440.0,440.0,440.0,440.0,0.0,409.9665222167969
2014-07-09,440.0,440.0,440.0,440.0,0.0,409.9665222167969
2014-07-10,440.0,440.0,440.0,440.0,0.0,409.9665222167969
2014-07-11,440.0,440.0,440.0,440.0,0.0,409.9665222167969
2014-07-14,440.0,440.0,440.0,440.0,0.0,409.9665222167969
2014-07-15,440.0,440.0,440.0,440.0,0.0,409.9665222167969
2014-07-16,440.0,440.0,440.0,440.0,0.0,409.9665222167969
2014-07-17,440.0,440.0,440.0,440.0,0.0,409.9665222167969
2014-07-18,440.0,440.0,440.0,440.0,0.0,409.9665222167969
2014-07-21,440.0,440.0,440.0,440.0,0.0,409.9665222167969
2014-07-22,440.0,440.0,440.0,440.0,0.0,409.9665222167969
2014-07-23,440.0,440.0,440.0,440.0,0.0,409.9665222167969
2014-07-24,440.0,440.0,440.0,440.0,0.0,409.9665222167969
2014-07-25,440.0,440.0,440.0,440.0,0.0,409.9665222167969
2014-07-28,440.0,440.0,440.0,440.0,0.0,409.9665222167969
2014-07-29,440.0,440.0,440.0,440.0,0.0,409.9665222167969
2014-07-30,440.0,440.0,440.0,440.0,0.0,409.9665222167969
2014-07-31,440.0,440.0,440.0,440.0,0.0,409.9665222167969
2014-08-01,440.0,440.0,440.0,440.0,0.0,409.9665222167969
2014-08-04,440.0,440.0,440.0,440.0,0.0,409.9665222167969
2014-08-05,440.0,440.0,440.0,440.0,0.0,409.9665222167969
2014-08-06,440.0,440.0,440.0,440.0,0.0,409.9665222167969
2014-08-07,440.0,440.0,440.0,440.0,0.0,409.9665222167969
2014-08-08,440.0,440.0,440.0,440.0,0.0,409.9665222167969
2014-08-11,440.0,440.0,440.0,440.0,0.0,409.9665222167969
2014-08-12,440.0,440.0,440.0,440.0,0.0,409.9665222167969
2014-08-13,432.6499938964844,432.6499938964844,432.6499938964844,432.6499938964844,0.0,403.1182556152344
2014-08-14,432.6499938964844,432.6499938964844,432.6499938964844,432.6499938964844,0.0,403.1182556152344
2014-08-15,432.6499938964844,432.6499938964844,432.6499938964844,432.6499938964844,0.0,403.1182556152344
2014-08-18,432.6499938964844,432.6499938964844,432.6499938964844,432.6499938964844,0.0,403.1182556152344
2014-08-19,432.6499938964844,432.6499938964844,432.6499938964844,432.6499938964844,0.0,403.1182556152344
2014-08-20,410.0,409.0,410.0,410.0,0.0,382.0143127441406
2014-08-21,410.0,410.0,410.0,410.0,0.0,382.0143127441406
2014-08-22,406.0,395.0,406.0,400.0,0.0,372.69696044921875
2014-08-25,400.0,400.0,400.0,400.0,0.0,372.69696044921875
2014-08-26,400.0,400.0,400.0,400.0,0.0,372.69696044921875
2014-08-27,400.0,400.0,400.0,400.0,0.0,373.2568664550781
2014-08-28,400.0,400.0,400.0,400.0,0.0,373.2568664550781
2014-08-29,400.0,400.0,400.0,400.0,0.0,373.2568664550781
2014-09-02,400.0,400.0,400.0,400.0,0.0,373.2568664550781
2014-09-03,400.0,400.0,400.0,400.0,0.0,373.2568664550781
2014-09-04,400.0,400.0,400.0,400.0,0.0,373.2568664550781
2014-09-05,375.0,375.0,375.0,375.0,0.0,349.9282531738281
2014-09-08,375.0,375.0,375.0,375.0,0.0,349.9282531738281
2014-09-09,375.0,375.0,375.0,375.0,0.0,349.9282531738281
2014-09-10,375.0,375.0,375.0,375.0,0.0,349.9282531738281
2014-09-11,375.0,375.0,375.0,375.0,0.0,349.9282531738281
2014-09-12,375.0,375.0,375.0,375.0,0.0,349.9282531738281
2014-09-15,375.0,375.0,375.0,375.0,0.0,349.9282531738281
2014-09-16,375.0,375.0,375.0,375.0,0.0,349.9282531738281
2014-09-17,375.0,375.0,375.0,375.0,0.0,349.9282531738281
2014-09-18,375.0,375.0,375.0,375.0,0.0,349.9282531738281
2014-09-19,375.0,375.0,375.0,375.0,0.0,349.9282531738281
2014-09-22,375.0,375.0,375.0,375.0,0.0,349.9282531738281
2014-09-23,375.0,375.0,375.0,375.0,0.0,349.9282531738281
2014-09-24,375.0,375.0,375.0,375.0,0.0,349.9282531738281
2014-09-25,375.0,375.0,375.0,375.0,0.0,349.9282531738281
2014-09-26,355.0,355.0,355.0,355.0,0.0,331.2653503417969
2014-09-29,355.0,355.0,355.0,355.0,0.0,331.2653503417969
2014-09-30,355.0,355.0,355.0,355.0,0.0,331.2653503417969
2014-10-01,355.0,355.0,355.0,355.0,0.0,331.2653503417969
2014-10-02,355.0,355.0,355.0,355.0,0.0,331.2653503417969
2014-10-03,355.0,355.0,355.0,355.0,0.0,331.2653503417969
2014-10-06,355.0,355.0,355.0,355.0,0.0,331.2653503417969
2014-10-07,355.0,355.0,355.0,355.0,0.0,331.2653503417969
2014-10-08,355.0,355.0,355.0,355.0,0.0,331.2653503417969
2014-10-09,355.0,355.0,355.0,355.0,0.0,331.2653503417969
2014-10-10,355.0,355.0,355.0,355.0,0.0,331.2653503417969
2014-10-13,355.0,355.0,355.0,355.0,0.0,331.2653503417969
2014-10-14,355.0,355.0,355.0,355.0,0.0,331.2653503417969
2014-10-15,355.0,355.0,355.0,355.0,0.0,331.2653503417969
2014-10-16,355.0,355.0,355.0,355.0,0.0,331.2653503417969
2014-10-17,355.0,355.0,355.0,355.0,0.0,331.2653503417969
2014-10-20,355.0,355.0,355.0,355.0,0.0,331.2653503417969
2014-10-21,355.0,355.0,355.0,355.0,0.0,331.2653503417969
2014-10-22,355.0,355.0,355.0,355.0,0.0,331.2653503417969
2014-10-23,355.0,355.0,355.0,355.0,0.0,331.2653503417969
2014-10-24,355.0,355.0,355.0,355.0,0.0,331.2653503417969
2014-10-27,355.0,355.0,355.0,355.0,0.0,331.2653503417969
2014-10-28,310.0,255.0,310.0,255.0,0.0,237.9512176513672
2014-10-29,255.0,255.0,255.0,255.0,0.0,237.9512176513672
2014-10-30,255.0,255.0,255.0,255.0,0.0,237.9512176513672
2014-10-31,255.0,255.0,255.0,255.0,0.0,237.9512176513672
2014-11-03,255.0,255.0,255.0,255.0,0.0,237.9512176513672
2014-11-04,255.0,255.0,255.0,255.0,0.0,237.9512176513672
2014-11-05,255.0,255.0,255.0,255.0,0.0,237.9512176513672
2014-11-06,255.0,255.0,255.0,255.0,0.0,237.9512176513672
2014-11-07,255.0,255.0,255.0,255.0,0.0,237.9512176513672
2014-11-10,255.0,255.0,255.0,255.0,0.0,237.9512176513672
2014-11-11,255.0,255.0,255.0,255.0,0.0,237.9512176513672
2014-11-12,255.0,255.0,255.0,255.0,0.0,237.9512176513672
2014-11-13,255.0,255.0,255.0,255.0,0.0,237.9512176513672
2014-11-14,255.0,255.0,255.0,255.0,0.0,237.9512176513672
2014-11-17,255.0,255.0,255.0,255.0,0.0,237.9512176513672
2014-11-18,255.0,255.0,255.0,255.0,0.0,237.9512176513672
2014-11-19,255.0,255.0,255.0,255.0,0.0,237.9512176513672
2014-11-20,255.0,255.0,255.0,255.0,0.0,237.9512176513672
2014-11-21,255.0,255.0,255.0,255.0,0.0,237.9512176513672
2014-11-24,255.0,255.0,255.0,255.0,0.0,237.9512176513672
2014-11-25,255.0,255.0,255.0,255.0,0.0,237.9512176513672
2014-11-26,255.0,255.0,255.0,255.0,0.0,237.9512176513672
2014-11-28,255.0,255.0,255.0,255.0,0.0,237.9512176513672
2014-12-01,255.0,255.0,255.0,255.0,0.0,237.9512176513672
2014-12-02,255.0,255.0,255.0,255.0,0.0,237.9512176513672
2014-12-03,255.0,255.0,255.0,255.0,0.0,237.9512176513672
2014-12-04,255.0,255.0,255.0,255.0,0.0,238.5124053955078
2014-12-05,255.0,255.0,255.0,255.0,0.0,238.5124053955078
2014-12-08,255.0,255.0,255.0,255.0,0.0,238.5124053955078
2014-12-09,255.0,255.0,255.0,255.0,0.0,238.5124053955078
2014-12-10,255.0,255.0,255.0,255.0,0.0,238.5124053955078
2014-12-11,255.0,255.0,255.0,255.0,0.0,238.5124053955078
2014-12-12,255.0,255.0,255.0,255.0,0.0,238.5124053955078
2014-12-15,255.0,255.0,255.0,255.0,0.0,238.5124053955078
2014-12-16,255.0,255.0,255.0,255.0,0.0,238.5124053955078
2014-12-17,255.0,255.0,255.0,255.0,0.0,238.5124053955078
2014-12-18,255.0,255.0,255.0,255.0,0.0,238.5124053955078
2014-12-19,255.0,255.0,255.0,255.0,0.0,238.5124053955078
2014-12-22,255.0,255.0,255.0,255.0,0.0,238.5124053955078
2014-12-23,255.0,255.0,255.0,255.0,0.0,238.5124053955078
2014-12-24,255.0,255.0,255.0,255.0,0.0,238.5124053955078
2014-12-26,255.0,255.0,255.0,255.0,0.0,238.5124053955078
2014-12-29,255.0,255.0,255.0,255.0,0.0,238.5124053955078
2014-12-30,255.0,255.0,255.0,255.0,0.0,238.5124053955078
2014-12-31,255.0,255.0,255.0,255.0,0.0,238.5124053955078
2015-01-02,255.0,255.0,255.0,255.0,0.0,238.5124053955078
2015-01-05,255.0,255.0,255.0,255.0,0.0,238.5124053955078
2015-01-06,255.0,255.0,255.0,255.0,0.0,238.5124053955078
2015-01-07,255.0,255.0,255.0,255.0,0.0,238.5124053955078
2015-01-08,255.0,255.0,255.0,255.0,0.0,238.5124053955078
2015-01-09,255.0,255.0,255.0,255.0,0.0,238.5124053955078
2015-01-12,255.0,255.0,255.0,255.0,0.0,238.5124053955078
2015-01-13,255.0,255.0,255.0,255.0,0.0,238.5124053955078
2015-01-14,255.0,255.0,255.0,255.0,0.0,238.5124053955078
2015-01-15,255.0,255.0,255.0,255.0,0.0,238.5124053955078
2015-01-16,255.0,255.0,255.0,255.0,0.0,238.5124053955078
2015-01-20,255.0,255.0,255.0,255.0,0.0,238.5124053955078
2015-01-21,255.0,255.0,255.0,255.0,0.0,238.5124053955078
2015-01-22,255.0,255.0,255.0,255.0,0.0,238.5124053955078
2015-01-23,255.0,255.0,255.0,255.0,0.0,238.5124053955078
2015-01-26,255.0,255.0,255.0,255.0,0.0,238.5124053955078
2015-01-27,255.0,255.0,255.0,255.0,0.0,238.5124053955078
2015-01-28,255.0,255.0,255.0,255.0,0.0,238.5124053955078
2015-01-29,255.0,255.0,255.0,255.0,0.0,238.5124053955078
2015-01-30,255.0,255.0,255.0,255.0,0.0,238.5124053955078
2015-02-02,255.0,255.0,255.0,255.0,0.0,238.5124053955078
2015-02-03,255.0,255.0,255.0,255.0,0.0,238.5124053955078
2015-02-04,255.0,255.0,255.0,255.0,0.0,238.5124053955078
2015-02-05,255.0,255.0,255.0,255.0,0.0,238.5124053955078
2015-02-06,255.0,255.0,255.0,255.0,0.0,238.5124053955078
2015-02-09,255.0,255.0,255.0,255.0,0.0,238.5124053955078
2015-02-10,255.0,255.0,255.0,255.0,0.0,238.5124053955078
2015-02-11,255.0,255.0,255.0,255.0,0.0,238.5124053955078
2015-02-12,255.0,255.0,255.0,255.0,0.0,238.5124053955078
2015-02-13,255.0,255.0,255.0,255.0,0.0,238.5124053955078
2015-02-17,255.0,255.0,255.0,255.0,0.0,238.5124053955078
2015-02-18,255.0,255.0,255.0,255.0,0.0,238.5124053955078
2015-02-19,255.0,255.0,255.0,255.0,0.0,238.5124053955078
2015-02-20,255.0,255.0,255.0,255.0,0.0,238.5124053955078
2015-02-23,255.0,255.0,255.0,255.0,0.0,238.5124053955078
2015-02-24,255.0,255.0,255.0,255.0,0.0,238.5124053955078
2015-02-25,255.0,255.0,255.0,255.0,0.0,238.5124053955078
2015-02-26,255.0,255.0,255.0,255.0,0.0,238.5124053955078
2015-02-27,255.0,255.0,255.0,255.0,0.0,238.5124053955078
2015-03-02,255.0,255.0,255.0,255.0,0.0,238.5124053955078
2015-03-03,255.0,255.0,255.0,255.0,0.0,238.5124053955078
2015-03-04,255.0,255.0,255.0,255.0,0.0,238.5124053955078
2015-03-05,400.0,350.0,354.0,354.0,100.0,331.99664306640625
2015-03-06,354.0,354.0,354.0,354.0,0.0,331.99664306640625
2015-03-09,354.0,354.0,354.0,354.0,0.0,331.99664306640625
2015-03-10,354.0,354.0,354.0,354.0,0.0,331.99664306640625
2015-03-11,354.0,354.0,354.0,354.0,0.0,331.99664306640625
2015-03-12,354.0,354.0,354.0,354.0,0.0,331.99664306640625
2015-03-13,354.0,354.0,354.0,354.0,0.0,331.99664306640625
2015-03-16,354.0,354.0,354.0,354.0,0.0,331.99664306640625
2015-03-17,354.0,354.0,354.0,354.0,0.0,331.99664306640625
2015-03-18,354.0,354.0,354.0,354.0,0.0,331.99664306640625
2015-03-19,354.0,354.0,354.0,354.0,0.0,331.99664306640625
2015-03-20,354.0,354.0,354.0,354.0,0.0,331.99664306640625
2015-03-23,354.0,354.0,354.0,354.0,0.0,331.99664306640625
2015-03-24,354.0,354.0,354.0,354.0,0.0,331.99664306640625
2015-03-25,354.0,354.0,354.0,354.0,0.0,331.99664306640625
2015-03-26,354.0,354.0,354.0,354.0,0.0,331.99664306640625
2015-03-27,354.0,354.0,354.0,354.0,0.0,331.99664306640625
2015-03-30,354.0,354.0,354.0,354.0,0.0,331.99664306640625
2015-03-31,354.0,354.0,354.0,354.0,0.0,331.99664306640625
2015-04-01,354.0,354.0,354.0,354.0,0.0,331.99664306640625
2015-04-02,354.0,354.0,354.0,354.0,0.0,331.99664306640625
2015-04-06,354.0,354.0,354.0,354.0,0.0,331.99664306640625
2015-04-07,354.0,354.0,354.0,354.0,0.0,331.99664306640625
2015-04-08,354.0,354.0,354.0,354.0,0.0,331.99664306640625
2015-04-09,354.0,354.0,354.0,354.0,0.0,331.99664306640625
2015-04-10,354.0,354.0,354.0,354.0,0.0,331.99664306640625
2015-04-13,354.0,354.0,354.0,354.0,0.0,331.99664306640625
2015-04-14,354.0,354.0,354.0,354.0,0.0,331.99664306640625
2015-04-15,354.0,354.0,354.0,354.0,0.0,331.99664306640625
2015-04-16,354.0,354.0,354.0,354.0,0.0,331.99664306640625
2015-04-17,354.0,354.0,354.0,354.0,0.0,331.99664306640625
2015-04-20,354.0,354.0,354.0,354.0,0.0,331.99664306640625
2015-04-21,354.0,354.0,354.0,354.0,0.0,331.99664306640625
2015-04-22,354.0,354.0,354.0,354.0,0.0,331.99664306640625
2015-04-23,354.0,354.0,354.0,354.0,0.0,331.99664306640625
2015-04-24,354.0,354.0,354.0,354.0,0.0,331.99664306640625
2015-04-27,354.0,354.0,354.0,354.0,0.0,331.99664306640625
2015-04-28,354.0,354.0,354.0,354.0,0.0,331.99664306640625
2015-04-29,354.0,354.0,354.0,354.0,0.0,331.99664306640625
2015-04-30,354.0,354.0,354.0,354.0,0.0,331.99664306640625
2015-05-01,354.0,354.0,354.0,354.0,0.0,331.99664306640625
2015-05-04,354.0,354.0,354.0,354.0,0.0,331.99664306640625
2015-05-05,354.0,354.0,354.0,354.0,0.0,331.99664306640625
2015-05-06,354.0,354.0,354.0,354.0,0.0,331.99664306640625
2015-05-07,354.0,354.0,354.0,354.0,0.0,331.99664306640625
2015-05-08,354.0,354.0,354.0,354.0,0.0,331.99664306640625
2015-05-11,354.0,354.0,354.0,354.0,0.0,331.99664306640625
2015-05-12,354.0,354.0,354.0,354.0,0.0,331.99664306640625
2015-05-13,354.0,354.0,354.0,354.0,0.0,331.99664306640625
2015-05-14,354.0,354.0,354.0,354.0,0.0,331.99664306640625
2015-05-15,354.0,354.0,354.0,354.0,0.0,331.99664306640625
2015-05-18,354.0,354.0,354.0,354.0,0.0,331.99664306640625
2015-05-19,354.0,354.0,354.0,354.0,0.0,331.99664306640625
2015-05-20,354.0,354.0,354.0,354.0,0.0,331.99664306640625
2015-05-21,354.0,354.0,354.0,354.0,0.0,331.99664306640625
2015-05-22,354.0,354.0,354.0,354.0,0.0,331.99664306640625
2015-05-26,354.0,354.0,354.0,354.0,0.0,331.99664306640625
2015-05-27,354.0,354.0,354.0,354.0,0.0,331.99664306640625
2015-05-28,354.0,354.0,354.0,354.0,0.0,331.99664306640625
2015-05-29,354.0,354.0,354.0,354.0,0.0,331.99664306640625
2015-06-01,354.0,354.0,354.0,354.0,0.0,331.99664306640625
2015-06-02,354.0,354.0,354.0,354.0,0.0,331.99664306640625
2015-06-03,354.0,354.0,354.0,354.0,0.0,331.99664306640625
2015-06-04,354.0,354.0,354.0,354.0,0.0,332.6355895996094
2015-06-05,354.0,354.0,354.0,354.0,0.0,332.6355895996094
2015-06-08,354.0,354.0,354.0,354.0,0.0,332.6355895996094
2015-06-09,354.0,354.0,354.0,354.0,0.0,332.6355895996094
2015-06-10,354.0,354.0,354.0,354.0,0.0,332.6355895996094
2015-06-11,354.0,354.0,354.0,354.0,0.0,332.6355895996094
2015-06-12,354.0,354.0,354.0,354.0,0.0,332.6355895996094
2015-06-15,354.0,354.0,354.0,354.0,0.0,332.6355895996094
2015-06-16,354.0,354.0,354.0,354.0,0.0,332.6355895996094
2015-06-17,354.0,354.0,354.0,354.0,0.0,332.6355895996094
2015-06-18,354.0,354.0,354.0,354.0,0.0,332.6355895996094
2015-06-19,354.0,354.0,354.0,354.0,0.0,332.6355895996094
2015-06-22,354.0,354.0,354.0,354.0,0.0,332.6355895996094
2015-06-23,354.0,354.0,354.0,354.0,0.0,332.6355895996094
2015-06-24,354.0,354.0,354.0,354.0,0.0,332.6355895996094
2015-06-25,354.0,354.0,354.0,354.0,0.0,332.6355895996094
2015-06-26,354.0,354.0,354.0,354.0,0.0,332.6355895996094
2015-06-29,354.0,354.0,354.0,354.0,0.0,332.6355895996094
2015-06-30,354.0,354.0,354.0,354.0,0.0,332.6355895996094
2015-07-01,354.0,354.0,354.0,354.0,0.0,332.6355895996094
2015-07-02,354.0,354.0,354.0,354.0,0.0,332.6355895996094
2015-07-06,354.0,354.0,354.0,354.0,0.0,332.6355895996094
2015-07-07,354.0,354.0,354.0,354.0,0.0,332.6355895996094
2015-07-08,354.0,354.0,354.0,354.0,0.0,332.6355895996094
2015-07-09,354.0,354.0,354.0,354.0,0.0,332.6355895996094
2015-07-10,354.0,354.0,354.0,354.0,0.0,332.6355895996094
2015-07-13,354.0,354.0,354.0,354.0,0.0,332.6355895996094
2015-07-14,354.0,354.0,354.0,354.0,0.0,332.6355895996094
2015-07-15,354.0,354.0,354.0,354.0,0.0,332.6355895996094
2015-07-16,354.0,354.0,354.0,354.0,0.0,332.6355895996094
2015-07-17,354.0,354.0,354.0,354.0,0.0,332.6355895996094
2015-07-20,354.0,354.0,354.0,354.0,0.0,332.6355895996094
2015-07-21,354.0,354.0,354.0,354.0,0.0,332.6355895996094
2015-07-22,354.0,354.0,354.0,354.0,0.0,332.6355895996094
2015-07-23,354.0,354.0,354.0,354.0,0.0,332.6355895996094
2015-07-24,354.0,354.0,354.0,354.0,0.0,332.6355895996094
2015-07-27,354.0,354.0,354.0,354.0,0.0,332.6355895996094
2015-07-28,354.0,354.0,354.0,354.0,0.0,332.6355895996094
2015-07-29,354.0,354.0,354.0,354.0,0.0,332.6355895996094
2015-07-30,354.0,354.0,354.0,354.0,0.0,332.6355895996094
2015-07-31,354.0,354.0,354.0,354.0,0.0,332.6355895996094
2015-08-03,354.0,354.0,354.0,354.0,0.0,332.6355895996094
2015-08-04,354.0,354.0,354.0,354.0,0.0,332.6355895996094
2015-08-05,354.0,354.0,354.0,354.0,0.0,332.6355895996094
2015-08-06,354.0,354.0,354.0,354.0,0.0,332.6355895996094
2015-08-07,354.0,354.0,354.0,354.0,0.0,332.6355895996094
2015-08-10,354.0,354.0,354.0,354.0,0.0,332.6355895996094
2015-08-11,354.0,354.0,354.0,354.0,0.0,332.6355895996094
2015-08-12,354.0,354.0,354.0,354.0,0.0,332.6355895996094
2015-08-13,354.0,354.0,354.0,354.0,0.0,332.6355895996094
2015-08-14,354.0,354.0,354.0,354.0,0.0,332.6355895996094
2015-08-17,354.0,354.0,354.0,354.0,0.0,332.6355895996094
2015-08-18,354.0,354.0,354.0,354.0,0.0,332.6355895996094
2015-08-19,354.0,354.0,354.0,354.0,0.0,332.6355895996094
2015-08-20,354.0,354.0,354.0,354.0,0.0,332.6355895996094
2015-08-21,354.0,354.0,354.0,354.0,0.0,332.6355895996094
2015-08-24,354.0,354.0,354.0,354.0,0.0,332.6355895996094
2015-08-25,354.0,354.0,354.0,354.0,0.0,332.6355895996094
2015-08-26,354.0,354.0,354.0,354.0,0.0,332.6355895996094
2015-08-27,354.0,354.0,354.0,354.0,0.0,332.6355895996094
2015-08-28,354.0,354.0,354.0,354.0,0.0,332.6355895996094
2015-08-31,500.0,500.0,500.0,500.0,100.0,469.8243103027344
2015-09-01,500.0,500.0,500.0,500.0,0.0,469.8243103027344
2015-09-02,500.0,500.0,500.0,500.0,0.0,470.46417236328125
2015-09-03,500.0,500.0,500.0,500.0,0.0,470.46417236328125
2015-09-04,500.0,500.0,500.0,500.0,0.0,470.46417236328125
2015-09-08,500.0,500.0,500.0,500.0,0.0,470.46417236328125
2015-09-09,500.0,500.0,500.0,500.0,0.0,470.46417236328125
2015-09-10,500.0,500.0,500.0,500.0,0.0,470.46417236328125
2015-09-11,500.0,500.0,500.0,500.0,0.0,470.46417236328125
2015-09-14,500.0,500.0,500.0,500.0,0.0,470.46417236328125
2015-09-15,500.0,500.0,500.0,500.0,0.0,470.46417236328125
2015-09-16,500.0,500.0,500.0,500.0,0.0,470.46417236328125
2015-09-17,500.0,500.0,500.0,500.0,0.0,470.46417236328125
2015-09-18,500.0,500.0,500.0,500.0,0.0,470.46417236328125
2015-09-21,500.0,500.0,500.0,500.0,0.0,470.46417236328125
2015-09-22,500.0,500.0,500.0,500.0,0.0,470.46417236328125
2015-09-23,500.0,500.0,500.0,500.0,0.0,470.46417236328125
2015-09-24,500.0,500.0,500.0,500.0,0.0,470.46417236328125
2015-09-25,500.0,500.0,500.0,500.0,0.0,470.46417236328125
2015-09-28,500.0,500.0,500.0,500.0,0.0,470.46417236328125
2015-09-29,500.0,500.0,500.0,500.0,0.0,470.46417236328125
2015-09-30,500.0,500.0,500.0,500.0,0.0,470.46417236328125
2015-10-01,500.0,500.0,500.0,500.0,0.0,470.46417236328125
2015-10-02,500.0,500.0,500.0,500.0,0.0,470.46417236328125
2015-10-05,500.0,500.0,500.0,500.0,0.0,470.46417236328125
2015-10-06,500.0,500.0,500.0,500.0,0.0,470.46417236328125
2015-10-07,500.0,500.0,500.0,500.0,0.0,470.46417236328125
2015-10-08,500.0,500.0,500.0,500.0,0.0,470.46417236328125
2015-10-09,500.0,500.0,500.0,500.0,0.0,470.46417236328125
2015-10-12,500.0,500.0,500.0,500.0,0.0,470.46417236328125
2015-10-13,500.0,500.0,500.0,500.0,0.0,470.46417236328125
2015-10-14,500.0,500.0,500.0,500.0,0.0,470.46417236328125
2015-10-15,500.0,500.0,500.0,500.0,0.0,470.46417236328125
2015-10-16,500.0,500.0,500.0,500.0,0.0,470.46417236328125
2015-10-19,500.0,500.0,500.0,500.0,0.0,470.46417236328125
2015-10-20,500.0,500.0,500.0,500.0,0.0,470.46417236328125
2015-10-21,500.0,500.0,500.0,500.0,0.0,470.46417236328125
2015-10-22,500.0,500.0,500.0,500.0,0.0,470.46417236328125
2015-10-23,500.0,500.0,500.0,500.0,0.0,470.46417236328125
2015-10-26,500.0,500.0,500.0,500.0,0.0,470.46417236328125
2015-10-27,500.0,500.0,500.0,500.0,0.0,470.46417236328125
2015-10-28,500.0,500.0,500.0,500.0,0.0,470.46417236328125
2015-10-29,500.0,500.0,500.0,500.0,0.0,470.46417236328125
2015-10-30,500.0,500.0,500.0,500.0,0.0,470.46417236328125
2015-11-02,500.0,500.0,500.0,500.0,0.0,470.46417236328125
2015-11-03,500.0,500.0,500.0,500.0,0.0,470.46417236328125
2015-11-04,500.0,500.0,500.0,500.0,0.0,470.46417236328125
2015-11-05,500.0,500.0,500.0,500.0,0.0,470.46417236328125
2015-11-06,500.0,500.0,500.0,500.0,0.0,470.46417236328125
2015-11-09,500.0,500.0,500.0,500.0,0.0,470.46417236328125
2015-11-10,500.0,500.0,500.0,500.0,0.0,470.46417236328125
2015-11-11,500.0,500.0,500.0,500.0,0.0,470.46417236328125
2015-11-12,500.0,500.0,500.0,500.0,0.0,470.46417236328125
2015-11-13,500.0,500.0,500.0,500.0,0.0,470.46417236328125
2015-11-16,500.0,500.0,500.0,500.0,0.0,470.46417236328125
2015-11-17,500.0,500.0,500.0,500.0,0.0,470.46417236328125
2015-11-18,500.0,500.0,500.0,500.0,0.0,470.46417236328125
2015-11-19,500.0,500.0,500.0,500.0,0.0,470.46417236328125
2015-11-20,500.0,500.0,500.0,500.0,0.0,470.46417236328125
2015-11-23,500.0,500.0,500.0,500.0,0.0,470.46417236328125
2015-11-24,500.0,500.0,500.0,500.0,0.0,471.1048583984375
2015-11-25,500.0,500.0,500.0,500.0,0.0,471.1048583984375
2015-11-27,500.0,500.0,500.0,500.0,0.0,471.1048583984375
2015-11-30,500.0,500.0,500.0,500.0,0.0,471.1048583984375
2015-12-01,500.0,500.0,500.0,500.0,0.0,471.1048583984375
2015-12-02,500.0,500.0,500.0,500.0,0.0,471.1048583984375
2015-12-03,500.0,500.0,500.0,500.0,0.0,471.1048583984375
2015-12-04,500.0,500.0,500.0,500.0,0.0,471.1048583984375
2015-12-07,500.0,500.0,500.0,500.0,0.0,471.1048583984375
2015-12-08,500.0,500.0,500.0,500.0,0.0,471.1048583984375
2015-12-09,500.0,500.0,500.0,500.0,0.0,471.1048583984375
2015-12-10,500.0,500.0,500.0,500.0,0.0,471.1048583984375
2015-12-11,500.0,500.0,500.0,500.0,0.0,471.1048583984375
2015-12-14,500.0,500.0,500.0,500.0,0.0,471.1048583984375
2015-12-15,500.0,500.0,500.0,500.0,0.0,471.1048583984375
2015-12-16,500.0,500.0,500.0,500.0,0.0,471.1048583984375
2015-12-17,500.0,500.0,500.0,500.0,0.0,471.1048583984375
2015-12-18,500.0,500.0,500.0,500.0,0.0,471.1048583984375
2015-12-21,500.0,500.0,500.0,500.0,0.0,471.1048583984375
2015-12-22,500.0,500.0,500.0,500.0,0.0,471.1048583984375
2015-12-23,500.0,500.0,500.0,500.0,0.0,471.1048583984375
2015-12-24,500.0,500.0,500.0,500.0,0.0,471.1048583984375
2015-12-28,500.0,500.0,500.0,500.0,0.0,471.1048583984375
2015-12-29,500.0,500.0,500.0,500.0,0.0,471.1048583984375
2015-12-30,500.0,500.0,500.0,500.0,0.0,471.1048583984375
2015-12-31,500.0,500.0,500.0,500.0,0.0,471.1048583984375
2016-01-04,500.0,500.0,500.0,500.0,0.0,471.1048583984375
2016-01-05,500.0,500.0,500.0,500.0,0.0,471.1048583984375
2016-01-06,500.0,500.0,500.0,500.0,0.0,471.1048583984375
2016-01-07,500.0,500.0,500.0,500.0,0.0,471.1048583984375
2016-01-08,500.0,500.0,500.0,500.0,0.0,471.1048583984375
2016-01-11,500.0,500.0,500.0,500.0,0.0,471.1048583984375
2016-01-12,500.0,500.0,500.0,500.0,0.0,471.1048583984375
2016-01-13,500.0,500.0,500.0,500.0,0.0,471.1048583984375
2016-01-14,500.0,500.0,500.0,500.0,0.0,471.1048583984375
2016-01-15,500.0,500.0,500.0,500.0,0.0,471.1048583984375
2016-01-19,500.0,500.0,500.0,500.0,0.0,471.1048583984375
2016-01-20,500.0,500.0,500.0,500.0,0.0,471.1048583984375
2016-01-21,500.0,500.0,500.0,500.0,0.0,471.1048583984375
2016-01-22,500.0,500.0,500.0,500.0,0.0,471.1048583984375
2016-01-25,500.0,500.0,500.0,500.0,0.0,471.1048583984375
2016-01-26,500.0,500.0,500.0,500.0,0.0,471.1048583984375
2016-01-27,500.0,500.0,500.0,500.0,0.0,471.1048583984375
2016-01-28,500.0,500.0,500.0,500.0,0.0,471.1048583984375
2016-01-29,500.0,500.0,500.0,500.0,0.0,471.1048583984375
2016-02-01,500.0,500.0,500.0,500.0,0.0,471.1048583984375
2016-02-02,500.0,500.0,500.0,500.0,0.0,471.1048583984375
2016-02-03,500.0,500.0,500.0,500.0,0.0,471.1048583984375
2016-02-04,500.0,500.0,500.0,500.0,0.0,471.1048583984375
2016-02-05,500.0,500.0,500.0,500.0,0.0,471.1048583984375
2016-02-08,500.0,500.0,500.0,500.0,0.0,471.1048583984375
2016-02-09,500.0,500.0,500.0,500.0,0.0,471.1048583984375
2016-02-10,500.0,500.0,500.0,500.0,0.0,471.1048583984375
2016-02-11,500.0,500.0,500.0,500.0,0.0,471.1048583984375
2016-02-12,500.0,500.0,500.0,500.0,0.0,471.1048583984375
2016-02-16,500.0,500.0,500.0,500.0,0.0,471.1048583984375
2016-02-17,500.0,500.0,500.0,500.0,0.0,471.1048583984375
2016-02-18,500.0,500.0,500.0,500.0,0.0,471.1048583984375
2016-02-19,500.0,500.0,500.0,500.0,0.0,471.1048583984375
2016-02-22,500.0,500.0,500.0,500.0,0.0,471.1048583984375
2016-02-23,500.0,500.0,500.0,500.0,0.0,471.1048583984375
2016-02-24,500.0,500.0,500.0,500.0,0.0,471.1048583984375
2016-02-25,500.0,500.0,500.0,500.0,0.0,471.1048583984375
2016-02-26,500.0,500.0,500.0,500.0,0.0,471.1048583984375
2016-02-29,500.0,500.0,500.0,500.0,0.0,471.1048583984375
2016-03-01,500.0,500.0,500.0,500.0,0.0,471.1048583984375
2016-03-02,500.0,500.0,500.0,500.0,0.0,471.1048583984375
2016-03-03,500.0,500.0,500.0,500.0,0.0,471.8125915527344
2016-03-04,500.0,500.0,500.0,500.0,0.0,471.8125915527344
2016-03-07,500.0,500.0,500.0,500.0,0.0,471.8125915527344
2016-03-08,500.0,500.0,500.0,500.0,0.0,471.8125915527344
2016-03-09,500.0,500.0,500.0,500.0,0.0,471.8125915527344
2016-03-10,500.0,500.0,500.0,500.0,0.0,471.8125915527344
2016-03-11,500.0,500.0,500.0,500.0,0.0,471.8125915527344
2016-03-14,500.0,500.0,500.0,500.0,0.0,471.8125915527344
2016-03-15,500.0,500.0,500.0,500.0,0.0,471.8125915527344
2016-03-16,500.0,500.0,500.0,500.0,0.0,471.8125915527344
2016-03-17,500.0,500.0,500.0,500.0,0.0,471.8125915527344
2016-03-18,500.0,500.0,500.0,500.0,0.0,471.8125915527344
2016-03-21,500.0,500.0,500.0,500.0,0.0,471.8125915527344
2016-03-22,500.0,500.0,500.0,500.0,0.0,471.8125915527344
2016-03-23,500.0,500.0,500.0,500.0,0.0,471.8125915527344
2016-03-24,500.0,500.0,500.0,500.0,0.0,471.8125915527344
2016-03-28,500.0,500.0,500.0,500.0,0.0,471.8125915527344
2016-03-29,500.0,500.0,500.0,500.0,0.0,471.8125915527344
2016-03-30,500.0,500.0,500.0,500.0,0.0,471.8125915527344
2016-03-31,500.0,500.0,500.0,500.0,0.0,471.8125915527344
2016-04-01,500.0,500.0,500.0,500.0,0.0,471.8125915527344
2016-04-04,500.0,500.0,500.0,500.0,0.0,471.8125915527344
2016-04-05,500.0,500.0,500.0,500.0,0.0,471.8125915527344
2016-04-06,500.0,500.0,500.0,500.0,0.0,471.8125915527344
2016-04-07,500.0,500.0,500.0,500.0,0.0,471.8125915527344
2016-04-08,500.0,500.0,500.0,500.0,0.0,471.8125915527344
2016-04-11,500.0,500.0,500.0,500.0,0.0,471.8125915527344
2016-04-12,500.0,500.0,500.0,500.0,0.0,471.8125915527344
2016-04-13,500.0,500.0,500.0,500.0,0.0,471.8125915527344
2016-04-14,500.0,500.0,500.0,500.0,0.0,471.8125915527344
2016-04-15,500.0,500.0,500.0,500.0,0.0,471.8125915527344
2016-04-18,500.0,500.0,500.0,500.0,0.0,471.8125915527344
2016-04-19,500.0,500.0,500.0,500.0,0.0,471.8125915527344
2016-04-20,500.0,500.0,500.0,500.0,0.0,471.8125915527344
2016-04-21,500.0,500.0,500.0,500.0,0.0,471.8125915527344
2016-04-22,500.0,500.0,500.0,500.0,0.0,471.8125915527344
2016-04-25,500.0,500.0,500.0,500.0,0.0,471.8125915527344
2016-04-26,500.0,500.0,500.0,500.0,0.0,471.8125915527344
2016-04-27,500.0,500.0,500.0,500.0,0.0,471.8125915527344
2016-04-28,500.0,500.0,500.0,500.0,0.0,471.8125915527344
2016-04-29,500.0,500.0,500.0,500.0,0.0,471.8125915527344
2016-05-02,500.0,500.0,500.0,500.0,0.0,471.8125915527344
2016-05-03,500.0,500.0,500.0,500.0,0.0,471.8125915527344
2016-05-04,500.0,500.0,500.0,500.0,0.0,471.8125915527344
2016-05-05,500.0,500.0,500.0,500.0,0.0,471.8125915527344
2016-05-06,500.0,500.0,500.0,500.0,0.0,471.8125915527344
2016-05-09,500.0,500.0,500.0,500.0,0.0,471.8125915527344
2016-05-10,500.0,500.0,500.0,500.0,0.0,471.8125915527344
2016-05-11,500.0,500.0,500.0,500.0,0.0,471.8125915527344
2016-05-12,500.0,500.0,500.0,500.0,0.0,471.8125915527344
2016-05-13,500.0,500.0,500.0,500.0,0.0,471.8125915527344
2016-05-16,500.0,500.0,500.0,500.0,0.0,471.8125915527344
2016-05-17,500.0,500.0,500.0,500.0,0.0,471.8125915527344
2016-05-18,500.0,500.0,500.0,500.0,0.0,471.8125915527344
2016-05-19,500.0,500.0,500.0,500.0,0.0,471.8125915527344
2016-05-20,500.0,500.0,500.0,500.0,0.0,471.8125915527344
2016-05-23,500.0,500.0,500.0,500.0,0.0,471.8125915527344
2016-05-24,500.0,500.0,500.0,500.0,0.0,471.8125915527344
2016-05-25,500.0,500.0,500.0,500.0,0.0,471.8125915527344
2016-05-26,500.0,500.0,500.0,500.0,0.0,471.8125915527344
2016-05-27,500.0,500.0,500.0,500.0,0.0,471.8125915527344
2016-05-31,500.0,500.0,500.0,500.0,0.0,471.8125915527344
2016-06-01,500.0,500.0,500.0,500.0,0.0,472.5213928222656
2016-06-02,500.0,500.0,500.0,500.0,0.0,472.5213928222656
2016-06-03,500.0,500.0,500.0,500.0,0.0,472.5213928222656
2016-06-06,500.0,500.0,500.0,500.0,0.0,472.5213928222656
2016-06-07,500.0,500.0,500.0,500.0,0.0,472.5213928222656
2016-06-08,500.0,500.0,500.0,500.0,0.0,472.5213928222656
2016-06-09,500.0,500.0,500.0,500.0,0.0,472.5213928222656
2016-06-10,500.0,500.0,500.0,500.0,0.0,472.5213928222656
2016-06-13,500.0,500.0,500.0,500.0,0.0,472.5213928222656
2016-06-14,500.0,500.0,500.0,500.0,0.0,472.5213928222656
2016-06-15,500.0,500.0,500.0,500.0,0.0,472.5213928222656
2016-06-16,500.0,500.0,500.0,500.0,0.0,472.5213928222656
2016-06-17,500.0,500.0,500.0,500.0,0.0,472.5213928222656
2016-06-20,500.0,500.0,500.0,500.0,0.0,472.5213928222656
2016-06-21,500.0,500.0,500.0,500.0,0.0,472.5213928222656
2016-06-22,500.0,500.0,500.0,500.0,0.0,472.5213928222656
2016-06-23,500.0,500.0,500.0,500.0,0.0,472.5213928222656
2016-06-24,500.0,500.0,500.0,500.0,0.0,472.5213928222656
2016-06-27,500.0,500.0,500.0,500.0,0.0,472.5213928222656
2016-06-28,500.0,500.0,500.0,500.0,0.0,472.5213928222656
2016-06-29,500.0,500.0,500.0,500.0,0.0,472.5213928222656
2016-06-30,500.0,500.0,500.0,500.0,0.0,472.5213928222656
2016-07-01,500.0,500.0,500.0,500.0,0.0,472.5213928222656
2016-07-05,500.0,500.0,500.0,500.0,0.0,472.5213928222656
2016-07-06,500.0,500.0,500.0,500.0,0.0,472.5213928222656
2016-07-07,500.0,500.0,500.0,500.0,0.0,472.5213928222656
2016-07-08,500.0,500.0,500.0,500.0,0.0,472.5213928222656
2016-07-11,500.0,500.0,500.0,500.0,0.0,472.5213928222656
2016-07-12,500.0,500.0,500.0,500.0,0.0,472.5213928222656
2016-07-13,500.0,500.0,500.0,500.0,0.0,472.5213928222656
2016-07-14,500.0,500.0,500.0,500.0,0.0,472.5213928222656
2016-07-15,500.0,500.0,500.0,500.0,0.0,472.5213928222656
2016-07-18,500.0,500.0,500.0,500.0,0.0,472.5213928222656
2016-07-19,500.0,500.0,500.0,500.0,0.0,472.5213928222656
2016-07-20,500.0,500.0,500.0,500.0,0.0,472.5213928222656
2016-07-21,500.0,500.0,500.0,500.0,0.0,472.5213928222656
2016-07-22,500.0,500.0,500.0,500.0,0.0,472.5213928222656
2016-07-25,500.0,500.0,500.0,500.0,0.0,472.5213928222656
2016-07-26,500.0,500.0,500.0,500.0,0.0,472.5213928222656
2016-07-27,500.0,500.0,500.0,500.0,0.0,472.5213928222656
2016-07-28,500.0,500.0,500.0,500.0,0.0,472.5213928222656
2016-07-29,500.0,500.0,500.0,500.0,0.0,472.5213928222656
2016-08-01,500.0,500.0,500.0,500.0,0.0,472.5213928222656
2016-08-02,500.0,500.0,500.0,500.0,0.0,472.5213928222656
2016-08-03,500.0,500.0,500.0,500.0,0.0,472.5213928222656
2016-08-04,500.0,500.0,500.0,500.0,0.0,472.5213928222656
2016-08-05,500.0,500.0,500.0,500.0,0.0,472.5213928222656
2016-08-08,500.0,500.0,500.0,500.0,0.0,472.5213928222656
2016-08-09,500.0,500.0,500.0,500.0,0.0,472.5213928222656
2016-08-10,500.0,500.0,500.0,500.0,0.0,472.5213928222656
2016-08-11,500.0,500.0,500.0,500.0,0.0,472.5213928222656
2016-08-12,500.0,500.0,500.0,500.0,0.0,472.5213928222656
2016-08-15,500.0,500.0,500.0,500.0,0.0,472.5213928222656
2016-08-16,500.0,500.0,500.0,500.0,0.0,472.5213928222656
2016-08-17,500.0,500.0,500.0,500.0,0.0,472.5213928222656
2016-08-18,500.0,500.0,500.0,500.0,0.0,472.5213928222656
2016-08-19,500.0,500.0,500.0,500.0,0.0,472.5213928222656
2016-08-22,500.0,500.0,500.0,500.0,0.0,472.5213928222656
2016-08-23,500.0,500.0,500.0,500.0,0.0,472.5213928222656
2016-08-24,500.0,500.0,500.0,500.0,0.0,472.5213928222656
2016-08-25,500.0,500.0,500.0,500.0,0.0,472.5213928222656
2016-08-26,500.0,500.0,500.0,500.0,0.0,472.5213928222656
2016-08-29,500.0,500.0,500.0,500.0,0.0,472.5213928222656
2016-08-30,500.0,500.0,500.0,500.0,0.0,472.5213928222656
2016-08-31,500.0,500.0,500.0,500.0,0.0,473.2312316894531
2016-09-01,500.0,500.0,500.0,500.0,0.0,473.2312316894531
2016-09-02,500.0,500.0,500.0,500.0,0.0,473.2312316894531
2016-09-06,500.0,500.0,500.0,500.0,0.0,473.2312316894531
2016-09-07,500.0,500.0,500.0,500.0,0.0,473.2312316894531
2016-09-08,500.0,500.0,500.0,500.0,0.0,473.2312316894531
2016-09-09,500.0,500.0,500.0,500.0,0.0,473.2312316894531
2016-09-12,500.0,500.0,500.0,500.0,0.0,473.2312316894531
2016-09-13,500.0,500.0,500.0,500.0,0.0,473.2312316894531
2016-09-14,500.0,500.0,500.0,500.0,0.0,473.2312316894531
2016-09-15,500.0,500.0,500.0,500.0,0.0,473.2312316894531
2016-09-16,500.0,500.0,500.0,500.0,0.0,473.2312316894531
2016-09-19,500.0,500.0,500.0,500.0,0.0,473.2312316894531
2016-09-20,500.0,500.0,500.0,500.0,0.0,473.2312316894531
2016-09-21,500.0,500.0,500.0,500.0,0.0,473.2312316894531
2016-09-22,500.0,500.0,500.0,500.0,0.0,473.2312316894531
2016-09-23,500.0,500.0,500.0,500.0,0.0,473.2312316894531
2016-09-26,500.0,500.0,500.0,500.0,0.0,473.2312316894531
2016-09-27,500.0,500.0,500.0,500.0,0.0,473.2312316894531
2016-09-28,500.0,500.0,500.0,500.0,0.0,473.2312316894531
2016-09-29,500.0,500.0,500.0,500.0,0.0,473.2312316894531
2016-09-30,500.0,500.0,500.0,500.0,0.0,473.2312316894531
2016-10-03,500.0,500.0,500.0,500.0,0.0,473.2312316894531
2016-10-04,500.0,500.0,500.0,500.0,0.0,473.2312316894531
2016-10-05,500.0,500.0,500.0,500.0,0.0,473.2312316894531
2016-10-06,500.0,500.0,500.0,500.0,0.0,473.2312316894531
2016-10-07,500.0,500.0,500.0,500.0,0.0,473.2312316894531
2016-10-10,500.0,500.0,500.0,500.0,0.0,473.2312316894531
2016-10-11,500.0,500.0,500.0,500.0,0.0,473.2312316894531
2016-10-12,500.0,500.0,500.0,500.0,0.0,473.2312316894531
2016-10-13,500.0,500.0,500.0,500.0,0.0,473.2312316894531
2016-10-14,500.0,500.0,500.0,500.0,0.0,473.2312316894531
2016-10-17,500.0,500.0,500.0,500.0,0.0,473.2312316894531
2016-10-18,500.0,500.0,500.0,500.0,0.0,473.2312316894531
2016-10-19,500.0,500.0,500.0,500.0,0.0,473.2312316894531
2016-10-20,500.0,500.0,500.0,500.0,0.0,473.2312316894531
2016-10-21,500.0,500.0,500.0,500.0,0.0,473.2312316894531
2016-10-24,500.0,500.0,500.0,500.0,0.0,473.2312316894531
2016-10-25,500.0,500.0,500.0,500.0,0.0,473.2312316894531
2016-10-26,500.0,500.0,500.0,500.0,0.0,473.2312316894531
2016-10-27,500.0,500.0,500.0,500.0,0.0,473.2312316894531
2016-10-28,450.0,303.0,303.0,303.0,100.0,286.7781066894531
2016-10-31,303.0,303.0,303.0,303.0,0.0,286.7781066894531
2016-11-01,303.0,303.0,303.0,303.0,0.0,286.7781066894531
2016-11-02,303.0,303.0,303.0,303.0,0.0,286.7781066894531
2016-11-03,303.0,303.0,303.0,303.0,0.0,286.7781066894531
2016-11-04,303.0,303.0,303.0,303.0,0.0,286.7781066894531
2016-11-07,303.0,303.0,303.0,303.0,0.0,286.7781066894531
2016-11-08,303.0,303.0,303.0,303.0,0.0,286.7781066894531
2016-11-09,303.0,303.0,303.0,303.0,0.0,286.7781066894531
2016-11-10,303.0,303.0,303.0,303.0,0.0,286.7781066894531
2016-11-11,303.0,303.0,303.0,303.0,0.0,286.7781066894531
2016-11-14,385.0,385.0,385.0,385.0,100.0,364.3880310058594
2016-11-15,385.0,385.0,385.0,385.0,0.0,364.3880310058594
2016-11-16,385.0,385.0,385.0,385.0,0.0,364.3880310058594
2016-11-17,385.0,385.0,385.0,385.0,0.0,364.3880310058594
2016-11-18,385.0,385.0,385.0,385.0,0.0,364.3880310058594
2016-11-21,385.0,385.0,385.0,385.0,0.0,364.3880310058594
2016-11-22,385.0,385.0,385.0,385.0,0.0,364.3880310058594
2016-11-23,385.0,385.0,385.0,385.0,0.0,364.3880310058594
2016-11-25,385.0,385.0,385.0,385.0,0.0,364.3880310058594
2016-11-28,385.0,385.0,385.0,385.0,0.0,364.3880310058594
2016-11-29,385.0,385.0,385.0,385.0,0.0,364.3880310058594
2016-11-30,385.0,385.0,385.0,385.0,0.0,364.3880310058594
2016-12-01,385.0,385.0,385.0,385.0,0.0,365.0992736816406
2016-12-02,385.0,385.0,385.0,385.0,0.0,365.0992736816406
2016-12-05,385.0,385.0,385.0,385.0,0.0,365.0992736816406
2016-12-06,385.0,385.0,385.0,385.0,0.0,365.0992736816406
2016-12-07,385.0,385.0,385.0,385.0,0.0,365.0992736816406
2016-12-08,385.0,385.0,385.0,385.0,0.0,365.0992736816406
2016-12-09,385.0,385.0,385.0,385.0,0.0,365.0992736816406
2016-12-12,385.0,385.0,385.0,385.0,0.0,365.0992736816406
2016-12-13,385.0,385.0,385.0,385.0,0.0,365.0992736816406
2016-12-14,385.0,385.0,385.0,385.0,0.0,365.0992736816406
2016-12-15,385.0,385.0,385.0,385.0,0.0,365.0992736816406
2016-12-16,385.0,385.0,385.0,385.0,0.0,365.0992736816406
2016-12-19,385.0,385.0,385.0,385.0,0.0,365.0992736816406
2016-12-20,385.0,385.0,385.0,385.0,0.0,365.0992736816406
2016-12-21,385.0,385.0,385.0,385.0,0.0,365.0992736816406
2016-12-22,385.0,385.0,385.0,385.0,0.0,365.0992736816406
2016-12-23,385.0,385.0,385.0,385.0,0.0,365.0992736816406
2016-12-27,385.0,385.0,385.0,385.0,0.0,365.0992736816406
2016-12-28,385.0,385.0,385.0,385.0,0.0,365.0992736816406
2016-12-29,385.0,385.0,385.0,385.0,0.0,365.0992736816406
2016-12-30,385.0,385.0,385.0,385.0,0.0,365.0992736816406
2017-01-03,385.0,385.0,385.0,385.0,0.0,365.0992736816406
2017-01-04,385.0,385.0,385.0,385.0,0.0,365.0992736816406
2017-01-05,385.0,385.0,385.0,385.0,0.0,365.0992736816406
2017-01-06,385.0,385.0,385.0,385.0,0.0,365.0992736816406
2017-01-09,385.0,385.0,385.0,385.0,0.0,365.0992736816406
2017-01-10,385.0,385.0,385.0,385.0,0.0,365.0992736816406
2017-01-11,385.0,385.0,385.0,385.0,0.0,365.0992736816406
2017-01-12,385.0,385.0,385.0,385.0,0.0,365.0992736816406
2017-01-13,385.0,385.0,385.0,385.0,0.0,365.0992736816406
2017-01-17,385.0,385.0,385.0,385.0,0.0,365.0992736816406
2017-01-18,385.0,385.0,385.0,385.0,0.0,365.0992736816406
2017-01-19,385.0,385.0,385.0,385.0,0.0,365.0992736816406
2017-01-20,385.0,385.0,385.0,385.0,0.0,365.0992736816406
2017-01-23,385.0,385.0,385.0,385.0,0.0,365.0992736816406
2017-01-24,385.0,385.0,385.0,385.0,0.0,365.0992736816406
2017-01-25,385.0,385.0,385.0,385.0,0.0,365.0992736816406
2017-01-26,385.0,385.0,385.0,385.0,0.0,365.0992736816406
2017-01-27,385.0,385.0,385.0,385.0,0.0,365.0992736816406
2017-01-30,385.0,385.0,385.0,385.0,0.0,365.0992736816406
2017-01-31,385.0,385.0,385.0,385.0,0.0,365.0992736816406
2017-02-01,385.0,385.0,385.0,385.0,0.0,365.0992736816406
2017-02-02,385.0,385.0,385.0,385.0,0.0,365.0992736816406
2017-02-03,385.0,385.0,385.0,385.0,0.0,365.0992736816406
2017-02-06,385.0,385.0,385.0,385.0,0.0,365.0992736816406
2017-02-07,385.0,385.0,385.0,385.0,0.0,365.0992736816406
2017-02-08,385.0,385.0,385.0,385.0,0.0,365.0992736816406
2017-02-09,385.0,385.0,385.0,385.0,0.0,365.0992736816406
2017-02-10,385.0,385.0,385.0,385.0,0.0,365.0992736816406
2017-02-13,385.0,385.0,385.0,385.0,0.0,365.0992736816406
2017-02-14,385.0,385.0,385.0,385.0,0.0,365.0992736816406
2017-02-15,385.0,385.0,385.0,385.0,0.0,365.0992736816406
2017-02-16,385.0,385.0,385.0,385.0,0.0,365.0992736816406
2017-02-17,385.0,385.0,385.0,385.0,0.0,365.0992736816406
2017-02-21,385.0,385.0,385.0,385.0,0.0,365.0992736816406
2017-02-22,385.0,385.0,385.0,385.0,0.0,365.0992736816406
2017-02-23,385.0,385.0,385.0,385.0,0.0,365.0992736816406
2017-02-24,385.0,385.0,385.0,385.0,0.0,365.0992736816406
2017-02-27,385.0,385.0,385.0,385.0,0.0,365.0992736816406
2017-02-28,385.0,385.0,385.0,385.0,0.0,365.0992736816406
2017-03-01,385.0,385.0,385.0,385.0,0.0,365.0992736816406
2017-03-02,385.0,385.0,385.0,385.0,0.0,365.0992736816406
2017-03-03,385.0,385.0,385.0,385.0,0.0,365.8975830078125
2017-03-06,385.0,385.0,385.0,385.0,0.0,365.8975830078125
2017-03-07,385.0,385.0,385.0,385.0,0.0,365.8975830078125
2017-03-08,385.0,385.0,385.0,385.0,0.0,365.8975830078125
2017-03-09,385.0,385.0,385.0,385.0,0.0,365.8975830078125
2017-03-10,385.0,385.0,385.0,385.0,0.0,365.8975830078125
2017-03-13,385.0,385.0,385.0,385.0,0.0,365.8975830078125
2017-03-14,385.0,385.0,385.0,385.0,0.0,365.8975830078125
2017-03-15,385.0,385.0,385.0,385.0,0.0,365.8975830078125
2017-03-16,385.0,385.0,385.0,385.0,0.0,365.8975830078125
2017-03-17,385.0,385.0,385.0,385.0,0.0,365.8975830078125
2017-03-20,385.0,385.0,385.0,385.0,0.0,365.8975830078125
2017-03-21,385.0,385.0,385.0,385.0,0.0,365.8975830078125
2017-03-22,385.0,385.0,385.0,385.0,0.0,365.8975830078125
2017-03-23,385.0,385.0,385.0,385.0,0.0,365.8975830078125
2017-03-24,385.0,385.0,385.0,385.0,0.0,365.8975830078125
2017-03-27,350.0,350.0,350.0,350.0,100.0,332.63409423828125
2017-03-28,350.0,350.0,350.0,350.0,0.0,332.63409423828125
2017-03-29,350.0,350.0,350.0,350.0,0.0,332.63409423828125
2017-03-30,350.0,350.0,350.0,350.0,0.0,332.63409423828125
2017-03-31,350.0,350.0,350.0,350.0,0.0,332.63409423828125
2017-04-03,350.0,350.0,350.0,350.0,0.0,332.63409423828125
2017-04-04,350.0,350.0,350.0,350.0,0.0,332.63409423828125
2017-04-05,350.0,350.0,350.0,350.0,0.0,332.63409423828125
2017-04-06,350.0,350.0,350.0,350.0,0.0,332.63409423828125
2017-04-07,350.0,350.0,350.0,350.0,0.0,332.63409423828125
2017-04-10,350.0,350.0,350.0,350.0,0.0,332.63409423828125
2017-04-11,350.0,350.0,350.0,350.0,0.0,332.63409423828125
2017-04-12,350.0,350.0,350.0,350.0,0.0,332.63409423828125
2017-04-13,350.0,350.0,350.0,350.0,0.0,332.63409423828125
2017-04-17,350.0,350.0,350.0,350.0,0.0,332.63409423828125
2017-04-18,350.0,350.0,350.0,350.0,0.0,332.63409423828125
2017-04-19,350.0,350.0,350.0,350.0,0.0,332.63409423828125
2017-04-20,350.0,350.0,350.0,350.0,0.0,332.63409423828125
2017-04-21,350.0,350.0,350.0,350.0,0.0,332.63409423828125
2017-04-24,350.0,350.0,350.0,350.0,0.0,332.63409423828125
2017-04-25,350.0,350.0,350.0,350.0,0.0,332.63409423828125
2017-04-26,350.0,350.0,350.0,350.0,0.0,332.63409423828125
2017-04-27,350.0,350.0,350.0,350.0,0.0,332.63409423828125
2017-04-28,350.0,350.0,350.0,350.0,100.0,332.63409423828125
2017-05-01,350.0,350.0,350.0,350.0,0.0,332.63409423828125
2017-05-02,350.0,350.0,350.0,350.0,0.0,332.63409423828125
2017-05-03,350.0,350.0,350.0,350.0,0.0,332.63409423828125
2017-05-04,350.0,350.0,350.0,350.0,0.0,332.63409423828125
2017-05-05,350.0,350.0,350.0,350.0,0.0,332.63409423828125
2017-05-08,350.0,350.0,350.0,350.0,0.0,332.63409423828125
2017-05-09,350.0,350.0,350.0,350.0,0.0,332.63409423828125
2017-05-10,350.0,350.0,350.0,350.0,0.0,332.63409423828125
2017-05-11,350.0,350.0,350.0,350.0,0.0,332.63409423828125
2017-05-12,350.0,350.0,350.0,350.0,0.0,332.63409423828125
2017-05-15,350.0,350.0,350.0,350.0,0.0,332.63409423828125
2017-05-16,350.0,350.0,350.0,350.0,0.0,332.63409423828125
2017-05-17,350.0,350.0,350.0,350.0,0.0,332.63409423828125
2017-05-18,350.0,350.0,350.0,350.0,0.0,332.63409423828125
2017-05-19,350.0,350.0,350.0,350.0,100.0,332.63409423828125
2017-05-22,350.0,350.0,350.0,350.0,0.0,332.63409423828125
2017-05-23,350.0,350.0,350.0,350.0,0.0,332.63409423828125
2017-05-24,350.0,350.0,350.0,350.0,0.0,332.63409423828125
2017-05-25,350.0,350.0,350.0,350.0,0.0,332.63409423828125
2017-05-26,350.0,350.0,350.0,350.0,0.0,332.63409423828125
2017-05-30,350.0,350.0,350.0,350.0,0.0,332.63409423828125
2017-05-31,350.0,350.0,350.0,350.0,0.0,332.63409423828125
2017-06-01,350.0,350.0,350.0,350.0,0.0,332.63409423828125
2017-06-02,350.0,350.0,350.0,350.0,0.0,333.4344482421875
2017-06-05,350.0,350.0,350.0,350.0,0.0,333.4344482421875
2017-06-06,350.0,350.0,350.0,350.0,0.0,333.4344482421875
2017-06-07,350.0,350.0,350.0,350.0,0.0,333.4344482421875
2017-06-08,350.0,350.0,350.0,350.0,0.0,333.4344482421875
2017-06-09,350.0,350.0,350.0,350.0,0.0,333.4344482421875
2017-06-12,350.0,350.0,350.0,350.0,0.0,333.4344482421875
2017-06-13,350.0,350.0,350.0,350.0,0.0,333.4344482421875
2017-06-14,350.0,350.0,350.0,350.0,0.0,333.4344482421875
2017-06-15,350.0,350.0,350.0,350.0,0.0,333.4344482421875
2017-06-16,350.0,350.0,350.0,350.0,0.0,333.4344482421875
2017-06-19,350.0,350.0,350.0,350.0,0.0,333.4344482421875
2017-06-20,350.0,350.0,350.0,350.0,0.0,333.4344482421875
2017-06-21,350.0,350.0,350.0,350.0,0.0,333.4344482421875
2017-06-22,350.0,350.0,350.0,350.0,0.0,333.4344482421875
2017-06-23,350.0,350.0,350.0,350.0,0.0,333.4344482421875
2017-06-26,350.0,350.0,350.0,350.0,0.0,333.4344482421875
2017-06-27,350.0,350.0,350.0,350.0,0.0,333.4344482421875
2017-06-28,350.0,350.0,350.0,350.0,0.0,333.4344482421875
2017-06-29,350.0,350.0,350.0,350.0,0.0,333.4344482421875
2017-06-30,350.0,350.0,350.0,350.0,0.0,333.4344482421875
2017-07-03,350.0,350.0,350.0,350.0,0.0,333.4344482421875
2017-07-05,350.0,350.0,350.0,350.0,0.0,333.4344482421875
2017-07-06,350.0,350.0,350.0,350.0,0.0,333.4344482421875
2017-07-07,350.0,350.0,350.0,350.0,0.0,333.4344482421875
2017-07-10,350.0,350.0,350.0,350.0,0.0,333.4344482421875
2017-07-11,350.0,350.0,350.0,350.0,0.0,333.4344482421875
2017-07-12,350.0,350.0,350.0,350.0,0.0,333.4344482421875
2017-07-13,350.0,350.0,350.0,350.0,0.0,333.4344482421875
2017-07-14,350.0,350.0,350.0,350.0,0.0,333.4344482421875
2017-07-17,350.0,350.0,350.0,350.0,0.0,333.4344482421875
2017-07-18,350.0,350.0,350.0,350.0,0.0,333.4344482421875
2017-07-19,350.0,350.0,350.0,350.0,0.0,333.4344482421875
2017-07-20,350.0,350.0,350.0,350.0,0.0,333.4344482421875
2017-07-21,350.0,350.0,350.0,350.0,0.0,333.4344482421875
2017-07-24,350.0,350.0,350.0,350.0,0.0,333.4344482421875
2017-07-25,350.0,350.0,350.0,350.0,0.0,333.4344482421875
2017-07-26,350.0,350.0,350.0,350.0,0.0,333.4344482421875
2017-07-27,350.0,350.0,350.0,350.0,0.0,333.4344482421875
2017-07-28,350.0,350.0,350.0,350.0,0.0,333.4344482421875
2017-07-31,350.0,350.0,350.0,350.0,0.0,333.4344482421875
2017-08-01,350.0,350.0,350.0,350.0,0.0,333.4344482421875
2017-08-02,350.0,350.0,350.0,350.0,0.0,333.4344482421875
2017-08-03,350.0,350.0,350.0,350.0,100.0,333.4344482421875
2017-08-04,350.0,350.0,350.0,350.0,0.0,333.4344482421875
2017-08-07,350.0,350.0,350.0,350.0,0.0,333.4344482421875
2017-08-08,350.0,350.0,350.0,350.0,0.0,333.4344482421875
2017-08-09,350.0,350.0,350.0,350.0,0.0,333.4344482421875
2017-08-10,350.0,350.0,350.0,350.0,0.0,333.4344482421875
2017-08-11,350.0,350.0,350.0,350.0,0.0,333.4344482421875
2017-08-14,350.0,350.0,350.0,350.0,0.0,333.4344482421875
2017-08-15,350.0,350.0,350.0,350.0,0.0,333.4344482421875
2017-08-16,350.0,350.0,350.0,350.0,0.0,333.4344482421875
2017-08-17,350.0,350.0,350.0,350.0,0.0,333.4344482421875
2017-08-18,350.0,350.0,350.0,350.0,0.0,333.4344482421875
2017-08-21,350.0,350.0,350.0,350.0,0.0,333.4344482421875
2017-08-22,350.0,350.0,350.0,350.0,200.0,333.4344482421875
2017-08-23,350.0,350.0,350.0,350.0,0.0,333.4344482421875
2017-08-24,350.0,350.0,350.0,350.0,0.0,333.4344482421875
2017-08-25,350.0,350.0,350.0,350.0,0.0,333.4344482421875
2017-08-28,350.0,350.0,350.0,350.0,0.0,333.4344482421875
2017-08-29,350.0,350.0,350.0,350.0,0.0,333.4344482421875
2017-08-30,350.0,350.0,350.0,350.0,0.0,333.4344482421875
2017-08-31,350.0,350.0,350.0,350.0,0.0,334.2365417480469
2017-09-01,350.0,350.0,350.0,350.0,0.0,334.2365417480469
2017-09-05,350.0,350.0,350.0,350.0,0.0,334.2365417480469
2017-09-06,350.0,350.0,350.0,350.0,0.0,334.2365417480469
2017-09-07,350.0,350.0,350.0,350.0,0.0,334.2365417480469
2017-09-08,350.0,350.0,350.0,350.0,0.0,334.2365417480469
2017-09-11,350.0,350.0,350.0,350.0,0.0,334.2365417480469
2017-09-12,350.0,350.0,350.0,350.0,0.0,334.2365417480469
2017-09-13,350.0,350.0,350.0,350.0,0.0,334.2365417480469
2017-09-14,350.0,350.0,350.0,350.0,0.0,334.2365417480469
2017-09-15,350.0,350.0,350.0,350.0,0.0,334.2365417480469
2017-09-18,350.0,350.0,350.0,350.0,0.0,334.2365417480469
2017-09-19,350.0,350.0,350.0,350.0,0.0,334.2365417480469
2017-09-20,350.0,350.0,350.0,350.0,0.0,334.2365417480469
2017-09-21,350.0,350.0,350.0,350.0,0.0,334.2365417480469
2017-09-22,350.0,350.0,350.0,350.0,0.0,334.2365417480469
2017-09-25,350.0,350.0,350.0,350.0,0.0,334.2365417480469
2017-09-26,350.0,350.0,350.0,350.0,0.0,334.2365417480469
2017-09-27,350.0,350.0,350.0,350.0,0.0,334.2365417480469
2017-09-28,350.0,350.0,350.0,350.0,0.0,334.2365417480469
2017-09-29,350.0,350.0,350.0,350.0,0.0,334.2365417480469
2017-10-02,350.0,350.0,350.0,350.0,0.0,334.2365417480469
2017-10-03,350.0,350.0,350.0,350.0,0.0,334.2365417480469
2017-10-04,350.0,350.0,350.0,350.0,0.0,334.2365417480469
2017-10-05,350.0,350.0,350.0,350.0,0.0,334.2365417480469
2017-10-06,350.0,350.0,350.0,350.0,0.0,334.2365417480469
2017-10-09,350.0,350.0,350.0,350.0,0.0,334.2365417480469
2017-10-10,350.0,350.0,350.0,350.0,0.0,334.2365417480469
2017-10-11,350.0,350.0,350.0,350.0,0.0,334.2365417480469
2017-10-12,350.0,350.0,350.0,350.0,0.0,334.2365417480469
2017-10-13,350.0,350.0,350.0,350.0,0.0,334.2365417480469
2017-10-16,350.0,350.0,350.0,350.0,0.0,334.2365417480469
2017-10-17,350.0,350.0,350.0,350.0,0.0,334.2365417480469
2017-10-18,350.0,350.0,350.0,350.0,0.0,334.2365417480469
2017-10-19,350.0,350.0,350.0,350.0,0.0,334.2365417480469
2017-10-20,350.0,350.0,350.0,350.0,0.0,334.2365417480469
2017-10-23,350.0,350.0,350.0,350.0,0.0,334.2365417480469
2017-10-24,350.0,350.0,350.0,350.0,0.0,334.2365417480469
2017-10-25,350.0,350.0,350.0,350.0,0.0,334.2365417480469
2017-10-26,350.0,350.0,350.0,350.0,0.0,334.2365417480469
2017-10-27,350.0,350.0,350.0,350.0,0.0,334.2365417480469
2017-10-30,350.0,350.0,350.0,350.0,0.0,334.2365417480469
2017-10-31,350.0,350.0,350.0,350.0,0.0,334.2365417480469
2017-11-01,350.0,350.0,350.0,350.0,0.0,334.2365417480469
2017-11-02,350.0,350.0,350.0,350.0,0.0,334.2365417480469
2017-11-03,350.0,350.0,350.0,350.0,0.0,334.2365417480469
2017-11-06,350.0,350.0,350.0,350.0,0.0,334.2365417480469
2017-11-07,350.0,350.0,350.0,350.0,0.0,334.2365417480469
2017-11-08,350.0,350.0,350.0,350.0,0.0,334.2365417480469
2017-11-09,350.0,350.0,350.0,350.0,0.0,334.2365417480469
2017-11-10,350.0,350.0,350.0,350.0,0.0,334.2365417480469
2017-11-13,350.0,350.0,350.0,350.0,0.0,334.2365417480469
2017-11-14,350.0,350.0,350.0,350.0,0.0,334.2365417480469
2017-11-15,350.0,350.0,350.0,350.0,0.0,334.2365417480469
2017-11-16,350.0,350.0,350.0,350.0,0.0,334.2365417480469
2017-11-17,350.0,350.0,350.0,350.0,0.0,334.2365417480469
2017-11-20,350.0,350.0,350.0,350.0,0.0,334.2365417480469
2017-11-21,350.0,350.0,350.0,350.0,0.0,334.2365417480469
2017-11-22,350.0,350.0,350.0,350.0,0.0,334.2365417480469
2017-11-24,350.0,350.0,350.0,350.0,0.0,334.2365417480469
2017-11-27,350.0,350.0,350.0,350.0,0.0,334.2365417480469
2017-11-28,350.0,350.0,350.0,350.0,0.0,334.2365417480469
2017-11-29,350.0,350.0,350.0,350.0,0.0,334.2365417480469
2017-11-30,350.0,350.0,350.0,350.0,0.0,334.2365417480469
2017-12-01,350.0,350.0,350.0,350.0,0.0,334.2365417480469
2017-12-04,350.0,350.0,350.0,350.0,0.0,335.0406494140625
2017-12-05,350.0,350.0,350.0,350.0,0.0,335.0406494140625
2017-12-06,350.0,350.0,350.0,350.0,0.0,335.0406494140625
2017-12-07,350.0,350.0,350.0,350.0,0.0,335.0406494140625
2017-12-08,350.0,350.0,350.0,350.0,0.0,335.0406494140625
2017-12-11,350.0,350.0,350.0,350.0,0.0,335.0406494140625
2017-12-12,350.0,350.0,350.0,350.0,0.0,335.0406494140625
2017-12-13,368.0,360.0,360.0,368.0,100.0,352.27130126953125
2017-12-14,368.0,368.0,368.0,368.0,0.0,352.27130126953125
2017-12-15,368.0,368.0,368.0,368.0,0.0,352.27130126953125
2017-12-18,368.0,368.0,368.0,368.0,0.0,352.27130126953125
2017-12-19,368.0,368.0,368.0,368.0,0.0,352.27130126953125
2017-12-20,368.0,368.0,368.0,368.0,0.0,352.27130126953125
2017-12-21,368.0,368.0,368.0,368.0,0.0,352.27130126953125
2017-12-22,368.0,368.0,368.0,368.0,0.0,352.27130126953125
2017-12-26,368.0,368.0,368.0,368.0,0.0,352.27130126953125
2017-12-27,368.0,368.0,368.0,368.0,0.0,352.27130126953125
2017-12-28,368.0,368.0,368.0,368.0,0.0,352.27130126953125
2017-12-29,368.0,368.0,368.0,368.0,0.0,352.27130126953125
2018-01-02,368.0,368.0,368.0,368.0,0.0,352.27130126953125
2018-01-03,368.0,368.0,368.0,368.0,0.0,352.27130126953125
2018-01-04,368.0,368.0,368.0,368.0,0.0,352.27130126953125
2018-01-05,368.0,368.0,368.0,368.0,0.0,352.27130126953125
2018-01-08,368.0,368.0,368.0,368.0,0.0,352.27130126953125
2018-01-09,368.0,368.0,368.0,368.0,0.0,352.27130126953125
2018-01-10,368.0,368.0,368.0,368.0,0.0,352.27130126953125
2018-01-11,368.0,368.0,368.0,368.0,0.0,352.27130126953125
2018-01-12,368.0,368.0,368.0,368.0,0.0,352.27130126953125
2018-01-16,368.0,368.0,368.0,368.0,0.0,352.27130126953125
2018-01-17,368.0,368.0,368.0,368.0,0.0,352.27130126953125
2018-01-18,368.0,368.0,368.0,368.0,0.0,352.27130126953125
2018-01-19,368.0,368.0,368.0,368.0,0.0,352.27130126953125
2018-01-22,368.0,368.0,368.0,368.0,0.0,352.27130126953125
2018-01-23,368.0,368.0,368.0,368.0,0.0,352.27130126953125
2018-01-24,368.0,368.0,368.0,368.0,0.0,352.27130126953125
2018-01-25,368.0,368.0,368.0,368.0,0.0,352.27130126953125
2018-01-26,368.0,368.0,368.0,368.0,0.0,352.27130126953125
2018-01-29,368.0,368.0,368.0,368.0,0.0,352.27130126953125
2018-01-30,368.0,368.0,368.0,368.0,0.0,352.27130126953125
2018-01-31,368.0,368.0,368.0,368.0,0.0,352.27130126953125
2018-02-01,368.0,368.0,368.0,368.0,0.0,352.27130126953125
2018-02-02,378.0,378.0,378.0,378.0,100.0,361.84393310546875
2018-02-05,378.0,378.0,378.0,378.0,0.0,361.84393310546875
2018-02-06,378.0,378.0,378.0,378.0,0.0,361.84393310546875
2018-02-07,378.0,378.0,378.0,378.0,0.0,361.84393310546875
2018-02-08,378.0,378.0,378.0,378.0,0.0,361.84393310546875
2018-02-09,378.0,378.0,378.0,378.0,0.0,361.84393310546875
2018-02-12,378.0,378.0,378.0,378.0,0.0,361.84393310546875
2018-02-13,378.0,378.0,378.0,378.0,0.0,361.84393310546875
2018-02-14,378.0,378.0,378.0,378.0,0.0,361.84393310546875
2018-02-15,378.0,378.0,378.0,378.0,0.0,361.84393310546875
2018-02-16,378.0,378.0,378.0,378.0,0.0,361.84393310546875
2018-02-20,378.0,378.0,378.0,378.0,0.0,361.84393310546875
2018-02-21,378.0,378.0,378.0,378.0,0.0,361.84393310546875
2018-02-22,378.0,378.0,378.0,378.0,0.0,361.84393310546875
2018-02-23,378.0,378.0,378.0,378.0,0.0,361.84393310546875
2018-02-26,378.0,378.0,378.0,378.0,0.0,361.84393310546875
2018-02-27,378.0,378.0,378.0,378.0,0.0,361.84393310546875
2018-02-28,378.0,378.0,378.0,378.0,0.0,361.84393310546875
2018-03-01,378.0,378.0,378.0,378.0,0.0,361.84393310546875
2018-03-02,378.0,378.0,378.0,378.0,0.0,362.9481506347656
2018-03-05,378.0,378.0,378.0,378.0,0.0,362.9481506347656
2018-03-06,378.0,378.0,378.0,378.0,0.0,362.9481506347656
2018-03-07,378.0,378.0,378.0,378.0,0.0,362.9481506347656
2018-03-08,378.0,378.0,378.0,378.0,0.0,362.9481506347656
2018-03-09,378.0,378.0,378.0,378.0,0.0,362.9481506347656
2018-03-12,378.0,378.0,378.0,378.0,0.0,362.9481506347656
2018-03-13,378.0,378.0,378.0,378.0,0.0,362.9481506347656
2018-03-14,378.0,378.0,378.0,378.0,0.0,362.9481506347656
2018-03-15,378.0,378.0,378.0,378.0,0.0,362.9481506347656
2018-03-16,378.0,378.0,378.0,378.0,0.0,362.9481506347656
2018-03-19,378.0,378.0,378.0,378.0,0.0,362.9481506347656
2018-03-20,380.0,380.0,380.0,380.0,0.0,364.86846923828125
2018-03-21,380.0,380.0,380.0,380.0,0.0,364.86846923828125
2018-03-22,380.0,380.0,380.0,380.0,0.0,364.86846923828125
2018-03-23,380.0,380.0,380.0,380.0,0.0,364.86846923828125
2018-03-26,380.0,380.0,380.0,380.0,0.0,364.86846923828125
2018-03-27,380.0,380.0,380.0,380.0,0.0,364.86846923828125
2018-03-28,380.0,380.0,380.0,380.0,0.0,364.86846923828125
2018-03-29,380.0,380.0,380.0,380.0,0.0,364.86846923828125
2018-04-02,380.0,380.0,380.0,380.0,0.0,364.86846923828125
2018-04-03,380.0,380.0,380.0,380.0,0.0,364.86846923828125
2018-04-04,380.0,380.0,380.0,380.0,0.0,364.86846923828125
2018-04-05,380.0,380.0,380.0,380.0,0.0,364.86846923828125
2018-04-06,380.0,380.0,380.0,380.0,0.0,364.86846923828125
2018-04-09,380.0,380.0,380.0,380.0,0.0,364.86846923828125
2018-04-10,380.0,380.0,380.0,380.0,0.0,364.86846923828125
2018-04-11,380.0,380.0,380.0,380.0,0.0,364.86846923828125
2018-04-12,380.0,380.0,380.0,380.0,0.0,364.86846923828125
2018-04-13,380.0,380.0,380.0,380.0,0.0,364.86846923828125
2018-04-16,355.0,355.0,355.0,355.0,500.0,340.8639831542969
2018-04-17,355.0,355.0,355.0,355.0,0.0,340.8639831542969
2018-04-18,355.0,355.0,355.0,355.0,0.0,340.8639831542969
2018-04-19,355.0,355.0,355.0,355.0,0.0,340.8639831542969
2018-04-20,355.0,355.0,355.0,355.0,0.0,340.8639831542969
2018-04-23,370.0,370.0,370.0,370.0,500.0,355.2666931152344
2018-04-24,370.0,370.0,370.0,370.0,0.0,355.2666931152344
2018-04-25,370.0,370.0,370.0,370.0,0.0,355.2666931152344
2018-04-26,370.0,370.0,370.0,370.0,0.0,355.2666931152344
2018-04-27,370.0,370.0,370.0,370.0,0.0,355.2666931152344
2018-04-30,370.0,370.0,370.0,370.0,0.0,355.2666931152344
2018-05-01,370.0,370.0,370.0,370.0,0.0,355.2666931152344
2018-05-02,370.0,370.0,370.0,370.0,0.0,355.2666931152344
2018-05-03,370.0,370.0,370.0,370.0,0.0,355.2666931152344
2018-05-04,370.0,370.0,370.0,370.0,0.0,355.2666931152344
2018-05-07,370.0,370.0,370.0,370.0,0.0,355.2666931152344
2018-05-08,370.0,370.0,370.0,370.0,0.0,355.2666931152344
2018-05-09,370.0,370.0,370.0,370.0,0.0,355.2666931152344
2018-05-10,370.0,370.0,370.0,370.0,0.0,355.2666931152344
2018-05-11,370.0,370.0,370.0,370.0,0.0,355.2666931152344
2018-05-14,370.0,370.0,370.0,370.0,0.0,355.2666931152344
2018-05-15,370.0,370.0,370.0,370.0,0.0,355.2666931152344
2018-05-16,370.0,370.0,370.0,370.0,0.0,355.2666931152344
2018-05-17,370.0,370.0,370.0,370.0,0.0,355.2666931152344
2018-05-18,370.0,370.0,370.0,370.0,0.0,355.2666931152344
2018-05-21,370.0,370.0,370.0,370.0,0.0,355.2666931152344
2018-05-22,370.0,370.0,370.0,370.0,0.0,355.2666931152344
2018-05-23,370.0,370.0,370.0,370.0,0.0,355.2666931152344
2018-05-24,370.0,370.0,370.0,370.0,0.0,355.2666931152344
2018-05-25,370.0,370.0,370.0,370.0,0.0,355.2666931152344
2018-05-29,370.0,370.0,370.0,370.0,0.0,355.2666931152344
2018-05-30,370.0,370.0,370.0,370.0,0.0,355.2666931152344
2018-05-31,370.0,370.0,370.0,370.0,0.0,355.2666931152344
2018-06-01,370.0,370.0,370.0,370.0,0.0,355.2666931152344
2018-06-04,370.0,370.0,370.0,370.0,0.0,356.3743591308594
2018-06-05,370.0,370.0,370.0,370.0,0.0,356.3743591308594
2018-06-06,370.0,370.0,370.0,370.0,0.0,356.3743591308594
2018-06-07,370.0,370.0,370.0,370.0,0.0,356.3743591308594
2018-06-08,370.0,370.0,370.0,370.0,0.0,356.3743591308594
2018-06-11,370.0,370.0,370.0,370.0,0.0,356.3743591308594
2018-06-12,370.0,370.0,370.0,370.0,0.0,356.3743591308594
2018-06-13,370.0,370.0,370.0,370.0,0.0,356.3743591308594
2018-06-14,370.0,370.0,370.0,370.0,0.0,356.3743591308594
2018-06-15,370.0,370.0,370.0,370.0,0.0,356.3743591308594
2018-06-18,370.0,370.0,370.0,370.0,0.0,356.3743591308594
2018-06-19,370.0,370.0,370.0,370.0,0.0,356.3743591308594
2018-06-20,370.0,370.0,370.0,370.0,0.0,356.3743591308594
2018-06-21,370.0,370.0,370.0,370.0,0.0,356.3743591308594
2018-06-22,370.0,370.0,370.0,370.0,0.0,356.3743591308594
2018-06-25,370.0,370.0,370.0,370.0,0.0,356.3743591308594
2018-06-26,370.0,370.0,370.0,370.0,0.0,356.3743591308594
2018-06-27,370.0,370.0,370.0,370.0,0.0,356.3743591308594
2018-06-28,370.0,370.0,370.0,370.0,0.0,356.3743591308594
2018-06-29,370.0,370.0,370.0,370.0,0.0,356.3743591308594
2018-07-02,370.0,370.0,370.0,370.0,0.0,356.3743591308594
2018-07-03,370.0,370.0,370.0,370.0,0.0,356.3743591308594
2018-07-05,370.0,370.0,370.0,370.0,0.0,356.3743591308594
2018-07-06,370.0,370.0,370.0,370.0,0.0,356.3743591308594
2018-07-09,365.0,365.0,365.0,365.0,100.0,351.5585021972656
2018-07-10,365.0,365.0,365.0,365.0,0.0,351.5585021972656
2018-07-11,365.0,365.0,365.0,365.0,0.0,351.5585021972656
2018-07-12,365.0,365.0,365.0,365.0,0.0,351.5585021972656
2018-07-13,400.0,400.0,400.0,400.0,100.0,385.2695617675781
2018-07-16,400.0,400.0,400.0,400.0,0.0,385.2695617675781
2018-07-17,400.0,400.0,400.0,400.0,0.0,385.2695617675781
2018-07-18,400.0,400.0,400.0,400.0,0.0,385.2695617675781
2018-07-19,400.0,400.0,400.0,400.0,0.0,385.2695617675781
2018-07-20,400.0,400.0,400.0,400.0,0.0,385.2695617675781
2018-07-23,400.0,400.0,400.0,400.0,0.0,385.2695617675781
2018-07-24,400.0,400.0,400.0,400.0,0.0,385.2695617675781
2018-07-25,400.0,400.0,400.0,400.0,0.0,385.2695617675781
2018-07-26,400.0,400.0,400.0,400.0,0.0,385.2695617675781
2018-07-27,400.0,400.0,400.0,400.0,0.0,385.2695617675781
2018-07-30,400.0,400.0,400.0,400.0,0.0,385.2695617675781
2018-07-31,400.0,400.0,400.0,400.0,0.0,385.2695617675781
2018-08-01,400.0,400.0,400.0,400.0,0.0,385.2695617675781
2018-08-02,400.0,400.0,400.0,400.0,0.0,385.2695617675781
2018-08-03,400.0,400.0,400.0,400.0,0.0,385.2695617675781
2018-08-06,400.0,400.0,400.0,400.0,0.0,385.2695617675781
2018-08-07,400.0,400.0,400.0,400.0,0.0,385.2695617675781
2018-08-08,400.0,400.0,400.0,400.0,0.0,385.2695617675781
2018-08-09,400.0,400.0,400.0,400.0,0.0,385.2695617675781
2018-08-10,400.0,400.0,400.0,400.0,0.0,385.2695617675781
2018-08-13,400.0,400.0,400.0,400.0,0.0,385.2695617675781
2018-08-14,400.0,400.0,400.0,400.0,0.0,385.2695617675781
2018-08-15,400.0,400.0,400.0,400.0,0.0,385.2695617675781
2018-08-16,400.0,400.0,400.0,400.0,0.0,385.2695617675781
2018-08-17,400.0,400.0,400.0,400.0,0.0,385.2695617675781
2018-08-20,400.0,400.0,400.0,400.0,0.0,385.2695617675781
2018-08-21,400.0,400.0,400.0,400.0,0.0,385.2695617675781
2018-08-22,400.0,400.0,400.0,400.0,0.0,385.2695617675781
2018-08-23,400.0,400.0,400.0,400.0,0.0,385.2695617675781
2018-08-24,400.0,400.0,400.0,400.0,0.0,385.2695617675781
2018-08-27,400.0,400.0,400.0,400.0,0.0,385.2695617675781
2018-08-28,400.0,400.0,400.0,400.0,0.0,385.2695617675781
2018-08-29,400.0,400.0,400.0,400.0,0.0,385.2695617675781
2018-08-30,400.0,400.0,400.0,400.0,0.0,385.2695617675781
2018-08-31,400.0,400.0,400.0,400.0,0.0,386.38037109375
2018-09-04,400.0,400.0,400.0,400.0,0.0,386.38037109375
2018-09-05,400.0,400.0,400.0,400.0,0.0,386.38037109375
2018-09-06,400.0,400.0,400.0,400.0,0.0,386.38037109375
2018-09-07,400.0,400.0,400.0,400.0,0.0,386.38037109375
2018-09-10,400.0,400.0,400.0,400.0,0.0,386.38037109375
2018-09-11,400.0,400.0,400.0,400.0,0.0,386.38037109375
2018-09-12,400.0,400.0,400.0,400.0,0.0,386.38037109375
2018-09-13,400.0,400.0,400.0,400.0,0.0,386.38037109375
2018-09-14,400.0,400.0,400.0,400.0,0.0,386.38037109375
2018-09-17,440.0,400.0,440.0,400.0,100.0,386.38037109375
2018-09-18,400.0,400.0,400.0,400.0,0.0,386.38037109375
2018-09-19,400.0,400.0,400.0,400.0,0.0,386.38037109375
2018-09-20,400.0,400.0,400.0,400.0,0.0,386.38037109375
2018-09-21,400.0,400.0,400.0,400.0,0.0,386.38037109375
2018-09-24,400.0,400.0,400.0,400.0,0.0,386.38037109375
2018-09-25,400.0,400.0,400.0,400.0,0.0,386.38037109375
2018-09-26,400.0,400.0,400.0,400.0,0.0,386.38037109375
2018-09-27,380.0,380.0,380.0,380.0,100.0,367.06134033203125
2018-09-28,380.0,380.0,380.0,380.0,0.0,367.06134033203125
2018-10-01,380.0,380.0,380.0,380.0,0.0,367.06134033203125
2018-10-02,380.0,380.0,380.0,380.0,0.0,367.06134033203125
2018-10-03,380.0,380.0,380.0,380.0,0.0,367.06134033203125
2018-10-04,380.0,380.0,380.0,380.0,0.0,367.06134033203125
2018-10-05,380.0,380.0,380.0,380.0,0.0,367.06134033203125
2018-10-08,380.0,380.0,380.0,380.0,0.0,367.06134033203125
2018-10-09,380.0,380.0,380.0,380.0,0.0,367.06134033203125
2018-10-10,380.0,380.0,380.0,380.0,0.0,367.06134033203125
2018-10-11,380.0,380.0,380.0,380.0,0.0,367.06134033203125
2018-10-12,380.0,380.0,380.0,380.0,0.0,367.06134033203125
2018-10-15,380.0,380.0,380.0,380.0,0.0,367.06134033203125
2018-10-16,380.0,380.0,380.0,380.0,0.0,367.06134033203125
2018-10-17,380.0,380.0,380.0,380.0,0.0,367.06134033203125
2018-10-18,380.0,380.0,380.0,380.0,0.0,367.06134033203125
2018-10-19,380.0,380.0,380.0,380.0,0.0,367.06134033203125
2018-10-22,380.0,380.0,380.0,380.0,0.0,367.06134033203125
2018-10-23,400.0,400.0,400.0,400.0,100.0,386.38037109375
2018-10-24,400.0,400.0,400.0,400.0,0.0,386.38037109375
2018-10-25,400.0,400.0,400.0,400.0,0.0,386.38037109375
2018-10-26,400.0,400.0,400.0,400.0,0.0,386.38037109375
2018-10-29,400.0,400.0,400.0,400.0,0.0,386.38037109375
2018-10-30,400.0,400.0,400.0,400.0,0.0,386.38037109375
2018-10-31,400.0,400.0,400.0,400.0,0.0,386.38037109375
2018-11-01,400.0,400.0,400.0,400.0,0.0,386.38037109375
2018-11-02,400.0,400.0,400.0,400.0,0.0,386.38037109375
2018-11-05,400.0,400.0,400.0,400.0,0.0,386.38037109375
2018-11-06,400.0,400.0,400.0,400.0,0.0,386.38037109375
2018-11-07,400.0,400.0,400.0,400.0,0.0,386.38037109375
2018-11-08,400.0,400.0,400.0,400.0,0.0,386.38037109375
2018-11-09,400.0,400.0,400.0,400.0,0.0,386.38037109375
2018-11-12,400.0,400.0,400.0,400.0,0.0,386.38037109375
2018-11-13,400.0,400.0,400.0,400.0,0.0,386.38037109375
2018-11-14,400.0,400.0,400.0,400.0,0.0,386.38037109375
2018-11-15,400.0,400.0,400.0,400.0,0.0,386.38037109375
2018-11-16,400.0,400.0,400.0,400.0,0.0,386.38037109375
2018-11-19,400.0,400.0,400.0,400.0,0.0,386.38037109375
2018-11-20,400.0,400.0,400.0,400.0,0.0,386.38037109375
2018-11-21,400.0,400.0,400.0,400.0,0.0,386.38037109375
2018-11-23,400.0,400.0,400.0,400.0,0.0,386.38037109375
2018-11-26,400.0,400.0,400.0,400.0,0.0,386.38037109375
2018-11-27,400.0,400.0,400.0,400.0,0.0,386.38037109375
2018-11-28,400.0,400.0,400.0,400.0,0.0,386.38037109375
2018-11-29,400.0,400.0,400.0,400.0,0.0,386.38037109375
2018-11-30,400.0,400.0,400.0,400.0,0.0,386.38037109375
2018-12-03,400.0,400.0,400.0,400.0,0.0,386.38037109375
2018-12-04,400.0,400.0,400.0,400.0,0.0,386.38037109375
2018-12-06,400.0,400.0,400.0,400.0,0.0,386.38037109375
2018-12-07,400.0,400.0,400.0,400.0,0.0,387.494384765625
2018-12-10,400.0,400.0,400.0,400.0,0.0,387.494384765625
2018-12-11,400.0,400.0,400.0,400.0,0.0,387.494384765625
2018-12-12,400.0,400.0,400.0,400.0,0.0,387.494384765625
2018-12-13,400.0,400.0,400.0,400.0,0.0,387.494384765625
2018-12-14,400.0,400.0,400.0,400.0,0.0,387.494384765625
2018-12-17,400.0,400.0,400.0,400.0,0.0,387.494384765625
2018-12-18,400.0,400.0,400.0,400.0,0.0,387.494384765625
2018-12-19,400.0,400.0,400.0,400.0,0.0,387.494384765625
2018-12-20,400.0,400.0,400.0,400.0,0.0,387.494384765625
2018-12-21,400.0,400.0,400.0,400.0,0.0,387.494384765625
2018-12-24,400.0,400.0,400.0,400.0,0.0,387.494384765625
2018-12-26,400.0,400.0,400.0,400.0,0.0,387.494384765625
2018-12-27,400.0,400.0,400.0,400.0,0.0,387.494384765625
2018-12-28,400.0,400.0,400.0,400.0,0.0,387.494384765625
2018-12-31,400.0,400.0,400.0,400.0,0.0,387.494384765625
2019-01-02,400.0,400.0,400.0,400.0,0.0,387.494384765625
2019-01-03,400.0,400.0,400.0,400.0,0.0,387.494384765625
2019-01-04,400.0,400.0,400.0,400.0,0.0,387.494384765625
2019-01-07,400.0,400.0,400.0,400.0,0.0,387.494384765625
2019-01-08,400.0,400.0,400.0,400.0,0.0,387.494384765625
2019-01-09,400.0,400.0,400.0,400.0,0.0,387.494384765625
2019-01-10,400.0,400.0,400.0,400.0,0.0,387.494384765625
2019-01-11,400.0,400.0,400.0,400.0,0.0,387.494384765625
2019-01-14,400.0,400.0,400.0,400.0,0.0,387.494384765625
2019-01-15,400.0,400.0,400.0,400.0,0.0,387.494384765625
2019-01-16,400.0,400.0,400.0,400.0,0.0,387.494384765625
2019-01-17,400.0,400.0,400.0,400.0,0.0,387.494384765625
2019-01-18,400.0,400.0,400.0,400.0,0.0,387.494384765625
2019-01-22,400.0,400.0,400.0,400.0,0.0,387.494384765625
2019-01-23,400.0,400.0,400.0,400.0,0.0,387.494384765625
2019-01-24,400.0,400.0,400.0,400.0,0.0,387.494384765625
2019-01-25,400.0,400.0,400.0,400.0,0.0,387.494384765625
2019-01-28,400.0,400.0,400.0,400.0,0.0,387.494384765625
2019-01-29,400.0,400.0,400.0,400.0,0.0,387.494384765625
2019-01-30,400.0,400.0,400.0,400.0,0.0,387.494384765625
2019-01-31,400.0,400.0,400.0,400.0,0.0,387.494384765625
2019-02-01,400.0,400.0,400.0,400.0,0.0,387.494384765625
2019-02-04,400.0,400.0,400.0,400.0,0.0,387.494384765625
2019-02-05,400.0,400.0,400.0,400.0,0.0,387.494384765625
2019-02-06,400.0,400.0,400.0,400.0,0.0,387.494384765625
2019-02-07,400.0,400.0,400.0,400.0,100.0,387.494384765625
2019-02-08,400.0,400.0,400.0,400.0,0.0,387.494384765625
2019-02-11,400.0,400.0,400.0,400.0,0.0,387.494384765625
2019-02-12,400.0,400.0,400.0,400.0,0.0,387.494384765625
2019-02-13,400.0,400.0,400.0,400.0,0.0,387.494384765625
2019-02-14,400.0,400.0,400.0,400.0,0.0,387.494384765625
2019-02-15,400.0,400.0,400.0,400.0,0.0,387.494384765625
2019-02-19,400.0,400.0,400.0,400.0,0.0,387.494384765625
2019-02-20,400.0,400.0,400.0,400.0,0.0,387.494384765625
2019-02-21,400.0,400.0,400.0,400.0,0.0,387.494384765625
2019-02-22,400.0,400.0,400.0,400.0,0.0,387.494384765625
2019-02-25,400.0,400.0,400.0,400.0,0.0,387.494384765625
2019-02-26,400.0,400.0,400.0,400.0,0.0,387.494384765625
2019-02-27,400.0,400.0,400.0,400.0,100.0,387.494384765625
2019-02-28,400.0,400.0,400.0,400.0,0.0,387.494384765625
2019-03-01,400.0,400.0,400.0,400.0,0.0,387.494384765625
2019-03-04,405.0,405.0,405.0,405.0,100.0,392.33807373046875
2019-03-05,405.0,405.0,405.0,405.0,0.0,392.33807373046875
2019-03-06,405.0,405.0,405.0,405.0,0.0,392.33807373046875
2019-03-07,405.0,405.0,405.0,405.0,0.0,392.33807373046875
2019-03-08,405.0,405.0,405.0,405.0,0.0,394.0407409667969
2019-03-11,405.0,405.0,405.0,405.0,0.0,394.0407409667969
2019-03-12,405.0,405.0,405.0,405.0,0.0,394.0407409667969
2019-03-13,405.0,405.0,405.0,405.0,0.0,394.0407409667969
2019-03-14,405.0,405.0,405.0,405.0,0.0,394.0407409667969
2019-03-15,405.0,405.0,405.0,405.0,0.0,394.0407409667969
2019-03-18,405.0,405.0,405.0,405.0,0.0,394.0407409667969
2019-03-19,405.0,405.0,405.0,405.0,0.0,394.0407409667969
2019-03-20,405.0,405.0,405.0,405.0,0.0,394.0407409667969
2019-03-21,405.0,405.0,405.0,405.0,0.0,394.0407409667969
2019-03-22,405.0,405.0,405.0,405.0,0.0,394.0407409667969
2019-03-25,405.0,405.0,405.0,405.0,0.0,394.0407409667969
2019-03-26,405.0,405.0,405.0,405.0,0.0,394.0407409667969
2019-03-27,405.0,405.0,405.0,405.0,0.0,394.0407409667969
2019-03-28,405.0,405.0,405.0,405.0,0.0,394.0407409667969
2019-03-29,405.0,405.0,405.0,405.0,0.0,394.0407409667969
2019-04-01,405.0,405.0,405.0,405.0,0.0,394.0407409667969
2019-04-02,405.0,405.0,405.0,405.0,0.0,394.0407409667969
2019-04-03,405.0,405.0,405.0,405.0,0.0,394.0407409667969
2019-04-04,405.0,405.0,405.0,405.0,0.0,394.0407409667969
2019-04-05,405.0,405.0,405.0,405.0,0.0,394.0407409667969
2019-04-08,405.0,405.0,405.0,405.0,0.0,394.0407409667969
2019-04-09,405.0,405.0,405.0,405.0,0.0,394.0407409667969
2019-04-10,405.0,405.0,405.0,405.0,0.0,394.0407409667969
2019-04-11,405.0,405.0,405.0,405.0,0.0,394.0407409667969
2019-04-12,405.0,405.0,405.0,405.0,0.0,394.0407409667969
2019-04-15,405.0,405.0,405.0,405.0,0.0,394.0407409667969
2019-04-16,405.0,405.0,405.0,405.0,0.0,394.0407409667969
2019-04-17,405.0,405.0,405.0,405.0,0.0,394.0407409667969
2019-04-18,405.0,405.0,405.0,405.0,0.0,394.0407409667969
2019-04-22,405.0,405.0,405.0,405.0,0.0,394.0407409667969
2019-04-23,405.0,405.0,405.0,405.0,0.0,394.0407409667969
2019-04-24,405.0,405.0,405.0,405.0,0.0,394.0407409667969
2019-04-25,405.0,405.0,405.0,405.0,100.0,394.0407409667969
2019-04-26,405.0,405.0,405.0,405.0,0.0,394.0407409667969
2019-04-29,405.0,405.0,405.0,405.0,0.0,394.0407409667969
2019-04-30,405.0,405.0,405.0,405.0,0.0,394.0407409667969
2019-05-01,405.0,405.0,405.0,405.0,0.0,394.0407409667969
2019-05-02,405.0,405.0,405.0,405.0,0.0,394.0407409667969
2019-05-03,405.0,405.0,405.0,405.0,0.0,394.0407409667969
2019-05-06,405.0,405.0,405.0,405.0,0.0,394.0407409667969
2019-05-07,405.0,405.0,405.0,405.0,0.0,394.0407409667969
2019-05-08,405.0,405.0,405.0,405.0,0.0,394.0407409667969
2019-05-09,405.0,405.0,405.0,405.0,0.0,394.0407409667969
2019-05-10,405.0,405.0,405.0,405.0,0.0,394.0407409667969
2019-05-13,405.0,405.0,405.0,405.0,0.0,394.0407409667969
2019-05-14,405.0,405.0,405.0,405.0,0.0,394.0407409667969
2019-05-15,405.0,405.0,405.0,405.0,0.0,394.0407409667969
2019-05-16,405.0,405.0,405.0,405.0,0.0,394.0407409667969
2019-05-17,405.0,405.0,405.0,405.0,0.0,394.0407409667969
2019-05-20,405.0,405.0,405.0,405.0,0.0,394.0407409667969
2019-05-21,405.0,405.0,405.0,405.0,0.0,394.0407409667969
2019-05-22,405.0,405.0,405.0,405.0,0.0,394.0407409667969
2019-05-23,405.0,405.0,405.0,405.0,0.0,394.0407409667969
2019-05-24,405.0,405.0,405.0,405.0,0.0,394.0407409667969
2019-05-28,405.0,405.0,405.0,405.0,0.0,394.0407409667969
2019-05-29,405.0,405.0,405.0,405.0,100.0,394.0407409667969
2019-05-30,405.0,405.0,405.0,405.0,0.0,394.0407409667969
2019-05-31,405.0,405.0,405.0,405.0,0.0,394.0407409667969
2019-06-03,405.0,405.0,405.0,405.0,0.0,394.0407409667969
2019-06-04,405.0,405.0,405.0,405.0,0.0,394.0407409667969
2019-06-05,405.0,405.0,405.0,405.0,0.0,394.0407409667969
2019-06-06,405.0,405.0,405.0,405.0,0.0,394.0407409667969
2019-06-07,405.0,405.0,405.0,405.0,0.0,395.7507629394531
2019-06-10,405.0,405.0,405.0,405.0,0.0,395.7507629394531
2019-06-11,405.0,405.0,405.0,405.0,0.0,395.7507629394531
2019-06-12,405.0,405.0,405.0,405.0,0.0,395.7507629394531
2019-06-13,405.0,405.0,405.0,405.0,0.0,395.7507629394531
2019-06-14,405.0,405.0,405.0,405.0,0.0,395.7507629394531
2019-06-17,405.0,405.0,405.0,405.0,0.0,395.7507629394531
2019-06-18,405.0,405.0,405.0,405.0,0.0,395.7507629394531
2019-06-19,405.0,405.0,405.0,405.0,0.0,395.7507629394531
2019-06-20,405.0,405.0,405.0,405.0,0.0,395.7507629394531
2019-06-21,405.0,405.0,405.0,405.0,0.0,395.7507629394531
2019-06-24,405.0,405.0,405.0,405.0,0.0,395.7507629394531
2019-06-25,405.0,405.0,405.0,405.0,0.0,395.7507629394531
2019-06-26,405.0,405.0,405.0,405.0,0.0,395.7507629394531
2019-06-27,405.0,405.0,405.0,405.0,0.0,395.7507629394531
2019-06-28,405.0,405.0,405.0,405.0,0.0,395.7507629394531
2019-07-01,405.0,405.0,405.0,405.0,0.0,395.7507629394531
2019-07-02,405.0,405.0,405.0,405.0,0.0,395.7507629394531
2019-07-03,405.0,405.0,405.0,405.0,0.0,395.7507629394531
2019-07-05,405.0,405.0,405.0,405.0,0.0,395.7507629394531
2019-07-08,405.0,405.0,405.0,405.0,0.0,395.7507629394531
2019-07-09,405.0,405.0,405.0,405.0,0.0,395.7507629394531
2019-07-10,405.0,405.0,405.0,405.0,0.0,395.7507629394531
2019-07-11,405.0,405.0,405.0,405.0,0.0,395.7507629394531
2019-07-12,405.0,405.0,405.0,405.0,0.0,395.7507629394531
2019-07-15,405.0,405.0,405.0,405.0,0.0,395.7507629394531
2019-07-16,405.0,405.0,405.0,405.0,0.0,395.7507629394531
2019-07-17,405.0,405.0,405.0,405.0,0.0,395.7507629394531
2019-07-18,405.0,405.0,405.0,405.0,0.0,395.7507629394531
2019-07-19,405.0,405.0,405.0,405.0,0.0,395.7507629394531
2019-07-22,405.0,405.0,405.0,405.0,0.0,395.7507629394531
2019-07-23,405.0,405.0,405.0,405.0,0.0,395.7507629394531
2019-07-24,405.0,405.0,405.0,405.0,0.0,395.7507629394531
2019-07-25,405.0,405.0,405.0,405.0,0.0,395.7507629394531
2019-07-26,405.0,405.0,405.0,405.0,0.0,395.7507629394531
2019-07-29,405.0,405.0,405.0,405.0,100.0,395.7507629394531
2019-07-30,405.0,405.0,405.0,405.0,100.0,395.7507629394531
2019-07-31,405.0,405.0,405.0,405.0,100.0,395.7507629394531
2019-08-01,405.0,405.0,405.0,405.0,100.0,395.7507629394531
2019-08-02,405.0,405.0,405.0,405.0,100.0,395.7507629394531
2019-08-05,405.0,405.0,405.0,405.0,100.0,395.7507629394531
2019-08-06,405.0,405.0,405.0,405.0,100.0,395.7507629394531
2019-08-07,405.0,405.0,405.0,405.0,100.0,395.7507629394531
2019-08-08,405.0,405.0,405.0,405.0,0.0,395.7507629394531
2019-08-09,405.0,405.0,405.0,405.0,100.0,395.7507629394531
2019-08-12,405.0,405.0,405.0,405.0,100.0,395.7507629394531
2019-08-13,405.0,405.0,405.0,405.0,100.0,395.7507629394531
2019-08-14,405.0,405.0,405.0,405.0,100.0,395.7507629394531
2019-08-15,405.0,405.0,405.0,405.0,100.0,395.7507629394531
2019-08-16,405.0,405.0,405.0,405.0,0.0,395.7507629394531
2019-08-19,405.0,405.0,405.0,405.0,0.0,395.7507629394531
2019-08-20,405.0,405.0,405.0,405.0,0.0,395.7507629394531
2019-08-21,405.0,405.0,405.0,405.0,0.0,395.7507629394531
2019-08-22,405.0,405.0,405.0,405.0,0.0,395.7507629394531
2019-08-23,405.0,405.0,405.0,405.0,0.0,395.7507629394531
2019-08-26,405.0,405.0,405.0,405.0,0.0,395.7507629394531
2019-08-27,405.0,405.0,405.0,405.0,0.0,395.7507629394531
2019-08-28,405.0,405.0,405.0,405.0,0.0,395.7507629394531
2019-08-29,405.0,405.0,405.0,405.0,0.0,395.7507629394531
2019-08-30,405.0,405.0,405.0,405.0,0.0,395.7507629394531
2019-09-03,405.0,405.0,405.0,405.0,0.0,395.7507629394531
2019-09-04,405.0,405.0,405.0,405.0,0.0,395.7507629394531
2019-09-05,405.0,405.0,405.0,405.0,0.0,395.7507629394531
2019-09-06,405.0,405.0,405.0,405.0,0.0,397.4682312011719
2019-09-09,405.0,405.0,405.0,405.0,0.0,397.4682312011719
2019-09-10,405.0,405.0,405.0,405.0,0.0,397.4682312011719
2019-09-11,405.0,405.0,405.0,405.0,0.0,397.4682312011719
2019-09-12,403.2900085449219,403.2900085449219,403.2900085449219,403.2900085449219,0.0,395.7900085449219
2019-09-13,403.2900085449219,403.2900085449219,403.2900085449219,403.2900085449219,0.0,395.7900085449219
2019-09-16,403.2900085449219,403.2900085449219,403.2900085449219,403.2900085449219,0.0,395.7900085449219
2019-09-17,403.2900085449219,403.2900085449219,403.2900085449219,403.2900085449219,0.0,395.7900085449219
2019-09-18,403.2900085449219,403.2900085449219,403.2900085449219,403.2900085449219,0.0,395.7900085449219
2019-09-19,403.2900085449219,403.2900085449219,403.2900085449219,403.2900085449219,0.0,395.7900085449219
2019-09-20,403.2900085449219,403.2900085449219,403.2900085449219,403.2900085449219,0.0,395.7900085449219
2019-09-23,405.0,405.0,405.0,405.0,0.0,397.4682312011719
2019-09-24,405.0,405.0,405.0,405.0,0.0,397.4682312011719
2019-09-25,405.0,405.0,405.0,405.0,0.0,397.4682312011719
2019-09-26,405.0,405.0,405.0,405.0,0.0,397.4682312011719
2019-09-27,405.0,405.0,405.0,405.0,0.0,397.4682312011719
2019-09-30,405.0,405.0,405.0,405.0,0.0,397.4682312011719
2019-10-01,405.0,405.0,405.0,405.0,0.0,397.4682312011719
2019-10-02,405.0,405.0,405.0,405.0,0.0,397.4682312011719
2019-10-03,405.0,405.0,405.0,405.0,0.0,397.4682312011719
2019-10-04,405.0,405.0,405.0,405.0,0.0,397.4682312011719
2019-10-07,405.0,405.0,405.0,405.0,0.0,397.4682312011719
2019-10-08,405.0,405.0,405.0,405.0,0.0,397.4682312011719
2019-10-09,405.0,405.0,405.0,405.0,0.0,397.4682312011719
2019-10-10,405.0,405.0,405.0,405.0,0.0,397.4682312011719
2019-10-11,405.0,405.0,405.0,405.0,0.0,397.4682312011719
2019-10-14,405.0,405.0,405.0,405.0,0.0,397.4682312011719
2019-10-15,405.0,405.0,405.0,405.0,0.0,397.4682312011719
2019-10-16,405.0,405.0,405.0,405.0,0.0,397.4682312011719
2019-10-17,405.0,405.0,405.0,405.0,0.0,397.4682312011719
2019-10-18,405.0,405.0,405.0,405.0,0.0,397.4682312011719
2019-10-21,405.0,405.0,405.0,405.0,0.0,397.4682312011719
2019-10-22,405.0,405.0,405.0,405.0,0.0,397.4682312011719
2019-10-23,405.0,405.0,405.0,405.0,0.0,397.4682312011719
2019-10-24,405.0,405.0,405.0,405.0,0.0,397.4682312011719
2019-10-25,405.0,405.0,405.0,405.0,0.0,397.4682312011719
2019-10-28,405.0,405.0,405.0,405.0,0.0,397.4682312011719
2019-10-29,405.0,405.0,405.0,405.0,0.0,397.4682312011719
2019-10-30,405.0,405.0,405.0,405.0,0.0,397.4682312011719
2019-10-31,405.0,405.0,405.0,405.0,0.0,397.4682312011719
2019-11-01,405.0,405.0,405.0,405.0,0.0,397.4682312011719
2019-11-04,405.0,405.0,405.0,405.0,0.0,397.4682312011719
2019-11-05,405.0,405.0,405.0,405.0,0.0,397.4682312011719
2019-11-06,405.0,405.0,405.0,405.0,0.0,397.4682312011719
2019-11-07,405.0,405.0,405.0,405.0,0.0,397.4682312011719
2019-11-08,405.0,405.0,405.0,405.0,0.0,397.4682312011719
2019-11-11,405.0,405.0,405.0,405.0,0.0,397.4682312011719
2019-11-12,405.0,405.0,405.0,405.0,0.0,397.4682312011719
2019-11-13,405.0,405.0,405.0,405.0,0.0,397.4682312011719
2019-11-14,405.0,405.0,405.0,405.0,0.0,397.4682312011719
2019-11-15,405.0,405.0,405.0,405.0,0.0,397.4682312011719
2019-11-18,405.0,405.0,405.0,405.0,0.0,397.4682312011719
2019-11-19,405.0,405.0,405.0,405.0,0.0,397.4682312011719
2019-11-20,405.0,405.0,405.0,405.0,0.0,397.4682312011719
2019-11-21,405.0,405.0,405.0,405.0,0.0,397.4682312011719
2019-11-22,405.0,405.0,405.0,405.0,0.0,397.4682312011719
2019-11-25,405.0,405.0,405.0,405.0,0.0,397.4682312011719
2019-11-26,405.0,405.0,405.0,405.0,0.0,397.4682312011719
2019-11-27,405.0,405.0,405.0,405.0,0.0,397.4682312011719
2019-11-29,405.0,405.0,405.0,405.0,0.0,397.4682312011719
2019-12-02,405.0,405.0,405.0,405.0,0.0,397.4682312011719
2019-12-03,405.0,405.0,405.0,405.0,0.0,397.4682312011719
2019-12-04,405.0,405.0,405.0,405.0,0.0,397.4682312011719
2019-12-05,405.0,405.0,405.0,405.0,0.0,397.4682312011719
2019-12-06,405.0,405.0,405.0,405.0,0.0,399.193115234375
2019-12-09,405.0,405.0,405.0,405.0,0.0,399.193115234375
2019-12-10,405.0,405.0,405.0,405.0,0.0,399.193115234375
2019-12-11,405.0,405.0,405.0,405.0,0.0,399.193115234375
2019-12-12,405.0,405.0,405.0,405.0,0.0,399.193115234375
2019-12-13,405.0,405.0,405.0,405.0,0.0,399.193115234375
2019-12-16,421.0,420.0,421.0,420.0,100.0,413.97802734375
2019-12-17,420.0,420.0,420.0,420.0,0.0,413.97802734375
2019-12-18,420.0,420.0,420.0,420.0,0.0,413.97802734375
2019-12-19,420.0,420.0,420.0,420.0,0.0,413.97802734375
2019-12-20,420.0,420.0,420.0,420.0,0.0,413.97802734375
2019-12-23,420.0,420.0,420.0,420.0,0.0,413.97802734375
2019-12-24,420.0,420.0,420.0,420.0,0.0,413.97802734375
2019-12-26,420.0,420.0,420.0,420.0,0.0,413.97802734375
2019-12-27,420.0,420.0,420.0,420.0,0.0,413.97802734375
2019-12-30,420.0,420.0,420.0,420.0,0.0,413.97802734375
2019-12-31,420.0,420.0,420.0,420.0,0.0,413.97802734375
2020-01-02,420.0,420.0,420.0,420.0,0.0,413.97802734375
2020-01-03,420.0,420.0,420.0,420.0,0.0,413.97802734375
2020-01-06,420.0,420.0,420.0,420.0,0.0,413.97802734375
2020-01-07,420.0,420.0,420.0,420.0,0.0,413.97802734375
2020-01-08,420.0,420.0,420.0,420.0,0.0,413.97802734375
2020-01-09,420.0,420.0,420.0,420.0,0.0,413.97802734375
2020-01-10,420.0,420.0,420.0,420.0,0.0,413.97802734375
2020-01-13,420.0,420.0,420.0,420.0,0.0,413.97802734375
2020-01-14,420.0,420.0,420.0,420.0,0.0,413.97802734375
2020-01-15,420.0,420.0,420.0,420.0,0.0,413.97802734375
2020-01-16,420.0,420.0,420.0,420.0,0.0,413.97802734375
2020-01-17,420.0,420.0,420.0,420.0,0.0,413.97802734375
2020-01-21,420.0,420.0,420.0,420.0,0.0,413.97802734375
2020-01-22,420.0,420.0,420.0,420.0,0.0,413.97802734375
2020-01-23,420.0,420.0,420.0,420.0,0.0,413.97802734375
2020-01-24,420.0,420.0,420.0,420.0,0.0,413.97802734375
2020-01-27,450.0,450.0,450.0,450.0,100.0,443.54791259765625
2020-01-28,450.0,450.0,450.0,450.0,0.0,443.54791259765625
2020-01-29,450.0,450.0,450.0,450.0,0.0,443.54791259765625
2020-01-30,450.0,450.0,450.0,450.0,0.0,443.54791259765625
2020-01-31,450.0,440.0,450.0,440.0,100.0,433.6912841796875
2020-02-03,440.0,440.0,440.0,440.0,0.0,433.6912841796875
2020-02-04,440.0,440.0,440.0,440.0,0.0,433.6912841796875
2020-02-05,440.0,440.0,440.0,440.0,0.0,433.6912841796875
2020-02-06,440.0,440.0,440.0,440.0,0.0,433.6912841796875
2020-02-07,440.0,440.0,440.0,440.0,0.0,433.6912841796875
2020-02-10,440.0,440.0,440.0,440.0,0.0,433.6912841796875
2020-02-11,440.0,440.0,440.0,440.0,0.0,433.6912841796875
2020-02-12,440.0,440.0,440.0,440.0,0.0,433.6912841796875
2020-02-13,440.0,440.0,440.0,440.0,0.0,433.6912841796875
2020-02-14,440.0,440.0,440.0,440.0,0.0,433.6912841796875
2020-02-18,440.0,440.0,440.0,440.0,0.0,433.6912841796875
2020-02-19,440.0,440.0,440.0,440.0,0.0,433.6912841796875
2020-02-20,440.0,440.0,440.0,440.0,0.0,433.6912841796875
2020-02-21,440.0,440.0,440.0,440.0,0.0,433.6912841796875
2020-02-24,440.0,440.0,440.0,440.0,0.0,433.6912841796875
2020-02-25,440.0,440.0,440.0,440.0,0.0,433.6912841796875
2020-02-26,440.0,440.0,440.0,440.0,0.0,433.6912841796875
2020-02-27,440.0,440.0,440.0,440.0,0.0,433.6912841796875
2020-02-28,425.0,425.0,425.0,425.0,100.0,418.9063415527344
2020-03-02,425.0,425.0,425.0,425.0,0.0,418.9063415527344
2020-03-03,425.0,425.0,425.0,425.0,0.0,418.9063415527344
2020-03-04,425.0,425.0,425.0,425.0,0.0,418.9063415527344
2020-03-05,425.0,425.0,425.0,425.0,0.0,418.9063415527344
2020-03-06,425.0,425.0,425.0,425.0,0.0,420.73779296875
2020-03-09,425.0,425.0,425.0,425.0,0.0,420.73779296875
2020-03-10,425.0,425.0,425.0,425.0,0.0,420.73779296875
2020-03-11,425.0,425.0,425.0,425.0,0.0,420.73779296875
2020-03-12,425.0,425.0,425.0,425.0,0.0,420.73779296875
2020-03-13,425.0,425.0,425.0,425.0,0.0,420.73779296875
2020-03-16,425.0,425.0,425.0,425.0,0.0,420.73779296875
2020-03-17,425.0,425.0,425.0,425.0,0.0,420.73779296875
2020-03-18,425.0,425.0,425.0,425.0,0.0,420.73779296875
2020-03-19,425.0,425.0,425.0,425.0,0.0,420.73779296875
2020-03-20,425.0,425.0,425.0,425.0,0.0,420.73779296875
2020-03-23,425.0,425.0,425.0,425.0,0.0,420.73779296875
2020-03-24,425.0,425.0,425.0,425.0,0.0,420.73779296875
2020-03-25,425.0,425.0,425.0,425.0,0.0,420.73779296875
2020-03-26,425.0,425.0,425.0,425.0,0.0,420.73779296875
2020-03-27,425.0,425.0,425.0,425.0,0.0,420.73779296875
2020-03-30,425.0,425.0,425.0,425.0,0.0,420.73779296875
2020-03-31,425.0,425.0,425.0,425.0,0.0,420.73779296875
2020-04-01,425.0,425.0,425.0,425.0,0.0,420.73779296875
2020-04-02,425.0,425.0,425.0,425.0,0.0,420.73779296875
2020-04-03,425.0,425.0,425.0,425.0,0.0,420.73779296875
2020-04-06,425.0,425.0,425.0,425.0,0.0,420.73779296875
2020-04-07,425.0,425.0,425.0,425.0,0.0,420.73779296875
2020-04-08,425.0,425.0,425.0,425.0,0.0,420.73779296875
2020-04-09,425.0,425.0,425.0,425.0,0.0,420.73779296875
2020-04-13,425.0,425.0,425.0,425.0,0.0,420.73779296875
2020-04-14,425.0,425.0,425.0,425.0,0.0,420.73779296875
2020-04-15,425.0,425.0,425.0,425.0,0.0,420.73779296875
2020-04-16,425.0,425.0,425.0,425.0,0.0,420.73779296875
2020-04-17,425.0,425.0,425.0,425.0,0.0,420.73779296875
2020-04-20,425.0,425.0,425.0,425.0,0.0,420.73779296875
2020-04-21,425.0,425.0,425.0,425.0,0.0,420.73779296875
2020-04-22,310.0,300.0,310.0,300.0199890136719,100.0,297.01116943359375
2020-04-23,387.989990234375,387.989990234375,387.989990234375,387.989990234375,100.0,384.09893798828125
2020-04-24,387.989990234375,387.989990234375,387.989990234375,387.989990234375,0.0,384.09893798828125
2020-04-27,387.989990234375,387.989990234375,387.989990234375,387.989990234375,0.0,384.09893798828125
2020-04-28,387.989990234375,387.989990234375,387.989990234375,387.989990234375,0.0,384.09893798828125
2020-04-29,387.989990234375,387.989990234375,387.989990234375,387.989990234375,0.0,384.09893798828125
2020-04-30,387.989990234375,387.989990234375,387.989990234375,387.989990234375,0.0,384.09893798828125
2020-05-01,387.989990234375,387.989990234375,387.989990234375,387.989990234375,0.0,384.09893798828125
2020-05-04,387.989990234375,387.989990234375,387.989990234375,387.989990234375,0.0,384.09893798828125
2020-05-05,387.989990234375,387.989990234375,387.989990234375,387.989990234375,0.0,384.09893798828125
2020-05-06,387.989990234375,387.989990234375,387.989990234375,387.989990234375,0.0,384.09893798828125
2020-05-07,387.989990234375,387.989990234375,387.989990234375,387.989990234375,0.0,384.09893798828125
2020-05-08,387.989990234375,387.989990234375,387.989990234375,387.989990234375,0.0,384.09893798828125
2020-05-11,387.989990234375,387.989990234375,387.989990234375,387.989990234375,0.0,384.09893798828125
2020-05-12,387.989990234375,387.989990234375,387.989990234375,387.989990234375,0.0,384.09893798828125
2020-05-13,387.989990234375,387.989990234375,387.989990234375,387.989990234375,0.0,384.09893798828125
2020-05-14,387.989990234375,387.989990234375,387.989990234375,387.989990234375,0.0,384.09893798828125
2020-05-15,387.989990234375,387.989990234375,387.989990234375,387.989990234375,0.0,384.09893798828125
2020-05-18,387.989990234375,387.989990234375,387.989990234375,387.989990234375,0.0,384.09893798828125
2020-05-19,387.989990234375,387.989990234375,387.989990234375,387.989990234375,0.0,384.09893798828125
2020-05-20,387.989990234375,387.989990234375,387.989990234375,387.989990234375,0.0,384.09893798828125
2020-05-21,387.989990234375,387.989990234375,387.989990234375,387.989990234375,0.0,384.09893798828125
2020-05-22,387.989990234375,387.989990234375,387.989990234375,387.989990234375,0.0,384.09893798828125
2020-05-26,387.989990234375,387.989990234375,387.989990234375,387.989990234375,0.0,384.09893798828125
2020-05-27,387.989990234375,387.989990234375,387.989990234375,387.989990234375,0.0,384.09893798828125
2020-05-28,387.989990234375,387.989990234375,387.989990234375,387.989990234375,0.0,384.09893798828125
2020-05-29,387.989990234375,387.989990234375,387.989990234375,387.989990234375,0.0,384.09893798828125
2020-06-01,387.989990234375,387.989990234375,387.989990234375,387.989990234375,0.0,384.09893798828125
2020-06-02,387.989990234375,387.989990234375,387.989990234375,387.989990234375,0.0,384.09893798828125
2020-06-03,387.989990234375,387.989990234375,387.989990234375,387.989990234375,0.0,384.09893798828125
2020-06-04,387.989990234375,387.989990234375,387.989990234375,387.989990234375,0.0,384.09893798828125
2020-06-05,387.989990234375,387.989990234375,387.989990234375,387.989990234375,0.0,385.9391784667969
2020-06-08,387.989990234375,387.989990234375,387.989990234375,387.989990234375,0.0,385.9391784667969
2020-06-09,387.989990234375,387.989990234375,387.989990234375,387.989990234375,0.0,385.9391784667969
2020-06-10,387.989990234375,387.989990234375,387.989990234375,387.989990234375,0.0,385.9391784667969
2020-06-11,387.989990234375,387.989990234375,387.989990234375,387.989990234375,0.0,385.9391784667969
2020-06-12,387.989990234375,387.989990234375,387.989990234375,387.989990234375,0.0,385.9391784667969
2020-06-15,387.989990234375,387.989990234375,387.989990234375,387.989990234375,0.0,385.9391784667969
2020-06-16,387.989990234375,387.989990234375,387.989990234375,387.989990234375,0.0,385.9391784667969
2020-06-17,387.989990234375,387.989990234375,387.989990234375,387.989990234375,0.0,385.9391784667969
2020-06-18,387.989990234375,387.989990234375,387.989990234375,387.989990234375,0.0,385.9391784667969
2020-06-19,387.989990234375,387.989990234375,387.989990234375,387.989990234375,0.0,385.9391784667969
2020-06-22,387.989990234375,387.989990234375,387.989990234375,387.989990234375,0.0,385.9391784667969
2020-06-23,387.989990234375,387.989990234375,387.989990234375,387.989990234375,0.0,385.9391784667969
2020-06-24,387.989990234375,387.989990234375,387.989990234375,387.989990234375,0.0,385.9391784667969
2020-06-25,387.989990234375,387.989990234375,387.989990234375,387.989990234375,0.0,385.9391784667969
2020-06-26,387.989990234375,387.989990234375,387.989990234375,387.989990234375,0.0,385.9391784667969
2020-06-29,387.989990234375,387.989990234375,387.989990234375,387.989990234375,0.0,385.9391784667969
2020-06-30,387.989990234375,387.989990234375,387.989990234375,387.989990234375,0.0,385.9391784667969
2020-07-01,387.989990234375,387.989990234375,387.989990234375,387.989990234375,0.0,385.9391784667969
2020-07-02,387.989990234375,387.989990234375,387.989990234375,387.989990234375,0.0,385.9391784667969
2020-07-06,387.989990234375,387.989990234375,387.989990234375,387.989990234375,0.0,385.9391784667969
2020-07-07,387.989990234375,387.989990234375,387.989990234375,387.989990234375,100.0,385.9391784667969
2020-07-08,387.989990234375,387.989990234375,387.989990234375,387.989990234375,0.0,385.9391784667969
2020-07-09,387.989990234375,387.989990234375,387.989990234375,387.989990234375,0.0,385.9391784667969
2020-07-10,387.989990234375,387.989990234375,387.989990234375,387.989990234375,0.0,385.9391784667969
2020-07-13,387.989990234375,387.989990234375,387.989990234375,387.989990234375,0.0,385.9391784667969
2020-07-14,387.989990234375,387.989990234375,387.989990234375,387.989990234375,0.0,385.9391784667969
2020-07-15,387.989990234375,387.989990234375,387.989990234375,387.989990234375,0.0,385.9391784667969
2020-07-16,387.989990234375,387.989990234375,387.989990234375,387.989990234375,0.0,385.9391784667969
2020-07-17,387.989990234375,387.989990234375,387.989990234375,387.989990234375,0.0,385.9391784667969
2020-07-20,387.989990234375,387.989990234375,387.989990234375,387.989990234375,0.0,385.9391784667969
2020-07-21,387.989990234375,387.989990234375,387.989990234375,387.989990234375,0.0,385.9391784667969
2020-07-22,387.989990234375,387.989990234375,387.989990234375,387.989990234375,0.0,385.9391784667969
2020-07-23,384.989990234375,300.0199890136719,300.0199890136719,384.989990234375,100.0,382.9550476074219
2020-07-24,384.989990234375,384.989990234375,384.989990234375,384.989990234375,0.0,382.9550476074219
2020-07-27,384.989990234375,384.989990234375,384.989990234375,384.989990234375,0.0,382.9550476074219
2020-07-28,384.989990234375,384.989990234375,384.989990234375,384.989990234375,0.0,382.9550476074219
2020-07-29,300.0199890136719,300.0199890136719,300.0199890136719,300.0199890136719,100.0,298.4341735839844
2020-07-30,300.0199890136719,300.0199890136719,300.0199890136719,300.0199890136719,0.0,298.4341735839844
2020-07-31,300.0199890136719,300.0199890136719,300.0199890136719,300.0199890136719,0.0,298.4341735839844
2020-08-03,300.0199890136719,300.0199890136719,300.0199890136719,300.0199890136719,0.0,298.4341735839844
2020-08-04,300.0199890136719,300.0199890136719,300.0199890136719,300.0199890136719,0.0,298.4341735839844
2020-08-05,350.0,350.0,350.0,350.0,0.0,348.1499938964844
2020-08-06,350.0,350.0,350.0,350.0,0.0,348.1499938964844
2020-08-07,350.0,350.0,350.0,350.0,0.0,348.1499938964844
2020-08-10,350.0,350.0,350.0,350.0,0.0,348.1499938964844
2020-08-11,350.0,350.0,350.0,350.0,0.0,348.1499938964844
2020-08-12,350.0,350.0,350.0,350.0,0.0,348.1499938964844
2020-08-13,350.0,350.0,350.0,350.0,0.0,348.1499938964844
2020-08-14,350.0,350.0,350.0,350.0,0.0,348.1499938964844
2020-08-17,350.0,350.0,350.0,350.0,100.0,348.1499938964844
2020-08-18,350.0,350.0,350.0,350.0,0.0,348.1499938964844
2020-08-19,350.0,350.0,350.0,350.0,100.0,348.1499938964844
2020-08-20,350.0,350.0,350.0,350.0,0.0,348.1499938964844
2020-08-21,350.0,350.0,350.0,350.0,0.0,348.1499938964844
2020-08-24,350.0,350.0,350.0,350.0,0.0,348.1499938964844
2020-08-25,350.0,350.0,350.0,350.0,0.0,348.1499938964844
2020-08-26,350.0,350.0,350.0,350.0,0.0,348.1499938964844
2020-08-27,350.0,350.0,350.0,350.0,0.0,348.1499938964844
2020-08-28,350.0,350.0,350.0,350.0,0.0,348.1499938964844
2020-08-31,350.0,350.0,350.0,350.0,0.0,348.1499938964844
2020-09-01,350.0,350.0,350.0,350.0,0.0,348.1499938964844
2020-09-02,350.0,350.0,350.0,350.0,0.0,348.1499938964844
2020-09-03,350.0,350.0,350.0,350.0,0.0,350.0
2020-09-04,350.0,350.0,350.0,350.0,0.0,350.0
2020-09-08,350.0,350.0,350.0,350.0,0.0,350.0
2020-09-09,350.0,350.0,350.0,350.0,0.0,350.0
2020-09-10,350.0,350.0,350.0,350.0,0.0,350.0
2020-09-11,350.0,350.0,350.0,350.0,0.0,350.0
2020-09-14,348.010009765625,348.010009765625,348.010009765625,348.010009765625,0.0,348.010009765625
2020-09-15,350.0,350.0,350.0,350.0,0.0,350.0
2020-09-16,350.0,350.0,350.0,350.0,0.0,350.0
2020-09-17,350.0,350.0,350.0,350.0,0.0,350.0
2020-09-18,349.989990234375,349.989990234375,349.989990234375,349.989990234375,100.0,349.989990234375
2020-09-21,349.989990234375,349.989990234375,349.989990234375,349.989990234375,0.0,349.989990234375
2020-09-22,349.989990234375,349.989990234375,349.989990234375,349.989990234375,0.0,349.989990234375
2020-09-23,349.989990234375,349.989990234375,349.989990234375,349.989990234375,0.0,349.989990234375
2020-09-24,349.989990234375,349.989990234375,349.989990234375,349.989990234375,0.0,349.989990234375
2020-09-25,349.989990234375,349.989990234375,349.989990234375,349.989990234375,0.0,349.989990234375
2020-09-28,349.989990234375,349.989990234375,349.989990234375,349.989990234375,0.0,349.989990234375
2020-09-29,349.989990234375,349.989990234375,349.989990234375,349.989990234375,0.0,349.989990234375
2020-09-30,349.989990234375,349.989990234375,349.989990234375,349.989990234375,0.0,349.989990234375
2020-10-01,349.989990234375,349.989990234375,349.989990234375,349.989990234375,0.0,349.989990234375
2020-10-02,349.989990234375,349.989990234375,349.989990234375,349.989990234375,0.0,349.989990234375
2020-10-05,349.989990234375,349.989990234375,349.989990234375,349.989990234375,0.0,349.989990234375
2020-10-06,349.989990234375,349.989990234375,349.989990234375,349.989990234375,0.0,349.989990234375
2020-10-07,349.989990234375,349.989990234375,349.989990234375,349.989990234375,0.0,349.989990234375
2020-10-08,349.989990234375,349.989990234375,349.989990234375,349.989990234375,0.0,349.989990234375
2020-10-09,349.989990234375,349.989990234375,349.989990234375,349.989990234375,0.0,349.989990234375
2020-10-12,349.989990234375,349.989990234375,349.989990234375,349.989990234375,0.0,349.989990234375
2020-10-13,349.989990234375,349.989990234375,349.989990234375,349.989990234375,0.0,349.989990234375
2020-10-14,349.989990234375,349.989990234375,349.989990234375,349.989990234375,0.0,349.989990234375
2020-10-15,349.989990234375,349.989990234375,349.989990234375,349.989990234375,100.0,349.989990234375
2020-10-16,348.0,348.0,348.0,348.0,100.0,348.0
2020-10-19,349.0,349.0,349.0,349.0,100.0,349.0
2020-10-20,349.0,349.0,349.0,349.0,0.0,349.0
2020-10-21,349.0,349.0,349.0,349.0,0.0,349.0
2020-10-22,385.0,385.0,385.0,385.0,0.0,385.0
2020-10-23,385.0,385.0,385.0,385.0,0.0,385.0
2020-10-26,385.0,385.0,385.0,385.0,0.0,385.0
2020-10-27,385.0,385.0,385.0,385.0,0.0,385.0
2020-10-28,385.0,385.0,385.0,385.0,0.0,385.0
2020-10-29,385.0,385.0,385.0,385.0,0.0,385.0
2020-10-30,385.0,385.0,385.0,385.0,0.0,385.0
2020-11-02,385.0,385.0,385.0,385.0,0.0,385.0
2020-11-03,385.0,385.0,385.0,385.0,0.0,385.0
2020-11-04,385.0,385.0,385.0,385.0,0.0,385.0
2020-11-05,385.0,385.0,385.0,385.0,0.0,385.0
2020-11-06,385.0,385.0,385.0,385.0,0.0,385.0
2020-11-09,385.0,385.0,385.0,385.0,0.0,385.0
2020-11-10,385.0,385.0,385.0,385.0,0.0,385.0
2020-11-11,385.0,385.0,385.0,385.0,0.0,385.0
2020-11-12,385.0,385.0,385.0,385.0,0.0,385.0
2020-11-13,385.0,385.0,385.0,385.0,0.0,385.0
2020-11-16,385.0,385.0,385.0,385.0,0.0,385.0
2020-11-17,385.0,385.0,385.0,385.0,0.0,385.0
2020-11-18,385.0,385.0,385.0,385.0,0.0,385.0
2020-11-19,385.0,385.0,385.0,385.0,0.0,385.0
2020-11-20,385.0,385.0,385.0,385.0,0.0,385.0
