Date,High,Low,Open,Close,Volume,Adj Close
2013-03-11,0.03883399814367294,0.03883399814367294,0.03883399814367294,0.03883399814367294,3991.0,0.03883399814367294
2013-03-12,0.03883399814367294,0.03883399814367294,0.03883399814367294,0.03883399814367294,0.0,0.03883399814367294
2013-03-13,0.03883399814367294,0.03883399814367294,0.03883399814367294,0.03883399814367294,0.0,0.03883399814367294
2013-03-14,0.03883399814367294,0.03883399814367294,0.03883399814367294,0.03883399814367294,0.0,0.03883399814367294
2013-03-15,0.03883399814367294,0.03883399814367294,0.03883399814367294,0.03883399814367294,0.0,0.03883399814367294
2013-03-18,0.03883399814367294,0.03883399814367294,0.03883399814367294,0.03883399814367294,0.0,0.03883399814367294
2013-03-19,0.03883399814367294,0.03883399814367294,0.03883399814367294,0.03883399814367294,0.0,0.03883399814367294
2013-03-20,0.03883399814367294,0.03883399814367294,0.03883399814367294,0.03883399814367294,0.0,0.03883399814367294
2013-03-21,0.03883399814367294,0.03883399814367294,0.03883399814367294,0.03883399814367294,0.0,0.03883399814367294
2013-03-22,0.03883399814367294,0.03883399814367294,0.03883399814367294,0.03883399814367294,0.0,0.03883399814367294
2013-03-25,0.03883399814367294,0.03883399814367294,0.03883399814367294,0.03883399814367294,0.0,0.03883399814367294
2013-03-26,0.03883399814367294,0.03883399814367294,0.03883399814367294,0.03883399814367294,0.0,0.03883399814367294
2013-03-27,0.03883399814367294,0.03883399814367294,0.03883399814367294,0.03883399814367294,0.0,0.03883399814367294
2013-03-28,0.03883399814367294,0.03883399814367294,0.03883399814367294,0.03883399814367294,0.0,0.03883399814367294
2013-04-01,0.03883399814367294,0.03883399814367294,0.03883399814367294,0.03883399814367294,0.0,0.03883399814367294
2013-04-02,0.03883399814367294,0.03883399814367294,0.03883399814367294,0.03883399814367294,0.0,0.03883399814367294
2013-04-03,0.03883399814367294,0.03883399814367294,0.03883399814367294,0.03883399814367294,0.0,0.03883399814367294
2013-04-04,0.03883399814367294,0.03883399814367294,0.03883399814367294,0.03883399814367294,0.0,0.03883399814367294
2013-04-05,0.03883399814367294,0.03883399814367294,0.03883399814367294,0.03883399814367294,0.0,0.03883399814367294
2013-04-08,0.03883399814367294,0.03883399814367294,0.03883399814367294,0.03883399814367294,0.0,0.03883399814367294
2013-04-09,0.03883399814367294,0.03883399814367294,0.03883399814367294,0.03883399814367294,0.0,0.03883399814367294
2013-04-10,0.03883399814367294,0.03883399814367294,0.03883399814367294,0.03883399814367294,0.0,0.03883399814367294
2013-04-11,0.03883399814367294,0.03883399814367294,0.03883399814367294,0.03883399814367294,0.0,0.03883399814367294
2013-04-12,0.03883399814367294,0.03883399814367294,0.03883399814367294,0.03883399814367294,0.0,0.03883399814367294
2013-04-15,0.03883399814367294,0.03883399814367294,0.03883399814367294,0.03883399814367294,0.0,0.03883399814367294
2013-04-16,0.03883399814367294,0.03883399814367294,0.03883399814367294,0.03883399814367294,0.0,0.03883399814367294
2013-04-17,0.03883399814367294,0.03883399814367294,0.03883399814367294,0.03883399814367294,0.0,0.03883399814367294
2013-04-18,0.04419200122356415,0.04419200122356415,0.04419200122356415,0.04419200122356415,0.0,0.04419200122356415
2013-04-19,0.04419200122356415,0.04419200122356415,0.04419200122356415,0.04419200122356415,0.0,0.04419200122356415
2013-04-22,0.04419200122356415,0.04419200122356415,0.04419200122356415,0.04419200122356415,0.0,0.04419200122356415
2013-04-23,0.04419200122356415,0.04419200122356415,0.04419200122356415,0.04419200122356415,0.0,0.04419200122356415
2013-04-24,0.04419200122356415,0.04419200122356415,0.04419200122356415,0.04419200122356415,0.0,0.04419200122356415
2013-04-25,0.04419200122356415,0.04419200122356415,0.04419200122356415,0.04419200122356415,0.0,0.04419200122356415
2013-04-26,0.04419200122356415,0.04419200122356415,0.04419200122356415,0.04419200122356415,0.0,0.04419200122356415
2013-04-29,0.04419200122356415,0.04419200122356415,0.04419200122356415,0.04419200122356415,0.0,0.04419200122356415
2013-04-30,0.04419200122356415,0.04419200122356415,0.04419200122356415,0.04419200122356415,0.0,0.04419200122356415
2013-05-01,0.04419200122356415,0.04419200122356415,0.04419200122356415,0.04419200122356415,0.0,0.04419200122356415
2013-05-02,0.04419200122356415,0.04419200122356415,0.04419200122356415,0.04419200122356415,0.0,0.04419200122356415
2013-05-03,0.04419200122356415,0.04419200122356415,0.04419200122356415,0.04419200122356415,0.0,0.04419200122356415
2013-05-06,0.04419200122356415,0.04419200122356415,0.04419200122356415,0.04419200122356415,0.0,0.04419200122356415
2013-05-07,0.04419200122356415,0.04419200122356415,0.04419200122356415,0.04419200122356415,0.0,0.04419200122356415
2013-05-08,0.04419200122356415,0.04419200122356415,0.04419200122356415,0.04419200122356415,0.0,0.04419200122356415
2013-05-09,0.04419200122356415,0.04419200122356415,0.04419200122356415,0.04419200122356415,0.0,0.04419200122356415
2013-05-10,0.04419200122356415,0.04419200122356415,0.04419200122356415,0.04419200122356415,0.0,0.04419200122356415
2013-05-13,0.04419200122356415,0.04419200122356415,0.04419200122356415,0.04419200122356415,0.0,0.04419200122356415
2013-05-14,0.04419200122356415,0.04419200122356415,0.04419200122356415,0.04419200122356415,0.0,0.04419200122356415
2013-05-15,0.04419200122356415,0.04419200122356415,0.04419200122356415,0.04419200122356415,0.0,0.04419200122356415
2013-05-16,0.04419200122356415,0.04419200122356415,0.04419200122356415,0.04419200122356415,0.0,0.04419200122356415
2013-05-17,0.04419200122356415,0.04419200122356415,0.04419200122356415,0.04419200122356415,0.0,0.04419200122356415
2013-05-20,0.04419200122356415,0.04419200122356415,0.04419200122356415,0.04419200122356415,0.0,0.04419200122356415
2013-05-21,0.04419200122356415,0.04419200122356415,0.04419200122356415,0.04419200122356415,0.0,0.04419200122356415
2013-05-22,0.04419200122356415,0.04419200122356415,0.04419200122356415,0.04419200122356415,0.0,0.04419200122356415
2013-05-23,0.04419200122356415,0.04419200122356415,0.04419200122356415,0.04419200122356415,0.0,0.04419200122356415
2013-05-24,0.04419200122356415,0.04419200122356415,0.04419200122356415,0.04419200122356415,0.0,0.04419200122356415
2013-05-28,0.04419200122356415,0.04419200122356415,0.04419200122356415,0.04419200122356415,0.0,0.04419200122356415
2013-05-29,0.04419200122356415,0.04419200122356415,0.04419200122356415,0.04419200122356415,0.0,0.04419200122356415
2013-05-30,0.04419200122356415,0.04419200122356415,0.04419200122356415,0.04419200122356415,0.0,0.04419200122356415
2013-05-31,0.04419200122356415,0.04419200122356415,0.04419200122356415,0.04419200122356415,0.0,0.04419200122356415
2013-06-03,0.04419200122356415,0.04419200122356415,0.04419200122356415,0.04419200122356415,0.0,0.04419200122356415
2013-06-04,0.04419200122356415,0.04419200122356415,0.04419200122356415,0.04419200122356415,0.0,0.04419200122356415
2013-06-05,0.04419200122356415,0.04419200122356415,0.04419200122356415,0.04419200122356415,0.0,0.04419200122356415
2013-06-06,0.04419200122356415,0.04419200122356415,0.04419200122356415,0.04419200122356415,0.0,0.04419200122356415
2013-06-07,0.04419200122356415,0.04419200122356415,0.04419200122356415,0.04419200122356415,0.0,0.04419200122356415
2013-06-10,0.04419200122356415,0.04419200122356415,0.04419200122356415,0.04419200122356415,0.0,0.04419200122356415
2013-06-11,0.04419200122356415,0.04419200122356415,0.04419200122356415,0.04419200122356415,0.0,0.04419200122356415
2013-06-12,0.04419200122356415,0.04419200122356415,0.04419200122356415,0.04419200122356415,0.0,0.04419200122356415
2013-06-13,0.04419200122356415,0.04419200122356415,0.04419200122356415,0.04419200122356415,0.0,0.04419200122356415
2013-06-14,0.04419200122356415,0.04419200122356415,0.04419200122356415,0.04419200122356415,0.0,0.04419200122356415
2013-06-17,0.04419200122356415,0.04419200122356415,0.04419200122356415,0.04419200122356415,0.0,0.04419200122356415
2013-06-18,0.04419200122356415,0.04419200122356415,0.04419200122356415,0.04419200122356415,0.0,0.04419200122356415
2013-06-19,0.04419200122356415,0.04419200122356415,0.04419200122356415,0.04419200122356415,0.0,0.04419200122356415
2013-06-20,0.04419200122356415,0.04419200122356415,0.04419200122356415,0.04419200122356415,0.0,0.04419200122356415
2013-06-21,0.04419200122356415,0.04419200122356415,0.04419200122356415,0.04419200122356415,0.0,0.04419200122356415
2013-06-24,0.04419200122356415,0.04419200122356415,0.04419200122356415,0.04419200122356415,0.0,0.04419200122356415
2013-06-25,0.04419200122356415,0.04419200122356415,0.04419200122356415,0.04419200122356415,0.0,0.04419200122356415
2013-06-26,0.04419200122356415,0.04419200122356415,0.04419200122356415,0.04419200122356415,0.0,0.04419200122356415
2013-06-27,0.04419200122356415,0.04419200122356415,0.04419200122356415,0.04419200122356415,0.0,0.04419200122356415
2013-06-28,0.04419200122356415,0.04419200122356415,0.04419200122356415,0.04419200122356415,0.0,0.04419200122356415
2013-07-01,0.04419200122356415,0.04419200122356415,0.04419200122356415,0.04419200122356415,0.0,0.04419200122356415
2013-07-02,0.04419200122356415,0.04419200122356415,0.04419200122356415,0.04419200122356415,0.0,0.04419200122356415
2013-07-03,0.04419200122356415,0.04419200122356415,0.04419200122356415,0.04419200122356415,0.0,0.04419200122356415
2013-07-05,0.04419200122356415,0.04419200122356415,0.04419200122356415,0.04419200122356415,0.0,0.04419200122356415
2013-07-08,0.04419200122356415,0.04419200122356415,0.04419200122356415,0.04419200122356415,0.0,0.04419200122356415
2013-07-09,0.04419200122356415,0.04419200122356415,0.04419200122356415,0.04419200122356415,0.0,0.04419200122356415
2013-07-10,0.04419200122356415,0.04419200122356415,0.04419200122356415,0.04419200122356415,0.0,0.04419200122356415
2013-07-11,0.04419200122356415,0.04419200122356415,0.04419200122356415,0.04419200122356415,0.0,0.04419200122356415
2013-07-12,0.04419200122356415,0.04419200122356415,0.04419200122356415,0.04419200122356415,0.0,0.04419200122356415
2013-07-15,0.04419200122356415,0.04419200122356415,0.04419200122356415,0.04419200122356415,0.0,0.04419200122356415
2013-07-16,0.04419200122356415,0.04419200122356415,0.04419200122356415,0.04419200122356415,0.0,0.04419200122356415
2013-07-17,0.04419200122356415,0.04419200122356415,0.04419200122356415,0.04419200122356415,0.0,0.04419200122356415
2013-07-18,0.04419200122356415,0.04419200122356415,0.04419200122356415,0.04419200122356415,0.0,0.04419200122356415
2013-07-19,0.04419200122356415,0.04419200122356415,0.04419200122356415,0.04419200122356415,0.0,0.04419200122356415
2013-07-22,0.04419200122356415,0.04419200122356415,0.04419200122356415,0.04419200122356415,0.0,0.04419200122356415
2013-07-23,0.04419200122356415,0.04419200122356415,0.04419200122356415,0.04419200122356415,0.0,0.04419200122356415
2013-07-24,0.04419200122356415,0.04419200122356415,0.04419200122356415,0.04419200122356415,0.0,0.04419200122356415
2013-07-25,0.04419200122356415,0.04419200122356415,0.04419200122356415,0.04419200122356415,0.0,0.04419200122356415
2013-07-26,0.04419200122356415,0.04419200122356415,0.04419200122356415,0.04419200122356415,0.0,0.04419200122356415
2013-07-29,0.04419200122356415,0.04419200122356415,0.04419200122356415,0.04419200122356415,0.0,0.04419200122356415
2013-07-30,0.04419200122356415,0.04419200122356415,0.04419200122356415,0.04419200122356415,0.0,0.04419200122356415
2013-07-31,0.04419200122356415,0.04419200122356415,0.04419200122356415,0.04419200122356415,0.0,0.04419200122356415
2013-08-01,0.04419200122356415,0.04419200122356415,0.04419200122356415,0.04419200122356415,0.0,0.04419200122356415
2013-08-02,0.04419200122356415,0.04419200122356415,0.04419200122356415,0.04419200122356415,0.0,0.04419200122356415
2013-08-05,0.04419200122356415,0.04419200122356415,0.04419200122356415,0.04419200122356415,0.0,0.04419200122356415
2013-08-06,0.04419200122356415,0.04419200122356415,0.04419200122356415,0.04419200122356415,0.0,0.04419200122356415
2013-08-07,0.04419200122356415,0.04419200122356415,0.04419200122356415,0.04419200122356415,0.0,0.04419200122356415
2013-08-08,0.04419200122356415,0.04419200122356415,0.04419200122356415,0.04419200122356415,0.0,0.04419200122356415
2013-08-09,0.04419200122356415,0.04419200122356415,0.04419200122356415,0.04419200122356415,0.0,0.04419200122356415
2013-08-12,0.04419200122356415,0.04419200122356415,0.04419200122356415,0.04419200122356415,0.0,0.04419200122356415
2013-08-13,0.03093400038778782,0.03093400038778782,0.03093400038778782,0.03093400038778782,30548.0,0.03093400038778782
2013-08-14,0.03093400038778782,0.03093400038778782,0.03093400038778782,0.03093400038778782,0.0,0.03093400038778782
2013-08-15,0.03093400038778782,0.03093400038778782,0.03093400038778782,0.03093400038778782,0.0,0.03093400038778782
2013-08-16,0.03093400038778782,0.03093400038778782,0.03093400038778782,0.03093400038778782,0.0,0.03093400038778782
2013-08-19,0.03093400038778782,0.03093400038778782,0.03093400038778782,0.03093400038778782,0.0,0.03093400038778782
2013-08-20,0.03093400038778782,0.03093400038778782,0.03093400038778782,0.03093400038778782,0.0,0.03093400038778782
2013-08-21,0.03093400038778782,0.03093400038778782,0.03093400038778782,0.03093400038778782,0.0,0.03093400038778782
2013-08-22,0.03093400038778782,0.03093400038778782,0.03093400038778782,0.03093400038778782,0.0,0.03093400038778782
2013-08-23,0.03093400038778782,0.03093400038778782,0.03093400038778782,0.03093400038778782,0.0,0.03093400038778782
2013-08-26,0.03093400038778782,0.03093400038778782,0.03093400038778782,0.03093400038778782,0.0,0.03093400038778782
2013-08-27,0.03093400038778782,0.03093400038778782,0.03093400038778782,0.03093400038778782,0.0,0.03093400038778782
2013-08-28,0.03093400038778782,0.03093400038778782,0.03093400038778782,0.03093400038778782,0.0,0.03093400038778782
2013-08-29,0.03093400038778782,0.03093400038778782,0.03093400038778782,0.03093400038778782,0.0,0.03093400038778782
2013-08-30,0.03093400038778782,0.03093400038778782,0.03093400038778782,0.03093400038778782,0.0,0.03093400038778782
2013-09-03,0.03093400038778782,0.03093400038778782,0.03093400038778782,0.03093400038778782,0.0,0.03093400038778782
2013-09-04,0.03093400038778782,0.03093400038778782,0.03093400038778782,0.03093400038778782,0.0,0.03093400038778782
2013-09-05,0.03093400038778782,0.03093400038778782,0.03093400038778782,0.03093400038778782,0.0,0.03093400038778782
2013-09-06,0.03093400038778782,0.03093400038778782,0.03093400038778782,0.03093400038778782,0.0,0.03093400038778782
2013-09-09,0.03093400038778782,0.03093400038778782,0.03093400038778782,0.03093400038778782,0.0,0.03093400038778782
2013-09-10,0.03093400038778782,0.03093400038778782,0.03093400038778782,0.03093400038778782,0.0,0.03093400038778782
2013-09-11,0.03093400038778782,0.03093400038778782,0.03093400038778782,0.03093400038778782,0.0,0.03093400038778782
2013-09-12,0.03093400038778782,0.03093400038778782,0.03093400038778782,0.03093400038778782,0.0,0.03093400038778782
2013-09-13,0.03093400038778782,0.03093400038778782,0.03093400038778782,0.03093400038778782,0.0,0.03093400038778782
2013-09-16,0.03093400038778782,0.03093400038778782,0.03093400038778782,0.03093400038778782,0.0,0.03093400038778782
2013-09-17,0.03093400038778782,0.03093400038778782,0.03093400038778782,0.03093400038778782,0.0,0.03093400038778782
2013-09-18,0.03093400038778782,0.03093400038778782,0.03093400038778782,0.03093400038778782,0.0,0.03093400038778782
2013-09-19,0.03093400038778782,0.03093400038778782,0.03093400038778782,0.03093400038778782,0.0,0.03093400038778782
2013-09-20,0.03093400038778782,0.03093400038778782,0.03093400038778782,0.03093400038778782,0.0,0.03093400038778782
2013-09-23,0.03093400038778782,0.03093400038778782,0.03093400038778782,0.03093400038778782,0.0,0.03093400038778782
2013-09-24,0.03093400038778782,0.03093400038778782,0.03093400038778782,0.03093400038778782,0.0,0.03093400038778782
2013-09-25,0.03093400038778782,0.03093400038778782,0.03093400038778782,0.03093400038778782,0.0,0.03093400038778782
2013-09-26,0.03093400038778782,0.03093400038778782,0.03093400038778782,0.03093400038778782,0.0,0.03093400038778782
2013-09-27,0.03093400038778782,0.03093400038778782,0.03093400038778782,0.03093400038778782,0.0,0.03093400038778782
2013-09-30,0.03093400038778782,0.03093400038778782,0.03093400038778782,0.03093400038778782,0.0,0.03093400038778782
2013-10-01,0.03093400038778782,0.03093400038778782,0.03093400038778782,0.03093400038778782,0.0,0.03093400038778782
2013-10-02,0.03093400038778782,0.03093400038778782,0.03093400038778782,0.03093400038778782,0.0,0.03093400038778782
2013-10-03,0.03093400038778782,0.03093400038778782,0.03093400038778782,0.03093400038778782,0.0,0.03093400038778782
2013-10-04,0.008837999776005745,0.008837999776005745,0.008837999776005745,0.008837999776005745,2828.0,0.008837999776005745
2013-10-07,0.008837999776005745,0.008837999776005745,0.008837999776005745,0.008837999776005745,0.0,0.008837999776005745
2013-10-08,0.008837999776005745,0.008837999776005745,0.008837999776005745,0.008837999776005745,0.0,0.008837999776005745
2013-10-09,0.008837999776005745,0.008837999776005745,0.008837999776005745,0.008837999776005745,0.0,0.008837999776005745
2013-10-10,0.022096000611782074,0.022096000611782074,0.022096000611782074,0.022096000611782074,26022.0,0.022096000611782074
2013-10-11,0.022096000611782074,0.022096000611782074,0.022096000611782074,0.022096000611782074,0.0,0.022096000611782074
2013-10-14,0.022096000611782074,0.022096000611782074,0.022096000611782074,0.022096000611782074,0.0,0.022096000611782074
2013-10-15,0.022096000611782074,0.022096000611782074,0.022096000611782074,0.022096000611782074,0.0,0.022096000611782074
2013-10-16,0.022096000611782074,0.022096000611782074,0.022096000611782074,0.022096000611782074,0.0,0.022096000611782074
2013-10-17,0.022096000611782074,0.022096000611782074,0.022096000611782074,0.022096000611782074,0.0,0.022096000611782074
2013-10-18,0.022096000611782074,0.022096000611782074,0.022096000611782074,0.022096000611782074,0.0,0.022096000611782074
2013-10-21,0.022096000611782074,0.022096000611782074,0.022096000611782074,0.022096000611782074,0.0,0.022096000611782074
2013-10-22,0.022096000611782074,0.022096000611782074,0.022096000611782074,0.022096000611782074,0.0,0.022096000611782074
2013-10-23,0.022096000611782074,0.022096000611782074,0.022096000611782074,0.022096000611782074,0.0,0.022096000611782074
2013-10-24,0.022096000611782074,0.022096000611782074,0.022096000611782074,0.022096000611782074,0.0,0.022096000611782074
2013-10-25,0.022096000611782074,0.022096000611782074,0.022096000611782074,0.022096000611782074,0.0,0.022096000611782074
2013-10-28,0.022096000611782074,0.022096000611782074,0.022096000611782074,0.022096000611782074,0.0,0.022096000611782074
2013-10-29,0.022096000611782074,0.022096000611782074,0.022096000611782074,0.022096000611782074,0.0,0.022096000611782074
2013-10-30,0.022096000611782074,0.022096000611782074,0.022096000611782074,0.022096000611782074,0.0,0.022096000611782074
2013-10-31,0.022096000611782074,0.022096000611782074,0.022096000611782074,0.022096000611782074,0.0,0.022096000611782074
2013-11-01,0.022096000611782074,0.022096000611782074,0.022096000611782074,0.022096000611782074,0.0,0.022096000611782074
2013-11-04,0.022096000611782074,0.022096000611782074,0.022096000611782074,0.022096000611782074,0.0,0.022096000611782074
2013-11-05,0.022096000611782074,0.022096000611782074,0.022096000611782074,0.022096000611782074,0.0,0.022096000611782074
2013-11-06,0.022096000611782074,0.022096000611782074,0.022096000611782074,0.022096000611782074,0.0,0.022096000611782074
2013-11-07,0.022096000611782074,0.022096000611782074,0.022096000611782074,0.022096000611782074,0.0,0.022096000611782074
2013-11-08,0.022096000611782074,0.022096000611782074,0.022096000611782074,0.022096000611782074,0.0,0.022096000611782074
2013-11-11,0.022096000611782074,0.022096000611782074,0.022096000611782074,0.022096000611782074,0.0,0.022096000611782074
2013-11-12,0.022096000611782074,0.022096000611782074,0.022096000611782074,0.022096000611782074,0.0,0.022096000611782074
2013-11-13,0.022096000611782074,0.022096000611782074,0.022096000611782074,0.022096000611782074,0.0,0.022096000611782074
2013-11-14,0.022096000611782074,0.022096000611782074,0.022096000611782074,0.022096000611782074,0.0,0.022096000611782074
2013-11-15,0.022096000611782074,0.022096000611782074,0.022096000611782074,0.022096000611782074,0.0,0.022096000611782074
2013-11-18,0.022096000611782074,0.022096000611782074,0.022096000611782074,0.022096000611782074,0.0,0.022096000611782074
2013-11-19,0.022096000611782074,0.022096000611782074,0.022096000611782074,0.022096000611782074,0.0,0.022096000611782074
2013-11-20,0.022096000611782074,0.022096000611782074,0.022096000611782074,0.022096000611782074,0.0,0.022096000611782074
2013-11-21,0.022096000611782074,0.022096000611782074,0.022096000611782074,0.022096000611782074,0.0,0.022096000611782074
2013-11-22,0.022096000611782074,0.022096000611782074,0.022096000611782074,0.022096000611782074,0.0,0.022096000611782074
2013-11-25,0.022096000611782074,0.022096000611782074,0.022096000611782074,0.022096000611782074,0.0,0.022096000611782074
2013-11-26,0.022096000611782074,0.022096000611782074,0.022096000611782074,0.022096000611782074,0.0,0.022096000611782074
2013-11-27,0.022096000611782074,0.022096000611782074,0.022096000611782074,0.022096000611782074,0.0,0.022096000611782074
2013-11-29,0.022096000611782074,0.022096000611782074,0.022096000611782074,0.022096000611782074,0.0,0.022096000611782074
2013-12-02,0.022096000611782074,0.022096000611782074,0.022096000611782074,0.022096000611782074,0.0,0.022096000611782074
2013-12-03,0.022096000611782074,0.022096000611782074,0.022096000611782074,0.022096000611782074,0.0,0.022096000611782074
2013-12-04,0.022096000611782074,0.022096000611782074,0.022096000611782074,0.022096000611782074,0.0,0.022096000611782074
2013-12-05,0.022096000611782074,0.022096000611782074,0.022096000611782074,0.022096000611782074,0.0,0.022096000611782074
2013-12-06,0.014140999875962734,0.014140999875962734,0.014140999875962734,0.014140999875962734,1131.0,0.014140999875962734
2013-12-09,0.014140999875962734,0.014140999875962734,0.014140999875962734,0.014140999875962734,0.0,0.014140999875962734
2013-12-10,0.014140999875962734,0.014140999875962734,0.014140999875962734,0.014140999875962734,0.0,0.014140999875962734
2013-12-11,0.014140999875962734,0.014140999875962734,0.014140999875962734,0.014140999875962734,2262.0,0.014140999875962734
2013-12-12,0.014140999875962734,0.014140999875962734,0.014140999875962734,0.014140999875962734,0.0,0.014140999875962734
2013-12-13,0.014140999875962734,0.014140999875962734,0.014140999875962734,0.014140999875962734,0.0,0.014140999875962734
2013-12-16,0.014140999875962734,0.014140999875962734,0.014140999875962734,0.014140999875962734,0.0,0.014140999875962734
2013-12-17,0.014140999875962734,0.014140999875962734,0.014140999875962734,0.014140999875962734,0.0,0.014140999875962734
2013-12-18,0.014140999875962734,0.014140999875962734,0.014140999875962734,0.014140999875962734,0.0,0.014140999875962734
2013-12-19,0.014140999875962734,0.014140999875962734,0.014140999875962734,0.014140999875962734,0.0,0.014140999875962734
2013-12-20,0.014140999875962734,0.014140999875962734,0.014140999875962734,0.014140999875962734,0.0,0.014140999875962734
2013-12-23,0.014140999875962734,0.014140999875962734,0.014140999875962734,0.014140999875962734,0.0,0.014140999875962734
2013-12-24,0.014140999875962734,0.014140999875962734,0.014140999875962734,0.014140999875962734,0.0,0.014140999875962734
2013-12-26,0.014140999875962734,0.014140999875962734,0.014140999875962734,0.014140999875962734,0.0,0.014140999875962734
2013-12-27,0.014140999875962734,0.014140999875962734,0.014140999875962734,0.014140999875962734,0.0,0.014140999875962734
2013-12-30,0.014140999875962734,0.014140999875962734,0.014140999875962734,0.014140999875962734,0.0,0.014140999875962734
2013-12-31,0.014140999875962734,0.014140999875962734,0.014140999875962734,0.014140999875962734,0.0,0.014140999875962734
2014-01-02,0.014140999875962734,0.014140999875962734,0.014140999875962734,0.014140999875962734,0.0,0.014140999875962734
2014-01-03,0.014140999875962734,0.014140999875962734,0.014140999875962734,0.014140999875962734,0.0,0.014140999875962734
2014-01-06,0.014140999875962734,0.014140999875962734,0.014140999875962734,0.014140999875962734,0.0,0.014140999875962734
2014-01-07,0.014140999875962734,0.014140999875962734,0.014140999875962734,0.014140999875962734,0.0,0.014140999875962734
2014-01-08,0.014140999875962734,0.014140999875962734,0.014140999875962734,0.014140999875962734,0.0,0.014140999875962734
2014-01-09,0.014140999875962734,0.014140999875962734,0.014140999875962734,0.014140999875962734,0.0,0.014140999875962734
2014-01-10,0.014140999875962734,0.014140999875962734,0.014140999875962734,0.014140999875962734,0.0,0.014140999875962734
2014-01-13,0.014140999875962734,0.014140999875962734,0.014140999875962734,0.014140999875962734,0.0,0.014140999875962734
2014-01-14,0.014140999875962734,0.014140999875962734,0.014140999875962734,0.014140999875962734,0.0,0.014140999875962734
2014-01-15,0.014140999875962734,0.014140999875962734,0.014140999875962734,0.014140999875962734,0.0,0.014140999875962734
2014-01-16,0.014140999875962734,0.014140999875962734,0.014140999875962734,0.014140999875962734,0.0,0.014140999875962734
2014-01-17,0.014140999875962734,0.014140999875962734,0.014140999875962734,0.014140999875962734,0.0,0.014140999875962734
2014-01-21,0.014140999875962734,0.014140999875962734,0.014140999875962734,0.014140999875962734,0.0,0.014140999875962734
2014-01-22,0.014140999875962734,0.014140999875962734,0.014140999875962734,0.014140999875962734,0.0,0.014140999875962734
2014-01-23,0.014140999875962734,0.014140999875962734,0.014140999875962734,0.014140999875962734,0.0,0.014140999875962734
2014-01-24,0.014140999875962734,0.014140999875962734,0.014140999875962734,0.014140999875962734,0.0,0.014140999875962734
2014-01-27,0.014140999875962734,0.014140999875962734,0.014140999875962734,0.014140999875962734,0.0,0.014140999875962734
2014-01-28,0.017676999792456627,0.017676999792456627,0.017676999792456627,0.017676999792456627,3394.0,0.017676999792456627
2014-01-29,0.017676999792456627,0.017676999792456627,0.017676999792456627,0.017676999792456627,0.0,0.017676999792456627
2014-01-30,0.017676999792456627,0.017676999792456627,0.017676999792456627,0.017676999792456627,0.0,0.017676999792456627
2014-01-31,0.017676999792456627,0.017676999792456627,0.017676999792456627,0.017676999792456627,0.0,0.017676999792456627
2014-02-03,0.017676999792456627,0.017676999792456627,0.017676999792456627,0.017676999792456627,0.0,0.017676999792456627
2014-02-04,0.017676999792456627,0.017676999792456627,0.017676999792456627,0.017676999792456627,0.0,0.017676999792456627
2014-02-05,0.017676999792456627,0.017676999792456627,0.017676999792456627,0.017676999792456627,0.0,0.017676999792456627
2014-02-06,0.017676999792456627,0.017676999792456627,0.017676999792456627,0.017676999792456627,0.0,0.017676999792456627
2014-02-07,0.017676999792456627,0.017676999792456627,0.017676999792456627,0.017676999792456627,0.0,0.017676999792456627
2014-02-10,0.017676999792456627,0.017676999792456627,0.017676999792456627,0.017676999792456627,0.0,0.017676999792456627
2014-02-11,0.017676999792456627,0.017676999792456627,0.017676999792456627,0.017676999792456627,0.0,0.017676999792456627
2014-02-12,0.017676999792456627,0.017676999792456627,0.017676999792456627,0.017676999792456627,0.0,0.017676999792456627
2014-02-13,0.017676999792456627,0.017676999792456627,0.017676999792456627,0.017676999792456627,0.0,0.017676999792456627
2014-02-14,0.017676999792456627,0.017676999792456627,0.017676999792456627,0.017676999792456627,0.0,0.017676999792456627
2014-02-18,0.017676999792456627,0.017676999792456627,0.017676999792456627,0.017676999792456627,0.0,0.017676999792456627
2014-02-19,0.017676999792456627,0.017676999792456627,0.017676999792456627,0.017676999792456627,0.0,0.017676999792456627
2014-02-20,0.017676999792456627,0.017676999792456627,0.017676999792456627,0.017676999792456627,0.0,0.017676999792456627
2014-02-21,0.017676999792456627,0.017676999792456627,0.017676999792456627,0.017676999792456627,0.0,0.017676999792456627
2014-02-24,0.017676999792456627,0.017676999792456627,0.017676999792456627,0.017676999792456627,0.0,0.017676999792456627
2014-02-25,0.017676999792456627,0.017676999792456627,0.017676999792456627,0.017676999792456627,0.0,0.017676999792456627
2014-02-26,0.017676999792456627,0.017676999792456627,0.017676999792456627,0.017676999792456627,0.0,0.017676999792456627
2014-02-27,0.017676999792456627,0.017676999792456627,0.017676999792456627,0.017676999792456627,0.0,0.017676999792456627
2014-02-28,0.03093400038778782,0.03093400038778782,0.03093400038778782,0.03093400038778782,3394.0,0.03093400038778782
2014-03-03,0.03093400038778782,0.03093400038778782,0.03093400038778782,0.03093400038778782,0.0,0.03093400038778782
2014-03-04,0.03093400038778782,0.03093400038778782,0.03093400038778782,0.03093400038778782,0.0,0.03093400038778782
2014-03-05,0.03093400038778782,0.03093400038778782,0.03093400038778782,0.03093400038778782,0.0,0.03093400038778782
2014-03-06,0.03093400038778782,0.03093400038778782,0.03093400038778782,0.03093400038778782,0.0,0.03093400038778782
2014-03-07,0.03093400038778782,0.03093400038778782,0.03093400038778782,0.03093400038778782,0.0,0.03093400038778782
2014-03-10,0.017676999792456627,0.017676999792456627,0.017676999792456627,0.017676999792456627,56626.0,0.017676999792456627
2014-03-11,0.022096000611782074,0.011048000305891037,0.022096000611782074,0.011048000305891037,67941.0,0.011048000305891037
2014-03-12,0.011048000305891037,0.011048000305891037,0.011048000305891037,0.011048000305891037,0.0,0.011048000305891037
2014-03-13,0.011048000305891037,0.011048000305891037,0.011048000305891037,0.011048000305891037,0.0,0.011048000305891037
2014-03-14,0.011048000305891037,0.011048000305891037,0.011048000305891037,0.011048000305891037,0.0,0.011048000305891037
2014-03-17,0.011048000305891037,0.011048000305891037,0.011048000305891037,0.011048000305891037,0.0,0.011048000305891037
2014-03-18,0.011048000305891037,0.011048000305891037,0.011048000305891037,0.011048000305891037,0.0,0.011048000305891037
2014-03-19,0.011048000305891037,0.011048000305891037,0.011048000305891037,0.011048000305891037,0.0,0.011048000305891037
2014-03-20,0.011048000305891037,0.011048000305891037,0.011048000305891037,0.011048000305891037,0.0,0.011048000305891037
2014-03-21,0.011048000305891037,0.011048000305891037,0.011048000305891037,0.011048000305891037,0.0,0.011048000305891037
2014-03-24,0.011048000305891037,0.011048000305891037,0.011048000305891037,0.011048000305891037,0.0,0.011048000305891037
2014-03-25,0.011048000305891037,0.011048000305891037,0.011048000305891037,0.011048000305891037,0.0,0.011048000305891037
2014-03-26,0.011048000305891037,0.011048000305891037,0.011048000305891037,0.011048000305891037,0.0,0.011048000305891037
2014-03-27,0.011048000305891037,0.011048000305891037,0.011048000305891037,0.011048000305891037,0.0,0.011048000305891037
2014-03-28,0.011048000305891037,0.011048000305891037,0.011048000305891037,0.011048000305891037,0.0,0.011048000305891037
2014-03-31,0.011048000305891037,0.011048000305891037,0.011048000305891037,0.011048000305891037,0.0,0.011048000305891037
2014-04-01,0.011048000305891037,0.011048000305891037,0.011048000305891037,0.011048000305891037,0.0,0.011048000305891037
2014-04-02,0.011048000305891037,0.011048000305891037,0.011048000305891037,0.011048000305891037,0.0,0.011048000305891037
2014-04-03,0.011048000305891037,0.011048000305891037,0.011048000305891037,0.011048000305891037,0.0,0.011048000305891037
2014-04-04,0.011048000305891037,0.011048000305891037,0.011048000305891037,0.011048000305891037,0.0,0.011048000305891037
2014-04-07,0.011048000305891037,0.011048000305891037,0.011048000305891037,0.011048000305891037,0.0,0.011048000305891037
2014-04-08,0.011048000305891037,0.011048000305891037,0.011048000305891037,0.011048000305891037,0.0,0.011048000305891037
2014-04-09,0.011048000305891037,0.011048000305891037,0.011048000305891037,0.011048000305891037,0.0,0.011048000305891037
2014-04-10,0.011048000305891037,0.011048000305891037,0.011048000305891037,0.011048000305891037,0.0,0.011048000305891037
2014-04-11,0.011048000305891037,0.011048000305891037,0.011048000305891037,0.011048000305891037,0.0,0.011048000305891037
2014-04-14,0.011048000305891037,0.011048000305891037,0.011048000305891037,0.011048000305891037,0.0,0.011048000305891037
2014-04-15,0.011048000305891037,0.011048000305891037,0.011048000305891037,0.011048000305891037,0.0,0.011048000305891037
2014-04-16,0.011048000305891037,0.011048000305891037,0.011048000305891037,0.011048000305891037,0.0,0.011048000305891037
2014-04-17,0.011048000305891037,0.011048000305891037,0.011048000305891037,0.011048000305891037,0.0,0.011048000305891037
2014-04-21,0.011048000305891037,0.011048000305891037,0.011048000305891037,0.011048000305891037,0.0,0.011048000305891037
2014-04-22,0.011048000305891037,0.011048000305891037,0.011048000305891037,0.011048000305891037,0.0,0.011048000305891037
2014-04-23,0.011048000305891037,0.011048000305891037,0.011048000305891037,0.011048000305891037,0.0,0.011048000305891037
2014-04-24,0.011048000305891037,0.011048000305891037,0.011048000305891037,0.011048000305891037,0.0,0.011048000305891037
2014-04-25,0.011048000305891037,0.011048000305891037,0.011048000305891037,0.011048000305891037,0.0,0.011048000305891037
2014-04-28,0.011048000305891037,0.011048000305891037,0.011048000305891037,0.011048000305891037,0.0,0.011048000305891037
2014-04-29,0.011048000305891037,0.011048000305891037,0.011048000305891037,0.011048000305891037,0.0,0.011048000305891037
2014-04-30,0.011048000305891037,0.011048000305891037,0.011048000305891037,0.011048000305891037,0.0,0.011048000305891037
2014-05-01,0.011048000305891037,0.011048000305891037,0.011048000305891037,0.011048000305891037,0.0,0.011048000305891037
2014-05-02,0.011048000305891037,0.011048000305891037,0.011048000305891037,0.011048000305891037,0.0,0.011048000305891037
2014-05-05,0.011048000305891037,0.011048000305891037,0.011048000305891037,0.011048000305891037,0.0,0.011048000305891037
2014-05-06,0.011048000305891037,0.011048000305891037,0.011048000305891037,0.011048000305891037,0.0,0.011048000305891037
2014-05-07,0.011048000305891037,0.011048000305891037,0.011048000305891037,0.011048000305891037,0.0,0.011048000305891037
2014-05-08,0.011048000305891037,0.011048000305891037,0.011048000305891037,0.011048000305891037,0.0,0.011048000305891037
2014-05-09,0.011048000305891037,0.011048000305891037,0.011048000305891037,0.011048000305891037,0.0,0.011048000305891037
2014-05-12,0.011048000305891037,0.011048000305891037,0.011048000305891037,0.011048000305891037,0.0,0.011048000305891037
2014-05-13,0.011048000305891037,0.011048000305891037,0.011048000305891037,0.011048000305891037,0.0,0.011048000305891037
2014-05-14,0.011048000305891037,0.011048000305891037,0.011048000305891037,0.011048000305891037,0.0,0.011048000305891037
2014-05-15,0.011048000305891037,0.011048000305891037,0.011048000305891037,0.011048000305891037,0.0,0.011048000305891037
2014-05-16,0.011048000305891037,0.011048000305891037,0.011048000305891037,0.011048000305891037,0.0,0.011048000305891037
2014-05-19,0.011048000305891037,0.011048000305891037,0.011048000305891037,0.011048000305891037,0.0,0.011048000305891037
2014-05-20,0.011048000305891037,0.011048000305891037,0.011048000305891037,0.011048000305891037,0.0,0.011048000305891037
2014-05-21,0.011048000305891037,0.011048000305891037,0.011048000305891037,0.011048000305891037,0.0,0.011048000305891037
2014-05-22,0.011048000305891037,0.011048000305891037,0.011048000305891037,0.011048000305891037,0.0,0.011048000305891037
2014-05-23,0.011048000305891037,0.011048000305891037,0.011048000305891037,0.011048000305891037,0.0,0.011048000305891037
2014-05-27,0.011048000305891037,0.011048000305891037,0.011048000305891037,0.011048000305891037,0.0,0.011048000305891037
2014-05-28,0.011048000305891037,0.011048000305891037,0.011048000305891037,0.011048000305891037,0.0,0.011048000305891037
2014-05-29,0.011048000305891037,0.011048000305891037,0.011048000305891037,0.011048000305891037,0.0,0.011048000305891037
2014-05-30,0.011048000305891037,0.011048000305891037,0.011048000305891037,0.011048000305891037,0.0,0.011048000305891037
2014-06-02,0.011048000305891037,0.011048000305891037,0.011048000305891037,0.011048000305891037,0.0,0.011048000305891037
2014-06-03,0.011048000305891037,0.011048000305891037,0.011048000305891037,0.011048000305891037,0.0,0.011048000305891037
2014-06-04,0.011048000305891037,0.011048000305891037,0.011048000305891037,0.011048000305891037,0.0,0.011048000305891037
2014-06-05,0.011048000305891037,0.011048000305891037,0.011048000305891037,0.011048000305891037,0.0,0.011048000305891037
2014-06-06,0.011048000305891037,0.011048000305891037,0.011048000305891037,0.011048000305891037,0.0,0.011048000305891037
2014-06-09,0.017676999792456627,0.017676999792456627,0.017676999792456627,0.017676999792456627,2262.0,0.017676999792456627
2014-06-10,0.017676999792456627,0.017676999792456627,0.017676999792456627,0.017676999792456627,0.0,0.017676999792456627
2014-06-11,0.017676999792456627,0.017676999792456627,0.017676999792456627,0.017676999792456627,0.0,0.017676999792456627
2014-06-12,0.017676999792456627,0.017676999792456627,0.017676999792456627,0.017676999792456627,0.0,0.017676999792456627
2014-06-13,0.017676999792456627,0.017676999792456627,0.017676999792456627,0.017676999792456627,0.0,0.017676999792456627
2014-06-16,0.017676999792456627,0.017676999792456627,0.017676999792456627,0.017676999792456627,0.0,0.017676999792456627
2014-06-17,0.017676999792456627,0.017676999792456627,0.017676999792456627,0.017676999792456627,0.0,0.017676999792456627
2014-06-18,0.017676999792456627,0.017676999792456627,0.017676999792456627,0.017676999792456627,0.0,0.017676999792456627
2014-06-19,0.017676999792456627,0.017676999792456627,0.017676999792456627,0.017676999792456627,0.0,0.017676999792456627
2014-06-20,0.017676999792456627,0.017676999792456627,0.017676999792456627,0.017676999792456627,0.0,0.017676999792456627
2014-06-23,0.017676999792456627,0.017676999792456627,0.017676999792456627,0.017676999792456627,0.0,0.017676999792456627
2014-06-24,0.017676999792456627,0.017676999792456627,0.017676999792456627,0.017676999792456627,0.0,0.017676999792456627
2014-06-25,0.017676999792456627,0.017676999792456627,0.017676999792456627,0.017676999792456627,0.0,0.017676999792456627
2014-06-26,0.017676999792456627,0.017676999792456627,0.017676999792456627,0.017676999792456627,0.0,0.017676999792456627
2014-06-27,0.017676999792456627,0.017676999792456627,0.017676999792456627,0.017676999792456627,0.0,0.017676999792456627
2014-06-30,0.017676999792456627,0.017676999792456627,0.017676999792456627,0.017676999792456627,0.0,0.017676999792456627
2014-07-01,0.017676999792456627,0.017676999792456627,0.017676999792456627,0.017676999792456627,0.0,0.017676999792456627
2014-07-02,0.017676999792456627,0.017676999792456627,0.017676999792456627,0.017676999792456627,0.0,0.017676999792456627
2014-07-03,0.017676999792456627,0.017676999792456627,0.017676999792456627,0.017676999792456627,0.0,0.017676999792456627
2014-07-07,0.017676999792456627,0.017676999792456627,0.017676999792456627,0.017676999792456627,0.0,0.017676999792456627
2014-07-08,0.017676999792456627,0.017676999792456627,0.017676999792456627,0.017676999792456627,0.0,0.017676999792456627
2014-07-09,0.017676999792456627,0.017676999792456627,0.017676999792456627,0.017676999792456627,0.0,0.017676999792456627
2014-07-10,0.017676999792456627,0.017676999792456627,0.017676999792456627,0.017676999792456627,0.0,0.017676999792456627
2014-07-11,0.017676999792456627,0.017676999792456627,0.017676999792456627,0.017676999792456627,0.0,0.017676999792456627
2014-07-14,0.017676999792456627,0.017676999792456627,0.017676999792456627,0.017676999792456627,0.0,0.017676999792456627
2014-07-15,0.017676999792456627,0.017676999792456627,0.017676999792456627,0.017676999792456627,0.0,0.017676999792456627
2014-07-16,0.017676999792456627,0.017676999792456627,0.017676999792456627,0.017676999792456627,0.0,0.017676999792456627
2014-07-17,0.008837999776005745,0.008837999776005745,0.008837999776005745,0.008837999776005745,5657042.0,0.008837999776005745
2014-07-18,0.008837999776005745,0.008837999776005745,0.008837999776005745,0.008837999776005745,0.0,0.008837999776005745
2014-07-21,0.008837999776005745,0.008837999776005745,0.008837999776005745,0.008837999776005745,0.0,0.008837999776005745
2014-07-22,0.008837999776005745,0.008837999776005745,0.008837999776005745,0.008837999776005745,0.0,0.008837999776005745
2014-07-23,0.008837999776005745,0.008837999776005745,0.008837999776005745,0.008837999776005745,0.0,0.008837999776005745
2014-07-24,0.008969999849796295,0.008969999849796295,0.008969999849796295,0.008969999849796295,0.0,0.008969999849796295
2014-07-25,0.008969999849796295,0.008969999849796295,0.008969999849796295,0.008969999849796295,0.0,0.008969999849796295
2014-07-28,0.008969999849796295,0.008969999849796295,0.008969999849796295,0.008969999849796295,0.0,0.008969999849796295
2014-07-29,0.008969999849796295,0.008969999849796295,0.008969999849796295,0.008969999849796295,0.0,0.008969999849796295
2014-07-30,0.008969999849796295,0.008969999849796295,0.008969999849796295,0.008969999849796295,0.0,0.008969999849796295
2014-07-31,0.008969999849796295,0.008969999849796295,0.008969999849796295,0.008969999849796295,0.0,0.008969999849796295
2014-08-01,0.008969999849796295,0.008969999849796295,0.008969999849796295,0.008969999849796295,0.0,0.008969999849796295
2014-08-04,0.008969999849796295,0.008969999849796295,0.008969999849796295,0.008969999849796295,0.0,0.008969999849796295
2014-08-05,0.008969999849796295,0.008969999849796295,0.008969999849796295,0.008969999849796295,0.0,0.008969999849796295
2014-08-06,0.008969999849796295,0.008969999849796295,0.008969999849796295,0.008969999849796295,0.0,0.008969999849796295
2014-08-07,0.008969999849796295,0.008969999849796295,0.008969999849796295,0.008969999849796295,0.0,0.008969999849796295
2014-08-08,0.008969999849796295,0.008969999849796295,0.008969999849796295,0.008969999849796295,0.0,0.008969999849796295
2014-08-11,0.008969999849796295,0.008969999849796295,0.008969999849796295,0.008969999849796295,0.0,0.008969999849796295
2014-08-12,0.008969999849796295,0.008969999849796295,0.008969999849796295,0.008969999849796295,0.0,0.008969999849796295
2014-08-13,0.008969999849796295,0.008969999849796295,0.008969999849796295,0.008969999849796295,0.0,0.008969999849796295
2014-08-14,0.008969999849796295,0.008969999849796295,0.008969999849796295,0.008969999849796295,0.0,0.008969999849796295
2014-08-15,0.008969999849796295,0.008969999849796295,0.008969999849796295,0.008969999849796295,0.0,0.008969999849796295
2014-08-18,0.008969999849796295,0.008969999849796295,0.008969999849796295,0.008969999849796295,0.0,0.008969999849796295
2014-08-19,0.008969999849796295,0.008969999849796295,0.008969999849796295,0.008969999849796295,0.0,0.008969999849796295
2014-08-20,0.008969999849796295,0.008969999849796295,0.008969999849796295,0.008969999849796295,0.0,0.008969999849796295
2014-08-21,0.008969999849796295,0.008969999849796295,0.008969999849796295,0.008969999849796295,0.0,0.008969999849796295
2014-08-22,0.008969999849796295,0.008969999849796295,0.008969999849796295,0.008969999849796295,0.0,0.008969999849796295
2014-08-25,0.008969999849796295,0.008969999849796295,0.008969999849796295,0.008969999849796295,0.0,0.008969999849796295
2014-08-26,0.008969999849796295,0.008969999849796295,0.008969999849796295,0.008969999849796295,0.0,0.008969999849796295
2014-08-27,0.008969999849796295,0.008969999849796295,0.008969999849796295,0.008969999849796295,0.0,0.008969999849796295
2014-08-28,0.008969999849796295,0.008969999849796295,0.008969999849796295,0.008969999849796295,0.0,0.008969999849796295
2014-08-29,0.008969999849796295,0.008969999849796295,0.008969999849796295,0.008969999849796295,0.0,0.008969999849796295
2014-09-02,0.008969999849796295,0.008969999849796295,0.008969999849796295,0.008969999849796295,0.0,0.008969999849796295
2014-09-03,0.008969999849796295,0.008969999849796295,0.008969999849796295,0.008969999849796295,0.0,0.008969999849796295
2014-09-04,0.008969999849796295,0.008969999849796295,0.008969999849796295,0.008969999849796295,0.0,0.008969999849796295
2014-09-05,0.008969999849796295,0.008969999849796295,0.008969999849796295,0.008969999849796295,0.0,0.008969999849796295
2014-09-08,0.008969999849796295,0.008969999849796295,0.008969999849796295,0.008969999849796295,0.0,0.008969999849796295
2014-09-09,0.008969999849796295,0.008969999849796295,0.008969999849796295,0.008969999849796295,0.0,0.008969999849796295
2014-09-10,0.008969999849796295,0.008969999849796295,0.008969999849796295,0.008969999849796295,0.0,0.008969999849796295
2014-09-11,0.008969999849796295,0.008969999849796295,0.008969999849796295,0.008969999849796295,0.0,0.008969999849796295
2014-09-12,0.008969999849796295,0.008969999849796295,0.008969999849796295,0.008969999849796295,0.0,0.008969999849796295
2014-09-15,0.008969999849796295,0.008969999849796295,0.008969999849796295,0.008969999849796295,0.0,0.008969999849796295
2014-09-16,0.008969999849796295,0.008969999849796295,0.008969999849796295,0.008969999849796295,0.0,0.008969999849796295
2014-09-17,0.008969999849796295,0.008969999849796295,0.008969999849796295,0.008969999849796295,0.0,0.008969999849796295
2014-09-18,0.008969999849796295,0.008969999849796295,0.008969999849796295,0.008969999849796295,0.0,0.008969999849796295
2014-09-19,0.008969999849796295,0.008969999849796295,0.008969999849796295,0.008969999849796295,0.0,0.008969999849796295
2014-09-22,0.008969999849796295,0.008969999849796295,0.008969999849796295,0.008969999849796295,0.0,0.008969999849796295
2014-09-23,0.008969999849796295,0.008969999849796295,0.008969999849796295,0.008969999849796295,0.0,0.008969999849796295
2014-09-24,0.008969999849796295,0.008969999849796295,0.008969999849796295,0.008969999849796295,0.0,0.008969999849796295
2014-09-25,0.008969999849796295,0.008969999849796295,0.008969999849796295,0.008969999849796295,0.0,0.008969999849796295
2014-09-26,0.008969999849796295,0.008969999849796295,0.008969999849796295,0.008969999849796295,0.0,0.008969999849796295
2014-09-29,0.008969999849796295,0.008969999849796295,0.008969999849796295,0.008969999849796295,0.0,0.008969999849796295
2014-09-30,0.008969999849796295,0.008969999849796295,0.008969999849796295,0.008969999849796295,0.0,0.008969999849796295
2014-10-01,0.008969999849796295,0.008969999849796295,0.008969999849796295,0.008969999849796295,0.0,0.008969999849796295
2014-10-02,0.008969999849796295,0.008969999849796295,0.008969999849796295,0.008969999849796295,0.0,0.008969999849796295
2014-10-03,0.008969999849796295,0.008969999849796295,0.008969999849796295,0.008969999849796295,0.0,0.008969999849796295
2014-10-06,0.008969999849796295,0.008969999849796295,0.008969999849796295,0.008969999849796295,0.0,0.008969999849796295
2014-10-07,0.008969999849796295,0.008969999849796295,0.008969999849796295,0.008969999849796295,0.0,0.008969999849796295
2014-10-08,0.008969999849796295,0.008969999849796295,0.008969999849796295,0.008969999849796295,0.0,0.008969999849796295
2014-10-09,0.008969999849796295,0.008969999849796295,0.008969999849796295,0.008969999849796295,0.0,0.008969999849796295
2014-10-10,0.008969999849796295,0.008969999849796295,0.008969999849796295,0.008969999849796295,0.0,0.008969999849796295
2014-10-13,0.008969999849796295,0.008969999849796295,0.008969999849796295,0.008969999849796295,0.0,0.008969999849796295
2014-10-14,0.008969999849796295,0.008969999849796295,0.008969999849796295,0.008969999849796295,0.0,0.008969999849796295
2014-10-15,0.008969999849796295,0.008969999849796295,0.008969999849796295,0.008969999849796295,0.0,0.008969999849796295
2014-10-16,0.008969999849796295,0.008969999849796295,0.008969999849796295,0.008969999849796295,0.0,0.008969999849796295
2014-10-17,0.008969999849796295,0.008969999849796295,0.008969999849796295,0.008969999849796295,0.0,0.008969999849796295
2014-10-20,0.008969999849796295,0.008969999849796295,0.008969999849796295,0.008969999849796295,0.0,0.008969999849796295
2014-10-21,0.008969999849796295,0.008969999849796295,0.008969999849796295,0.008969999849796295,0.0,0.008969999849796295
2014-10-22,0.008969999849796295,0.008969999849796295,0.008969999849796295,0.008969999849796295,0.0,0.008969999849796295
2014-10-23,0.008969999849796295,0.008969999849796295,0.008969999849796295,0.008969999849796295,0.0,0.008969999849796295
2014-10-24,0.008969999849796295,0.008969999849796295,0.008969999849796295,0.008969999849796295,0.0,0.008969999849796295
2014-10-27,0.008969999849796295,0.008969999849796295,0.008969999849796295,0.008969999849796295,0.0,0.008969999849796295
2014-10-28,0.008969999849796295,0.008969999849796295,0.008969999849796295,0.008969999849796295,0.0,0.008969999849796295
2014-10-29,0.008969999849796295,0.008969999849796295,0.008969999849796295,0.008969999849796295,0.0,0.008969999849796295
2014-10-30,0.008969999849796295,0.008969999849796295,0.008969999849796295,0.008969999849796295,0.0,0.008969999849796295
2014-10-31,0.008969999849796295,0.008969999849796295,0.008969999849796295,0.008969999849796295,0.0,0.008969999849796295
2014-11-03,0.008969999849796295,0.008969999849796295,0.008969999849796295,0.008969999849796295,0.0,0.008969999849796295
2014-11-04,0.008969999849796295,0.008969999849796295,0.008969999849796295,0.008969999849796295,0.0,0.008969999849796295
2014-11-05,0.008969999849796295,0.008969999849796295,0.008969999849796295,0.008969999849796295,0.0,0.008969999849796295
2014-11-06,0.008969999849796295,0.008969999849796295,0.008969999849796295,0.008969999849796295,0.0,0.008969999849796295
2014-11-07,0.008969999849796295,0.008969999849796295,0.008969999849796295,0.008969999849796295,0.0,0.008969999849796295
2014-11-10,0.008969999849796295,0.008969999849796295,0.008969999849796295,0.008969999849796295,0.0,0.008969999849796295
2014-11-11,0.008969999849796295,0.008969999849796295,0.008969999849796295,0.008969999849796295,0.0,0.008969999849796295
2014-11-12,0.008969999849796295,0.008969999849796295,0.008969999849796295,0.008969999849796295,0.0,0.008969999849796295
2014-11-13,0.008969999849796295,0.008969999849796295,0.008969999849796295,0.008969999849796295,0.0,0.008969999849796295
2014-11-14,0.008969999849796295,0.008969999849796295,0.008969999849796295,0.008969999849796295,0.0,0.008969999849796295
2014-11-17,0.008969999849796295,0.008969999849796295,0.008969999849796295,0.008969999849796295,0.0,0.008969999849796295
2014-11-18,0.008969999849796295,0.008969999849796295,0.008969999849796295,0.008969999849796295,0.0,0.008969999849796295
2014-11-19,0.008969999849796295,0.008969999849796295,0.008969999849796295,0.008969999849796295,0.0,0.008969999849796295
2014-11-20,0.008969999849796295,0.008969999849796295,0.008969999849796295,0.008969999849796295,0.0,0.008969999849796295
2014-11-21,0.008969999849796295,0.008969999849796295,0.008969999849796295,0.008969999849796295,0.0,0.008969999849796295
2014-11-24,0.008969999849796295,0.008969999849796295,0.008969999849796295,0.008969999849796295,0.0,0.008969999849796295
2014-11-25,0.008969999849796295,0.008969999849796295,0.008969999849796295,0.008969999849796295,0.0,0.008969999849796295
2014-11-26,0.008969999849796295,0.008969999849796295,0.008969999849796295,0.008969999849796295,0.0,0.008969999849796295
2014-11-28,0.008969999849796295,0.008969999849796295,0.008969999849796295,0.008969999849796295,0.0,0.008969999849796295
2014-12-01,0.008969999849796295,0.008969999849796295,0.008969999849796295,0.008969999849796295,0.0,0.008969999849796295
2014-12-02,0.008969999849796295,0.008969999849796295,0.008969999849796295,0.008969999849796295,0.0,0.008969999849796295
2014-12-03,0.008969999849796295,0.008969999849796295,0.008969999849796295,0.008969999849796295,0.0,0.008969999849796295
2014-12-04,0.008969999849796295,0.008969999849796295,0.008969999849796295,0.008969999849796295,0.0,0.008969999849796295
2014-12-05,0.008969999849796295,0.008969999849796295,0.008969999849796295,0.008969999849796295,0.0,0.008969999849796295
2014-12-08,0.008969999849796295,0.008969999849796295,0.008969999849796295,0.008969999849796295,0.0,0.008969999849796295
2014-12-09,0.008969999849796295,0.008969999849796295,0.008969999849796295,0.008969999849796295,0.0,0.008969999849796295
2014-12-10,0.008969999849796295,0.008969999849796295,0.008969999849796295,0.008969999849796295,0.0,0.008969999849796295
2014-12-11,0.008969999849796295,0.008969999849796295,0.008969999849796295,0.008969999849796295,0.0,0.008969999849796295
2014-12-12,0.008969999849796295,0.008969999849796295,0.008969999849796295,0.008969999849796295,0.0,0.008969999849796295
2014-12-15,0.008969999849796295,0.008969999849796295,0.008969999849796295,0.008969999849796295,0.0,0.008969999849796295
2014-12-16,0.008969999849796295,0.008969999849796295,0.008969999849796295,0.008969999849796295,0.0,0.008969999849796295
2014-12-17,0.008969999849796295,0.008969999849796295,0.008969999849796295,0.008969999849796295,0.0,0.008969999849796295
2014-12-18,0.008969999849796295,0.008969999849796295,0.008969999849796295,0.008969999849796295,0.0,0.008969999849796295
2014-12-19,0.008969999849796295,0.008969999849796295,0.008969999849796295,0.008969999849796295,0.0,0.008969999849796295
2014-12-22,0.008969999849796295,0.008969999849796295,0.008969999849796295,0.008969999849796295,0.0,0.008969999849796295
2014-12-23,8.900000102585182e-05,8.900000102585182e-05,8.900000102585182e-05,8.900000102585182e-05,11147.0,8.900000102585182e-05
2014-12-24,8.900000102585182e-05,8.900000102585182e-05,8.900000102585182e-05,8.900000102585182e-05,0.0,8.900000102585182e-05
2014-12-26,8.900000102585182e-05,8.900000102585182e-05,8.900000102585182e-05,8.900000102585182e-05,0.0,8.900000102585182e-05
2014-12-29,8.900000102585182e-05,8.900000102585182e-05,8.900000102585182e-05,8.900000102585182e-05,0.0,8.900000102585182e-05
2014-12-30,8.900000102585182e-05,8.900000102585182e-05,8.900000102585182e-05,8.900000102585182e-05,0.0,8.900000102585182e-05
2014-12-31,8.900000102585182e-05,8.900000102585182e-05,8.900000102585182e-05,8.900000102585182e-05,0.0,8.900000102585182e-05
2015-01-02,8.900000102585182e-05,8.900000102585182e-05,8.900000102585182e-05,8.900000102585182e-05,0.0,8.900000102585182e-05
2015-01-05,8.900000102585182e-05,8.900000102585182e-05,8.900000102585182e-05,8.900000102585182e-05,0.0,8.900000102585182e-05
2015-01-06,8.900000102585182e-05,8.900000102585182e-05,8.900000102585182e-05,8.900000102585182e-05,0.0,8.900000102585182e-05
2015-01-07,8.900000102585182e-05,8.900000102585182e-05,8.900000102585182e-05,8.900000102585182e-05,0.0,8.900000102585182e-05
2015-01-08,8.900000102585182e-05,8.900000102585182e-05,8.900000102585182e-05,8.900000102585182e-05,0.0,8.900000102585182e-05
2015-01-09,0.011661999858915806,0.011661999858915806,0.011661999858915806,0.011661999858915806,1114.0,0.011661999858915806
2015-01-12,0.011661999858915806,0.011661999858915806,0.011661999858915806,0.011661999858915806,0.0,0.011661999858915806
2015-01-13,0.011661999858915806,0.011661999858915806,0.011661999858915806,0.011661999858915806,0.0,0.011661999858915806
2015-01-14,0.011661999858915806,0.011661999858915806,0.011661999858915806,0.011661999858915806,0.0,0.011661999858915806
2015-01-15,0.011661999858915806,0.011661999858915806,0.011661999858915806,0.011661999858915806,0.0,0.011661999858915806
2015-01-16,0.011661999858915806,0.011661999858915806,0.011661999858915806,0.011661999858915806,0.0,0.011661999858915806
2015-01-20,0.010765000246465206,0.010765000246465206,0.010765000246465206,0.010765000246465206,55736.0,0.010765000246465206
2015-01-21,0.010765000246465206,0.010765000246465206,0.010765000246465206,0.010765000246465206,0.0,0.010765000246465206
2015-01-22,0.010765000246465206,0.010765000246465206,0.010765000246465206,0.010765000246465206,0.0,0.010765000246465206
2015-01-23,0.010765000246465206,0.010765000246465206,0.010765000246465206,0.010765000246465206,0.0,0.010765000246465206
2015-01-26,0.010765000246465206,0.010765000246465206,0.010765000246465206,0.010765000246465206,0.0,0.010765000246465206
2015-01-27,0.010765000246465206,0.010765000246465206,0.010765000246465206,0.010765000246465206,0.0,0.010765000246465206
2015-01-28,0.010765000246465206,0.010765000246465206,0.010765000246465206,0.010765000246465206,0.0,0.010765000246465206
2015-01-29,0.010765000246465206,0.010765000246465206,0.010765000246465206,0.010765000246465206,0.0,0.010765000246465206
2015-01-30,0.010765000246465206,0.010765000246465206,0.010765000246465206,0.010765000246465206,0.0,0.010765000246465206
2015-02-02,0.010765000246465206,0.010765000246465206,0.010765000246465206,0.010765000246465206,0.0,0.010765000246465206
2015-02-03,0.010765000246465206,0.010765000246465206,0.010765000246465206,0.010765000246465206,0.0,0.010765000246465206
2015-02-04,0.010765000246465206,0.010765000246465206,0.010765000246465206,0.010765000246465206,0.0,0.010765000246465206
2015-02-05,0.010765000246465206,0.010765000246465206,0.010765000246465206,0.010765000246465206,0.0,0.010765000246465206
2015-02-06,0.010765000246465206,0.010765000246465206,0.010765000246465206,0.010765000246465206,0.0,0.010765000246465206
2015-02-09,0.010765000246465206,0.010765000246465206,0.010765000246465206,0.010765000246465206,0.0,0.010765000246465206
2015-02-10,0.010765000246465206,0.010765000246465206,0.010765000246465206,0.010765000246465206,0.0,0.010765000246465206
2015-02-11,0.010765000246465206,0.010765000246465206,0.010765000246465206,0.010765000246465206,0.0,0.010765000246465206
2015-02-12,0.010765000246465206,0.010765000246465206,0.010765000246465206,0.010765000246465206,0.0,0.010765000246465206
2015-02-13,0.010765000246465206,0.010765000246465206,0.010765000246465206,0.010765000246465206,0.0,0.010765000246465206
2015-02-17,0.010765000246465206,0.010765000246465206,0.010765000246465206,0.010765000246465206,0.0,0.010765000246465206
2015-02-18,0.010765000246465206,0.010765000246465206,0.010765000246465206,0.010765000246465206,0.0,0.010765000246465206
2015-02-19,0.010765000246465206,0.010765000246465206,0.010765000246465206,0.010765000246465206,0.0,0.010765000246465206
2015-02-20,0.010765000246465206,0.010765000246465206,0.010765000246465206,0.010765000246465206,0.0,0.010765000246465206
2015-02-23,0.010765000246465206,0.010765000246465206,0.010765000246465206,0.010765000246465206,0.0,0.010765000246465206
2015-02-24,0.010765000246465206,0.010765000246465206,0.010765000246465206,0.010765000246465206,0.0,0.010765000246465206
2015-02-25,0.010765000246465206,0.010765000246465206,0.010765000246465206,0.010765000246465206,0.0,0.010765000246465206
2015-02-26,0.010765000246465206,0.010765000246465206,0.010765000246465206,0.010765000246465206,0.0,0.010765000246465206
2015-02-27,0.010765000246465206,0.010765000246465206,0.010765000246465206,0.010765000246465206,0.0,0.010765000246465206
2015-03-02,0.010765000246465206,0.010765000246465206,0.010765000246465206,0.010765000246465206,0.0,0.010765000246465206
2015-03-03,0.010765000246465206,0.010765000246465206,0.010765000246465206,0.010765000246465206,0.0,0.010765000246465206
2015-03-04,0.010765000246465206,0.010765000246465206,0.010765000246465206,0.010765000246465206,0.0,0.010765000246465206
2015-03-05,0.010765000246465206,0.010765000246465206,0.010765000246465206,0.010765000246465206,0.0,0.010765000246465206
2015-03-06,0.010765000246465206,0.010765000246465206,0.010765000246465206,0.010765000246465206,0.0,0.010765000246465206
2015-03-09,0.010765000246465206,0.010765000246465206,0.010765000246465206,0.010765000246465206,0.0,0.010765000246465206
2015-03-10,0.010765000246465206,0.010765000246465206,0.010765000246465206,0.010765000246465206,0.0,0.010765000246465206
2015-03-11,0.010765000246465206,0.010765000246465206,0.010765000246465206,0.010765000246465206,0.0,0.010765000246465206
2015-03-12,0.010765000246465206,0.010765000246465206,0.010765000246465206,0.010765000246465206,0.0,0.010765000246465206
2015-03-13,0.010765000246465206,0.010765000246465206,0.010765000246465206,0.010765000246465206,0.0,0.010765000246465206
2015-03-16,0.010765000246465206,0.010765000246465206,0.010765000246465206,0.010765000246465206,0.0,0.010765000246465206
2015-03-17,0.010765000246465206,0.010765000246465206,0.010765000246465206,0.010765000246465206,0.0,0.010765000246465206
2015-03-18,0.010765000246465206,0.010765000246465206,0.010765000246465206,0.010765000246465206,0.0,0.010765000246465206
2015-03-19,0.010765000246465206,0.010765000246465206,0.010765000246465206,0.010765000246465206,0.0,0.010765000246465206
2015-03-20,0.010765000246465206,0.010765000246465206,0.010765000246465206,0.010765000246465206,0.0,0.010765000246465206
2015-03-23,0.010765000246465206,0.010765000246465206,0.010765000246465206,0.010765000246465206,0.0,0.010765000246465206
2015-03-24,0.010765000246465206,0.010765000246465206,0.010765000246465206,0.010765000246465206,0.0,0.010765000246465206
2015-03-25,0.010765000246465206,0.010765000246465206,0.010765000246465206,0.010765000246465206,0.0,0.010765000246465206
2015-03-26,0.010765000246465206,0.010765000246465206,0.010765000246465206,0.010765000246465206,0.0,0.010765000246465206
2015-03-27,0.010765000246465206,0.010765000246465206,0.010765000246465206,0.010765000246465206,0.0,0.010765000246465206
2015-03-30,0.010765000246465206,0.010765000246465206,0.010765000246465206,0.010765000246465206,0.0,0.010765000246465206
2015-03-31,0.010765000246465206,0.010765000246465206,0.010765000246465206,0.010765000246465206,0.0,0.010765000246465206
2015-04-01,0.010765000246465206,0.010765000246465206,0.010765000246465206,0.010765000246465206,0.0,0.010765000246465206
2015-04-02,0.010765000246465206,0.010765000246465206,0.010765000246465206,0.010765000246465206,0.0,0.010765000246465206
2015-04-06,0.010765000246465206,0.010765000246465206,0.010765000246465206,0.010765000246465206,0.0,0.010765000246465206
2015-04-07,0.010765000246465206,0.010765000246465206,0.010765000246465206,0.010765000246465206,0.0,0.010765000246465206
2015-04-08,0.010765000246465206,0.010765000246465206,0.010765000246465206,0.010765000246465206,0.0,0.010765000246465206
2015-04-09,0.010765000246465206,0.010765000246465206,0.010765000246465206,0.010765000246465206,0.0,0.010765000246465206
2015-04-10,0.010765000246465206,0.010765000246465206,0.010765000246465206,0.010765000246465206,0.0,0.010765000246465206
2015-04-13,0.010765000246465206,0.010765000246465206,0.010765000246465206,0.010765000246465206,0.0,0.010765000246465206
2015-04-14,0.010765000246465206,0.010765000246465206,0.010765000246465206,0.010765000246465206,0.0,0.010765000246465206
2015-04-15,0.010765000246465206,0.010765000246465206,0.010765000246465206,0.010765000246465206,0.0,0.010765000246465206
2015-04-16,0.010765000246465206,0.010765000246465206,0.010765000246465206,0.010765000246465206,0.0,0.010765000246465206
2015-04-17,0.010765000246465206,0.010765000246465206,0.010765000246465206,0.010765000246465206,0.0,0.010765000246465206
2015-04-20,0.010765000246465206,0.010765000246465206,0.010765000246465206,0.010765000246465206,0.0,0.010765000246465206
2015-04-21,0.010765000246465206,0.010765000246465206,0.010765000246465206,0.010765000246465206,0.0,0.010765000246465206
2015-04-22,0.011661999858915806,0.011661999858915806,0.011661999858915806,0.011661999858915806,1114.0,0.011661999858915806
2015-04-23,0.011661999858915806,0.011661999858915806,0.011661999858915806,0.011661999858915806,0.0,0.011661999858915806
2015-04-24,0.011661999858915806,0.011661999858915806,0.011661999858915806,0.011661999858915806,0.0,0.011661999858915806
2015-04-27,0.011661999858915806,0.011661999858915806,0.011661999858915806,0.011661999858915806,0.0,0.011661999858915806
2015-04-28,0.01345600001513958,0.01345600001513958,0.01345600001513958,0.01345600001513958,27868.0,0.01345600001513958
2015-04-29,0.01345600001513958,0.01345600001513958,0.01345600001513958,0.01345600001513958,0.0,0.01345600001513958
2015-04-30,0.01345600001513958,0.01345600001513958,0.01345600001513958,0.01345600001513958,0.0,0.01345600001513958
2015-05-01,0.01345600001513958,0.01345600001513958,0.01345600001513958,0.01345600001513958,0.0,0.01345600001513958
2015-05-04,0.01345600001513958,0.01345600001513958,0.01345600001513958,0.01345600001513958,0.0,0.01345600001513958
2015-05-05,0.01345600001513958,0.01345600001513958,0.01345600001513958,0.01345600001513958,0.0,0.01345600001513958
2015-05-06,0.01345600001513958,0.01345600001513958,0.01345600001513958,0.01345600001513958,0.0,0.01345600001513958
2015-05-07,0.01345600001513958,0.01345600001513958,0.01345600001513958,0.01345600001513958,0.0,0.01345600001513958
2015-05-08,0.01345600001513958,0.01345600001513958,0.01345600001513958,0.01345600001513958,0.0,0.01345600001513958
2015-05-11,0.022427000105381012,0.022427000105381012,0.022427000105381012,0.022427000105381012,9475.0,0.022427000105381012
2015-05-12,0.022427000105381012,0.022427000105381012,0.022427000105381012,0.022427000105381012,0.0,0.022427000105381012
2015-05-13,0.022427000105381012,0.022427000105381012,0.022427000105381012,0.022427000105381012,0.0,0.022427000105381012
2015-05-14,0.022427000105381012,0.022427000105381012,0.022427000105381012,0.022427000105381012,0.0,0.022427000105381012
2015-05-15,0.02691200003027916,0.02691200003027916,0.02691200003027916,0.02691200003027916,1114.0,0.02691200003027916
2015-05-18,0.02691200003027916,0.02691200003027916,0.02691200003027916,0.02691200003027916,0.0,0.02691200003027916
2015-05-19,0.02691200003027916,0.02691200003027916,0.02691200003027916,0.02691200003027916,0.0,0.02691200003027916
2015-05-20,0.02691200003027916,0.02691200003027916,0.02691200003027916,0.02691200003027916,0.0,0.02691200003027916
2015-05-21,0.01345600001513958,0.01345600001513958,0.01345600001513958,0.01345600001513958,5573.0,0.01345600001513958
2015-05-22,0.01345600001513958,0.01345600001513958,0.01345600001513958,0.01345600001513958,0.0,0.01345600001513958
2015-05-26,0.01345600001513958,0.01345600001513958,0.01345600001513958,0.01345600001513958,0.0,0.01345600001513958
2015-05-27,0.01345600001513958,0.01345600001513958,0.01345600001513958,0.01345600001513958,0.0,0.01345600001513958
2015-05-28,0.01345600001513958,0.01345600001513958,0.01345600001513958,0.01345600001513958,0.0,0.01345600001513958
2015-05-29,0.01345600001513958,0.01345600001513958,0.01345600001513958,0.01345600001513958,0.0,0.01345600001513958
2015-06-01,0.008969999849796295,0.008969999849796295,0.008969999849796295,0.008969999849796295,22294.0,0.008969999849796295
2015-06-02,0.008969999849796295,0.008969999849796295,0.008969999849796295,0.008969999849796295,0.0,0.008969999849796295
2015-06-03,0.008969999849796295,0.008969999849796295,0.008969999849796295,0.008969999849796295,0.0,0.008969999849796295
2015-06-04,0.008969999849796295,0.008969999849796295,0.008969999849796295,0.008969999849796295,0.0,0.008969999849796295
2015-06-05,0.008969999849796295,0.008969999849796295,0.008969999849796295,0.008969999849796295,0.0,0.008969999849796295
2015-06-08,0.010765000246465206,0.010765000246465206,0.010765000246465206,0.010765000246465206,5573.0,0.010765000246465206
2015-06-09,0.010765000246465206,0.010765000246465206,0.010765000246465206,0.010765000246465206,0.0,0.010765000246465206
2015-06-10,0.010765000246465206,0.010765000246465206,0.010765000246465206,0.010765000246465206,0.0,0.010765000246465206
2015-06-11,0.010765000246465206,0.010765000246465206,0.010765000246465206,0.010765000246465206,0.0,0.010765000246465206
2015-06-12,0.010765000246465206,0.010765000246465206,0.010765000246465206,0.010765000246465206,0.0,0.010765000246465206
2015-06-15,0.01345600001513958,0.01345600001513958,0.01345600001513958,0.01345600001513958,5573.0,0.01345600001513958
2015-06-16,0.01345600001513958,0.01345600001513958,0.01345600001513958,0.01345600001513958,0.0,0.01345600001513958
2015-06-17,0.01345600001513958,0.01345600001513958,0.01345600001513958,0.01345600001513958,0.0,0.01345600001513958
2015-06-18,0.01345600001513958,0.01345600001513958,0.01345600001513958,0.01345600001513958,0.0,0.01345600001513958
2015-06-19,0.01345600001513958,0.01345600001513958,0.01345600001513958,0.01345600001513958,0.0,0.01345600001513958
2015-06-22,0.01345600001513958,0.01345600001513958,0.01345600001513958,0.01345600001513958,0.0,0.01345600001513958
2015-06-23,0.01345600001513958,0.01345600001513958,0.01345600001513958,0.01345600001513958,0.0,0.01345600001513958
2015-06-24,0.01345600001513958,0.01345600001513958,0.01345600001513958,0.01345600001513958,0.0,0.01345600001513958
2015-06-25,0.01345600001513958,0.01345600001513958,0.01345600001513958,0.01345600001513958,0.0,0.01345600001513958
2015-06-26,0.01345600001513958,0.01345600001513958,0.01345600001513958,0.01345600001513958,0.0,0.01345600001513958
2015-06-29,0.01345600001513958,0.01345600001513958,0.01345600001513958,0.01345600001513958,0.0,0.01345600001513958
2015-06-30,0.01345600001513958,0.01345600001513958,0.01345600001513958,0.01345600001513958,0.0,0.01345600001513958
2015-07-01,0.01345600001513958,0.01345600001513958,0.01345600001513958,0.01345600001513958,0.0,0.01345600001513958
2015-07-02,0.01345600001513958,0.01345600001513958,0.01345600001513958,0.01345600001513958,0.0,0.01345600001513958
2015-07-06,0.01345600001513958,0.01345600001513958,0.01345600001513958,0.01345600001513958,0.0,0.01345600001513958
2015-07-07,0.01345600001513958,0.01345600001513958,0.01345600001513958,0.01345600001513958,0.0,0.01345600001513958
2015-07-08,0.01345600001513958,0.01345600001513958,0.01345600001513958,0.01345600001513958,0.0,0.01345600001513958
2015-07-09,0.01345600001513958,0.01345600001513958,0.01345600001513958,0.01345600001513958,0.0,0.01345600001513958
2015-07-10,0.01345600001513958,0.01345600001513958,0.01345600001513958,0.01345600001513958,0.0,0.01345600001513958
2015-07-13,0.01345600001513958,0.01345600001513958,0.01345600001513958,0.01345600001513958,0.0,0.01345600001513958
2015-07-14,0.01345600001513958,0.01345600001513958,0.01345600001513958,0.01345600001513958,0.0,0.01345600001513958
2015-07-15,0.01345600001513958,0.01345600001513958,0.01345600001513958,0.01345600001513958,0.0,0.01345600001513958
2015-07-16,0.01345600001513958,0.01345600001513958,0.01345600001513958,0.01345600001513958,0.0,0.01345600001513958
2015-07-17,0.01345600001513958,0.01345600001513958,0.01345600001513958,0.01345600001513958,0.0,0.01345600001513958
2015-07-20,0.01345600001513958,0.01345600001513958,0.01345600001513958,0.01345600001513958,0.0,0.01345600001513958
2015-07-21,0.01345600001513958,0.01345600001513958,0.01345600001513958,0.01345600001513958,0.0,0.01345600001513958
2015-07-22,0.01345600001513958,0.01345600001513958,0.01345600001513958,0.01345600001513958,0.0,0.01345600001513958
2015-07-23,0.01345600001513958,0.01345600001513958,0.01345600001513958,0.01345600001513958,0.0,0.01345600001513958
2015-07-24,0.01345600001513958,0.01345600001513958,0.01345600001513958,0.01345600001513958,0.0,0.01345600001513958
2015-07-27,0.01345600001513958,0.01345600001513958,0.01345600001513958,0.01345600001513958,0.0,0.01345600001513958
2015-07-28,0.01345600001513958,0.01345600001513958,0.01345600001513958,0.01345600001513958,0.0,0.01345600001513958
2015-07-29,0.01345600001513958,0.01345600001513958,0.01345600001513958,0.01345600001513958,0.0,0.01345600001513958
2015-07-30,0.008969999849796295,0.008969999849796295,0.008969999849796295,0.008969999849796295,5573.0,0.008969999849796295
2015-07-31,0.008969999849796295,0.008969999849796295,0.008969999849796295,0.008969999849796295,0.0,0.008969999849796295
2015-08-03,0.008969999849796295,0.008969999849796295,0.008969999849796295,0.008969999849796295,0.0,0.008969999849796295
2015-08-04,0.008969999849796295,0.008969999849796295,0.008969999849796295,0.008969999849796295,0.0,0.008969999849796295
2015-08-05,0.009999999776482582,0.009999999776482582,0.009999999776482582,0.009999999776482582,0.0,0.009999999776482582
2015-08-06,0.009999999776482582,0.009999999776482582,0.009999999776482582,0.009999999776482582,0.0,0.009999999776482582
2015-08-07,0.009999999776482582,0.009999999776482582,0.009999999776482582,0.009999999776482582,0.0,0.009999999776482582
2015-08-10,0.009999999776482582,0.009999999776482582,0.009999999776482582,0.009999999776482582,0.0,0.009999999776482582
2015-08-11,0.009999999776482582,0.009999999776482582,0.009999999776482582,0.009999999776482582,0.0,0.009999999776482582
2015-08-12,0.009999999776482582,0.009999999776482582,0.009999999776482582,0.009999999776482582,0.0,0.009999999776482582
2015-08-13,0.009999999776482582,0.009999999776482582,0.009999999776482582,0.009999999776482582,0.0,0.009999999776482582
2015-08-14,0.009999999776482582,0.009999999776482582,0.009999999776482582,0.009999999776482582,0.0,0.009999999776482582
2015-08-17,0.009999999776482582,0.009999999776482582,0.009999999776482582,0.009999999776482582,0.0,0.009999999776482582
2015-08-18,0.009999999776482582,0.009999999776482582,0.009999999776482582,0.009999999776482582,0.0,0.009999999776482582
2015-08-19,0.009999999776482582,0.009999999776482582,0.009999999776482582,0.009999999776482582,0.0,0.009999999776482582
2015-08-20,0.009999999776482582,0.009999999776482582,0.009999999776482582,0.009999999776482582,0.0,0.009999999776482582
2015-08-21,0.009999999776482582,0.009999999776482582,0.009999999776482582,0.009999999776482582,0.0,0.009999999776482582
2015-08-24,0.010999999940395355,0.010999999940395355,0.010999999940395355,0.010999999940395355,950.0,0.010999999940395355
2015-08-25,0.010999999940395355,0.010999999940395355,0.010999999940395355,0.010999999940395355,0.0,0.010999999940395355
2015-08-26,0.010999999940395355,0.010999999940395355,0.010999999940395355,0.010999999940395355,0.0,0.010999999940395355
2015-08-27,0.010999999940395355,0.010999999940395355,0.010999999940395355,0.010999999940395355,0.0,0.010999999940395355
2015-08-28,0.010999999940395355,0.010999999940395355,0.010999999940395355,0.010999999940395355,0.0,0.010999999940395355
2015-08-31,0.010999999940395355,0.010999999940395355,0.010999999940395355,0.010999999940395355,0.0,0.010999999940395355
2015-09-01,0.010999999940395355,0.010999999940395355,0.010999999940395355,0.010999999940395355,0.0,0.010999999940395355
2015-09-02,0.010999999940395355,0.010999999940395355,0.010999999940395355,0.010999999940395355,0.0,0.010999999940395355
2015-09-03,0.010999999940395355,0.010999999940395355,0.010999999940395355,0.010999999940395355,0.0,0.010999999940395355
2015-09-04,0.010999999940395355,0.010999999940395355,0.010999999940395355,0.010999999940395355,0.0,0.010999999940395355
2015-09-08,0.010999999940395355,0.010999999940395355,0.010999999940395355,0.010999999940395355,0.0,0.010999999940395355
2015-09-09,0.010999999940395355,0.010999999940395355,0.010999999940395355,0.010999999940395355,0.0,0.010999999940395355
2015-09-10,0.010999999940395355,0.010999999940395355,0.010999999940395355,0.010999999940395355,0.0,0.010999999940395355
2015-09-11,0.010999999940395355,0.010999999940395355,0.010999999940395355,0.010999999940395355,0.0,0.010999999940395355
2015-09-14,0.010999999940395355,0.010999999940395355,0.010999999940395355,0.010999999940395355,0.0,0.010999999940395355
2015-09-15,0.010999999940395355,0.010999999940395355,0.010999999940395355,0.010999999940395355,0.0,0.010999999940395355
2015-09-16,0.010999999940395355,0.010999999940395355,0.010999999940395355,0.010999999940395355,0.0,0.010999999940395355
2015-09-17,0.010999999940395355,0.010999999940395355,0.010999999940395355,0.010999999940395355,0.0,0.010999999940395355
2015-09-18,0.010999999940395355,0.010999999940395355,0.010999999940395355,0.010999999940395355,0.0,0.010999999940395355
2015-09-21,0.010999999940395355,0.010999999940395355,0.010999999940395355,0.010999999940395355,0.0,0.010999999940395355
2015-09-22,0.010999999940395355,0.010999999940395355,0.010999999940395355,0.010999999940395355,0.0,0.010999999940395355
2015-09-23,0.010999999940395355,0.010999999940395355,0.010999999940395355,0.010999999940395355,0.0,0.010999999940395355
2015-09-24,0.010999999940395355,0.010999999940395355,0.010999999940395355,0.010999999940395355,0.0,0.010999999940395355
2015-09-25,0.010999999940395355,0.010999999940395355,0.010999999940395355,0.010999999940395355,0.0,0.010999999940395355
2015-09-28,0.010999999940395355,0.010999999940395355,0.010999999940395355,0.010999999940395355,0.0,0.010999999940395355
2015-09-29,0.010999999940395355,0.010999999940395355,0.010999999940395355,0.010999999940395355,0.0,0.010999999940395355
2015-09-30,0.010999999940395355,0.010999999940395355,0.010999999940395355,0.010999999940395355,0.0,0.010999999940395355
2015-10-01,0.010999999940395355,0.010999999940395355,0.010999999940395355,0.010999999940395355,0.0,0.010999999940395355
2015-10-02,0.010999999940395355,0.010999999940395355,0.010999999940395355,0.010999999940395355,0.0,0.010999999940395355
2015-10-05,0.010999999940395355,0.010999999940395355,0.010999999940395355,0.010999999940395355,0.0,0.010999999940395355
2015-10-06,0.010999999940395355,0.010999999940395355,0.010999999940395355,0.010999999940395355,0.0,0.010999999940395355
2015-10-07,0.010999999940395355,0.010999999940395355,0.010999999940395355,0.010999999940395355,0.0,0.010999999940395355
2015-10-08,0.010999999940395355,0.010999999940395355,0.010999999940395355,0.010999999940395355,0.0,0.010999999940395355
2015-10-09,0.010999999940395355,0.010999999940395355,0.010999999940395355,0.010999999940395355,0.0,0.010999999940395355
2015-10-12,0.010999999940395355,0.010999999940395355,0.010999999940395355,0.010999999940395355,0.0,0.010999999940395355
2015-10-13,0.010999999940395355,0.010999999940395355,0.010999999940395355,0.010999999940395355,0.0,0.010999999940395355
2015-10-14,0.010999999940395355,0.010999999940395355,0.010999999940395355,0.010999999940395355,0.0,0.010999999940395355
2015-10-15,0.010999999940395355,0.010999999940395355,0.010999999940395355,0.010999999940395355,0.0,0.010999999940395355
2015-10-16,0.010999999940395355,0.010999999940395355,0.010999999940395355,0.010999999940395355,0.0,0.010999999940395355
2015-10-19,0.010999999940395355,0.010999999940395355,0.010999999940395355,0.010999999940395355,0.0,0.010999999940395355
2015-10-20,0.010999999940395355,0.010999999940395355,0.010999999940395355,0.010999999940395355,0.0,0.010999999940395355
2015-10-21,0.010999999940395355,0.010999999940395355,0.010999999940395355,0.010999999940395355,0.0,0.010999999940395355
2015-10-22,0.010999999940395355,0.010999999940395355,0.010999999940395355,0.010999999940395355,0.0,0.010999999940395355
2015-10-23,0.010999999940395355,0.010999999940395355,0.010999999940395355,0.010999999940395355,0.0,0.010999999940395355
2015-10-26,0.010999999940395355,0.010999999940395355,0.010999999940395355,0.010999999940395355,0.0,0.010999999940395355
2015-10-27,0.010999999940395355,0.010999999940395355,0.010999999940395355,0.010999999940395355,0.0,0.010999999940395355
2015-10-28,0.010999999940395355,0.010999999940395355,0.010999999940395355,0.010999999940395355,0.0,0.010999999940395355
2015-10-29,0.010999999940395355,0.010999999940395355,0.010999999940395355,0.010999999940395355,0.0,0.010999999940395355
2015-10-30,0.010999999940395355,0.010999999940395355,0.010999999940395355,0.010999999940395355,0.0,0.010999999940395355
2015-11-02,0.010999999940395355,0.010999999940395355,0.010999999940395355,0.010999999940395355,0.0,0.010999999940395355
2015-11-03,0.010999999940395355,0.010999999940395355,0.010999999940395355,0.010999999940395355,0.0,0.010999999940395355
2015-11-04,0.010999999940395355,0.010999999940395355,0.010999999940395355,0.010999999940395355,0.0,0.010999999940395355
2015-11-05,0.010999999940395355,0.010999999940395355,0.010999999940395355,0.010999999940395355,0.0,0.010999999940395355
2015-11-06,0.010999999940395355,0.010999999940395355,0.010999999940395355,0.010999999940395355,0.0,0.010999999940395355
2015-11-09,0.010999999940395355,0.010999999940395355,0.010999999940395355,0.010999999940395355,0.0,0.010999999940395355
2015-11-10,0.010999999940395355,0.010999999940395355,0.010999999940395355,0.010999999940395355,0.0,0.010999999940395355
2015-11-11,0.010999999940395355,0.010999999940395355,0.010999999940395355,0.010999999940395355,0.0,0.010999999940395355
2015-11-12,0.010999999940395355,0.010999999940395355,0.010999999940395355,0.010999999940395355,0.0,0.010999999940395355
2015-11-13,0.010999999940395355,0.010999999940395355,0.010999999940395355,0.010999999940395355,0.0,0.010999999940395355
2015-11-16,0.010999999940395355,0.010999999940395355,0.010999999940395355,0.010999999940395355,0.0,0.010999999940395355
2015-11-17,0.010999999940395355,0.010999999940395355,0.010999999940395355,0.010999999940395355,0.0,0.010999999940395355
2015-11-18,0.010999999940395355,0.010999999940395355,0.010999999940395355,0.010999999940395355,0.0,0.010999999940395355
2015-11-19,0.010999999940395355,0.010999999940395355,0.010999999940395355,0.010999999940395355,0.0,0.010999999940395355
2015-11-20,0.010999999940395355,0.010999999940395355,0.010999999940395355,0.010999999940395355,0.0,0.010999999940395355
2015-11-23,0.010999999940395355,0.010999999940395355,0.010999999940395355,0.010999999940395355,0.0,0.010999999940395355
2015-11-24,0.010999999940395355,0.010999999940395355,0.010999999940395355,0.010999999940395355,0.0,0.010999999940395355
2015-11-25,0.010999999940395355,0.010999999940395355,0.010999999940395355,0.010999999940395355,0.0,0.010999999940395355
2015-11-27,0.010999999940395355,0.010999999940395355,0.010999999940395355,0.010999999940395355,0.0,0.010999999940395355
2015-11-30,0.010999999940395355,0.010999999940395355,0.010999999940395355,0.010999999940395355,0.0,0.010999999940395355
2015-12-01,0.010999999940395355,0.010999999940395355,0.010999999940395355,0.010999999940395355,0.0,0.010999999940395355
2015-12-02,0.010999999940395355,0.010999999940395355,0.010999999940395355,0.010999999940395355,0.0,0.010999999940395355
2015-12-03,0.010999999940395355,0.010999999940395355,0.010999999940395355,0.010999999940395355,0.0,0.010999999940395355
2015-12-04,0.010999999940395355,0.010999999940395355,0.010999999940395355,0.010999999940395355,0.0,0.010999999940395355
2015-12-07,0.010999999940395355,0.010999999940395355,0.010999999940395355,0.010999999940395355,0.0,0.010999999940395355
2015-12-08,0.010999999940395355,0.010999999940395355,0.010999999940395355,0.010999999940395355,0.0,0.010999999940395355
2015-12-09,0.010999999940395355,0.010999999940395355,0.010999999940395355,0.010999999940395355,0.0,0.010999999940395355
2015-12-10,0.010999999940395355,0.010999999940395355,0.010999999940395355,0.010999999940395355,0.0,0.010999999940395355
2015-12-11,0.010999999940395355,0.010999999940395355,0.010999999940395355,0.010999999940395355,0.0,0.010999999940395355
2015-12-14,0.010999999940395355,0.010999999940395355,0.010999999940395355,0.010999999940395355,0.0,0.010999999940395355
2015-12-15,0.010999999940395355,0.010999999940395355,0.010999999940395355,0.010999999940395355,0.0,0.010999999940395355
2015-12-16,0.010999999940395355,0.010999999940395355,0.010999999940395355,0.010999999940395355,0.0,0.010999999940395355
2015-12-17,0.010999999940395355,0.010999999940395355,0.010999999940395355,0.010999999940395355,0.0,0.010999999940395355
2015-12-18,0.010999999940395355,0.010999999940395355,0.010999999940395355,0.010999999940395355,0.0,0.010999999940395355
2015-12-21,0.010999999940395355,0.010999999940395355,0.010999999940395355,0.010999999940395355,0.0,0.010999999940395355
2015-12-22,0.010999999940395355,0.010999999940395355,0.010999999940395355,0.010999999940395355,0.0,0.010999999940395355
2015-12-23,0.010999999940395355,0.010999999940395355,0.010999999940395355,0.010999999940395355,0.0,0.010999999940395355
2015-12-24,0.010999999940395355,0.010999999940395355,0.010999999940395355,0.010999999940395355,0.0,0.010999999940395355
2015-12-28,0.010999999940395355,0.010999999940395355,0.010999999940395355,0.010999999940395355,0.0,0.010999999940395355
2015-12-29,0.010999999940395355,0.010999999940395355,0.010999999940395355,0.010999999940395355,0.0,0.010999999940395355
2015-12-30,0.010999999940395355,0.010999999940395355,0.010999999940395355,0.010999999940395355,0.0,0.010999999940395355
2015-12-31,0.010999999940395355,0.010999999940395355,0.010999999940395355,0.010999999940395355,0.0,0.010999999940395355
2016-01-04,0.010999999940395355,0.010999999940395355,0.010999999940395355,0.010999999940395355,0.0,0.010999999940395355
2016-01-05,0.010999999940395355,0.010999999940395355,0.010999999940395355,0.010999999940395355,0.0,0.010999999940395355
2016-01-06,0.010999999940395355,0.010999999940395355,0.010999999940395355,0.010999999940395355,0.0,0.010999999940395355
2016-01-07,0.010999999940395355,0.010999999940395355,0.010999999940395355,0.010999999940395355,0.0,0.010999999940395355
2016-01-08,0.010999999940395355,0.010999999940395355,0.010999999940395355,0.010999999940395355,0.0,0.010999999940395355
2016-01-11,0.010999999940395355,0.010999999940395355,0.010999999940395355,0.010999999940395355,0.0,0.010999999940395355
2016-01-12,0.010999999940395355,0.010999999940395355,0.010999999940395355,0.010999999940395355,0.0,0.010999999940395355
2016-01-13,0.010999999940395355,0.010999999940395355,0.010999999940395355,0.010999999940395355,0.0,0.010999999940395355
2016-01-14,0.010999999940395355,0.010999999940395355,0.010999999940395355,0.010999999940395355,0.0,0.010999999940395355
2016-01-15,0.010999999940395355,0.010999999940395355,0.010999999940395355,0.010999999940395355,0.0,0.010999999940395355
2016-01-19,0.0027000000700354576,0.0027000000700354576,0.0027000000700354576,0.0027000000700354576,25000.0,0.0027000000700354576
2016-01-20,0.0027000000700354576,0.0027000000700354576,0.0027000000700354576,0.0027000000700354576,0.0,0.0027000000700354576
2016-01-21,0.0027000000700354576,0.0027000000700354576,0.0027000000700354576,0.0027000000700354576,0.0,0.0027000000700354576
2016-01-22,0.0027000000700354576,0.0027000000700354576,0.0027000000700354576,0.0027000000700354576,0.0,0.0027000000700354576
2016-01-25,0.0027000000700354576,0.0027000000700354576,0.0027000000700354576,0.0027000000700354576,0.0,0.0027000000700354576
2016-01-26,0.0027000000700354576,0.0027000000700354576,0.0027000000700354576,0.0027000000700354576,0.0,0.0027000000700354576
2016-01-27,0.0027000000700354576,0.0027000000700354576,0.0027000000700354576,0.0027000000700354576,0.0,0.0027000000700354576
2016-01-28,0.0027000000700354576,0.0027000000700354576,0.0027000000700354576,0.0027000000700354576,0.0,0.0027000000700354576
2016-01-29,0.0027000000700354576,0.0027000000700354576,0.0027000000700354576,0.0027000000700354576,0.0,0.0027000000700354576
2016-02-01,0.0027000000700354576,0.0027000000700354576,0.0027000000700354576,0.0027000000700354576,0.0,0.0027000000700354576
2016-02-02,0.0027000000700354576,0.0027000000700354576,0.0027000000700354576,0.0027000000700354576,0.0,0.0027000000700354576
2016-02-03,0.0027000000700354576,0.0027000000700354576,0.0027000000700354576,0.0027000000700354576,0.0,0.0027000000700354576
2016-02-04,0.0027000000700354576,0.0027000000700354576,0.0027000000700354576,0.0027000000700354576,0.0,0.0027000000700354576
2016-02-05,0.0027000000700354576,0.0027000000700354576,0.0027000000700354576,0.0027000000700354576,0.0,0.0027000000700354576
2016-02-08,0.0027000000700354576,0.0027000000700354576,0.0027000000700354576,0.0027000000700354576,0.0,0.0027000000700354576
2016-02-09,0.0027000000700354576,0.0027000000700354576,0.0027000000700354576,0.0027000000700354576,0.0,0.0027000000700354576
2016-02-10,0.0027000000700354576,0.0027000000700354576,0.0027000000700354576,0.0027000000700354576,0.0,0.0027000000700354576
2016-02-11,0.0027000000700354576,0.0027000000700354576,0.0027000000700354576,0.0027000000700354576,0.0,0.0027000000700354576
2016-02-12,0.0027000000700354576,0.0027000000700354576,0.0027000000700354576,0.0027000000700354576,0.0,0.0027000000700354576
2016-02-16,0.0027000000700354576,0.0027000000700354576,0.0027000000700354576,0.0027000000700354576,0.0,0.0027000000700354576
2016-02-17,0.0027000000700354576,0.0027000000700354576,0.0027000000700354576,0.0027000000700354576,0.0,0.0027000000700354576
2016-02-18,0.0027000000700354576,0.0027000000700354576,0.0027000000700354576,0.0027000000700354576,0.0,0.0027000000700354576
2016-02-19,0.0027000000700354576,0.0027000000700354576,0.0027000000700354576,0.0027000000700354576,0.0,0.0027000000700354576
2016-02-22,0.0027000000700354576,0.0027000000700354576,0.0027000000700354576,0.0027000000700354576,0.0,0.0027000000700354576
2016-02-23,0.0027000000700354576,0.0027000000700354576,0.0027000000700354576,0.0027000000700354576,0.0,0.0027000000700354576
2016-02-24,0.0027000000700354576,0.0027000000700354576,0.0027000000700354576,0.0027000000700354576,0.0,0.0027000000700354576
2016-02-25,0.0027000000700354576,0.0027000000700354576,0.0027000000700354576,0.0027000000700354576,0.0,0.0027000000700354576
2016-02-26,0.0027000000700354576,0.0027000000700354576,0.0027000000700354576,0.0027000000700354576,0.0,0.0027000000700354576
2016-02-29,0.0027000000700354576,0.0027000000700354576,0.0027000000700354576,0.0027000000700354576,0.0,0.0027000000700354576
2016-03-01,0.0027000000700354576,0.0027000000700354576,0.0027000000700354576,0.0027000000700354576,0.0,0.0027000000700354576
2016-03-02,0.0027000000700354576,0.0027000000700354576,0.0027000000700354576,0.0027000000700354576,0.0,0.0027000000700354576
2016-03-03,0.0010000000474974513,0.0010000000474974513,0.0010000000474974513,0.0010000000474974513,3300.0,0.0010000000474974513
2016-03-04,0.0010000000474974513,0.0010000000474974513,0.0010000000474974513,0.0010000000474974513,0.0,0.0010000000474974513
2016-03-07,0.0010000000474974513,0.0010000000474974513,0.0010000000474974513,0.0010000000474974513,0.0,0.0010000000474974513
2016-03-08,0.0010000000474974513,0.0010000000474974513,0.0010000000474974513,0.0010000000474974513,0.0,0.0010000000474974513
2016-03-09,0.0010000000474974513,0.0010000000474974513,0.0010000000474974513,0.0010000000474974513,0.0,0.0010000000474974513
2016-03-10,0.0010000000474974513,0.0010000000474974513,0.0010000000474974513,0.0010000000474974513,0.0,0.0010000000474974513
2016-03-11,0.0010000000474974513,0.0010000000474974513,0.0010000000474974513,0.0010000000474974513,0.0,0.0010000000474974513
2016-03-14,0.0010000000474974513,0.0010000000474974513,0.0010000000474974513,0.0010000000474974513,0.0,0.0010000000474974513
2016-03-15,0.0010000000474974513,0.0010000000474974513,0.0010000000474974513,0.0010000000474974513,0.0,0.0010000000474974513
2016-03-16,0.0010000000474974513,0.0010000000474974513,0.0010000000474974513,0.0010000000474974513,0.0,0.0010000000474974513
2016-03-17,0.0010000000474974513,0.0010000000474974513,0.0010000000474974513,0.0010000000474974513,0.0,0.0010000000474974513
2016-03-18,0.0010000000474974513,0.0010000000474974513,0.0010000000474974513,0.0010000000474974513,0.0,0.0010000000474974513
2016-03-21,0.0010000000474974513,0.0010000000474974513,0.0010000000474974513,0.0010000000474974513,0.0,0.0010000000474974513
2016-03-22,0.0010000000474974513,0.0010000000474974513,0.0010000000474974513,0.0010000000474974513,0.0,0.0010000000474974513
2016-03-23,0.0010000000474974513,0.0010000000474974513,0.0010000000474974513,0.0010000000474974513,0.0,0.0010000000474974513
2016-03-24,0.0010000000474974513,0.0010000000474974513,0.0010000000474974513,0.0010000000474974513,0.0,0.0010000000474974513
2016-03-28,0.0010000000474974513,0.0010000000474974513,0.0010000000474974513,0.0010000000474974513,0.0,0.0010000000474974513
2016-03-29,0.0010000000474974513,0.0010000000474974513,0.0010000000474974513,0.0010000000474974513,0.0,0.0010000000474974513
2016-03-30,0.0010000000474974513,0.0010000000474974513,0.0010000000474974513,0.0010000000474974513,0.0,0.0010000000474974513
2016-03-31,0.0010000000474974513,0.0010000000474974513,0.0010000000474974513,0.0010000000474974513,0.0,0.0010000000474974513
2016-04-01,0.0010000000474974513,0.0010000000474974513,0.0010000000474974513,0.0010000000474974513,0.0,0.0010000000474974513
2016-04-04,0.0010000000474974513,0.0010000000474974513,0.0010000000474974513,0.0010000000474974513,0.0,0.0010000000474974513
2016-04-05,0.0010000000474974513,0.0010000000474974513,0.0010000000474974513,0.0010000000474974513,0.0,0.0010000000474974513
2016-04-06,0.0010000000474974513,0.0010000000474974513,0.0010000000474974513,0.0010000000474974513,0.0,0.0010000000474974513
2016-04-07,0.0010000000474974513,0.0010000000474974513,0.0010000000474974513,0.0010000000474974513,0.0,0.0010000000474974513
2016-04-08,0.0010000000474974513,0.0010000000474974513,0.0010000000474974513,0.0010000000474974513,0.0,0.0010000000474974513
2016-04-11,0.0010000000474974513,0.0010000000474974513,0.0010000000474974513,0.0010000000474974513,0.0,0.0010000000474974513
2016-04-12,0.0010000000474974513,0.0010000000474974513,0.0010000000474974513,0.0010000000474974513,0.0,0.0010000000474974513
2016-04-13,0.0010000000474974513,0.0010000000474974513,0.0010000000474974513,0.0010000000474974513,0.0,0.0010000000474974513
2016-04-14,0.0010000000474974513,0.0010000000474974513,0.0010000000474974513,0.0010000000474974513,0.0,0.0010000000474974513
2016-04-15,0.0010000000474974513,0.0010000000474974513,0.0010000000474974513,0.0010000000474974513,0.0,0.0010000000474974513
2016-04-18,0.0010000000474974513,0.0010000000474974513,0.0010000000474974513,0.0010000000474974513,0.0,0.0010000000474974513
2016-04-19,0.0010000000474974513,0.0010000000474974513,0.0010000000474974513,0.0010000000474974513,0.0,0.0010000000474974513
2016-04-20,0.0010000000474974513,0.0010000000474974513,0.0010000000474974513,0.0010000000474974513,0.0,0.0010000000474974513
2016-04-21,0.0010000000474974513,0.0010000000474974513,0.0010000000474974513,0.0010000000474974513,0.0,0.0010000000474974513
2016-04-22,0.0010000000474974513,0.0010000000474974513,0.0010000000474974513,0.0010000000474974513,0.0,0.0010000000474974513
2016-04-25,0.0010000000474974513,0.0010000000474974513,0.0010000000474974513,0.0010000000474974513,0.0,0.0010000000474974513
2016-04-26,0.0010000000474974513,0.0010000000474974513,0.0010000000474974513,0.0010000000474974513,0.0,0.0010000000474974513
2016-04-27,0.0010000000474974513,0.0010000000474974513,0.0010000000474974513,0.0010000000474974513,0.0,0.0010000000474974513
2016-04-28,0.0010000000474974513,0.0010000000474974513,0.0010000000474974513,0.0010000000474974513,0.0,0.0010000000474974513
2016-04-29,0.0010000000474974513,0.0010000000474974513,0.0010000000474974513,0.0010000000474974513,0.0,0.0010000000474974513
2016-05-02,0.0010000000474974513,0.0010000000474974513,0.0010000000474974513,0.0010000000474974513,0.0,0.0010000000474974513
2016-05-03,0.0010000000474974513,0.0010000000474974513,0.0010000000474974513,0.0010000000474974513,0.0,0.0010000000474974513
2016-05-04,0.0010000000474974513,0.0010000000474974513,0.0010000000474974513,0.0010000000474974513,0.0,0.0010000000474974513
2016-05-05,0.0010000000474974513,0.0010000000474974513,0.0010000000474974513,0.0010000000474974513,0.0,0.0010000000474974513
2016-05-06,0.0010000000474974513,0.0010000000474974513,0.0010000000474974513,0.0010000000474974513,0.0,0.0010000000474974513
2016-05-09,0.0010000000474974513,0.0010000000474974513,0.0010000000474974513,0.0010000000474974513,0.0,0.0010000000474974513
2016-05-10,0.0010000000474974513,0.0010000000474974513,0.0010000000474974513,0.0010000000474974513,0.0,0.0010000000474974513
2016-05-11,0.0010000000474974513,0.0010000000474974513,0.0010000000474974513,0.0010000000474974513,0.0,0.0010000000474974513
2016-05-12,0.0010000000474974513,0.0010000000474974513,0.0010000000474974513,0.0010000000474974513,0.0,0.0010000000474974513
2016-05-13,0.0010000000474974513,0.0010000000474974513,0.0010000000474974513,0.0010000000474974513,0.0,0.0010000000474974513
2016-05-16,0.0010000000474974513,0.0010000000474974513,0.0010000000474974513,0.0010000000474974513,0.0,0.0010000000474974513
2016-05-17,0.0010000000474974513,0.0010000000474974513,0.0010000000474974513,0.0010000000474974513,0.0,0.0010000000474974513
2016-05-18,0.0010000000474974513,0.0010000000474974513,0.0010000000474974513,0.0010000000474974513,0.0,0.0010000000474974513
2016-05-19,0.0010000000474974513,0.0010000000474974513,0.0010000000474974513,0.0010000000474974513,0.0,0.0010000000474974513
2016-05-20,0.0010000000474974513,0.0010000000474974513,0.0010000000474974513,0.0010000000474974513,0.0,0.0010000000474974513
2016-05-23,0.0010000000474974513,0.0010000000474974513,0.0010000000474974513,0.0010000000474974513,0.0,0.0010000000474974513
2016-05-24,0.0010000000474974513,0.0010000000474974513,0.0010000000474974513,0.0010000000474974513,0.0,0.0010000000474974513
2016-05-25,0.0010000000474974513,0.0010000000474974513,0.0010000000474974513,0.0010000000474974513,0.0,0.0010000000474974513
2016-05-26,0.0010000000474974513,0.0010000000474974513,0.0010000000474974513,0.0010000000474974513,0.0,0.0010000000474974513
2016-05-27,0.0010000000474974513,0.0010000000474974513,0.0010000000474974513,0.0010000000474974513,0.0,0.0010000000474974513
2016-05-31,0.0010000000474974513,0.0010000000474974513,0.0010000000474974513,0.0010000000474974513,0.0,0.0010000000474974513
2016-06-01,0.0010000000474974513,0.0010000000474974513,0.0010000000474974513,0.0010000000474974513,0.0,0.0010000000474974513
2016-06-02,0.0010000000474974513,0.0010000000474974513,0.0010000000474974513,0.0010000000474974513,0.0,0.0010000000474974513
2016-06-03,0.0010000000474974513,0.0010000000474974513,0.0010000000474974513,0.0010000000474974513,0.0,0.0010000000474974513
2016-06-06,0.0010000000474974513,0.0010000000474974513,0.0010000000474974513,0.0010000000474974513,0.0,0.0010000000474974513
2016-06-07,0.0010000000474974513,0.0010000000474974513,0.0010000000474974513,0.0010000000474974513,0.0,0.0010000000474974513
2016-06-08,0.0010000000474974513,0.0010000000474974513,0.0010000000474974513,0.0010000000474974513,0.0,0.0010000000474974513
2016-06-09,0.0010000000474974513,0.0010000000474974513,0.0010000000474974513,0.0010000000474974513,0.0,0.0010000000474974513
2016-06-10,0.0010000000474974513,0.0010000000474974513,0.0010000000474974513,0.0010000000474974513,0.0,0.0010000000474974513
2016-06-13,0.0010000000474974513,0.0010000000474974513,0.0010000000474974513,0.0010000000474974513,0.0,0.0010000000474974513
2016-06-14,0.0010000000474974513,0.0010000000474974513,0.0010000000474974513,0.0010000000474974513,0.0,0.0010000000474974513
2016-06-15,0.0010000000474974513,0.0010000000474974513,0.0010000000474974513,0.0010000000474974513,0.0,0.0010000000474974513
2016-06-16,0.0010000000474974513,0.0010000000474974513,0.0010000000474974513,0.0010000000474974513,0.0,0.0010000000474974513
2016-06-17,0.0010000000474974513,0.0010000000474974513,0.0010000000474974513,0.0010000000474974513,0.0,0.0010000000474974513
2016-06-20,0.0010000000474974513,0.0010000000474974513,0.0010000000474974513,0.0010000000474974513,0.0,0.0010000000474974513
2016-06-21,0.0010000000474974513,0.0010000000474974513,0.0010000000474974513,0.0010000000474974513,0.0,0.0010000000474974513
2016-06-22,0.0010000000474974513,0.0010000000474974513,0.0010000000474974513,0.0010000000474974513,0.0,0.0010000000474974513
2016-06-23,0.0010000000474974513,0.0010000000474974513,0.0010000000474974513,0.0010000000474974513,0.0,0.0010000000474974513
2016-06-24,0.0010000000474974513,0.0010000000474974513,0.0010000000474974513,0.0010000000474974513,0.0,0.0010000000474974513
2016-06-27,0.0010000000474974513,0.0010000000474974513,0.0010000000474974513,0.0010000000474974513,0.0,0.0010000000474974513
2016-06-28,0.0010000000474974513,0.0010000000474974513,0.0010000000474974513,0.0010000000474974513,0.0,0.0010000000474974513
2016-06-29,0.0010000000474974513,0.0010000000474974513,0.0010000000474974513,0.0010000000474974513,0.0,0.0010000000474974513
2016-06-30,0.0010000000474974513,0.0010000000474974513,0.0010000000474974513,0.0010000000474974513,0.0,0.0010000000474974513
2016-07-01,0.0010000000474974513,0.0010000000474974513,0.0010000000474974513,0.0010000000474974513,0.0,0.0010000000474974513
2016-07-05,0.0010000000474974513,0.0010000000474974513,0.0010000000474974513,0.0010000000474974513,0.0,0.0010000000474974513
2016-07-06,0.0010000000474974513,0.0010000000474974513,0.0010000000474974513,0.0010000000474974513,0.0,0.0010000000474974513
2016-07-07,0.0010000000474974513,0.0010000000474974513,0.0010000000474974513,0.0010000000474974513,0.0,0.0010000000474974513
2016-07-08,0.0010000000474974513,0.0010000000474974513,0.0010000000474974513,0.0010000000474974513,0.0,0.0010000000474974513
2016-07-11,0.0010000000474974513,0.0010000000474974513,0.0010000000474974513,0.0010000000474974513,0.0,0.0010000000474974513
2016-07-12,0.0010000000474974513,0.0010000000474974513,0.0010000000474974513,0.0010000000474974513,0.0,0.0010000000474974513
2016-07-13,0.0010000000474974513,0.0010000000474974513,0.0010000000474974513,0.0010000000474974513,0.0,0.0010000000474974513
2016-07-14,0.0010000000474974513,0.0010000000474974513,0.0010000000474974513,0.0010000000474974513,0.0,0.0010000000474974513
2016-07-15,0.0010000000474974513,0.0010000000474974513,0.0010000000474974513,0.0010000000474974513,0.0,0.0010000000474974513
2016-07-18,0.0010000000474974513,0.0010000000474974513,0.0010000000474974513,0.0010000000474974513,0.0,0.0010000000474974513
2016-07-19,0.0010000000474974513,0.0010000000474974513,0.0010000000474974513,0.0010000000474974513,0.0,0.0010000000474974513
2016-07-20,0.0010000000474974513,0.0010000000474974513,0.0010000000474974513,0.0010000000474974513,0.0,0.0010000000474974513
2016-07-21,0.0010000000474974513,0.0010000000474974513,0.0010000000474974513,0.0010000000474974513,0.0,0.0010000000474974513
2016-07-22,0.0010000000474974513,0.0010000000474974513,0.0010000000474974513,0.0010000000474974513,0.0,0.0010000000474974513
2016-07-25,0.0010000000474974513,0.0010000000474974513,0.0010000000474974513,0.0010000000474974513,0.0,0.0010000000474974513
2016-07-26,0.0010000000474974513,0.0010000000474974513,0.0010000000474974513,0.0010000000474974513,0.0,0.0010000000474974513
2016-07-27,0.0010000000474974513,0.0010000000474974513,0.0010000000474974513,0.0010000000474974513,0.0,0.0010000000474974513
2016-07-28,0.0010000000474974513,0.0010000000474974513,0.0010000000474974513,0.0010000000474974513,0.0,0.0010000000474974513
2016-07-29,0.0010000000474974513,0.0010000000474974513,0.0010000000474974513,0.0010000000474974513,0.0,0.0010000000474974513
2016-08-01,0.0010000000474974513,0.0010000000474974513,0.0010000000474974513,0.0010000000474974513,0.0,0.0010000000474974513
2016-08-02,0.0010000000474974513,0.0010000000474974513,0.0010000000474974513,0.0010000000474974513,0.0,0.0010000000474974513
2016-08-03,0.0010000000474974513,0.0010000000474974513,0.0010000000474974513,0.0010000000474974513,0.0,0.0010000000474974513
2016-08-04,0.0010000000474974513,0.0010000000474974513,0.0010000000474974513,0.0010000000474974513,0.0,0.0010000000474974513
2016-08-05,0.0010000000474974513,0.0010000000474974513,0.0010000000474974513,0.0010000000474974513,0.0,0.0010000000474974513
2016-08-08,0.0010000000474974513,0.0010000000474974513,0.0010000000474974513,0.0010000000474974513,0.0,0.0010000000474974513
2016-08-09,0.0010000000474974513,0.0010000000474974513,0.0010000000474974513,0.0010000000474974513,0.0,0.0010000000474974513
2016-08-10,0.0010000000474974513,0.0010000000474974513,0.0010000000474974513,0.0010000000474974513,0.0,0.0010000000474974513
2016-08-11,0.0010000000474974513,0.0010000000474974513,0.0010000000474974513,0.0010000000474974513,0.0,0.0010000000474974513
2016-08-12,0.0010000000474974513,0.0010000000474974513,0.0010000000474974513,0.0010000000474974513,0.0,0.0010000000474974513
2016-08-15,0.0010000000474974513,0.0010000000474974513,0.0010000000474974513,0.0010000000474974513,0.0,0.0010000000474974513
2016-08-16,0.0010000000474974513,0.0010000000474974513,0.0010000000474974513,0.0010000000474974513,0.0,0.0010000000474974513
2016-08-17,0.0010000000474974513,0.0010000000474974513,0.0010000000474974513,0.0010000000474974513,0.0,0.0010000000474974513
2016-08-18,0.0010000000474974513,0.0010000000474974513,0.0010000000474974513,0.0010000000474974513,0.0,0.0010000000474974513
2016-08-19,0.0010000000474974513,0.0010000000474974513,0.0010000000474974513,0.0010000000474974513,0.0,0.0010000000474974513
2016-08-22,0.0010000000474974513,0.0010000000474974513,0.0010000000474974513,0.0010000000474974513,0.0,0.0010000000474974513
2016-08-23,0.0010000000474974513,0.0010000000474974513,0.0010000000474974513,0.0010000000474974513,0.0,0.0010000000474974513
2016-08-24,0.0010000000474974513,0.0010000000474974513,0.0010000000474974513,0.0010000000474974513,0.0,0.0010000000474974513
2016-08-25,0.0010000000474974513,0.0010000000474974513,0.0010000000474974513,0.0010000000474974513,0.0,0.0010000000474974513
2016-08-26,0.0010000000474974513,0.0010000000474974513,0.0010000000474974513,0.0010000000474974513,0.0,0.0010000000474974513
2016-08-29,0.0010000000474974513,0.0010000000474974513,0.0010000000474974513,0.0010000000474974513,0.0,0.0010000000474974513
2016-08-30,0.0010000000474974513,0.0010000000474974513,0.0010000000474974513,0.0010000000474974513,0.0,0.0010000000474974513
2016-08-31,0.0010000000474974513,0.0010000000474974513,0.0010000000474974513,0.0010000000474974513,0.0,0.0010000000474974513
2016-09-01,0.0010000000474974513,0.0010000000474974513,0.0010000000474974513,0.0010000000474974513,0.0,0.0010000000474974513
2016-09-02,0.0010000000474974513,0.0010000000474974513,0.0010000000474974513,0.0010000000474974513,0.0,0.0010000000474974513
2016-09-06,0.0010000000474974513,0.0010000000474974513,0.0010000000474974513,0.0010000000474974513,0.0,0.0010000000474974513
2016-09-07,0.0010000000474974513,0.0010000000474974513,0.0010000000474974513,0.0010000000474974513,0.0,0.0010000000474974513
2016-09-08,0.0010000000474974513,0.0010000000474974513,0.0010000000474974513,0.0010000000474974513,0.0,0.0010000000474974513
2016-09-09,0.0010000000474974513,0.0010000000474974513,0.0010000000474974513,0.0010000000474974513,0.0,0.0010000000474974513
2016-09-12,0.0010000000474974513,0.0010000000474974513,0.0010000000474974513,0.0010000000474974513,0.0,0.0010000000474974513
2016-09-13,0.0010000000474974513,0.0010000000474974513,0.0010000000474974513,0.0010000000474974513,0.0,0.0010000000474974513
2016-09-14,0.0010000000474974513,0.0010000000474974513,0.0010000000474974513,0.0010000000474974513,0.0,0.0010000000474974513
2016-09-15,0.0010000000474974513,0.0010000000474974513,0.0010000000474974513,0.0010000000474974513,0.0,0.0010000000474974513
2016-09-16,0.0010000000474974513,0.0010000000474974513,0.0010000000474974513,0.0010000000474974513,0.0,0.0010000000474974513
2016-09-19,0.0010000000474974513,0.0010000000474974513,0.0010000000474974513,0.0010000000474974513,0.0,0.0010000000474974513
2016-09-20,0.0010000000474974513,0.0010000000474974513,0.0010000000474974513,0.0010000000474974513,0.0,0.0010000000474974513
2016-09-21,0.0010000000474974513,0.0010000000474974513,0.0010000000474974513,0.0010000000474974513,0.0,0.0010000000474974513
2016-09-22,0.0010000000474974513,0.0010000000474974513,0.0010000000474974513,0.0010000000474974513,0.0,0.0010000000474974513
2016-09-23,0.0010000000474974513,0.0010000000474974513,0.0010000000474974513,0.0010000000474974513,0.0,0.0010000000474974513
2016-09-26,0.0010000000474974513,0.0010000000474974513,0.0010000000474974513,0.0010000000474974513,0.0,0.0010000000474974513
2016-09-27,0.0010000000474974513,0.0010000000474974513,0.0010000000474974513,0.0010000000474974513,0.0,0.0010000000474974513
2016-09-28,0.0010000000474974513,0.0010000000474974513,0.0010000000474974513,0.0010000000474974513,0.0,0.0010000000474974513
2016-09-29,0.0010000000474974513,0.0010000000474974513,0.0010000000474974513,0.0010000000474974513,0.0,0.0010000000474974513
2016-09-30,0.0010000000474974513,0.0010000000474974513,0.0010000000474974513,0.0010000000474974513,0.0,0.0010000000474974513
2016-10-03,0.0010000000474974513,0.0010000000474974513,0.0010000000474974513,0.0010000000474974513,0.0,0.0010000000474974513
2016-10-04,0.0010000000474974513,0.0010000000474974513,0.0010000000474974513,0.0010000000474974513,0.0,0.0010000000474974513
2016-10-05,0.0010000000474974513,0.0010000000474974513,0.0010000000474974513,0.0010000000474974513,0.0,0.0010000000474974513
2016-10-06,0.0010000000474974513,0.0010000000474974513,0.0010000000474974513,0.0010000000474974513,0.0,0.0010000000474974513
2016-10-07,0.0010000000474974513,0.0010000000474974513,0.0010000000474974513,0.0010000000474974513,0.0,0.0010000000474974513
2016-10-10,0.0010000000474974513,0.0010000000474974513,0.0010000000474974513,0.0010000000474974513,0.0,0.0010000000474974513
2016-10-11,0.0010000000474974513,0.0010000000474974513,0.0010000000474974513,0.0010000000474974513,0.0,0.0010000000474974513
2016-10-12,0.0010000000474974513,0.0010000000474974513,0.0010000000474974513,0.0010000000474974513,0.0,0.0010000000474974513
2016-10-13,0.0010000000474974513,0.0010000000474974513,0.0010000000474974513,0.0010000000474974513,0.0,0.0010000000474974513
2016-10-14,0.0010000000474974513,0.0010000000474974513,0.0010000000474974513,0.0010000000474974513,0.0,0.0010000000474974513
2016-10-17,0.0010000000474974513,0.0010000000474974513,0.0010000000474974513,0.0010000000474974513,0.0,0.0010000000474974513
2016-10-18,0.0010000000474974513,0.0010000000474974513,0.0010000000474974513,0.0010000000474974513,0.0,0.0010000000474974513
2016-10-19,0.0010000000474974513,0.0010000000474974513,0.0010000000474974513,0.0010000000474974513,0.0,0.0010000000474974513
2016-10-20,0.0010000000474974513,0.0010000000474974513,0.0010000000474974513,0.0010000000474974513,0.0,0.0010000000474974513
2016-10-21,0.0010000000474974513,0.0010000000474974513,0.0010000000474974513,0.0010000000474974513,0.0,0.0010000000474974513
2016-10-24,0.0010000000474974513,0.0010000000474974513,0.0010000000474974513,0.0010000000474974513,0.0,0.0010000000474974513
2016-10-25,0.0010000000474974513,0.0010000000474974513,0.0010000000474974513,0.0010000000474974513,0.0,0.0010000000474974513
2016-10-26,0.0010000000474974513,0.0010000000474974513,0.0010000000474974513,0.0010000000474974513,0.0,0.0010000000474974513
2016-10-27,0.0010000000474974513,0.0010000000474974513,0.0010000000474974513,0.0010000000474974513,0.0,0.0010000000474974513
2016-10-28,0.0010000000474974513,0.0010000000474974513,0.0010000000474974513,0.0010000000474974513,0.0,0.0010000000474974513
2016-10-31,0.0010000000474974513,0.0010000000474974513,0.0010000000474974513,0.0010000000474974513,0.0,0.0010000000474974513
2016-11-01,0.0010000000474974513,0.0010000000474974513,0.0010000000474974513,0.0010000000474974513,0.0,0.0010000000474974513
2016-11-02,0.0010000000474974513,0.0010000000474974513,0.0010000000474974513,0.0010000000474974513,0.0,0.0010000000474974513
2016-11-03,0.0010000000474974513,0.0010000000474974513,0.0010000000474974513,0.0010000000474974513,0.0,0.0010000000474974513
2016-11-04,0.0010000000474974513,0.0010000000474974513,0.0010000000474974513,0.0010000000474974513,0.0,0.0010000000474974513
2016-11-07,0.0010000000474974513,0.0010000000474974513,0.0010000000474974513,0.0010000000474974513,0.0,0.0010000000474974513
2016-11-08,0.0010000000474974513,0.0010000000474974513,0.0010000000474974513,0.0010000000474974513,0.0,0.0010000000474974513
2016-11-09,0.0010000000474974513,0.0010000000474974513,0.0010000000474974513,0.0010000000474974513,0.0,0.0010000000474974513
2016-11-10,0.0010000000474974513,0.0010000000474974513,0.0010000000474974513,0.0010000000474974513,0.0,0.0010000000474974513
2016-11-11,0.0010000000474974513,0.0010000000474974513,0.0010000000474974513,0.0010000000474974513,0.0,0.0010000000474974513
2016-11-14,0.0010000000474974513,0.0010000000474974513,0.0010000000474974513,0.0010000000474974513,0.0,0.0010000000474974513
2016-11-15,0.0010000000474974513,0.0010000000474974513,0.0010000000474974513,0.0010000000474974513,0.0,0.0010000000474974513
2016-11-16,0.0010000000474974513,0.0010000000474974513,0.0010000000474974513,0.0010000000474974513,0.0,0.0010000000474974513
2016-11-17,0.0010000000474974513,0.0010000000474974513,0.0010000000474974513,0.0010000000474974513,0.0,0.0010000000474974513
2016-11-18,0.0010000000474974513,0.0010000000474974513,0.0010000000474974513,0.0010000000474974513,0.0,0.0010000000474974513
2016-11-21,0.0010000000474974513,0.0010000000474974513,0.0010000000474974513,0.0010000000474974513,0.0,0.0010000000474974513
2016-11-22,0.0010000000474974513,0.0010000000474974513,0.0010000000474974513,0.0010000000474974513,0.0,0.0010000000474974513
2016-11-23,0.0010000000474974513,0.0010000000474974513,0.0010000000474974513,0.0010000000474974513,0.0,0.0010000000474974513
2016-11-25,0.0010000000474974513,0.0010000000474974513,0.0010000000474974513,0.0010000000474974513,0.0,0.0010000000474974513
2016-11-28,0.004999999888241291,0.004999999888241291,0.004999999888241291,0.004999999888241291,5000.0,0.004999999888241291
2016-11-29,0.004999999888241291,0.004999999888241291,0.004999999888241291,0.004999999888241291,0.0,0.004999999888241291
2016-11-30,0.004999999888241291,0.004999999888241291,0.004999999888241291,0.004999999888241291,0.0,0.004999999888241291
2016-12-01,0.004999999888241291,0.004999999888241291,0.004999999888241291,0.004999999888241291,0.0,0.004999999888241291
2016-12-02,0.004999999888241291,0.004999999888241291,0.004999999888241291,0.004999999888241291,0.0,0.004999999888241291
2016-12-05,0.004999999888241291,0.004999999888241291,0.004999999888241291,0.004999999888241291,0.0,0.004999999888241291
2016-12-06,0.004999999888241291,0.004999999888241291,0.004999999888241291,0.004999999888241291,0.0,0.004999999888241291
2016-12-07,0.004999999888241291,0.004999999888241291,0.004999999888241291,0.004999999888241291,0.0,0.004999999888241291
2016-12-08,0.004999999888241291,0.004999999888241291,0.004999999888241291,0.004999999888241291,0.0,0.004999999888241291
2016-12-09,0.004999999888241291,0.004999999888241291,0.004999999888241291,0.004999999888241291,0.0,0.004999999888241291
2016-12-12,0.004999999888241291,0.004999999888241291,0.004999999888241291,0.004999999888241291,0.0,0.004999999888241291
2016-12-13,0.004999999888241291,0.004999999888241291,0.004999999888241291,0.004999999888241291,0.0,0.004999999888241291
2016-12-14,0.004999999888241291,0.004999999888241291,0.004999999888241291,0.004999999888241291,0.0,0.004999999888241291
2016-12-15,0.004999999888241291,0.004999999888241291,0.004999999888241291,0.004999999888241291,0.0,0.004999999888241291
2016-12-16,0.004999999888241291,0.004999999888241291,0.004999999888241291,0.004999999888241291,0.0,0.004999999888241291
2016-12-19,0.004999999888241291,0.004999999888241291,0.004999999888241291,0.004999999888241291,0.0,0.004999999888241291
2016-12-20,0.004999999888241291,0.004999999888241291,0.004999999888241291,0.004999999888241291,0.0,0.004999999888241291
2016-12-21,0.004999999888241291,0.004999999888241291,0.004999999888241291,0.004999999888241291,0.0,0.004999999888241291
2016-12-22,0.004999999888241291,0.004999999888241291,0.004999999888241291,0.004999999888241291,0.0,0.004999999888241291
2016-12-23,0.004999999888241291,0.004999999888241291,0.004999999888241291,0.004999999888241291,0.0,0.004999999888241291
2016-12-27,0.004999999888241291,0.004999999888241291,0.004999999888241291,0.004999999888241291,0.0,0.004999999888241291
2016-12-28,0.004999999888241291,0.004999999888241291,0.004999999888241291,0.004999999888241291,0.0,0.004999999888241291
2016-12-29,0.004999999888241291,0.004999999888241291,0.004999999888241291,0.004999999888241291,0.0,0.004999999888241291
2016-12-30,0.004999999888241291,0.004999999888241291,0.004999999888241291,0.004999999888241291,0.0,0.004999999888241291
2017-01-03,0.004999999888241291,0.004999999888241291,0.004999999888241291,0.004999999888241291,0.0,0.004999999888241291
2017-01-04,0.004999999888241291,0.004999999888241291,0.004999999888241291,0.004999999888241291,0.0,0.004999999888241291
2017-01-05,0.004999999888241291,0.004999999888241291,0.004999999888241291,0.004999999888241291,0.0,0.004999999888241291
2017-01-06,0.004999999888241291,0.004999999888241291,0.004999999888241291,0.004999999888241291,0.0,0.004999999888241291
2017-01-09,0.004999999888241291,0.004999999888241291,0.004999999888241291,0.004999999888241291,0.0,0.004999999888241291
2017-01-10,0.004999999888241291,0.004999999888241291,0.004999999888241291,0.004999999888241291,0.0,0.004999999888241291
2017-01-11,0.004999999888241291,0.004999999888241291,0.004999999888241291,0.004999999888241291,0.0,0.004999999888241291
2017-01-12,0.004999999888241291,0.004999999888241291,0.004999999888241291,0.004999999888241291,0.0,0.004999999888241291
2017-01-13,0.004999999888241291,0.004999999888241291,0.004999999888241291,0.004999999888241291,0.0,0.004999999888241291
2017-01-17,0.004999999888241291,0.004999999888241291,0.004999999888241291,0.004999999888241291,0.0,0.004999999888241291
2017-01-18,0.004999999888241291,0.004999999888241291,0.004999999888241291,0.004999999888241291,0.0,0.004999999888241291
2017-01-19,0.004999999888241291,0.004999999888241291,0.004999999888241291,0.004999999888241291,0.0,0.004999999888241291
2017-01-20,0.004999999888241291,0.004999999888241291,0.004999999888241291,0.004999999888241291,0.0,0.004999999888241291
2017-01-23,0.004999999888241291,0.004999999888241291,0.004999999888241291,0.004999999888241291,0.0,0.004999999888241291
2017-01-24,0.004999999888241291,0.004999999888241291,0.004999999888241291,0.004999999888241291,0.0,0.004999999888241291
2017-01-25,0.004999999888241291,0.004999999888241291,0.004999999888241291,0.004999999888241291,0.0,0.004999999888241291
2017-01-26,0.004999999888241291,0.004999999888241291,0.004999999888241291,0.004999999888241291,0.0,0.004999999888241291
2017-01-27,0.004999999888241291,0.004999999888241291,0.004999999888241291,0.004999999888241291,0.0,0.004999999888241291
2017-01-30,0.004999999888241291,0.004999999888241291,0.004999999888241291,0.004999999888241291,0.0,0.004999999888241291
2017-01-31,0.004999999888241291,0.004999999888241291,0.004999999888241291,0.004999999888241291,0.0,0.004999999888241291
2017-02-01,0.004999999888241291,0.004999999888241291,0.004999999888241291,0.004999999888241291,0.0,0.004999999888241291
2017-02-02,0.004999999888241291,0.004999999888241291,0.004999999888241291,0.004999999888241291,0.0,0.004999999888241291
2017-02-03,0.004999999888241291,0.004999999888241291,0.004999999888241291,0.004999999888241291,0.0,0.004999999888241291
2017-02-06,0.004999999888241291,0.004999999888241291,0.004999999888241291,0.004999999888241291,0.0,0.004999999888241291
2017-02-07,0.004999999888241291,0.004999999888241291,0.004999999888241291,0.004999999888241291,0.0,0.004999999888241291
2017-02-08,0.004999999888241291,0.004999999888241291,0.004999999888241291,0.004999999888241291,0.0,0.004999999888241291
2017-02-09,0.004999999888241291,0.004999999888241291,0.004999999888241291,0.004999999888241291,0.0,0.004999999888241291
2017-02-10,0.004999999888241291,0.004999999888241291,0.004999999888241291,0.004999999888241291,0.0,0.004999999888241291
2017-02-13,0.004999999888241291,0.004999999888241291,0.004999999888241291,0.004999999888241291,0.0,0.004999999888241291
2017-02-14,0.004999999888241291,0.004999999888241291,0.004999999888241291,0.004999999888241291,0.0,0.004999999888241291
2017-02-15,0.004999999888241291,0.004999999888241291,0.004999999888241291,0.004999999888241291,0.0,0.004999999888241291
2017-02-16,0.004999999888241291,0.004999999888241291,0.004999999888241291,0.004999999888241291,0.0,0.004999999888241291
2017-02-17,0.004999999888241291,0.004999999888241291,0.004999999888241291,0.004999999888241291,60000.0,0.004999999888241291
2017-02-21,0.004999999888241291,0.004999999888241291,0.004999999888241291,0.004999999888241291,0.0,0.004999999888241291
2017-02-22,0.004999999888241291,0.004999999888241291,0.004999999888241291,0.004999999888241291,0.0,0.004999999888241291
2017-02-23,0.004999999888241291,0.004999999888241291,0.004999999888241291,0.004999999888241291,0.0,0.004999999888241291
2017-02-24,0.004999999888241291,0.004999999888241291,0.004999999888241291,0.004999999888241291,0.0,0.004999999888241291
2017-02-27,0.004999999888241291,0.004999999888241291,0.004999999888241291,0.004999999888241291,0.0,0.004999999888241291
2017-02-28,0.004999999888241291,0.004999999888241291,0.004999999888241291,0.004999999888241291,0.0,0.004999999888241291
2017-03-01,0.004999999888241291,0.004999999888241291,0.004999999888241291,0.004999999888241291,0.0,0.004999999888241291
2017-03-02,0.004999999888241291,0.004999999888241291,0.004999999888241291,0.004999999888241291,0.0,0.004999999888241291
2017-03-03,0.004999999888241291,0.004999999888241291,0.004999999888241291,0.004999999888241291,0.0,0.004999999888241291
2017-03-06,0.004999999888241291,0.004999999888241291,0.004999999888241291,0.004999999888241291,0.0,0.004999999888241291
2017-03-07,0.004999999888241291,0.004999999888241291,0.004999999888241291,0.004999999888241291,0.0,0.004999999888241291
2017-03-08,0.004999999888241291,0.004999999888241291,0.004999999888241291,0.004999999888241291,0.0,0.004999999888241291
2017-03-09,0.004999999888241291,0.004999999888241291,0.004999999888241291,0.004999999888241291,0.0,0.004999999888241291
2017-03-10,0.004999999888241291,0.004999999888241291,0.004999999888241291,0.004999999888241291,0.0,0.004999999888241291
2017-03-13,0.004999999888241291,0.004999999888241291,0.004999999888241291,0.004999999888241291,0.0,0.004999999888241291
2017-03-14,0.004999999888241291,0.004999999888241291,0.004999999888241291,0.004999999888241291,3000.0,0.004999999888241291
2017-03-15,0.004999999888241291,0.004999999888241291,0.004999999888241291,0.004999999888241291,0.0,0.004999999888241291
2017-03-16,0.004999999888241291,0.004999999888241291,0.004999999888241291,0.004999999888241291,0.0,0.004999999888241291
2017-03-17,0.004999999888241291,0.004999999888241291,0.004999999888241291,0.004999999888241291,0.0,0.004999999888241291
2017-03-20,0.004999999888241291,0.004999999888241291,0.004999999888241291,0.004999999888241291,0.0,0.004999999888241291
2017-03-21,0.004999999888241291,0.004999999888241291,0.004999999888241291,0.004999999888241291,0.0,0.004999999888241291
2017-03-22,0.004999999888241291,0.004999999888241291,0.004999999888241291,0.004999999888241291,0.0,0.004999999888241291
2017-03-23,0.004999999888241291,0.004999999888241291,0.004999999888241291,0.004999999888241291,0.0,0.004999999888241291
2017-03-24,0.004999999888241291,0.004999999888241291,0.004999999888241291,0.004999999888241291,0.0,0.004999999888241291
2017-03-27,0.004999999888241291,0.004999999888241291,0.004999999888241291,0.004999999888241291,0.0,0.004999999888241291
2017-03-28,0.004999999888241291,0.004999999888241291,0.004999999888241291,0.004999999888241291,0.0,0.004999999888241291
2017-03-29,0.004999999888241291,0.004999999888241291,0.004999999888241291,0.004999999888241291,0.0,0.004999999888241291
2017-03-30,0.004999999888241291,0.004999999888241291,0.004999999888241291,0.004999999888241291,0.0,0.004999999888241291
2017-03-31,0.004999999888241291,0.004999999888241291,0.004999999888241291,0.004999999888241291,0.0,0.004999999888241291
2017-04-03,0.004999999888241291,0.004999999888241291,0.004999999888241291,0.004999999888241291,0.0,0.004999999888241291
2017-04-04,0.004999999888241291,0.004999999888241291,0.004999999888241291,0.004999999888241291,0.0,0.004999999888241291
2017-04-05,0.004999999888241291,0.004999999888241291,0.004999999888241291,0.004999999888241291,0.0,0.004999999888241291
2017-04-06,0.004999999888241291,0.004999999888241291,0.004999999888241291,0.004999999888241291,0.0,0.004999999888241291
2017-04-07,0.004999999888241291,0.004999999888241291,0.004999999888241291,0.004999999888241291,0.0,0.004999999888241291
2017-04-10,0.004999999888241291,0.004999999888241291,0.004999999888241291,0.004999999888241291,0.0,0.004999999888241291
2017-04-11,0.004999999888241291,0.004999999888241291,0.004999999888241291,0.004999999888241291,0.0,0.004999999888241291
2017-04-12,0.004999999888241291,0.004999999888241291,0.004999999888241291,0.004999999888241291,0.0,0.004999999888241291
2017-04-13,0.004999999888241291,0.004999999888241291,0.004999999888241291,0.004999999888241291,0.0,0.004999999888241291
2017-04-17,0.004999999888241291,0.004999999888241291,0.004999999888241291,0.004999999888241291,0.0,0.004999999888241291
2017-04-18,0.004999999888241291,0.004999999888241291,0.004999999888241291,0.004999999888241291,0.0,0.004999999888241291
2017-04-19,0.004999999888241291,0.004999999888241291,0.004999999888241291,0.004999999888241291,0.0,0.004999999888241291
2017-04-20,0.004999999888241291,0.004999999888241291,0.004999999888241291,0.004999999888241291,0.0,0.004999999888241291
2017-04-21,0.004999999888241291,0.004999999888241291,0.004999999888241291,0.004999999888241291,0.0,0.004999999888241291
2017-04-24,0.004999999888241291,0.004999999888241291,0.004999999888241291,0.004999999888241291,0.0,0.004999999888241291
2017-04-25,0.004999999888241291,0.004999999888241291,0.004999999888241291,0.004999999888241291,0.0,0.004999999888241291
2017-04-26,0.004999999888241291,0.004999999888241291,0.004999999888241291,0.004999999888241291,0.0,0.004999999888241291
2017-04-27,0.004999999888241291,0.004999999888241291,0.004999999888241291,0.004999999888241291,0.0,0.004999999888241291
2017-04-28,0.004999999888241291,0.004999999888241291,0.004999999888241291,0.004999999888241291,0.0,0.004999999888241291
2017-05-01,0.004999999888241291,0.004999999888241291,0.004999999888241291,0.004999999888241291,0.0,0.004999999888241291
2017-05-02,0.004999999888241291,0.004999999888241291,0.004999999888241291,0.004999999888241291,0.0,0.004999999888241291
2017-05-03,0.004999999888241291,0.004999999888241291,0.004999999888241291,0.004999999888241291,0.0,0.004999999888241291
2017-05-04,0.004999999888241291,0.004999999888241291,0.004999999888241291,0.004999999888241291,0.0,0.004999999888241291
2017-05-05,0.004999999888241291,0.004999999888241291,0.004999999888241291,0.004999999888241291,0.0,0.004999999888241291
2017-05-08,0.004999999888241291,0.004999999888241291,0.004999999888241291,0.004999999888241291,0.0,0.004999999888241291
2017-05-09,0.006000000052154064,0.006000000052154064,0.006000000052154064,0.006000000052154064,23300.0,0.006000000052154064
2017-05-10,0.004999999888241291,0.004999999888241291,0.004999999888241291,0.004999999888241291,0.0,0.004999999888241291
2017-05-11,0.004999999888241291,0.004999999888241291,0.004999999888241291,0.004999999888241291,0.0,0.004999999888241291
2017-05-12,0.004999999888241291,0.004999999888241291,0.004999999888241291,0.004999999888241291,0.0,0.004999999888241291
2017-05-15,0.004999999888241291,0.004999999888241291,0.004999999888241291,0.004999999888241291,0.0,0.004999999888241291
2017-05-16,0.004999999888241291,0.004999999888241291,0.004999999888241291,0.004999999888241291,0.0,0.004999999888241291
2017-05-17,0.004999999888241291,0.004999999888241291,0.004999999888241291,0.004999999888241291,0.0,0.004999999888241291
2017-05-18,0.004999999888241291,0.004999999888241291,0.004999999888241291,0.004999999888241291,0.0,0.004999999888241291
2017-05-19,0.004999999888241291,0.004999999888241291,0.004999999888241291,0.004999999888241291,0.0,0.004999999888241291
2017-05-22,0.004999999888241291,0.004999999888241291,0.004999999888241291,0.004999999888241291,0.0,0.004999999888241291
2017-05-23,0.004999999888241291,0.004999999888241291,0.004999999888241291,0.004999999888241291,0.0,0.004999999888241291
2017-05-24,0.004999999888241291,0.004999999888241291,0.004999999888241291,0.004999999888241291,0.0,0.004999999888241291
2017-05-25,0.004999999888241291,0.004999999888241291,0.004999999888241291,0.004999999888241291,0.0,0.004999999888241291
2017-05-26,0.004999999888241291,0.004999999888241291,0.004999999888241291,0.004999999888241291,0.0,0.004999999888241291
2017-05-30,0.004999999888241291,0.004999999888241291,0.004999999888241291,0.004999999888241291,0.0,0.004999999888241291
2017-05-31,0.004999999888241291,0.004999999888241291,0.004999999888241291,0.004999999888241291,0.0,0.004999999888241291
2017-06-01,0.004999999888241291,0.004999999888241291,0.004999999888241291,0.004999999888241291,0.0,0.004999999888241291
2017-06-02,0.004999999888241291,0.004999999888241291,0.004999999888241291,0.004999999888241291,0.0,0.004999999888241291
2017-06-05,0.004999999888241291,0.004999999888241291,0.004999999888241291,0.004999999888241291,0.0,0.004999999888241291
2017-06-06,0.004999999888241291,0.004999999888241291,0.004999999888241291,0.004999999888241291,0.0,0.004999999888241291
2017-06-07,0.004999999888241291,0.004999999888241291,0.004999999888241291,0.004999999888241291,0.0,0.004999999888241291
2017-06-08,0.004999999888241291,0.004999999888241291,0.004999999888241291,0.004999999888241291,0.0,0.004999999888241291
2017-06-09,0.004999999888241291,0.004999999888241291,0.004999999888241291,0.004999999888241291,0.0,0.004999999888241291
2017-06-12,0.004999999888241291,0.004999999888241291,0.004999999888241291,0.004999999888241291,0.0,0.004999999888241291
2017-06-13,0.004999999888241291,0.004999999888241291,0.004999999888241291,0.004999999888241291,0.0,0.004999999888241291
2017-06-14,0.004999999888241291,0.004999999888241291,0.004999999888241291,0.004999999888241291,0.0,0.004999999888241291
2017-06-15,0.004999999888241291,0.004999999888241291,0.004999999888241291,0.004999999888241291,0.0,0.004999999888241291
2017-06-16,0.004999999888241291,0.004999999888241291,0.004999999888241291,0.004999999888241291,0.0,0.004999999888241291
2017-06-19,0.004999999888241291,0.004999999888241291,0.004999999888241291,0.004999999888241291,0.0,0.004999999888241291
2017-06-20,0.004999999888241291,0.004999999888241291,0.004999999888241291,0.004999999888241291,0.0,0.004999999888241291
2017-06-21,0.004999999888241291,0.004999999888241291,0.004999999888241291,0.004999999888241291,0.0,0.004999999888241291
2017-06-22,0.004999999888241291,0.004999999888241291,0.004999999888241291,0.004999999888241291,0.0,0.004999999888241291
2017-06-23,0.004999999888241291,0.004999999888241291,0.004999999888241291,0.004999999888241291,0.0,0.004999999888241291
2017-06-26,0.004999999888241291,0.004999999888241291,0.004999999888241291,0.004999999888241291,0.0,0.004999999888241291
2017-06-27,0.004999999888241291,0.004999999888241291,0.004999999888241291,0.004999999888241291,0.0,0.004999999888241291
2017-06-28,0.004999999888241291,0.004999999888241291,0.004999999888241291,0.004999999888241291,0.0,0.004999999888241291
2017-06-29,0.004999999888241291,0.004999999888241291,0.004999999888241291,0.004999999888241291,0.0,0.004999999888241291
2017-06-30,0.004999999888241291,0.004999999888241291,0.004999999888241291,0.004999999888241291,0.0,0.004999999888241291
2017-07-03,0.004999999888241291,0.004999999888241291,0.004999999888241291,0.004999999888241291,0.0,0.004999999888241291
2017-07-05,0.004999999888241291,0.004999999888241291,0.004999999888241291,0.004999999888241291,0.0,0.004999999888241291
2017-07-06,0.004999999888241291,0.004999999888241291,0.004999999888241291,0.004999999888241291,0.0,0.004999999888241291
2017-07-07,0.004999999888241291,0.004999999888241291,0.004999999888241291,0.004999999888241291,0.0,0.004999999888241291
2017-07-10,0.004999999888241291,0.004999999888241291,0.004999999888241291,0.004999999888241291,0.0,0.004999999888241291
2017-07-11,0.004999999888241291,0.004999999888241291,0.004999999888241291,0.004999999888241291,0.0,0.004999999888241291
2017-07-12,0.004999999888241291,0.004999999888241291,0.004999999888241291,0.004999999888241291,0.0,0.004999999888241291
2017-07-13,0.004999999888241291,0.004999999888241291,0.004999999888241291,0.004999999888241291,0.0,0.004999999888241291
2017-07-14,0.004999999888241291,0.004999999888241291,0.004999999888241291,0.004999999888241291,0.0,0.004999999888241291
2017-07-17,0.004999999888241291,0.004999999888241291,0.004999999888241291,0.004999999888241291,0.0,0.004999999888241291
2017-07-18,0.004999999888241291,0.004999999888241291,0.004999999888241291,0.004999999888241291,0.0,0.004999999888241291
2017-07-19,0.004999999888241291,0.004999999888241291,0.004999999888241291,0.004999999888241291,0.0,0.004999999888241291
2017-07-20,0.004999999888241291,0.004999999888241291,0.004999999888241291,0.004999999888241291,0.0,0.004999999888241291
2017-07-21,0.004999999888241291,0.004999999888241291,0.004999999888241291,0.004999999888241291,0.0,0.004999999888241291
2017-07-24,0.004999999888241291,0.004999999888241291,0.004999999888241291,0.004999999888241291,0.0,0.004999999888241291
2017-07-25,0.004999999888241291,0.004999999888241291,0.004999999888241291,0.004999999888241291,0.0,0.004999999888241291
2017-07-26,0.004999999888241291,0.004999999888241291,0.004999999888241291,0.004999999888241291,0.0,0.004999999888241291
2017-07-27,0.004999999888241291,0.004999999888241291,0.004999999888241291,0.004999999888241291,0.0,0.004999999888241291
2017-07-28,0.004999999888241291,0.004999999888241291,0.004999999888241291,0.004999999888241291,0.0,0.004999999888241291
2017-07-31,0.004999999888241291,0.004999999888241291,0.004999999888241291,0.004999999888241291,0.0,0.004999999888241291
2017-08-01,0.004999999888241291,0.004999999888241291,0.004999999888241291,0.004999999888241291,0.0,0.004999999888241291
2017-08-02,0.004999999888241291,0.004999999888241291,0.004999999888241291,0.004999999888241291,0.0,0.004999999888241291
2017-08-03,0.004999999888241291,0.004999999888241291,0.004999999888241291,0.004999999888241291,0.0,0.004999999888241291
2017-08-04,0.004999999888241291,0.004999999888241291,0.004999999888241291,0.004999999888241291,0.0,0.004999999888241291
2017-08-07,0.006000000052154064,0.006000000052154064,0.006000000052154064,0.006000000052154064,0.0,0.006000000052154064
2017-08-08,0.006000000052154064,0.006000000052154064,0.006000000052154064,0.006000000052154064,0.0,0.006000000052154064
2017-08-09,0.006000000052154064,0.006000000052154064,0.006000000052154064,0.006000000052154064,0.0,0.006000000052154064
2017-08-10,0.006000000052154064,0.006000000052154064,0.006000000052154064,0.006000000052154064,0.0,0.006000000052154064
2017-08-11,0.006000000052154064,0.006000000052154064,0.006000000052154064,0.006000000052154064,0.0,0.006000000052154064
2017-08-14,0.006000000052154064,0.006000000052154064,0.006000000052154064,0.006000000052154064,0.0,0.006000000052154064
2017-08-15,0.006000000052154064,0.006000000052154064,0.006000000052154064,0.006000000052154064,0.0,0.006000000052154064
2017-08-16,0.006000000052154064,0.006000000052154064,0.006000000052154064,0.006000000052154064,0.0,0.006000000052154064
2017-08-17,0.006000000052154064,0.006000000052154064,0.006000000052154064,0.006000000052154064,0.0,0.006000000052154064
2017-08-18,0.006000000052154064,0.006000000052154064,0.006000000052154064,0.006000000052154064,0.0,0.006000000052154064
2017-08-21,0.006000000052154064,0.006000000052154064,0.006000000052154064,0.006000000052154064,0.0,0.006000000052154064
2017-08-22,0.006000000052154064,0.006000000052154064,0.006000000052154064,0.006000000052154064,0.0,0.006000000052154064
2017-08-23,0.006000000052154064,0.006000000052154064,0.006000000052154064,0.006000000052154064,0.0,0.006000000052154064
2017-08-24,0.006000000052154064,0.006000000052154064,0.006000000052154064,0.006000000052154064,0.0,0.006000000052154064
2017-08-25,0.006000000052154064,0.006000000052154064,0.006000000052154064,0.006000000052154064,0.0,0.006000000052154064
2017-08-28,0.006000000052154064,0.006000000052154064,0.006000000052154064,0.006000000052154064,0.0,0.006000000052154064
2017-08-29,0.006000000052154064,0.006000000052154064,0.006000000052154064,0.006000000052154064,0.0,0.006000000052154064
2017-08-30,0.006000000052154064,0.006000000052154064,0.006000000052154064,0.006000000052154064,0.0,0.006000000052154064
2017-08-31,0.006000000052154064,0.006000000052154064,0.006000000052154064,0.006000000052154064,0.0,0.006000000052154064
2017-09-01,0.006000000052154064,0.006000000052154064,0.006000000052154064,0.006000000052154064,0.0,0.006000000052154064
2017-09-05,0.006000000052154064,0.006000000052154064,0.006000000052154064,0.006000000052154064,0.0,0.006000000052154064
2017-09-06,0.006000000052154064,0.006000000052154064,0.006000000052154064,0.006000000052154064,0.0,0.006000000052154064
2017-09-07,0.006000000052154064,0.006000000052154064,0.006000000052154064,0.006000000052154064,0.0,0.006000000052154064
2017-09-08,0.006000000052154064,0.006000000052154064,0.006000000052154064,0.006000000052154064,0.0,0.006000000052154064
2017-09-11,0.006000000052154064,0.006000000052154064,0.006000000052154064,0.006000000052154064,0.0,0.006000000052154064
2017-09-12,0.006000000052154064,0.006000000052154064,0.006000000052154064,0.006000000052154064,0.0,0.006000000052154064
2017-09-13,0.006000000052154064,0.006000000052154064,0.006000000052154064,0.006000000052154064,0.0,0.006000000052154064
2017-09-14,0.006000000052154064,0.006000000052154064,0.006000000052154064,0.006000000052154064,0.0,0.006000000052154064
2017-09-15,0.006000000052154064,0.006000000052154064,0.006000000052154064,0.006000000052154064,0.0,0.006000000052154064
2017-09-18,0.006000000052154064,0.006000000052154064,0.006000000052154064,0.006000000052154064,0.0,0.006000000052154064
2017-09-19,0.006000000052154064,0.006000000052154064,0.006000000052154064,0.006000000052154064,0.0,0.006000000052154064
2017-09-20,0.006000000052154064,0.006000000052154064,0.006000000052154064,0.006000000052154064,0.0,0.006000000052154064
2017-09-21,0.006000000052154064,0.006000000052154064,0.006000000052154064,0.006000000052154064,0.0,0.006000000052154064
2017-09-22,0.006000000052154064,0.006000000052154064,0.006000000052154064,0.006000000052154064,0.0,0.006000000052154064
2017-09-25,0.006000000052154064,0.006000000052154064,0.006000000052154064,0.006000000052154064,0.0,0.006000000052154064
2017-09-26,0.006000000052154064,0.006000000052154064,0.006000000052154064,0.006000000052154064,0.0,0.006000000052154064
2017-09-27,0.006000000052154064,0.006000000052154064,0.006000000052154064,0.006000000052154064,0.0,0.006000000052154064
2017-09-28,0.006000000052154064,0.006000000052154064,0.006000000052154064,0.006000000052154064,0.0,0.006000000052154064
2017-09-29,0.006000000052154064,0.006000000052154064,0.006000000052154064,0.006000000052154064,0.0,0.006000000052154064
2017-10-02,0.006000000052154064,0.006000000052154064,0.006000000052154064,0.006000000052154064,0.0,0.006000000052154064
2017-10-03,0.006000000052154064,0.006000000052154064,0.006000000052154064,0.006000000052154064,0.0,0.006000000052154064
2017-10-04,0.006000000052154064,0.006000000052154064,0.006000000052154064,0.006000000052154064,0.0,0.006000000052154064
2017-10-05,0.006000000052154064,0.006000000052154064,0.006000000052154064,0.006000000052154064,0.0,0.006000000052154064
2017-10-06,0.006000000052154064,0.006000000052154064,0.006000000052154064,0.006000000052154064,0.0,0.006000000052154064
2017-10-09,0.006000000052154064,0.006000000052154064,0.006000000052154064,0.006000000052154064,0.0,0.006000000052154064
2017-10-10,0.006000000052154064,0.006000000052154064,0.006000000052154064,0.006000000052154064,0.0,0.006000000052154064
2017-10-11,0.006000000052154064,0.006000000052154064,0.006000000052154064,0.006000000052154064,0.0,0.006000000052154064
2017-10-12,0.006000000052154064,0.006000000052154064,0.006000000052154064,0.006000000052154064,0.0,0.006000000052154064
2017-10-13,0.006000000052154064,0.006000000052154064,0.006000000052154064,0.006000000052154064,0.0,0.006000000052154064
2017-10-16,0.006000000052154064,0.006000000052154064,0.006000000052154064,0.006000000052154064,0.0,0.006000000052154064
2017-10-17,0.006000000052154064,0.006000000052154064,0.006000000052154064,0.006000000052154064,0.0,0.006000000052154064
2017-10-18,0.006000000052154064,0.006000000052154064,0.006000000052154064,0.006000000052154064,0.0,0.006000000052154064
2017-10-19,0.006000000052154064,0.006000000052154064,0.006000000052154064,0.006000000052154064,0.0,0.006000000052154064
2017-10-20,0.006000000052154064,0.006000000052154064,0.006000000052154064,0.006000000052154064,0.0,0.006000000052154064
2017-10-23,0.006000000052154064,0.006000000052154064,0.006000000052154064,0.006000000052154064,0.0,0.006000000052154064
2017-10-24,0.006000000052154064,0.006000000052154064,0.006000000052154064,0.006000000052154064,0.0,0.006000000052154064
2017-10-25,0.006000000052154064,0.006000000052154064,0.006000000052154064,0.006000000052154064,0.0,0.006000000052154064
2017-10-26,0.006000000052154064,0.006000000052154064,0.006000000052154064,0.006000000052154064,0.0,0.006000000052154064
2017-10-27,0.006000000052154064,0.006000000052154064,0.006000000052154064,0.006000000052154064,0.0,0.006000000052154064
2017-10-30,0.006000000052154064,0.006000000052154064,0.006000000052154064,0.006000000052154064,0.0,0.006000000052154064
2017-10-31,0.004100000020116568,0.004100000020116568,0.004100000020116568,0.004100000020116568,35554.0,0.004100000020116568
2017-11-01,0.004100000020116568,0.004100000020116568,0.004100000020116568,0.004100000020116568,0.0,0.004100000020116568
2017-11-02,0.004999999888241291,0.004999999888241291,0.004999999888241291,0.004999999888241291,12000.0,0.004999999888241291
2017-11-03,0.004999999888241291,0.004999999888241291,0.004999999888241291,0.004999999888241291,0.0,0.004999999888241291
2017-11-06,0.004999999888241291,0.004999999888241291,0.004999999888241291,0.004999999888241291,0.0,0.004999999888241291
2017-11-07,0.004999999888241291,0.004999999888241291,0.004999999888241291,0.004999999888241291,0.0,0.004999999888241291
2017-11-08,0.004999999888241291,0.004999999888241291,0.004999999888241291,0.004999999888241291,0.0,0.004999999888241291
2017-11-09,0.004999999888241291,0.004999999888241291,0.004999999888241291,0.004999999888241291,0.0,0.004999999888241291
2017-11-10,0.004999999888241291,0.004999999888241291,0.004999999888241291,0.004999999888241291,0.0,0.004999999888241291
2017-11-13,0.004999999888241291,0.004999999888241291,0.004999999888241291,0.004999999888241291,0.0,0.004999999888241291
2017-11-14,0.004999999888241291,0.004999999888241291,0.004999999888241291,0.004999999888241291,0.0,0.004999999888241291
2017-11-15,0.004999999888241291,0.004999999888241291,0.004999999888241291,0.004999999888241291,0.0,0.004999999888241291
2017-11-16,0.004999999888241291,0.004999999888241291,0.004999999888241291,0.004999999888241291,0.0,0.004999999888241291
2017-11-17,0.004999999888241291,0.004999999888241291,0.004999999888241291,0.004999999888241291,0.0,0.004999999888241291
2017-11-20,0.004999999888241291,0.004999999888241291,0.004999999888241291,0.004999999888241291,0.0,0.004999999888241291
2017-11-21,0.004999999888241291,0.004999999888241291,0.004999999888241291,0.004999999888241291,0.0,0.004999999888241291
2017-11-22,0.004999999888241291,0.004999999888241291,0.004999999888241291,0.004999999888241291,0.0,0.004999999888241291
2017-11-24,0.004999999888241291,0.004999999888241291,0.004999999888241291,0.004999999888241291,0.0,0.004999999888241291
2017-11-27,0.004999999888241291,0.004999999888241291,0.004999999888241291,0.004999999888241291,0.0,0.004999999888241291
2017-11-28,0.004999999888241291,0.004999999888241291,0.004999999888241291,0.004999999888241291,0.0,0.004999999888241291
2017-11-29,0.004999999888241291,0.004999999888241291,0.004999999888241291,0.004999999888241291,0.0,0.004999999888241291
2017-11-30,0.004999999888241291,0.004999999888241291,0.004999999888241291,0.004999999888241291,0.0,0.004999999888241291
2017-12-01,0.004999999888241291,0.004999999888241291,0.004999999888241291,0.004999999888241291,0.0,0.004999999888241291
2017-12-04,0.004999999888241291,0.004999999888241291,0.004999999888241291,0.004999999888241291,0.0,0.004999999888241291
2017-12-05,0.004999999888241291,0.004999999888241291,0.004999999888241291,0.004999999888241291,0.0,0.004999999888241291
2017-12-06,0.004999999888241291,0.004999999888241291,0.004999999888241291,0.004999999888241291,0.0,0.004999999888241291
2017-12-07,0.004999999888241291,0.004999999888241291,0.004999999888241291,0.004999999888241291,0.0,0.004999999888241291
2017-12-08,0.004999999888241291,0.004999999888241291,0.004999999888241291,0.004999999888241291,0.0,0.004999999888241291
2017-12-11,0.004999999888241291,0.004999999888241291,0.004999999888241291,0.004999999888241291,0.0,0.004999999888241291
2017-12-12,0.004999999888241291,0.004999999888241291,0.004999999888241291,0.004999999888241291,0.0,0.004999999888241291
2017-12-13,0.004999999888241291,0.004999999888241291,0.004999999888241291,0.004999999888241291,0.0,0.004999999888241291
2017-12-14,0.004999999888241291,0.004999999888241291,0.004999999888241291,0.004999999888241291,0.0,0.004999999888241291
2017-12-15,0.004999999888241291,0.004999999888241291,0.004999999888241291,0.004999999888241291,0.0,0.004999999888241291
2017-12-18,0.004999999888241291,0.004999999888241291,0.004999999888241291,0.004999999888241291,0.0,0.004999999888241291
2017-12-19,0.004999999888241291,0.004999999888241291,0.004999999888241291,0.004999999888241291,0.0,0.004999999888241291
2017-12-20,0.004999999888241291,0.004999999888241291,0.004999999888241291,0.004999999888241291,0.0,0.004999999888241291
2017-12-21,0.004999999888241291,0.004999999888241291,0.004999999888241291,0.004999999888241291,0.0,0.004999999888241291
2017-12-22,0.004999999888241291,0.004999999888241291,0.004999999888241291,0.004999999888241291,0.0,0.004999999888241291
2017-12-26,0.004999999888241291,0.004999999888241291,0.004999999888241291,0.004999999888241291,0.0,0.004999999888241291
2017-12-27,0.004999999888241291,0.004999999888241291,0.004999999888241291,0.004999999888241291,0.0,0.004999999888241291
2017-12-28,0.004999999888241291,0.004999999888241291,0.004999999888241291,0.004999999888241291,0.0,0.004999999888241291
2017-12-29,0.004999999888241291,0.004999999888241291,0.004999999888241291,0.004999999888241291,0.0,0.004999999888241291
2018-01-02,0.004999999888241291,0.004999999888241291,0.004999999888241291,0.004999999888241291,0.0,0.004999999888241291
2018-01-03,0.004999999888241291,0.004999999888241291,0.004999999888241291,0.004999999888241291,0.0,0.004999999888241291
2018-01-04,0.004999999888241291,0.004999999888241291,0.004999999888241291,0.004999999888241291,0.0,0.004999999888241291
2018-01-05,0.004999999888241291,0.004999999888241291,0.004999999888241291,0.004999999888241291,0.0,0.004999999888241291
2018-01-08,0.004999999888241291,0.004999999888241291,0.004999999888241291,0.004999999888241291,0.0,0.004999999888241291
2018-01-09,0.004999999888241291,0.004999999888241291,0.004999999888241291,0.004999999888241291,0.0,0.004999999888241291
2018-01-10,0.004999999888241291,0.004999999888241291,0.004999999888241291,0.004999999888241291,0.0,0.004999999888241291
2018-01-11,0.004999999888241291,0.004999999888241291,0.004999999888241291,0.004999999888241291,0.0,0.004999999888241291
2018-01-12,0.004999999888241291,0.004999999888241291,0.004999999888241291,0.004999999888241291,0.0,0.004999999888241291
2018-01-16,0.004999999888241291,0.004999999888241291,0.004999999888241291,0.004999999888241291,0.0,0.004999999888241291
2018-01-17,0.004999999888241291,0.004999999888241291,0.004999999888241291,0.004999999888241291,0.0,0.004999999888241291
2018-01-18,0.007000000216066837,0.007000000216066837,0.007000000216066837,0.007000000216066837,20000.0,0.007000000216066837
2018-01-19,0.007000000216066837,0.007000000216066837,0.007000000216066837,0.007000000216066837,0.0,0.007000000216066837
2018-01-22,0.007000000216066837,0.007000000216066837,0.007000000216066837,0.007000000216066837,0.0,0.007000000216066837
2018-01-23,0.007000000216066837,0.007000000216066837,0.007000000216066837,0.007000000216066837,0.0,0.007000000216066837
2018-01-24,0.007000000216066837,0.007000000216066837,0.007000000216066837,0.007000000216066837,0.0,0.007000000216066837
2018-01-25,0.007000000216066837,0.007000000216066837,0.007000000216066837,0.007000000216066837,0.0,0.007000000216066837
2018-01-26,0.007000000216066837,0.007000000216066837,0.007000000216066837,0.007000000216066837,0.0,0.007000000216066837
2018-01-29,0.007000000216066837,0.007000000216066837,0.007000000216066837,0.007000000216066837,0.0,0.007000000216066837
2018-01-30,0.007000000216066837,0.007000000216066837,0.007000000216066837,0.007000000216066837,0.0,0.007000000216066837
2018-01-31,0.007000000216066837,0.007000000216066837,0.007000000216066837,0.007000000216066837,0.0,0.007000000216066837
2018-02-01,0.007000000216066837,0.007000000216066837,0.007000000216066837,0.007000000216066837,0.0,0.007000000216066837
2018-02-02,0.007000000216066837,0.007000000216066837,0.007000000216066837,0.007000000216066837,0.0,0.007000000216066837
2018-02-05,0.007000000216066837,0.007000000216066837,0.007000000216066837,0.007000000216066837,0.0,0.007000000216066837
2018-02-06,0.007000000216066837,0.007000000216066837,0.007000000216066837,0.007000000216066837,0.0,0.007000000216066837
2018-02-07,0.007000000216066837,0.007000000216066837,0.007000000216066837,0.007000000216066837,0.0,0.007000000216066837
2018-02-08,0.007000000216066837,0.007000000216066837,0.007000000216066837,0.007000000216066837,0.0,0.007000000216066837
2018-02-09,0.007000000216066837,0.007000000216066837,0.007000000216066837,0.007000000216066837,0.0,0.007000000216066837
2018-02-12,0.007000000216066837,0.007000000216066837,0.007000000216066837,0.007000000216066837,0.0,0.007000000216066837
2018-02-13,0.007000000216066837,0.007000000216066837,0.007000000216066837,0.007000000216066837,0.0,0.007000000216066837
2018-02-14,0.007000000216066837,0.007000000216066837,0.007000000216066837,0.007000000216066837,0.0,0.007000000216066837
2018-02-15,0.0010000000474974513,0.0010000000474974513,0.0010000000474974513,0.0010000000474974513,5000.0,0.0010000000474974513
2018-02-16,0.0010000000474974513,0.0010000000474974513,0.0010000000474974513,0.0010000000474974513,0.0,0.0010000000474974513
2018-02-20,0.0010000000474974513,0.0010000000474974513,0.0010000000474974513,0.0010000000474974513,0.0,0.0010000000474974513
2018-02-21,0.0010000000474974513,0.0010000000474974513,0.0010000000474974513,0.0010000000474974513,0.0,0.0010000000474974513
2018-02-22,0.0010000000474974513,0.0010000000474974513,0.0010000000474974513,0.0010000000474974513,0.0,0.0010000000474974513
2018-02-23,0.0010000000474974513,0.0010000000474974513,0.0010000000474974513,0.0010000000474974513,0.0,0.0010000000474974513
2018-02-26,0.0010000000474974513,0.0010000000474974513,0.0010000000474974513,0.0010000000474974513,0.0,0.0010000000474974513
2018-02-27,0.0010000000474974513,0.0010000000474974513,0.0010000000474974513,0.0010000000474974513,0.0,0.0010000000474974513
2018-02-28,0.0010000000474974513,0.0010000000474974513,0.0010000000474974513,0.0010000000474974513,0.0,0.0010000000474974513
2018-03-01,0.0010000000474974513,0.0010000000474974513,0.0010000000474974513,0.0010000000474974513,0.0,0.0010000000474974513
2018-03-02,0.0010000000474974513,0.0010000000474974513,0.0010000000474974513,0.0010000000474974513,0.0,0.0010000000474974513
2018-03-05,0.0010000000474974513,0.0010000000474974513,0.0010000000474974513,0.0010000000474974513,0.0,0.0010000000474974513
2018-03-06,0.0010000000474974513,0.0010000000474974513,0.0010000000474974513,0.0010000000474974513,0.0,0.0010000000474974513
2018-03-07,0.0010000000474974513,0.0010000000474974513,0.0010000000474974513,0.0010000000474974513,0.0,0.0010000000474974513
2018-03-08,0.0010000000474974513,0.0010000000474974513,0.0010000000474974513,0.0010000000474974513,0.0,0.0010000000474974513
2018-03-09,0.0010000000474974513,0.0010000000474974513,0.0010000000474974513,0.0010000000474974513,0.0,0.0010000000474974513
2018-03-12,0.0010000000474974513,0.0010000000474974513,0.0010000000474974513,0.0010000000474974513,0.0,0.0010000000474974513
2018-03-13,0.0010000000474974513,0.0010000000474974513,0.0010000000474974513,0.0010000000474974513,0.0,0.0010000000474974513
2018-03-14,0.0010000000474974513,0.0010000000474974513,0.0010000000474974513,0.0010000000474974513,0.0,0.0010000000474974513
2018-03-15,0.0010000000474974513,0.0010000000474974513,0.0010000000474974513,0.0010000000474974513,0.0,0.0010000000474974513
2018-03-16,0.0010000000474974513,0.0010000000474974513,0.0010000000474974513,0.0010000000474974513,0.0,0.0010000000474974513
2018-03-19,0.0010000000474974513,0.0010000000474974513,0.0010000000474974513,0.0010000000474974513,0.0,0.0010000000474974513
2018-03-20,0.0010000000474974513,0.0010000000474974513,0.0010000000474974513,0.0010000000474974513,0.0,0.0010000000474974513
2018-03-21,0.0010000000474974513,0.0010000000474974513,0.0010000000474974513,0.0010000000474974513,0.0,0.0010000000474974513
2018-03-22,0.0010000000474974513,0.0010000000474974513,0.0010000000474974513,0.0010000000474974513,0.0,0.0010000000474974513
2018-03-23,0.0010000000474974513,0.0010000000474974513,0.0010000000474974513,0.0010000000474974513,0.0,0.0010000000474974513
2018-03-26,0.0010000000474974513,0.0010000000474974513,0.0010000000474974513,0.0010000000474974513,0.0,0.0010000000474974513
2018-03-27,0.0010000000474974513,0.0010000000474974513,0.0010000000474974513,0.0010000000474974513,0.0,0.0010000000474974513
2018-03-28,0.0010000000474974513,0.0010000000474974513,0.0010000000474974513,0.0010000000474974513,0.0,0.0010000000474974513
2018-03-29,0.0010000000474974513,0.0010000000474974513,0.0010000000474974513,0.0010000000474974513,0.0,0.0010000000474974513
2018-04-02,0.0010000000474974513,0.0010000000474974513,0.0010000000474974513,0.0010000000474974513,0.0,0.0010000000474974513
2018-04-03,0.0010000000474974513,0.0010000000474974513,0.0010000000474974513,0.0010000000474974513,0.0,0.0010000000474974513
2018-04-04,0.0010000000474974513,0.0010000000474974513,0.0010000000474974513,0.0010000000474974513,0.0,0.0010000000474974513
2018-04-05,0.0010000000474974513,0.0010000000474974513,0.0010000000474974513,0.0010000000474974513,0.0,0.0010000000474974513
2018-04-06,0.0010000000474974513,0.0010000000474974513,0.0010000000474974513,0.0010000000474974513,0.0,0.0010000000474974513
2018-04-09,0.0010000000474974513,0.0010000000474974513,0.0010000000474974513,0.0010000000474974513,0.0,0.0010000000474974513
2018-04-10,0.0010000000474974513,0.0010000000474974513,0.0010000000474974513,0.0010000000474974513,0.0,0.0010000000474974513
2018-04-11,0.0010000000474974513,0.0010000000474974513,0.0010000000474974513,0.0010000000474974513,0.0,0.0010000000474974513
2018-04-12,0.004000000189989805,0.004000000189989805,0.0010000000474974513,0.004000000189989805,1000.0,0.004000000189989805
2018-04-13,0.004000000189989805,0.004000000189989805,0.004000000189989805,0.004000000189989805,0.0,0.004000000189989805
2018-04-16,0.004000000189989805,0.004000000189989805,0.004000000189989805,0.004000000189989805,0.0,0.004000000189989805
2018-04-17,0.004000000189989805,0.004000000189989805,0.004000000189989805,0.004000000189989805,0.0,0.004000000189989805
2018-04-18,0.004000000189989805,0.004000000189989805,0.004000000189989805,0.004000000189989805,0.0,0.004000000189989805
2018-04-19,0.004000000189989805,0.004000000189989805,0.004000000189989805,0.004000000189989805,0.0,0.004000000189989805
2018-04-20,0.004000000189989805,0.004000000189989805,0.004000000189989805,0.004000000189989805,0.0,0.004000000189989805
2018-04-23,0.004000000189989805,0.004000000189989805,0.004000000189989805,0.004000000189989805,0.0,0.004000000189989805
2018-04-24,0.004000000189989805,0.004000000189989805,0.004000000189989805,0.004000000189989805,0.0,0.004000000189989805
2018-04-25,0.004000000189989805,0.004000000189989805,0.004000000189989805,0.004000000189989805,0.0,0.004000000189989805
2018-04-26,0.004000000189989805,0.004000000189989805,0.004000000189989805,0.004000000189989805,0.0,0.004000000189989805
2018-04-27,0.004000000189989805,0.004000000189989805,0.004000000189989805,0.004000000189989805,0.0,0.004000000189989805
2018-04-30,0.004000000189989805,0.004000000189989805,0.004000000189989805,0.004000000189989805,0.0,0.004000000189989805
2018-05-01,0.004000000189989805,0.004000000189989805,0.004000000189989805,0.004000000189989805,0.0,0.004000000189989805
2018-05-02,0.004000000189989805,0.004000000189989805,0.004000000189989805,0.004000000189989805,0.0,0.004000000189989805
2018-05-03,0.004000000189989805,0.004000000189989805,0.004000000189989805,0.004000000189989805,0.0,0.004000000189989805
2018-05-04,0.004000000189989805,0.004000000189989805,0.004000000189989805,0.004000000189989805,0.0,0.004000000189989805
2018-05-07,0.004000000189989805,0.004000000189989805,0.004000000189989805,0.004000000189989805,0.0,0.004000000189989805
2018-05-08,0.004000000189989805,0.004000000189989805,0.004000000189989805,0.004000000189989805,0.0,0.004000000189989805
2018-05-09,0.004000000189989805,0.004000000189989805,0.004000000189989805,0.004000000189989805,0.0,0.004000000189989805
2018-05-10,0.004000000189989805,0.004000000189989805,0.004000000189989805,0.004000000189989805,0.0,0.004000000189989805
2018-05-11,0.004000000189989805,0.004000000189989805,0.004000000189989805,0.004000000189989805,0.0,0.004000000189989805
2018-05-14,0.004000000189989805,0.004000000189989805,0.004000000189989805,0.004000000189989805,0.0,0.004000000189989805
2018-05-15,0.004000000189989805,0.004000000189989805,0.004000000189989805,0.004000000189989805,0.0,0.004000000189989805
2018-05-16,0.004000000189989805,0.004000000189989805,0.004000000189989805,0.004000000189989805,0.0,0.004000000189989805
2018-05-17,0.004000000189989805,0.004000000189989805,0.004000000189989805,0.004000000189989805,0.0,0.004000000189989805
2018-05-18,0.004000000189989805,0.004000000189989805,0.004000000189989805,0.004000000189989805,0.0,0.004000000189989805
2018-05-21,0.004000000189989805,0.004000000189989805,0.004000000189989805,0.004000000189989805,0.0,0.004000000189989805
2018-05-22,0.004000000189989805,0.004000000189989805,0.004000000189989805,0.004000000189989805,0.0,0.004000000189989805
2018-05-23,0.004000000189989805,0.004000000189989805,0.004000000189989805,0.004000000189989805,0.0,0.004000000189989805
2018-05-24,0.0010000000474974513,0.0010000000474974513,0.0010000000474974513,0.0010000000474974513,1000.0,0.0010000000474974513
2018-05-25,0.0010000000474974513,0.0010000000474974513,0.0010000000474974513,0.0010000000474974513,0.0,0.0010000000474974513
2018-05-29,0.0010000000474974513,0.0010000000474974513,0.0010000000474974513,0.0010000000474974513,0.0,0.0010000000474974513
2018-05-30,0.0010000000474974513,0.0010000000474974513,0.0010000000474974513,0.0010000000474974513,0.0,0.0010000000474974513
2018-05-31,0.0010000000474974513,0.0010000000474974513,0.0010000000474974513,0.0010000000474974513,0.0,0.0010000000474974513
2018-06-01,0.0010000000474974513,0.0010000000474974513,0.0010000000474974513,0.0010000000474974513,0.0,0.0010000000474974513
2018-06-04,0.0010000000474974513,0.0010000000474974513,0.0010000000474974513,0.0010000000474974513,0.0,0.0010000000474974513
2018-06-05,0.0010000000474974513,0.0010000000474974513,0.0010000000474974513,0.0010000000474974513,0.0,0.0010000000474974513
2018-06-06,0.0010000000474974513,0.0010000000474974513,0.0010000000474974513,0.0010000000474974513,0.0,0.0010000000474974513
2018-06-07,0.0010000000474974513,0.0010000000474974513,0.0010000000474974513,0.0010000000474974513,0.0,0.0010000000474974513
2018-06-08,0.0010000000474974513,0.0010000000474974513,0.0010000000474974513,0.0010000000474974513,0.0,0.0010000000474974513
2018-06-11,0.0010000000474974513,0.0010000000474974513,0.0010000000474974513,0.0010000000474974513,0.0,0.0010000000474974513
2018-06-12,0.0010000000474974513,0.0010000000474974513,0.0010000000474974513,0.0010000000474974513,0.0,0.0010000000474974513
2018-06-13,0.0010000000474974513,0.0010000000474974513,0.0010000000474974513,0.0010000000474974513,0.0,0.0010000000474974513
2018-06-14,0.0010000000474974513,0.0010000000474974513,0.0010000000474974513,0.0010000000474974513,0.0,0.0010000000474974513
2018-06-15,0.0010000000474974513,0.0010000000474974513,0.0010000000474974513,0.0010000000474974513,0.0,0.0010000000474974513
2018-06-18,0.0010000000474974513,0.0010000000474974513,0.0010000000474974513,0.0010000000474974513,0.0,0.0010000000474974513
2018-06-19,0.0010000000474974513,0.0010000000474974513,0.0010000000474974513,0.0010000000474974513,0.0,0.0010000000474974513
2018-06-20,0.0010000000474974513,0.0010000000474974513,0.0010000000474974513,0.0010000000474974513,0.0,0.0010000000474974513
2018-06-21,0.0010000000474974513,0.0010000000474974513,0.0010000000474974513,0.0010000000474974513,0.0,0.0010000000474974513
2018-06-22,0.0010000000474974513,0.0010000000474974513,0.0010000000474974513,0.0010000000474974513,0.0,0.0010000000474974513
2018-06-25,0.0010000000474974513,0.0010000000474974513,0.0010000000474974513,0.0010000000474974513,0.0,0.0010000000474974513
2018-06-26,0.0010000000474974513,0.0010000000474974513,0.0010000000474974513,0.0010000000474974513,0.0,0.0010000000474974513
2018-06-27,0.0010000000474974513,0.0010000000474974513,0.0010000000474974513,0.0010000000474974513,0.0,0.0010000000474974513
2018-06-28,0.0010000000474974513,0.0010000000474974513,0.0010000000474974513,0.0010000000474974513,0.0,0.0010000000474974513
2018-06-29,0.0010000000474974513,0.0010000000474974513,0.0010000000474974513,0.0010000000474974513,0.0,0.0010000000474974513
2018-07-02,0.0010000000474974513,0.0010000000474974513,0.0010000000474974513,0.0010000000474974513,0.0,0.0010000000474974513
2018-07-03,0.0010000000474974513,0.0010000000474974513,0.0010000000474974513,0.0010000000474974513,0.0,0.0010000000474974513
2018-07-05,0.0010000000474974513,0.0010000000474974513,0.0010000000474974513,0.0010000000474974513,0.0,0.0010000000474974513
2018-07-06,0.0010000000474974513,0.0010000000474974513,0.0010000000474974513,0.0010000000474974513,0.0,0.0010000000474974513
2018-07-09,0.0010000000474974513,0.0010000000474974513,0.0010000000474974513,0.0010000000474974513,0.0,0.0010000000474974513
2018-07-10,0.0010000000474974513,0.0010000000474974513,0.0010000000474974513,0.0010000000474974513,0.0,0.0010000000474974513
2018-07-11,0.0010000000474974513,0.0010000000474974513,0.0010000000474974513,0.0010000000474974513,0.0,0.0010000000474974513
2018-07-12,0.0010000000474974513,0.0010000000474974513,0.0010000000474974513,0.0010000000474974513,0.0,0.0010000000474974513
2018-07-13,0.0010000000474974513,0.0010000000474974513,0.0010000000474974513,0.0010000000474974513,0.0,0.0010000000474974513
2018-07-16,0.0010000000474974513,0.0010000000474974513,0.0010000000474974513,0.0010000000474974513,0.0,0.0010000000474974513
2018-07-17,0.0010000000474974513,0.0010000000474974513,0.0010000000474974513,0.0010000000474974513,0.0,0.0010000000474974513
2018-07-18,0.0010000000474974513,0.0010000000474974513,0.0010000000474974513,0.0010000000474974513,0.0,0.0010000000474974513
2018-07-19,0.0010000000474974513,0.0010000000474974513,0.0010000000474974513,0.0010000000474974513,0.0,0.0010000000474974513
2018-07-20,0.0010000000474974513,0.0010000000474974513,0.0010000000474974513,0.0010000000474974513,0.0,0.0010000000474974513
2018-07-23,0.0010000000474974513,0.0010000000474974513,0.0010000000474974513,0.0010000000474974513,0.0,0.0010000000474974513
2018-07-24,0.0010000000474974513,0.0010000000474974513,0.0010000000474974513,0.0010000000474974513,0.0,0.0010000000474974513
2018-07-25,0.0010000000474974513,0.0010000000474974513,0.0010000000474974513,0.0010000000474974513,0.0,0.0010000000474974513
2018-07-26,0.0010000000474974513,0.0010000000474974513,0.0010000000474974513,0.0010000000474974513,0.0,0.0010000000474974513
2018-07-27,0.0010000000474974513,0.0010000000474974513,0.0010000000474974513,0.0010000000474974513,0.0,0.0010000000474974513
2018-07-30,0.0010000000474974513,0.0010000000474974513,0.0010000000474974513,0.0010000000474974513,0.0,0.0010000000474974513
2018-07-31,0.0010000000474974513,0.0010000000474974513,0.0010000000474974513,0.0010000000474974513,0.0,0.0010000000474974513
2018-08-01,0.0010000000474974513,0.0010000000474974513,0.0010000000474974513,0.0010000000474974513,0.0,0.0010000000474974513
2018-08-02,0.0010000000474974513,0.0010000000474974513,0.0010000000474974513,0.0010000000474974513,0.0,0.0010000000474974513
2018-08-03,0.0010000000474974513,0.0010000000474974513,0.0010000000474974513,0.0010000000474974513,0.0,0.0010000000474974513
2018-08-06,0.0010000000474974513,0.0010000000474974513,0.0010000000474974513,0.0010000000474974513,0.0,0.0010000000474974513
2018-08-07,0.0010000000474974513,0.0010000000474974513,0.0010000000474974513,0.0010000000474974513,0.0,0.0010000000474974513
2018-08-08,0.0010000000474974513,0.0010000000474974513,0.0010000000474974513,0.0010000000474974513,0.0,0.0010000000474974513
2018-08-09,0.0010000000474974513,0.0010000000474974513,0.0010000000474974513,0.0010000000474974513,0.0,0.0010000000474974513
2018-08-10,0.0010000000474974513,0.0010000000474974513,0.0010000000474974513,0.0010000000474974513,0.0,0.0010000000474974513
2018-08-13,0.0010000000474974513,0.0010000000474974513,0.0010000000474974513,0.0010000000474974513,0.0,0.0010000000474974513
2018-08-14,0.0010000000474974513,0.0010000000474974513,0.0010000000474974513,0.0010000000474974513,0.0,0.0010000000474974513
2018-08-15,0.0010000000474974513,0.0010000000474974513,0.0010000000474974513,0.0010000000474974513,0.0,0.0010000000474974513
2018-08-16,0.0010000000474974513,0.0010000000474974513,0.0010000000474974513,0.0010000000474974513,0.0,0.0010000000474974513
2018-08-17,0.0010000000474974513,0.0010000000474974513,0.0010000000474974513,0.0010000000474974513,0.0,0.0010000000474974513
2018-08-20,0.0010000000474974513,0.0010000000474974513,0.0010000000474974513,0.0010000000474974513,0.0,0.0010000000474974513
2018-08-21,0.0010000000474974513,0.0010000000474974513,0.0010000000474974513,0.0010000000474974513,0.0,0.0010000000474974513
2018-08-22,0.0010000000474974513,0.0010000000474974513,0.0010000000474974513,0.0010000000474974513,0.0,0.0010000000474974513
2018-08-23,0.0010000000474974513,0.0010000000474974513,0.0010000000474974513,0.0010000000474974513,0.0,0.0010000000474974513
2018-08-24,0.0010000000474974513,0.0010000000474974513,0.0010000000474974513,0.0010000000474974513,0.0,0.0010000000474974513
2018-08-27,0.0010000000474974513,0.0010000000474974513,0.0010000000474974513,0.0010000000474974513,0.0,0.0010000000474974513
2018-08-28,0.0010000000474974513,0.0010000000474974513,0.0010000000474974513,0.0010000000474974513,0.0,0.0010000000474974513
2018-08-29,0.0010000000474974513,0.0010000000474974513,0.0010000000474974513,0.0010000000474974513,0.0,0.0010000000474974513
2018-08-30,0.0010000000474974513,0.0010000000474974513,0.0010000000474974513,0.0010000000474974513,0.0,0.0010000000474974513
2018-08-31,0.0010000000474974513,0.0010000000474974513,0.0010000000474974513,0.0010000000474974513,0.0,0.0010000000474974513
2018-09-04,0.0010000000474974513,0.0010000000474974513,0.0010000000474974513,0.0010000000474974513,0.0,0.0010000000474974513
2018-09-05,0.0010000000474974513,0.0010000000474974513,0.0010000000474974513,0.0010000000474974513,0.0,0.0010000000474974513
2018-09-06,0.0010000000474974513,0.0010000000474974513,0.0010000000474974513,0.0010000000474974513,0.0,0.0010000000474974513
2018-09-07,0.0010000000474974513,0.0010000000474974513,0.0010000000474974513,0.0010000000474974513,0.0,0.0010000000474974513
2018-09-10,0.0010000000474974513,0.0010000000474974513,0.0010000000474974513,0.0010000000474974513,0.0,0.0010000000474974513
2018-09-11,0.0010000000474974513,0.0010000000474974513,0.0010000000474974513,0.0010000000474974513,0.0,0.0010000000474974513
2018-09-12,0.0010000000474974513,0.0010000000474974513,0.0010000000474974513,0.0010000000474974513,0.0,0.0010000000474974513
2018-09-13,0.0010000000474974513,0.0010000000474974513,0.0010000000474974513,0.0010000000474974513,0.0,0.0010000000474974513
2018-09-14,0.0010000000474974513,0.0010000000474974513,0.0010000000474974513,0.0010000000474974513,0.0,0.0010000000474974513
2018-09-17,0.0010000000474974513,0.0010000000474974513,0.0010000000474974513,0.0010000000474974513,0.0,0.0010000000474974513
2018-09-18,0.0010000000474974513,0.0010000000474974513,0.0010000000474974513,0.0010000000474974513,0.0,0.0010000000474974513
2018-09-19,0.0010000000474974513,0.0010000000474974513,0.0010000000474974513,0.0010000000474974513,0.0,0.0010000000474974513
2018-09-20,0.0010000000474974513,0.0010000000474974513,0.0010000000474974513,0.0010000000474974513,0.0,0.0010000000474974513
2018-09-21,0.0010000000474974513,0.0010000000474974513,0.0010000000474974513,0.0010000000474974513,0.0,0.0010000000474974513
2018-09-24,0.0010000000474974513,0.0010000000474974513,0.0010000000474974513,0.0010000000474974513,0.0,0.0010000000474974513
2018-09-25,0.0010000000474974513,0.0010000000474974513,0.0010000000474974513,0.0010000000474974513,0.0,0.0010000000474974513
2018-09-26,0.0010000000474974513,0.0010000000474974513,0.0010000000474974513,0.0010000000474974513,0.0,0.0010000000474974513
2018-09-27,0.0010000000474974513,0.0010000000474974513,0.0010000000474974513,0.0010000000474974513,0.0,0.0010000000474974513
2018-09-28,0.0010000000474974513,0.0010000000474974513,0.0010000000474974513,0.0010000000474974513,0.0,0.0010000000474974513
2018-10-01,0.0010000000474974513,0.0010000000474974513,0.0010000000474974513,0.0010000000474974513,0.0,0.0010000000474974513
2018-10-02,0.0010000000474974513,0.0010000000474974513,0.0010000000474974513,0.0010000000474974513,0.0,0.0010000000474974513
2018-10-03,0.0010000000474974513,0.0010000000474974513,0.0010000000474974513,0.0010000000474974513,0.0,0.0010000000474974513
2018-10-04,0.0010000000474974513,0.0010000000474974513,0.0010000000474974513,0.0010000000474974513,0.0,0.0010000000474974513
2018-10-05,0.0010000000474974513,0.0010000000474974513,0.0010000000474974513,0.0010000000474974513,0.0,0.0010000000474974513
2018-10-08,0.0010000000474974513,0.0010000000474974513,0.0010000000474974513,0.0010000000474974513,0.0,0.0010000000474974513
2018-10-09,0.0010000000474974513,0.0010000000474974513,0.0010000000474974513,0.0010000000474974513,0.0,0.0010000000474974513
2018-10-10,0.0010000000474974513,0.0010000000474974513,0.0010000000474974513,0.0010000000474974513,0.0,0.0010000000474974513
2018-10-11,0.0010000000474974513,0.0010000000474974513,0.0010000000474974513,0.0010000000474974513,0.0,0.0010000000474974513
2018-10-12,0.0010000000474974513,0.0010000000474974513,0.0010000000474974513,0.0010000000474974513,0.0,0.0010000000474974513
2018-10-15,0.0010000000474974513,0.0010000000474974513,0.0010000000474974513,0.0010000000474974513,0.0,0.0010000000474974513
2018-10-16,0.0010000000474974513,0.0010000000474974513,0.0010000000474974513,0.0010000000474974513,0.0,0.0010000000474974513
2018-10-17,0.0010000000474974513,0.0010000000474974513,0.0010000000474974513,0.0010000000474974513,0.0,0.0010000000474974513
2018-10-18,0.0010000000474974513,0.0010000000474974513,0.0010000000474974513,0.0010000000474974513,0.0,0.0010000000474974513
2018-10-19,0.0010000000474974513,0.0010000000474974513,0.0010000000474974513,0.0010000000474974513,0.0,0.0010000000474974513
2018-10-22,0.0010000000474974513,0.0010000000474974513,0.0010000000474974513,0.0010000000474974513,0.0,0.0010000000474974513
2018-10-23,0.0010000000474974513,0.0010000000474974513,0.0010000000474974513,0.0010000000474974513,0.0,0.0010000000474974513
2018-10-24,0.0010000000474974513,0.0010000000474974513,0.0010000000474974513,0.0010000000474974513,0.0,0.0010000000474974513
2018-10-25,0.0010000000474974513,0.0010000000474974513,0.0010000000474974513,0.0010000000474974513,0.0,0.0010000000474974513
2018-10-26,0.0010000000474974513,0.0010000000474974513,0.0010000000474974513,0.0010000000474974513,0.0,0.0010000000474974513
2018-10-29,0.0010000000474974513,0.0010000000474974513,0.0010000000474974513,0.0010000000474974513,0.0,0.0010000000474974513
2018-10-30,0.0010000000474974513,0.0010000000474974513,0.0010000000474974513,0.0010000000474974513,0.0,0.0010000000474974513
2018-10-31,0.0010000000474974513,0.0010000000474974513,0.0010000000474974513,0.0010000000474974513,0.0,0.0010000000474974513
2018-11-01,0.0010000000474974513,0.0010000000474974513,0.0010000000474974513,0.0010000000474974513,0.0,0.0010000000474974513
2018-11-02,0.0010000000474974513,0.0010000000474974513,0.0010000000474974513,0.0010000000474974513,0.0,0.0010000000474974513
2018-11-05,0.0010000000474974513,0.0010000000474974513,0.0010000000474974513,0.0010000000474974513,0.0,0.0010000000474974513
2018-11-06,0.0010000000474974513,0.0010000000474974513,0.0010000000474974513,0.0010000000474974513,0.0,0.0010000000474974513
2018-11-07,0.0010000000474974513,0.0010000000474974513,0.0010000000474974513,0.0010000000474974513,0.0,0.0010000000474974513
2018-11-08,0.0010000000474974513,0.0010000000474974513,0.0010000000474974513,0.0010000000474974513,0.0,0.0010000000474974513
2018-11-09,0.0010000000474974513,0.0010000000474974513,0.0010000000474974513,0.0010000000474974513,0.0,0.0010000000474974513
2018-11-12,0.0010000000474974513,0.0010000000474974513,0.0010000000474974513,0.0010000000474974513,0.0,0.0010000000474974513
2018-11-13,0.0010000000474974513,0.0010000000474974513,0.0010000000474974513,0.0010000000474974513,0.0,0.0010000000474974513
2018-11-14,0.0010000000474974513,0.0010000000474974513,0.0010000000474974513,0.0010000000474974513,0.0,0.0010000000474974513
2018-11-15,0.0010000000474974513,0.0010000000474974513,0.0010000000474974513,0.0010000000474974513,0.0,0.0010000000474974513
2018-11-16,0.0010000000474974513,0.0010000000474974513,0.0010000000474974513,0.0010000000474974513,0.0,0.0010000000474974513
2018-11-19,0.0010000000474974513,0.0010000000474974513,0.0010000000474974513,0.0010000000474974513,0.0,0.0010000000474974513
2018-11-20,0.0010000000474974513,0.0010000000474974513,0.0010000000474974513,0.0010000000474974513,0.0,0.0010000000474974513
2018-11-21,0.0010000000474974513,0.0010000000474974513,0.0010000000474974513,0.0010000000474974513,0.0,0.0010000000474974513
2018-11-23,0.0010000000474974513,0.0010000000474974513,0.0010000000474974513,0.0010000000474974513,0.0,0.0010000000474974513
2018-11-26,0.0010000000474974513,0.0010000000474974513,0.0010000000474974513,0.0010000000474974513,0.0,0.0010000000474974513
2018-11-27,0.0010000000474974513,0.0010000000474974513,0.0010000000474974513,0.0010000000474974513,0.0,0.0010000000474974513
2018-11-28,0.0010000000474974513,0.0010000000474974513,0.0010000000474974513,0.0010000000474974513,0.0,0.0010000000474974513
2018-11-29,0.0010000000474974513,0.0010000000474974513,0.0010000000474974513,0.0010000000474974513,0.0,0.0010000000474974513
2018-11-30,0.0010000000474974513,0.0010000000474974513,0.0010000000474974513,0.0010000000474974513,0.0,0.0010000000474974513
2018-12-03,0.0010000000474974513,0.0010000000474974513,0.0010000000474974513,0.0010000000474974513,0.0,0.0010000000474974513
2018-12-04,0.0010000000474974513,0.0010000000474974513,0.0010000000474974513,0.0010000000474974513,0.0,0.0010000000474974513
2018-12-06,0.0010000000474974513,0.0010000000474974513,0.0010000000474974513,0.0010000000474974513,0.0,0.0010000000474974513
2018-12-07,0.0010000000474974513,0.0010000000474974513,0.0010000000474974513,0.0010000000474974513,0.0,0.0010000000474974513
2018-12-10,0.0010000000474974513,0.0010000000474974513,0.0010000000474974513,0.0010000000474974513,0.0,0.0010000000474974513
2018-12-11,0.0010000000474974513,0.0010000000474974513,0.0010000000474974513,0.0010000000474974513,0.0,0.0010000000474974513
2018-12-12,0.0010000000474974513,0.0010000000474974513,0.0010000000474974513,0.0010000000474974513,0.0,0.0010000000474974513
2018-12-13,0.0010000000474974513,0.0010000000474974513,0.0010000000474974513,0.0010000000474974513,0.0,0.0010000000474974513
2018-12-14,0.0010000000474974513,0.0010000000474974513,0.0010000000474974513,0.0010000000474974513,0.0,0.0010000000474974513
2018-12-17,0.0010000000474974513,0.0010000000474974513,0.0010000000474974513,0.0010000000474974513,0.0,0.0010000000474974513
2018-12-18,0.0010000000474974513,0.0010000000474974513,0.0010000000474974513,0.0010000000474974513,0.0,0.0010000000474974513
2018-12-19,0.0010000000474974513,0.0010000000474974513,0.0010000000474974513,0.0010000000474974513,0.0,0.0010000000474974513
2018-12-20,0.0010000000474974513,0.0010000000474974513,0.0010000000474974513,0.0010000000474974513,0.0,0.0010000000474974513
2018-12-21,0.0010000000474974513,0.0010000000474974513,0.0010000000474974513,0.0010000000474974513,0.0,0.0010000000474974513
2018-12-24,0.0010000000474974513,0.0010000000474974513,0.0010000000474974513,0.0010000000474974513,0.0,0.0010000000474974513
2018-12-26,0.0010000000474974513,0.0010000000474974513,0.0010000000474974513,0.0010000000474974513,0.0,0.0010000000474974513
2018-12-27,0.0010000000474974513,0.0010000000474974513,0.0010000000474974513,0.0010000000474974513,0.0,0.0010000000474974513
2018-12-28,0.0010000000474974513,0.0010000000474974513,0.0010000000474974513,0.0010000000474974513,0.0,0.0010000000474974513
2018-12-31,0.0010000000474974513,0.0010000000474974513,0.0010000000474974513,0.0010000000474974513,0.0,0.0010000000474974513
2019-01-02,0.0010000000474974513,0.0010000000474974513,0.0010000000474974513,0.0010000000474974513,0.0,0.0010000000474974513
2019-01-03,0.0010000000474974513,0.0010000000474974513,0.0010000000474974513,0.0010000000474974513,0.0,0.0010000000474974513
2019-01-04,0.0010000000474974513,0.0010000000474974513,0.0010000000474974513,0.0010000000474974513,0.0,0.0010000000474974513
2019-01-07,0.0010000000474974513,0.0010000000474974513,0.0010000000474974513,0.0010000000474974513,0.0,0.0010000000474974513
2019-01-08,0.0010000000474974513,0.0010000000474974513,0.0010000000474974513,0.0010000000474974513,0.0,0.0010000000474974513
2019-01-09,0.0010000000474974513,0.0010000000474974513,0.0010000000474974513,0.0010000000474974513,0.0,0.0010000000474974513
2019-01-10,0.0010000000474974513,0.0010000000474974513,0.0010000000474974513,0.0010000000474974513,0.0,0.0010000000474974513
2019-01-11,0.0010000000474974513,0.0010000000474974513,0.0010000000474974513,0.0010000000474974513,0.0,0.0010000000474974513
2019-01-14,0.0010000000474974513,0.0010000000474974513,0.0010000000474974513,0.0010000000474974513,0.0,0.0010000000474974513
2019-01-15,0.0010000000474974513,0.0010000000474974513,0.0010000000474974513,0.0010000000474974513,0.0,0.0010000000474974513
2019-01-16,0.0010000000474974513,0.0010000000474974513,0.0010000000474974513,0.0010000000474974513,0.0,0.0010000000474974513
2019-01-17,0.0010000000474974513,0.0010000000474974513,0.0010000000474974513,0.0010000000474974513,0.0,0.0010000000474974513
2019-01-18,0.0010000000474974513,0.0010000000474974513,0.0010000000474974513,0.0010000000474974513,0.0,0.0010000000474974513
2019-01-22,0.0010000000474974513,0.0010000000474974513,0.0010000000474974513,0.0010000000474974513,0.0,0.0010000000474974513
2019-01-23,0.0010000000474974513,0.0010000000474974513,0.0010000000474974513,0.0010000000474974513,0.0,0.0010000000474974513
2019-01-24,0.0010000000474974513,0.0010000000474974513,0.0010000000474974513,0.0010000000474974513,0.0,0.0010000000474974513
2019-01-25,0.0010000000474974513,0.0010000000474974513,0.0010000000474974513,0.0010000000474974513,0.0,0.0010000000474974513
2019-01-28,0.0010000000474974513,0.0010000000474974513,0.0010000000474974513,0.0010000000474974513,0.0,0.0010000000474974513
2019-01-29,0.0010000000474974513,0.0010000000474974513,0.0010000000474974513,0.0010000000474974513,0.0,0.0010000000474974513
2019-01-30,0.0010000000474974513,0.0010000000474974513,0.0010000000474974513,0.0010000000474974513,0.0,0.0010000000474974513
2019-01-31,0.0010000000474974513,0.0010000000474974513,0.0010000000474974513,0.0010000000474974513,0.0,0.0010000000474974513
2019-02-01,0.0010000000474974513,0.0010000000474974513,0.0010000000474974513,0.0010000000474974513,0.0,0.0010000000474974513
2019-02-04,0.0010000000474974513,0.0010000000474974513,0.0010000000474974513,0.0010000000474974513,0.0,0.0010000000474974513
2019-02-05,0.0010000000474974513,0.0010000000474974513,0.0010000000474974513,0.0010000000474974513,0.0,0.0010000000474974513
2019-02-06,0.0010000000474974513,0.0010000000474974513,0.0010000000474974513,0.0010000000474974513,0.0,0.0010000000474974513
2019-02-07,0.0010000000474974513,0.0010000000474974513,0.0010000000474974513,0.0010000000474974513,0.0,0.0010000000474974513
2019-02-08,0.0010000000474974513,0.0010000000474974513,0.0010000000474974513,0.0010000000474974513,0.0,0.0010000000474974513
2019-02-11,0.0010000000474974513,0.0010000000474974513,0.0010000000474974513,0.0010000000474974513,0.0,0.0010000000474974513
2019-02-12,0.0010000000474974513,0.0010000000474974513,0.0010000000474974513,0.0010000000474974513,0.0,0.0010000000474974513
2019-02-13,0.0010000000474974513,0.0010000000474974513,0.0010000000474974513,0.0010000000474974513,0.0,0.0010000000474974513
2019-02-14,0.0010000000474974513,0.0010000000474974513,0.0010000000474974513,0.0010000000474974513,0.0,0.0010000000474974513
2019-02-15,0.0010000000474974513,0.0010000000474974513,0.0010000000474974513,0.0010000000474974513,0.0,0.0010000000474974513
2019-02-19,0.0010000000474974513,0.0010000000474974513,0.0010000000474974513,0.0010000000474974513,0.0,0.0010000000474974513
2019-02-20,0.0010000000474974513,0.0010000000474974513,0.0010000000474974513,0.0010000000474974513,0.0,0.0010000000474974513
2019-02-21,0.0010000000474974513,0.0010000000474974513,0.0010000000474974513,0.0010000000474974513,0.0,0.0010000000474974513
2019-02-22,0.0010000000474974513,0.0010000000474974513,0.0010000000474974513,0.0010000000474974513,0.0,0.0010000000474974513
2019-02-25,0.0010000000474974513,0.0010000000474974513,0.0010000000474974513,0.0010000000474974513,0.0,0.0010000000474974513
2019-02-26,0.0010000000474974513,0.0010000000474974513,0.0010000000474974513,0.0010000000474974513,0.0,0.0010000000474974513
2019-02-27,0.0010000000474974513,0.0010000000474974513,0.0010000000474974513,0.0010000000474974513,0.0,0.0010000000474974513
2019-02-28,0.0010000000474974513,0.0010000000474974513,0.0010000000474974513,0.0010000000474974513,0.0,0.0010000000474974513
2019-03-01,0.0010000000474974513,0.0010000000474974513,0.0010000000474974513,0.0010000000474974513,0.0,0.0010000000474974513
2019-03-04,0.0010000000474974513,0.0010000000474974513,0.0010000000474974513,0.0010000000474974513,0.0,0.0010000000474974513
2019-03-05,0.0010000000474974513,0.0010000000474974513,0.0010000000474974513,0.0010000000474974513,0.0,0.0010000000474974513
2019-03-06,0.0010000000474974513,0.0010000000474974513,0.0010000000474974513,0.0010000000474974513,0.0,0.0010000000474974513
2019-03-07,0.0010000000474974513,0.0010000000474974513,0.0010000000474974513,0.0010000000474974513,0.0,0.0010000000474974513
2019-03-08,0.0010000000474974513,0.0010000000474974513,0.0010000000474974513,0.0010000000474974513,0.0,0.0010000000474974513
2019-03-11,0.0010000000474974513,0.0010000000474974513,0.0010000000474974513,0.0010000000474974513,0.0,0.0010000000474974513
2019-03-12,0.0010000000474974513,0.0010000000474974513,0.0010000000474974513,0.0010000000474974513,0.0,0.0010000000474974513
2019-03-13,0.0010000000474974513,0.0010000000474974513,0.0010000000474974513,0.0010000000474974513,0.0,0.0010000000474974513
2019-03-14,0.0010000000474974513,0.0010000000474974513,0.0010000000474974513,0.0010000000474974513,0.0,0.0010000000474974513
2019-03-15,0.0010000000474974513,0.0010000000474974513,0.0010000000474974513,0.0010000000474974513,0.0,0.0010000000474974513
2019-03-18,0.0010000000474974513,0.0010000000474974513,0.0010000000474974513,0.0010000000474974513,0.0,0.0010000000474974513
2019-03-19,0.0010000000474974513,0.0010000000474974513,0.0010000000474974513,0.0010000000474974513,0.0,0.0010000000474974513
2019-03-20,0.0010000000474974513,0.0010000000474974513,0.0010000000474974513,0.0010000000474974513,0.0,0.0010000000474974513
2019-03-21,0.0010000000474974513,0.0010000000474974513,0.0010000000474974513,0.0010000000474974513,0.0,0.0010000000474974513
2019-03-22,0.0010000000474974513,0.0010000000474974513,0.0010000000474974513,0.0010000000474974513,0.0,0.0010000000474974513
2019-03-25,0.0010000000474974513,0.0010000000474974513,0.0010000000474974513,0.0010000000474974513,0.0,0.0010000000474974513
2019-03-26,0.0010000000474974513,0.0010000000474974513,0.0010000000474974513,0.0010000000474974513,0.0,0.0010000000474974513
2019-03-27,0.0010000000474974513,0.0010000000474974513,0.0010000000474974513,0.0010000000474974513,0.0,0.0010000000474974513
2019-03-28,0.0010000000474974513,0.0010000000474974513,0.0010000000474974513,0.0010000000474974513,0.0,0.0010000000474974513
2019-03-29,0.0010000000474974513,0.0010000000474974513,0.0010000000474974513,0.0010000000474974513,0.0,0.0010000000474974513
2019-04-01,0.0010000000474974513,0.0010000000474974513,0.0010000000474974513,0.0010000000474974513,0.0,0.0010000000474974513
2019-04-02,0.0010000000474974513,0.0010000000474974513,0.0010000000474974513,0.0010000000474974513,0.0,0.0010000000474974513
2019-04-03,0.0010000000474974513,0.0010000000474974513,0.0010000000474974513,0.0010000000474974513,0.0,0.0010000000474974513
2019-04-04,0.0010000000474974513,0.0010000000474974513,0.0010000000474974513,0.0010000000474974513,0.0,0.0010000000474974513
2019-04-05,0.0010000000474974513,0.0010000000474974513,0.0010000000474974513,0.0010000000474974513,0.0,0.0010000000474974513
2019-04-08,0.0010000000474974513,0.0010000000474974513,0.0010000000474974513,0.0010000000474974513,0.0,0.0010000000474974513
2019-04-09,0.0010000000474974513,0.0010000000474974513,0.0010000000474974513,0.0010000000474974513,0.0,0.0010000000474974513
2019-04-10,0.0010000000474974513,0.0010000000474974513,0.0010000000474974513,0.0010000000474974513,0.0,0.0010000000474974513
2019-04-11,0.0010000000474974513,0.0010000000474974513,0.0010000000474974513,0.0010000000474974513,0.0,0.0010000000474974513
2019-04-12,0.0010000000474974513,0.0010000000474974513,0.0010000000474974513,0.0010000000474974513,0.0,0.0010000000474974513
2019-04-15,0.0010000000474974513,0.0010000000474974513,0.0010000000474974513,0.0010000000474974513,0.0,0.0010000000474974513
2019-04-16,0.0010000000474974513,0.0010000000474974513,0.0010000000474974513,0.0010000000474974513,0.0,0.0010000000474974513
2019-04-17,0.0010000000474974513,0.0010000000474974513,0.0010000000474974513,0.0010000000474974513,0.0,0.0010000000474974513
2019-04-18,0.0010000000474974513,0.0010000000474974513,0.0010000000474974513,0.0010000000474974513,0.0,0.0010000000474974513
2019-04-22,0.0010000000474974513,0.0010000000474974513,0.0010000000474974513,0.0010000000474974513,0.0,0.0010000000474974513
2019-04-23,0.0010000000474974513,0.0010000000474974513,0.0010000000474974513,0.0010000000474974513,0.0,0.0010000000474974513
2019-04-24,0.0010000000474974513,0.0010000000474974513,0.0010000000474974513,0.0010000000474974513,0.0,0.0010000000474974513
2019-04-25,0.0010000000474974513,0.0010000000474974513,0.0010000000474974513,0.0010000000474974513,0.0,0.0010000000474974513
2019-04-26,0.0010000000474974513,0.0010000000474974513,0.0010000000474974513,0.0010000000474974513,0.0,0.0010000000474974513
2019-04-29,0.0010000000474974513,0.0010000000474974513,0.0010000000474974513,0.0010000000474974513,0.0,0.0010000000474974513
2019-04-30,0.0010000000474974513,0.0010000000474974513,0.0010000000474974513,0.0010000000474974513,0.0,0.0010000000474974513
2019-05-01,0.0010000000474974513,0.0010000000474974513,0.0010000000474974513,0.0010000000474974513,0.0,0.0010000000474974513
2019-05-02,0.0010000000474974513,0.0010000000474974513,0.0010000000474974513,0.0010000000474974513,0.0,0.0010000000474974513
2019-05-03,0.0010000000474974513,0.0010000000474974513,0.0010000000474974513,0.0010000000474974513,0.0,0.0010000000474974513
2019-05-06,0.0010000000474974513,0.0010000000474974513,0.0010000000474974513,0.0010000000474974513,0.0,0.0010000000474974513
2019-05-07,0.0010000000474974513,0.0010000000474974513,0.0010000000474974513,0.0010000000474974513,0.0,0.0010000000474974513
2019-05-08,0.0010000000474974513,0.0010000000474974513,0.0010000000474974513,0.0010000000474974513,0.0,0.0010000000474974513
2019-05-09,0.0010000000474974513,0.0010000000474974513,0.0010000000474974513,0.0010000000474974513,0.0,0.0010000000474974513
2019-05-10,0.0010000000474974513,0.0010000000474974513,0.0010000000474974513,0.0010000000474974513,0.0,0.0010000000474974513
2019-05-13,0.0010000000474974513,0.0010000000474974513,0.0010000000474974513,0.0010000000474974513,0.0,0.0010000000474974513
2019-05-14,0.0010000000474974513,0.0010000000474974513,0.0010000000474974513,0.0010000000474974513,0.0,0.0010000000474974513
2019-05-15,0.0010000000474974513,0.0010000000474974513,0.0010000000474974513,0.0010000000474974513,0.0,0.0010000000474974513
2019-05-16,0.0010000000474974513,0.0010000000474974513,0.0010000000474974513,0.0010000000474974513,0.0,0.0010000000474974513
2019-05-17,0.0010000000474974513,0.0010000000474974513,0.0010000000474974513,0.0010000000474974513,0.0,0.0010000000474974513
2019-05-20,0.0010000000474974513,0.0010000000474974513,0.0010000000474974513,0.0010000000474974513,0.0,0.0010000000474974513
2019-05-21,0.0010000000474974513,0.0010000000474974513,0.0010000000474974513,0.0010000000474974513,0.0,0.0010000000474974513
2019-05-22,0.0010000000474974513,0.0010000000474974513,0.0010000000474974513,0.0010000000474974513,0.0,0.0010000000474974513
2019-05-23,0.0010000000474974513,0.0010000000474974513,0.0010000000474974513,0.0010000000474974513,0.0,0.0010000000474974513
2019-05-24,0.0010000000474974513,0.0010000000474974513,0.0010000000474974513,0.0010000000474974513,0.0,0.0010000000474974513
2019-05-28,0.0010000000474974513,0.0010000000474974513,0.0010000000474974513,0.0010000000474974513,0.0,0.0010000000474974513
2019-05-29,0.0010000000474974513,0.0010000000474974513,0.0010000000474974513,0.0010000000474974513,0.0,0.0010000000474974513
2019-05-30,0.0010000000474974513,0.0010000000474974513,0.0010000000474974513,0.0010000000474974513,0.0,0.0010000000474974513
2019-05-31,0.0010000000474974513,0.0010000000474974513,0.0010000000474974513,0.0010000000474974513,0.0,0.0010000000474974513
2019-06-03,0.0010000000474974513,0.0010000000474974513,0.0010000000474974513,0.0010000000474974513,0.0,0.0010000000474974513
2019-06-04,0.0010000000474974513,0.0010000000474974513,0.0010000000474974513,0.0010000000474974513,0.0,0.0010000000474974513
2019-06-05,0.0010000000474974513,0.0010000000474974513,0.0010000000474974513,0.0010000000474974513,0.0,0.0010000000474974513
2019-06-06,0.0010000000474974513,0.0010000000474974513,0.0010000000474974513,0.0010000000474974513,0.0,0.0010000000474974513
2019-06-07,0.0010000000474974513,0.0010000000474974513,0.0010000000474974513,0.0010000000474974513,0.0,0.0010000000474974513
2019-06-10,0.0010000000474974513,0.0010000000474974513,0.0010000000474974513,0.0010000000474974513,0.0,0.0010000000474974513
2019-06-11,0.0010000000474974513,0.0010000000474974513,0.0010000000474974513,0.0010000000474974513,0.0,0.0010000000474974513
2019-06-12,0.0010000000474974513,0.0010000000474974513,0.0010000000474974513,0.0010000000474974513,0.0,0.0010000000474974513
2019-06-13,0.0010000000474974513,0.0010000000474974513,0.0010000000474974513,0.0010000000474974513,0.0,0.0010000000474974513
2019-06-14,0.0010000000474974513,0.0010000000474974513,0.0010000000474974513,0.0010000000474974513,0.0,0.0010000000474974513
2019-06-17,0.0010000000474974513,0.0010000000474974513,0.0010000000474974513,0.0010000000474974513,0.0,0.0010000000474974513
2019-06-18,0.0010000000474974513,0.0010000000474974513,0.0010000000474974513,0.0010000000474974513,0.0,0.0010000000474974513
2019-06-19,0.0010000000474974513,0.0010000000474974513,0.0010000000474974513,0.0010000000474974513,0.0,0.0010000000474974513
2019-06-20,0.0010000000474974513,0.0010000000474974513,0.0010000000474974513,0.0010000000474974513,0.0,0.0010000000474974513
2019-06-21,0.0010000000474974513,0.0010000000474974513,0.0010000000474974513,0.0010000000474974513,0.0,0.0010000000474974513
2019-06-24,0.0010000000474974513,0.0010000000474974513,0.0010000000474974513,0.0010000000474974513,0.0,0.0010000000474974513
2019-06-25,0.0010000000474974513,0.0010000000474974513,0.0010000000474974513,0.0010000000474974513,0.0,0.0010000000474974513
2019-06-26,0.0010000000474974513,0.0010000000474974513,0.0010000000474974513,0.0010000000474974513,0.0,0.0010000000474974513
2019-06-27,0.0010000000474974513,0.0010000000474974513,0.0010000000474974513,0.0010000000474974513,0.0,0.0010000000474974513
2019-06-28,0.0010000000474974513,0.0010000000474974513,0.0010000000474974513,0.0010000000474974513,0.0,0.0010000000474974513
2019-07-01,0.0010000000474974513,0.0010000000474974513,0.0010000000474974513,0.0010000000474974513,0.0,0.0010000000474974513
2019-07-02,0.0010000000474974513,0.0010000000474974513,0.0010000000474974513,0.0010000000474974513,0.0,0.0010000000474974513
2019-07-03,0.0010000000474974513,0.0010000000474974513,0.0010000000474974513,0.0010000000474974513,0.0,0.0010000000474974513
2019-07-05,0.0010000000474974513,0.0010000000474974513,0.0010000000474974513,0.0010000000474974513,0.0,0.0010000000474974513
2019-07-08,0.0010000000474974513,0.0010000000474974513,0.0010000000474974513,0.0010000000474974513,0.0,0.0010000000474974513
2019-07-09,0.0010000000474974513,0.0010000000474974513,0.0010000000474974513,0.0010000000474974513,0.0,0.0010000000474974513
2019-07-10,0.0010000000474974513,0.0010000000474974513,0.0010000000474974513,0.0010000000474974513,0.0,0.0010000000474974513
2019-07-11,0.0010000000474974513,0.0010000000474974513,0.0010000000474974513,0.0010000000474974513,0.0,0.0010000000474974513
2019-07-12,0.0010000000474974513,0.0010000000474974513,0.0010000000474974513,0.0010000000474974513,0.0,0.0010000000474974513
2019-07-15,0.0010000000474974513,0.0010000000474974513,0.0010000000474974513,0.0010000000474974513,0.0,0.0010000000474974513
2019-07-16,0.0010000000474974513,0.0010000000474974513,0.0010000000474974513,0.0010000000474974513,0.0,0.0010000000474974513
2019-07-17,0.0010000000474974513,0.0010000000474974513,0.0010000000474974513,0.0010000000474974513,0.0,0.0010000000474974513
2019-07-18,0.0010000000474974513,0.0010000000474974513,0.0010000000474974513,0.0010000000474974513,0.0,0.0010000000474974513
2019-07-19,0.0010000000474974513,0.0010000000474974513,0.0010000000474974513,0.0010000000474974513,0.0,0.0010000000474974513
2019-07-22,0.0010000000474974513,0.0010000000474974513,0.0010000000474974513,0.0010000000474974513,0.0,0.0010000000474974513
2019-07-23,0.0010000000474974513,0.0010000000474974513,0.0010000000474974513,0.0010000000474974513,0.0,0.0010000000474974513
2019-07-24,0.0010000000474974513,0.0010000000474974513,0.0010000000474974513,0.0010000000474974513,0.0,0.0010000000474974513
2019-07-25,0.0010000000474974513,0.0010000000474974513,0.0010000000474974513,0.0010000000474974513,0.0,0.0010000000474974513
2019-07-26,0.0010000000474974513,0.0010000000474974513,0.0010000000474974513,0.0010000000474974513,0.0,0.0010000000474974513
2019-07-29,0.0010000000474974513,0.0010000000474974513,0.0010000000474974513,0.0010000000474974513,0.0,0.0010000000474974513
2019-07-30,0.0010000000474974513,0.0010000000474974513,0.0010000000474974513,0.0010000000474974513,0.0,0.0010000000474974513
2019-07-31,0.0010000000474974513,0.0010000000474974513,0.0010000000474974513,0.0010000000474974513,0.0,0.0010000000474974513
2019-08-01,0.0010000000474974513,0.0010000000474974513,0.0010000000474974513,0.0010000000474974513,0.0,0.0010000000474974513
2019-08-02,0.0010000000474974513,0.0010000000474974513,0.0010000000474974513,0.0010000000474974513,0.0,0.0010000000474974513
2019-08-05,0.0010000000474974513,0.0010000000474974513,0.0010000000474974513,0.0010000000474974513,0.0,0.0010000000474974513
2019-08-06,0.0010000000474974513,0.0010000000474974513,0.0010000000474974513,0.0010000000474974513,0.0,0.0010000000474974513
2019-08-07,0.0010000000474974513,0.0010000000474974513,0.0010000000474974513,0.0010000000474974513,0.0,0.0010000000474974513
2019-08-08,0.0010000000474974513,0.0010000000474974513,0.0010000000474974513,0.0010000000474974513,0.0,0.0010000000474974513
2019-08-09,0.0010000000474974513,0.0010000000474974513,0.0010000000474974513,0.0010000000474974513,0.0,0.0010000000474974513
2019-08-12,0.0010000000474974513,0.0010000000474974513,0.0010000000474974513,0.0010000000474974513,0.0,0.0010000000474974513
2019-08-13,0.0010000000474974513,0.0010000000474974513,0.0010000000474974513,0.0010000000474974513,0.0,0.0010000000474974513
2019-08-14,0.0010000000474974513,0.0010000000474974513,0.0010000000474974513,0.0010000000474974513,0.0,0.0010000000474974513
2019-08-15,0.0010000000474974513,0.0010000000474974513,0.0010000000474974513,0.0010000000474974513,0.0,0.0010000000474974513
2019-08-16,0.0010000000474974513,0.0010000000474974513,0.0010000000474974513,0.0010000000474974513,0.0,0.0010000000474974513
2019-08-19,0.0010000000474974513,0.0010000000474974513,0.0010000000474974513,0.0010000000474974513,0.0,0.0010000000474974513
2019-08-20,0.0010000000474974513,0.0010000000474974513,0.0010000000474974513,0.0010000000474974513,0.0,0.0010000000474974513
2019-08-21,0.0010000000474974513,0.0010000000474974513,0.0010000000474974513,0.0010000000474974513,0.0,0.0010000000474974513
2019-08-22,0.0010000000474974513,0.0010000000474974513,0.0010000000474974513,0.0010000000474974513,0.0,0.0010000000474974513
2019-08-23,0.0010000000474974513,0.0010000000474974513,0.0010000000474974513,0.0010000000474974513,0.0,0.0010000000474974513
2019-08-26,0.0010000000474974513,0.0010000000474974513,0.0010000000474974513,0.0010000000474974513,0.0,0.0010000000474974513
2019-08-27,0.0010000000474974513,0.0010000000474974513,0.0010000000474974513,0.0010000000474974513,0.0,0.0010000000474974513
2019-08-28,0.0010000000474974513,0.0010000000474974513,0.0010000000474974513,0.0010000000474974513,0.0,0.0010000000474974513
2019-08-29,0.0010000000474974513,0.0010000000474974513,0.0010000000474974513,0.0010000000474974513,0.0,0.0010000000474974513
2019-08-30,0.0010000000474974513,0.0010000000474974513,0.0010000000474974513,0.0010000000474974513,0.0,0.0010000000474974513
2019-09-03,0.0010000000474974513,0.0010000000474974513,0.0010000000474974513,0.0010000000474974513,0.0,0.0010000000474974513
2019-09-04,0.0010000000474974513,0.0010000000474974513,0.0010000000474974513,0.0010000000474974513,0.0,0.0010000000474974513
2019-09-05,0.0010000000474974513,0.0010000000474974513,0.0010000000474974513,0.0010000000474974513,0.0,0.0010000000474974513
2019-09-06,0.0010000000474974513,0.0010000000474974513,0.0010000000474974513,0.0010000000474974513,0.0,0.0010000000474974513
2019-09-09,0.0010000000474974513,0.0010000000474974513,0.0010000000474974513,0.0010000000474974513,0.0,0.0010000000474974513
2019-09-10,0.0010000000474974513,0.0010000000474974513,0.0010000000474974513,0.0010000000474974513,0.0,0.0010000000474974513
2019-09-11,0.0010000000474974513,0.0010000000474974513,0.0010000000474974513,0.0010000000474974513,0.0,0.0010000000474974513
2019-09-12,0.0010000000474974513,0.0010000000474974513,0.0010000000474974513,0.0010000000474974513,0.0,0.0010000000474974513
2019-09-13,0.0010000000474974513,0.0010000000474974513,0.0010000000474974513,0.0010000000474974513,0.0,0.0010000000474974513
2019-09-16,0.0010000000474974513,0.0010000000474974513,0.0010000000474974513,0.0010000000474974513,0.0,0.0010000000474974513
2019-09-17,0.0010000000474974513,0.0010000000474974513,0.0010000000474974513,0.0010000000474974513,0.0,0.0010000000474974513
2019-09-18,0.0010000000474974513,0.0010000000474974513,0.0010000000474974513,0.0010000000474974513,0.0,0.0010000000474974513
2019-09-19,0.0010000000474974513,0.0010000000474974513,0.0010000000474974513,0.0010000000474974513,0.0,0.0010000000474974513
2019-09-20,0.0010000000474974513,0.0010000000474974513,0.0010000000474974513,0.0010000000474974513,0.0,0.0010000000474974513
2019-09-23,0.0010000000474974513,0.0010000000474974513,0.0010000000474974513,0.0010000000474974513,0.0,0.0010000000474974513
2019-09-24,0.0010000000474974513,0.0010000000474974513,0.0010000000474974513,0.0010000000474974513,0.0,0.0010000000474974513
2019-09-25,0.0010000000474974513,0.0010000000474974513,0.0010000000474974513,0.0010000000474974513,0.0,0.0010000000474974513
2019-09-26,0.0010000000474974513,0.0010000000474974513,0.0010000000474974513,0.0010000000474974513,0.0,0.0010000000474974513
2019-09-27,0.0010000000474974513,0.0010000000474974513,0.0010000000474974513,0.0010000000474974513,0.0,0.0010000000474974513
2019-09-30,0.0010000000474974513,0.0010000000474974513,0.0010000000474974513,0.0010000000474974513,0.0,0.0010000000474974513
2019-10-01,0.0010000000474974513,0.0010000000474974513,0.0010000000474974513,0.0010000000474974513,0.0,0.0010000000474974513
2019-10-02,0.0010000000474974513,0.0010000000474974513,0.0010000000474974513,0.0010000000474974513,0.0,0.0010000000474974513
2019-10-03,0.0010000000474974513,0.0010000000474974513,0.0010000000474974513,0.0010000000474974513,0.0,0.0010000000474974513
2019-10-04,0.0010000000474974513,0.0010000000474974513,0.0010000000474974513,0.0010000000474974513,0.0,0.0010000000474974513
2019-10-07,0.0010000000474974513,0.0010000000474974513,0.0010000000474974513,0.0010000000474974513,0.0,0.0010000000474974513
2019-10-08,0.0010000000474974513,0.0010000000474974513,0.0010000000474974513,0.0010000000474974513,0.0,0.0010000000474974513
2019-10-09,0.0010000000474974513,0.0010000000474974513,0.0010000000474974513,0.0010000000474974513,0.0,0.0010000000474974513
2019-10-10,0.0010000000474974513,0.0010000000474974513,0.0010000000474974513,0.0010000000474974513,0.0,0.0010000000474974513
2019-10-11,0.0010000000474974513,0.0010000000474974513,0.0010000000474974513,0.0010000000474974513,0.0,0.0010000000474974513
2019-10-14,0.0010000000474974513,0.0010000000474974513,0.0010000000474974513,0.0010000000474974513,0.0,0.0010000000474974513
2019-10-15,0.0010000000474974513,0.0010000000474974513,0.0010000000474974513,0.0010000000474974513,0.0,0.0010000000474974513
2019-10-16,0.0010000000474974513,0.0010000000474974513,0.0010000000474974513,0.0010000000474974513,0.0,0.0010000000474974513
2019-10-17,0.0010000000474974513,0.0010000000474974513,0.0010000000474974513,0.0010000000474974513,0.0,0.0010000000474974513
2019-10-18,0.0010000000474974513,0.0010000000474974513,0.0010000000474974513,0.0010000000474974513,0.0,0.0010000000474974513
2019-10-21,0.0010000000474974513,0.0010000000474974513,0.0010000000474974513,0.0010000000474974513,0.0,0.0010000000474974513
2019-10-22,0.0010000000474974513,0.0010000000474974513,0.0010000000474974513,0.0010000000474974513,0.0,0.0010000000474974513
2019-10-23,0.0010000000474974513,0.0010000000474974513,0.0010000000474974513,0.0010000000474974513,0.0,0.0010000000474974513
2019-10-24,0.0010000000474974513,0.0010000000474974513,0.0010000000474974513,0.0010000000474974513,0.0,0.0010000000474974513
2019-10-25,0.0010000000474974513,0.0010000000474974513,0.0010000000474974513,0.0010000000474974513,0.0,0.0010000000474974513
2019-10-28,0.0010000000474974513,0.0010000000474974513,0.0010000000474974513,0.0010000000474974513,0.0,0.0010000000474974513
2019-10-29,0.0010000000474974513,0.0010000000474974513,0.0010000000474974513,0.0010000000474974513,0.0,0.0010000000474974513
2019-10-30,0.0010000000474974513,0.0010000000474974513,0.0010000000474974513,0.0010000000474974513,0.0,0.0010000000474974513
2019-10-31,0.0010000000474974513,0.0010000000474974513,0.0010000000474974513,0.0010000000474974513,0.0,0.0010000000474974513
2019-11-01,0.0010000000474974513,0.0010000000474974513,0.0010000000474974513,0.0010000000474974513,0.0,0.0010000000474974513
2019-11-04,0.0010000000474974513,0.0010000000474974513,0.0010000000474974513,0.0010000000474974513,0.0,0.0010000000474974513
2019-11-05,0.0010000000474974513,0.0010000000474974513,0.0010000000474974513,0.0010000000474974513,0.0,0.0010000000474974513
2019-11-06,0.0010000000474974513,0.0010000000474974513,0.0010000000474974513,0.0010000000474974513,0.0,0.0010000000474974513
2019-11-07,0.0010000000474974513,0.0010000000474974513,0.0010000000474974513,0.0010000000474974513,0.0,0.0010000000474974513
2019-11-08,0.0010000000474974513,0.0010000000474974513,0.0010000000474974513,0.0010000000474974513,0.0,0.0010000000474974513
2019-11-11,0.0010000000474974513,0.0010000000474974513,0.0010000000474974513,0.0010000000474974513,0.0,0.0010000000474974513
2019-11-12,0.0010000000474974513,0.0010000000474974513,0.0010000000474974513,0.0010000000474974513,0.0,0.0010000000474974513
2019-11-13,0.0010000000474974513,0.0010000000474974513,0.0010000000474974513,0.0010000000474974513,0.0,0.0010000000474974513
2019-11-14,0.0010000000474974513,0.0010000000474974513,0.0010000000474974513,0.0010000000474974513,0.0,0.0010000000474974513
2019-11-15,0.0010000000474974513,0.0010000000474974513,0.0010000000474974513,0.0010000000474974513,0.0,0.0010000000474974513
2019-11-18,0.0010000000474974513,0.0010000000474974513,0.0010000000474974513,0.0010000000474974513,0.0,0.0010000000474974513
2019-11-19,0.0010000000474974513,0.0010000000474974513,0.0010000000474974513,0.0010000000474974513,0.0,0.0010000000474974513
2019-11-20,0.0010000000474974513,0.0010000000474974513,0.0010000000474974513,0.0010000000474974513,0.0,0.0010000000474974513
2019-11-21,0.0010000000474974513,0.0010000000474974513,0.0010000000474974513,0.0010000000474974513,0.0,0.0010000000474974513
2019-11-22,0.0010000000474974513,0.0010000000474974513,0.0010000000474974513,0.0010000000474974513,0.0,0.0010000000474974513
2019-11-25,0.0010000000474974513,0.0010000000474974513,0.0010000000474974513,0.0010000000474974513,0.0,0.0010000000474974513
2019-11-26,0.0010000000474974513,0.0010000000474974513,0.0010000000474974513,0.0010000000474974513,0.0,0.0010000000474974513
2019-11-27,0.0010000000474974513,0.0010000000474974513,0.0010000000474974513,0.0010000000474974513,0.0,0.0010000000474974513
2019-11-29,0.0010000000474974513,0.0010000000474974513,0.0010000000474974513,0.0010000000474974513,0.0,0.0010000000474974513
2019-12-02,0.0010000000474974513,0.0010000000474974513,0.0010000000474974513,0.0010000000474974513,0.0,0.0010000000474974513
2019-12-03,0.0010000000474974513,0.0010000000474974513,0.0010000000474974513,0.0010000000474974513,0.0,0.0010000000474974513
2019-12-04,0.0010000000474974513,0.0010000000474974513,0.0010000000474974513,0.0010000000474974513,0.0,0.0010000000474974513
2019-12-05,0.0010000000474974513,0.0010000000474974513,0.0010000000474974513,0.0010000000474974513,0.0,0.0010000000474974513
2019-12-06,0.0010000000474974513,0.0010000000474974513,0.0010000000474974513,0.0010000000474974513,0.0,0.0010000000474974513
2019-12-09,0.0010000000474974513,0.0010000000474974513,0.0010000000474974513,0.0010000000474974513,0.0,0.0010000000474974513
2019-12-10,0.0010000000474974513,0.0010000000474974513,0.0010000000474974513,0.0010000000474974513,0.0,0.0010000000474974513
2019-12-11,0.0010000000474974513,0.0010000000474974513,0.0010000000474974513,0.0010000000474974513,0.0,0.0010000000474974513
2019-12-12,0.0010000000474974513,0.0010000000474974513,0.0010000000474974513,0.0010000000474974513,0.0,0.0010000000474974513
2019-12-13,0.0010000000474974513,0.0010000000474974513,0.0010000000474974513,0.0010000000474974513,0.0,0.0010000000474974513
2019-12-16,0.03999999910593033,0.03999999910593033,0.03999999910593033,0.03999999910593033,1941.0,0.03999999910593033
2019-12-17,0.03999999910593033,0.03999999910593033,0.03999999910593033,0.03999999910593033,0.0,0.03999999910593033
2019-12-18,0.03999999910593033,0.03999999910593033,0.03999999910593033,0.03999999910593033,0.0,0.03999999910593033
2019-12-19,0.03999999910593033,0.03999999910593033,0.03999999910593033,0.03999999910593033,0.0,0.03999999910593033
2019-12-20,0.03999999910593033,0.03999999910593033,0.03999999910593033,0.03999999910593033,0.0,0.03999999910593033
2019-12-23,0.03999999910593033,0.03999999910593033,0.03999999910593033,0.03999999910593033,0.0,0.03999999910593033
2019-12-24,0.03999999910593033,0.03999999910593033,0.03999999910593033,0.03999999910593033,0.0,0.03999999910593033
2019-12-26,0.03999999910593033,0.03999999910593033,0.03999999910593033,0.03999999910593033,0.0,0.03999999910593033
2019-12-27,0.03999999910593033,0.03999999910593033,0.03999999910593033,0.03999999910593033,0.0,0.03999999910593033
2019-12-30,0.03999999910593033,0.03999999910593033,0.03999999910593033,0.03999999910593033,0.0,0.03999999910593033
2019-12-31,0.03999999910593033,0.03999999910593033,0.03999999910593033,0.03999999910593033,0.0,0.03999999910593033
2020-01-02,0.03999999910593033,0.03999999910593033,0.03999999910593033,0.03999999910593033,0.0,0.03999999910593033
2020-01-03,0.03999999910593033,0.03999999910593033,0.03999999910593033,0.03999999910593033,0.0,0.03999999910593033
2020-01-06,0.03999999910593033,0.03999999910593033,0.03999999910593033,0.03999999910593033,0.0,0.03999999910593033
2020-01-07,0.03999999910593033,0.03999999910593033,0.03999999910593033,0.03999999910593033,0.0,0.03999999910593033
2020-01-08,0.03999999910593033,0.03999999910593033,0.03999999910593033,0.03999999910593033,0.0,0.03999999910593033
2020-01-09,0.03999999910593033,0.03999999910593033,0.03999999910593033,0.03999999910593033,0.0,0.03999999910593033
2020-01-10,0.03999999910593033,0.03999999910593033,0.03999999910593033,0.03999999910593033,0.0,0.03999999910593033
2020-01-13,0.03999999910593033,0.03999999910593033,0.03999999910593033,0.03999999910593033,0.0,0.03999999910593033
2020-01-14,0.03999999910593033,0.03999999910593033,0.03999999910593033,0.03999999910593033,0.0,0.03999999910593033
2020-01-15,0.03999999910593033,0.03999999910593033,0.03999999910593033,0.03999999910593033,0.0,0.03999999910593033
2020-01-16,0.03999999910593033,0.03999999910593033,0.03999999910593033,0.03999999910593033,0.0,0.03999999910593033
2020-01-17,0.03999999910593033,0.03999999910593033,0.03999999910593033,0.03999999910593033,0.0,0.03999999910593033
2020-01-21,0.03999999910593033,0.03999999910593033,0.03999999910593033,0.03999999910593033,0.0,0.03999999910593033
2020-01-22,0.03999999910593033,0.03999999910593033,0.03999999910593033,0.03999999910593033,0.0,0.03999999910593033
2020-01-23,0.03999999910593033,0.03999999910593033,0.03999999910593033,0.03999999910593033,0.0,0.03999999910593033
2020-01-24,0.03999999910593033,0.03999999910593033,0.03999999910593033,0.03999999910593033,0.0,0.03999999910593033
2020-01-27,0.03999999910593033,0.03999999910593033,0.03999999910593033,0.03999999910593033,0.0,0.03999999910593033
2020-01-28,0.03999999910593033,0.03999999910593033,0.03999999910593033,0.03999999910593033,0.0,0.03999999910593033
2020-01-29,0.03999999910593033,0.03999999910593033,0.03999999910593033,0.03999999910593033,0.0,0.03999999910593033
2020-01-30,0.03999999910593033,0.03999999910593033,0.03999999910593033,0.03999999910593033,0.0,0.03999999910593033
2020-01-31,0.03999999910593033,0.03999999910593033,0.03999999910593033,0.03999999910593033,0.0,0.03999999910593033
2020-02-03,0.03999999910593033,0.03999999910593033,0.03999999910593033,0.03999999910593033,0.0,0.03999999910593033
2020-02-04,0.03999999910593033,0.03999999910593033,0.03999999910593033,0.03999999910593033,0.0,0.03999999910593033
2020-02-05,0.03999999910593033,0.03999999910593033,0.03999999910593033,0.03999999910593033,0.0,0.03999999910593033
2020-02-06,0.03999999910593033,0.03999999910593033,0.03999999910593033,0.03999999910593033,0.0,0.03999999910593033
2020-02-07,0.03999999910593033,0.03999999910593033,0.03999999910593033,0.03999999910593033,0.0,0.03999999910593033
2020-02-10,0.03999999910593033,0.03999999910593033,0.03999999910593033,0.03999999910593033,0.0,0.03999999910593033
2020-02-11,0.03999999910593033,0.03999999910593033,0.03999999910593033,0.03999999910593033,0.0,0.03999999910593033
2020-02-12,0.03999999910593033,0.03999999910593033,0.03999999910593033,0.03999999910593033,0.0,0.03999999910593033
2020-02-13,0.03999999910593033,0.03999999910593033,0.03999999910593033,0.03999999910593033,0.0,0.03999999910593033
2020-02-14,0.03999999910593033,0.03999999910593033,0.03999999910593033,0.03999999910593033,0.0,0.03999999910593033
2020-02-18,0.03999999910593033,0.03999999910593033,0.03999999910593033,0.03999999910593033,0.0,0.03999999910593033
2020-02-19,0.03999999910593033,0.03999999910593033,0.03999999910593033,0.03999999910593033,0.0,0.03999999910593033
2020-02-20,0.03999999910593033,0.03999999910593033,0.03999999910593033,0.03999999910593033,0.0,0.03999999910593033
2020-02-21,0.03999999910593033,0.03999999910593033,0.03999999910593033,0.03999999910593033,0.0,0.03999999910593033
2020-02-24,0.03999999910593033,0.03999999910593033,0.03999999910593033,0.03999999910593033,0.0,0.03999999910593033
2020-02-25,0.03999999910593033,0.03999999910593033,0.03999999910593033,0.03999999910593033,0.0,0.03999999910593033
2020-02-26,0.03999999910593033,0.03999999910593033,0.03999999910593033,0.03999999910593033,0.0,0.03999999910593033
2020-02-27,0.03999999910593033,0.03999999910593033,0.03999999910593033,0.03999999910593033,0.0,0.03999999910593033
2020-02-28,0.03999999910593033,0.03999999910593033,0.03999999910593033,0.03999999910593033,0.0,0.03999999910593033
2020-03-02,0.03999999910593033,0.03999999910593033,0.03999999910593033,0.03999999910593033,0.0,0.03999999910593033
2020-03-03,0.03999999910593033,0.03999999910593033,0.03999999910593033,0.03999999910593033,0.0,0.03999999910593033
2020-03-04,0.03999999910593033,0.03999999910593033,0.03999999910593033,0.03999999910593033,0.0,0.03999999910593033
2020-03-05,0.03999999910593033,0.03999999910593033,0.03999999910593033,0.03999999910593033,0.0,0.03999999910593033
2020-03-06,0.03999999910593033,0.03999999910593033,0.03999999910593033,0.03999999910593033,0.0,0.03999999910593033
2020-03-09,0.03999999910593033,0.03999999910593033,0.03999999910593033,0.03999999910593033,0.0,0.03999999910593033
2020-03-10,0.03999999910593033,0.03999999910593033,0.03999999910593033,0.03999999910593033,0.0,0.03999999910593033
2020-03-11,0.03999999910593033,0.03999999910593033,0.03999999910593033,0.03999999910593033,0.0,0.03999999910593033
2020-03-12,0.03999999910593033,0.03999999910593033,0.03999999910593033,0.03999999910593033,0.0,0.03999999910593033
2020-03-13,0.03999999910593033,0.03999999910593033,0.03999999910593033,0.03999999910593033,0.0,0.03999999910593033
2020-03-16,0.03999999910593033,0.03999999910593033,0.03999999910593033,0.03999999910593033,0.0,0.03999999910593033
2020-03-17,0.03999999910593033,0.03999999910593033,0.03999999910593033,0.03999999910593033,0.0,0.03999999910593033
2020-03-18,0.03999999910593033,0.03999999910593033,0.03999999910593033,0.03999999910593033,0.0,0.03999999910593033
2020-03-19,0.03999999910593033,0.03999999910593033,0.03999999910593033,0.03999999910593033,0.0,0.03999999910593033
2020-03-20,0.03999999910593033,0.03999999910593033,0.03999999910593033,0.03999999910593033,0.0,0.03999999910593033
2020-03-23,0.03999999910593033,0.03999999910593033,0.03999999910593033,0.03999999910593033,0.0,0.03999999910593033
2020-03-24,0.03999999910593033,0.03999999910593033,0.03999999910593033,0.03999999910593033,0.0,0.03999999910593033
2020-03-25,0.03999999910593033,0.03999999910593033,0.03999999910593033,0.03999999910593033,0.0,0.03999999910593033
2020-03-26,0.03999999910593033,0.03999999910593033,0.03999999910593033,0.03999999910593033,0.0,0.03999999910593033
2020-03-27,0.03999999910593033,0.03999999910593033,0.03999999910593033,0.03999999910593033,0.0,0.03999999910593033
2020-03-30,0.03999999910593033,0.03999999910593033,0.03999999910593033,0.03999999910593033,0.0,0.03999999910593033
2020-03-31,0.03999999910593033,0.03999999910593033,0.03999999910593033,0.03999999910593033,0.0,0.03999999910593033
2020-04-01,0.03999999910593033,0.03999999910593033,0.03999999910593033,0.03999999910593033,0.0,0.03999999910593033
2020-04-02,0.03999999910593033,0.03999999910593033,0.03999999910593033,0.03999999910593033,0.0,0.03999999910593033
2020-04-03,0.03999999910593033,0.03999999910593033,0.03999999910593033,0.03999999910593033,0.0,0.03999999910593033
2020-04-06,0.03999999910593033,0.03999999910593033,0.03999999910593033,0.03999999910593033,0.0,0.03999999910593033
2020-04-07,0.03999999910593033,0.03999999910593033,0.03999999910593033,0.03999999910593033,0.0,0.03999999910593033
2020-04-08,0.03999999910593033,0.03999999910593033,0.03999999910593033,0.03999999910593033,0.0,0.03999999910593033
2020-04-09,0.03999999910593033,0.03999999910593033,0.03999999910593033,0.03999999910593033,0.0,0.03999999910593033
2020-04-13,0.03999999910593033,0.03999999910593033,0.03999999910593033,0.03999999910593033,0.0,0.03999999910593033
2020-04-14,0.03999999910593033,0.03999999910593033,0.03999999910593033,0.03999999910593033,0.0,0.03999999910593033
2020-04-15,0.03999999910593033,0.03999999910593033,0.03999999910593033,0.03999999910593033,0.0,0.03999999910593033
2020-04-16,0.03999999910593033,0.03999999910593033,0.03999999910593033,0.03999999910593033,0.0,0.03999999910593033
2020-04-17,0.03999999910593033,0.03999999910593033,0.03999999910593033,0.03999999910593033,0.0,0.03999999910593033
2020-04-20,0.03999999910593033,0.03999999910593033,0.03999999910593033,0.03999999910593033,0.0,0.03999999910593033
2020-04-21,0.03999999910593033,0.03999999910593033,0.03999999910593033,0.03999999910593033,0.0,0.03999999910593033
2020-04-22,0.03999999910593033,0.03999999910593033,0.03999999910593033,0.03999999910593033,0.0,0.03999999910593033
2020-04-23,0.03999999910593033,0.03999999910593033,0.03999999910593033,0.03999999910593033,0.0,0.03999999910593033
2020-04-24,0.03999999910593033,0.03999999910593033,0.03999999910593033,0.03999999910593033,0.0,0.03999999910593033
2020-04-27,0.03999999910593033,0.03999999910593033,0.03999999910593033,0.03999999910593033,0.0,0.03999999910593033
2020-04-28,0.03999999910593033,0.03999999910593033,0.03999999910593033,0.03999999910593033,0.0,0.03999999910593033
2020-04-29,0.03999999910593033,0.03999999910593033,0.03999999910593033,0.03999999910593033,0.0,0.03999999910593033
2020-04-30,0.03999999910593033,0.03999999910593033,0.03999999910593033,0.03999999910593033,0.0,0.03999999910593033
2020-05-01,0.03999999910593033,0.03999999910593033,0.03999999910593033,0.03999999910593033,0.0,0.03999999910593033
2020-05-04,0.03999999910593033,0.03999999910593033,0.03999999910593033,0.03999999910593033,0.0,0.03999999910593033
2020-05-05,0.03999999910593033,0.03999999910593033,0.03999999910593033,0.03999999910593033,0.0,0.03999999910593033
2020-05-06,0.03999999910593033,0.03999999910593033,0.03999999910593033,0.03999999910593033,0.0,0.03999999910593033
2020-05-07,0.03999999910593033,0.03999999910593033,0.03999999910593033,0.03999999910593033,0.0,0.03999999910593033
2020-05-08,0.03999999910593033,0.03999999910593033,0.03999999910593033,0.03999999910593033,0.0,0.03999999910593033
2020-05-11,0.03999999910593033,0.03999999910593033,0.03999999910593033,0.03999999910593033,0.0,0.03999999910593033
2020-05-12,0.03999999910593033,0.03999999910593033,0.03999999910593033,0.03999999910593033,0.0,0.03999999910593033
2020-05-13,0.03999999910593033,0.03999999910593033,0.03999999910593033,0.03999999910593033,0.0,0.03999999910593033
2020-05-14,0.03999999910593033,0.03999999910593033,0.03999999910593033,0.03999999910593033,0.0,0.03999999910593033
2020-05-15,0.03999999910593033,0.03999999910593033,0.03999999910593033,0.03999999910593033,0.0,0.03999999910593033
2020-05-18,0.03999999910593033,0.03999999910593033,0.03999999910593033,0.03999999910593033,0.0,0.03999999910593033
2020-05-19,0.03999999910593033,0.03999999910593033,0.03999999910593033,0.03999999910593033,0.0,0.03999999910593033
2020-05-20,0.03999999910593033,0.03999999910593033,0.03999999910593033,0.03999999910593033,0.0,0.03999999910593033
2020-05-21,0.03999999910593033,0.03999999910593033,0.03999999910593033,0.03999999910593033,0.0,0.03999999910593033
2020-05-22,0.03999999910593033,0.03999999910593033,0.03999999910593033,0.03999999910593033,0.0,0.03999999910593033
2020-05-26,0.03999999910593033,0.03999999910593033,0.03999999910593033,0.03999999910593033,0.0,0.03999999910593033
2020-05-27,0.03999999910593033,0.03999999910593033,0.03999999910593033,0.03999999910593033,0.0,0.03999999910593033
2020-05-28,0.03999999910593033,0.03999999910593033,0.03999999910593033,0.03999999910593033,0.0,0.03999999910593033
2020-05-29,0.03999999910593033,0.03999999910593033,0.03999999910593033,0.03999999910593033,0.0,0.03999999910593033
2020-06-01,0.03999999910593033,0.03999999910593033,0.03999999910593033,0.03999999910593033,0.0,0.03999999910593033
2020-06-02,0.03999999910593033,0.03999999910593033,0.03999999910593033,0.03999999910593033,0.0,0.03999999910593033
2020-06-03,0.03999999910593033,0.03999999910593033,0.03999999910593033,0.03999999910593033,0.0,0.03999999910593033
2020-06-04,0.03999999910593033,0.03999999910593033,0.03999999910593033,0.03999999910593033,0.0,0.03999999910593033
2020-06-05,0.03999999910593033,0.03999999910593033,0.03999999910593033,0.03999999910593033,0.0,0.03999999910593033
2020-06-08,0.03999999910593033,0.03999999910593033,0.03999999910593033,0.03999999910593033,0.0,0.03999999910593033
2020-06-09,0.03999999910593033,0.03999999910593033,0.03999999910593033,0.03999999910593033,0.0,0.03999999910593033
2020-06-10,0.03999999910593033,0.03999999910593033,0.03999999910593033,0.03999999910593033,0.0,0.03999999910593033
2020-06-11,0.03999999910593033,0.03999999910593033,0.03999999910593033,0.03999999910593033,0.0,0.03999999910593033
2020-06-12,0.03999999910593033,0.03999999910593033,0.03999999910593033,0.03999999910593033,0.0,0.03999999910593033
2020-06-15,0.03999999910593033,0.03999999910593033,0.03999999910593033,0.03999999910593033,0.0,0.03999999910593033
2020-06-16,0.03999999910593033,0.03999999910593033,0.03999999910593033,0.03999999910593033,0.0,0.03999999910593033
2020-06-17,0.03999999910593033,0.03999999910593033,0.03999999910593033,0.03999999910593033,0.0,0.03999999910593033
2020-06-18,0.03999999910593033,0.03999999910593033,0.03999999910593033,0.03999999910593033,0.0,0.03999999910593033
2020-06-19,0.03999999910593033,0.03999999910593033,0.03999999910593033,0.03999999910593033,0.0,0.03999999910593033
2020-06-22,0.03999999910593033,0.03999999910593033,0.03999999910593033,0.03999999910593033,0.0,0.03999999910593033
2020-06-23,0.03999999910593033,0.03999999910593033,0.03999999910593033,0.03999999910593033,0.0,0.03999999910593033
2020-06-24,0.03999999910593033,0.03999999910593033,0.03999999910593033,0.03999999910593033,0.0,0.03999999910593033
2020-06-25,0.03999999910593033,0.03999999910593033,0.03999999910593033,0.03999999910593033,0.0,0.03999999910593033
2020-06-26,0.03999999910593033,0.03999999910593033,0.03999999910593033,0.03999999910593033,0.0,0.03999999910593033
2020-06-29,0.03999999910593033,0.03999999910593033,0.03999999910593033,0.03999999910593033,0.0,0.03999999910593033
2020-06-30,0.03999999910593033,0.03999999910593033,0.03999999910593033,0.03999999910593033,0.0,0.03999999910593033
2020-07-01,0.03999999910593033,0.03999999910593033,0.03999999910593033,0.03999999910593033,0.0,0.03999999910593033
2020-07-02,0.03999999910593033,0.03999999910593033,0.03999999910593033,0.03999999910593033,0.0,0.03999999910593033
2020-07-06,0.03999999910593033,0.03999999910593033,0.03999999910593033,0.03999999910593033,0.0,0.03999999910593033
2020-07-07,0.03999999910593033,0.03999999910593033,0.03999999910593033,0.03999999910593033,0.0,0.03999999910593033
2020-07-08,0.03999999910593033,0.03999999910593033,0.03999999910593033,0.03999999910593033,0.0,0.03999999910593033
2020-07-09,0.03999999910593033,0.03999999910593033,0.03999999910593033,0.03999999910593033,0.0,0.03999999910593033
2020-07-10,0.03999999910593033,0.03999999910593033,0.03999999910593033,0.03999999910593033,0.0,0.03999999910593033
2020-07-13,0.03999999910593033,0.03999999910593033,0.03999999910593033,0.03999999910593033,0.0,0.03999999910593033
2020-07-14,0.03999999910593033,0.03999999910593033,0.03999999910593033,0.03999999910593033,0.0,0.03999999910593033
2020-07-15,0.03999999910593033,0.03999999910593033,0.03999999910593033,0.03999999910593033,0.0,0.03999999910593033
2020-07-16,0.03999999910593033,0.03999999910593033,0.03999999910593033,0.03999999910593033,0.0,0.03999999910593033
2020-07-17,0.03999999910593033,0.03999999910593033,0.03999999910593033,0.03999999910593033,0.0,0.03999999910593033
2020-07-20,0.03999999910593033,0.03999999910593033,0.03999999910593033,0.03999999910593033,0.0,0.03999999910593033
2020-07-21,0.03999999910593033,0.03999999910593033,0.03999999910593033,0.03999999910593033,0.0,0.03999999910593033
2020-07-22,0.03999999910593033,0.03999999910593033,0.03999999910593033,0.03999999910593033,0.0,0.03999999910593033
2020-07-23,0.03999999910593033,0.03999999910593033,0.03999999910593033,0.03999999910593033,0.0,0.03999999910593033
2020-07-24,0.03999999910593033,0.03999999910593033,0.03999999910593033,0.03999999910593033,0.0,0.03999999910593033
2020-07-27,0.03999999910593033,0.03999999910593033,0.03999999910593033,0.03999999910593033,0.0,0.03999999910593033
2020-07-28,0.03999999910593033,0.03999999910593033,0.03999999910593033,0.03999999910593033,0.0,0.03999999910593033
2020-07-29,0.03999999910593033,0.03999999910593033,0.03999999910593033,0.03999999910593033,0.0,0.03999999910593033
2020-07-30,0.03999999910593033,0.03999999910593033,0.03999999910593033,0.03999999910593033,0.0,0.03999999910593033
2020-07-31,0.03999999910593033,0.03999999910593033,0.03999999910593033,0.03999999910593033,0.0,0.03999999910593033
2020-08-03,0.03999999910593033,0.03999999910593033,0.03999999910593033,0.03999999910593033,0.0,0.03999999910593033
2020-08-04,0.03999999910593033,0.03999999910593033,0.03999999910593033,0.03999999910593033,0.0,0.03999999910593033
2020-08-05,0.03999999910593033,0.03999999910593033,0.03999999910593033,0.03999999910593033,0.0,0.03999999910593033
2020-08-06,0.03999999910593033,0.03999999910593033,0.03999999910593033,0.03999999910593033,0.0,0.03999999910593033
2020-08-07,0.03999999910593033,0.03999999910593033,0.03999999910593033,0.03999999910593033,0.0,0.03999999910593033
2020-08-10,0.03999999910593033,0.03999999910593033,0.03999999910593033,0.03999999910593033,0.0,0.03999999910593033
2020-08-11,0.03999999910593033,0.03999999910593033,0.03999999910593033,0.03999999910593033,0.0,0.03999999910593033
2020-08-12,0.03999999910593033,0.03999999910593033,0.03999999910593033,0.03999999910593033,0.0,0.03999999910593033
2020-08-13,0.03999999910593033,0.03999999910593033,0.03999999910593033,0.03999999910593033,0.0,0.03999999910593033
2020-08-14,0.03999999910593033,0.03999999910593033,0.03999999910593033,0.03999999910593033,0.0,0.03999999910593033
2020-08-17,0.03999999910593033,0.03999999910593033,0.03999999910593033,0.03999999910593033,0.0,0.03999999910593033
2020-08-18,0.03999999910593033,0.03999999910593033,0.03999999910593033,0.03999999910593033,0.0,0.03999999910593033
2020-08-19,0.03999999910593033,0.03999999910593033,0.03999999910593033,0.03999999910593033,0.0,0.03999999910593033
2020-08-20,0.03999999910593033,0.03999999910593033,0.03999999910593033,0.03999999910593033,0.0,0.03999999910593033
2020-08-21,0.03999999910593033,0.03999999910593033,0.03999999910593033,0.03999999910593033,0.0,0.03999999910593033
2020-08-24,0.03999999910593033,0.03999999910593033,0.03999999910593033,0.03999999910593033,0.0,0.03999999910593033
2020-08-25,0.03999999910593033,0.03999999910593033,0.03999999910593033,0.03999999910593033,0.0,0.03999999910593033
2020-08-26,0.03999999910593033,0.03999999910593033,0.03999999910593033,0.03999999910593033,0.0,0.03999999910593033
2020-08-27,0.03999999910593033,0.03999999910593033,0.03999999910593033,0.03999999910593033,0.0,0.03999999910593033
2020-08-28,0.03999999910593033,0.03999999910593033,0.03999999910593033,0.03999999910593033,0.0,0.03999999910593033
2020-08-31,0.03999999910593033,0.03999999910593033,0.03999999910593033,0.03999999910593033,0.0,0.03999999910593033
2020-09-01,0.03999999910593033,0.03999999910593033,0.03999999910593033,0.03999999910593033,0.0,0.03999999910593033
2020-09-02,0.12999999523162842,0.12999999523162842,0.12999999523162842,0.12999999523162842,833.0,0.12999999523162842
2020-09-03,0.12999999523162842,0.12999999523162842,0.12999999523162842,0.12999999523162842,0.0,0.12999999523162842
2020-09-04,0.12999999523162842,0.12999999523162842,0.12999999523162842,0.12999999523162842,0.0,0.12999999523162842
2020-09-08,0.12999999523162842,0.12999999523162842,0.12999999523162842,0.12999999523162842,0.0,0.12999999523162842
2020-09-09,0.12999999523162842,0.12999999523162842,0.12999999523162842,0.12999999523162842,0.0,0.12999999523162842
2020-09-10,0.12999999523162842,0.12999999523162842,0.12999999523162842,0.12999999523162842,0.0,0.12999999523162842
2020-09-11,0.12999999523162842,0.12999999523162842,0.12999999523162842,0.12999999523162842,0.0,0.12999999523162842
2020-09-14,0.12999999523162842,0.12999999523162842,0.12999999523162842,0.12999999523162842,0.0,0.12999999523162842
2020-09-15,0.12999999523162842,0.12999999523162842,0.12999999523162842,0.12999999523162842,0.0,0.12999999523162842
2020-09-16,0.12999999523162842,0.12999999523162842,0.12999999523162842,0.12999999523162842,0.0,0.12999999523162842
2020-09-17,0.12999999523162842,0.12999999523162842,0.12999999523162842,0.12999999523162842,0.0,0.12999999523162842
2020-09-21,0.12999999523162842,0.12999999523162842,0.12999999523162842,0.12999999523162842,0.0,0.12999999523162842
2020-09-22,0.12999999523162842,0.12999999523162842,0.12999999523162842,0.12999999523162842,0.0,0.12999999523162842
2020-09-23,0.12999999523162842,0.12999999523162842,0.12999999523162842,0.12999999523162842,0.0,0.12999999523162842
2020-09-24,0.12999999523162842,0.12999999523162842,0.12999999523162842,0.12999999523162842,0.0,0.12999999523162842
2020-09-25,0.12999999523162842,0.12999999523162842,0.12999999523162842,0.12999999523162842,0.0,0.12999999523162842
2020-09-28,0.12999999523162842,0.12999999523162842,0.12999999523162842,0.12999999523162842,0.0,0.12999999523162842
2020-09-29,0.12999999523162842,0.12999999523162842,0.12999999523162842,0.12999999523162842,0.0,0.12999999523162842
2020-09-30,0.12999999523162842,0.12999999523162842,0.12999999523162842,0.12999999523162842,0.0,0.12999999523162842
2020-10-01,0.12999999523162842,0.12999999523162842,0.12999999523162842,0.12999999523162842,0.0,0.12999999523162842
2020-10-02,0.12999999523162842,0.12999999523162842,0.12999999523162842,0.12999999523162842,0.0,0.12999999523162842
2020-10-05,0.12999999523162842,0.12999999523162842,0.12999999523162842,0.12999999523162842,0.0,0.12999999523162842
2020-10-06,0.12999999523162842,0.12999999523162842,0.12999999523162842,0.12999999523162842,0.0,0.12999999523162842
2020-10-07,0.12999999523162842,0.12999999523162842,0.12999999523162842,0.12999999523162842,0.0,0.12999999523162842
2020-10-08,0.12999999523162842,0.12999999523162842,0.12999999523162842,0.12999999523162842,0.0,0.12999999523162842
2020-10-09,0.12999999523162842,0.12999999523162842,0.12999999523162842,0.12999999523162842,0.0,0.12999999523162842
2020-10-12,0.12999999523162842,0.12999999523162842,0.12999999523162842,0.12999999523162842,0.0,0.12999999523162842
2020-10-13,0.12999999523162842,0.12999999523162842,0.12999999523162842,0.12999999523162842,0.0,0.12999999523162842
2020-10-14,0.12999999523162842,0.12999999523162842,0.12999999523162842,0.12999999523162842,0.0,0.12999999523162842
2020-10-15,0.12999999523162842,0.12999999523162842,0.12999999523162842,0.12999999523162842,0.0,0.12999999523162842
2020-10-16,0.12999999523162842,0.12999999523162842,0.12999999523162842,0.12999999523162842,0.0,0.12999999523162842
2020-10-19,0.12999999523162842,0.12999999523162842,0.12999999523162842,0.12999999523162842,0.0,0.12999999523162842
2020-10-20,0.12999999523162842,0.12999999523162842,0.12999999523162842,0.12999999523162842,0.0,0.12999999523162842
2020-10-21,0.12999999523162842,0.12999999523162842,0.12999999523162842,0.12999999523162842,0.0,0.12999999523162842
2020-10-22,0.12999999523162842,0.12999999523162842,0.12999999523162842,0.12999999523162842,0.0,0.12999999523162842
2020-10-23,0.12999999523162842,0.12999999523162842,0.12999999523162842,0.12999999523162842,0.0,0.12999999523162842
2020-10-26,0.12999999523162842,0.12999999523162842,0.12999999523162842,0.12999999523162842,0.0,0.12999999523162842
2020-10-27,0.12999999523162842,0.12999999523162842,0.12999999523162842,0.12999999523162842,0.0,0.12999999523162842
2020-10-28,0.12999999523162842,0.12999999523162842,0.12999999523162842,0.12999999523162842,0.0,0.12999999523162842
2020-10-29,0.12999999523162842,0.12999999523162842,0.12999999523162842,0.12999999523162842,0.0,0.12999999523162842
2020-10-30,0.12999999523162842,0.12999999523162842,0.12999999523162842,0.12999999523162842,0.0,0.12999999523162842
2020-11-02,0.12999999523162842,0.12999999523162842,0.12999999523162842,0.12999999523162842,0.0,0.12999999523162842
2020-11-03,0.12999999523162842,0.12999999523162842,0.12999999523162842,0.12999999523162842,0.0,0.12999999523162842
2020-11-04,0.12999999523162842,0.12999999523162842,0.12999999523162842,0.12999999523162842,0.0,0.12999999523162842
2020-11-05,0.12999999523162842,0.12999999523162842,0.12999999523162842,0.12999999523162842,0.0,0.12999999523162842
2020-11-06,0.12999999523162842,0.12999999523162842,0.12999999523162842,0.12999999523162842,0.0,0.12999999523162842
2020-11-09,0.10999999940395355,0.10999999940395355,0.10999999940395355,0.10999999940395355,1666.0,0.10999999940395355
2020-11-10,0.10999999940395355,0.10999999940395355,0.10999999940395355,0.10999999940395355,0.0,0.10999999940395355
2020-11-11,0.10999999940395355,0.10999999940395355,0.10999999940395355,0.10999999940395355,0.0,0.10999999940395355
2020-11-12,0.10999999940395355,0.10999999940395355,0.10999999940395355,0.10999999940395355,0.0,0.10999999940395355
2020-11-13,0.10999999940395355,0.10999999940395355,0.10999999940395355,0.10999999940395355,0.0,0.10999999940395355
