Date,High,Low,Open,Close,Volume,Adj Close
2014-01-15,56.88479995727539,56.88479995727539,56.88479995727539,56.88479995727539,400.0,56.88479995727539
2014-01-16,56.88479995727539,56.88479995727539,56.88479995727539,56.88479995727539,0.0,56.88479995727539
2014-01-17,56.88479995727539,56.88479995727539,56.88479995727539,56.88479995727539,0.0,56.88479995727539
2014-01-21,56.88479995727539,56.88479995727539,56.88479995727539,56.88479995727539,0.0,56.88479995727539
2014-01-22,56.88479995727539,56.88479995727539,56.88479995727539,56.88479995727539,0.0,56.88479995727539
2014-01-23,56.88479995727539,56.88479995727539,56.88479995727539,56.88479995727539,0.0,56.88479995727539
2014-01-24,56.88479995727539,56.88479995727539,56.88479995727539,56.88479995727539,0.0,56.88479995727539
2014-01-27,56.88479995727539,56.88479995727539,56.88479995727539,56.88479995727539,0.0,56.88479995727539
2014-01-28,56.88479995727539,56.88479995727539,56.88479995727539,56.88479995727539,0.0,56.88479995727539
2014-01-29,56.88479995727539,56.88479995727539,56.88479995727539,56.88479995727539,0.0,56.88479995727539
2014-01-30,56.88479995727539,56.88479995727539,56.88479995727539,56.88479995727539,0.0,56.88479995727539
2014-01-31,56.88479995727539,56.88479995727539,56.88479995727539,56.88479995727539,0.0,56.88479995727539
2014-02-03,56.88479995727539,56.88479995727539,56.88479995727539,56.88479995727539,0.0,56.88479995727539
2014-02-04,56.88479995727539,56.88479995727539,56.88479995727539,56.88479995727539,0.0,56.88479995727539
2014-02-05,56.88479995727539,56.88479995727539,56.88479995727539,56.88479995727539,0.0,56.88479995727539
2014-02-06,56.88479995727539,56.88479995727539,56.88479995727539,56.88479995727539,0.0,56.88479995727539
2014-02-07,56.88479995727539,56.88479995727539,56.88479995727539,56.88479995727539,0.0,56.88479995727539
2014-02-10,56.88479995727539,56.88479995727539,56.88479995727539,56.88479995727539,0.0,56.88479995727539
2014-02-11,56.88479995727539,56.88479995727539,56.88479995727539,56.88479995727539,0.0,56.88479995727539
2014-02-12,56.88479995727539,56.88479995727539,56.88479995727539,56.88479995727539,0.0,56.88479995727539
2014-02-13,56.88479995727539,56.88479995727539,56.88479995727539,56.88479995727539,0.0,56.88479995727539
2014-02-14,56.88479995727539,56.88479995727539,56.88479995727539,56.88479995727539,0.0,56.88479995727539
2014-02-18,56.88479995727539,56.88479995727539,56.88479995727539,56.88479995727539,0.0,56.88479995727539
2014-02-19,56.88479995727539,56.88479995727539,56.88479995727539,56.88479995727539,0.0,56.88479995727539
2014-02-20,56.88479995727539,56.88479995727539,56.88479995727539,56.88479995727539,0.0,56.88479995727539
2014-02-21,56.88479995727539,56.88479995727539,56.88479995727539,56.88479995727539,0.0,56.88479995727539
2014-02-24,56.88479995727539,56.88479995727539,56.88479995727539,56.88479995727539,0.0,56.88479995727539
2014-02-25,56.88479995727539,56.88479995727539,56.88479995727539,56.88479995727539,0.0,56.88479995727539
2014-02-26,56.88479995727539,56.88479995727539,56.88479995727539,56.88479995727539,0.0,56.88479995727539
2014-02-27,56.88479995727539,56.88479995727539,56.88479995727539,56.88479995727539,0.0,56.88479995727539
2014-02-28,56.88479995727539,56.88479995727539,56.88479995727539,56.88479995727539,0.0,56.88479995727539
2014-03-03,56.88479995727539,56.88479995727539,56.88479995727539,56.88479995727539,0.0,56.88479995727539
2014-03-04,56.88479995727539,56.88479995727539,56.88479995727539,56.88479995727539,0.0,56.88479995727539
2014-03-05,56.88479995727539,56.88479995727539,56.88479995727539,56.88479995727539,0.0,56.88479995727539
2014-03-06,56.88479995727539,56.88479995727539,56.88479995727539,56.88479995727539,0.0,56.88479995727539
2014-03-07,56.88479995727539,56.88479995727539,56.88479995727539,56.88479995727539,0.0,56.88479995727539
2014-03-10,56.88479995727539,56.88479995727539,56.88479995727539,56.88479995727539,0.0,56.88479995727539
2014-03-11,56.88479995727539,56.88479995727539,56.88479995727539,56.88479995727539,0.0,56.88479995727539
2014-03-12,56.88479995727539,56.88479995727539,56.88479995727539,56.88479995727539,0.0,56.88479995727539
2014-03-13,56.88479995727539,56.88479995727539,56.88479995727539,56.88479995727539,0.0,56.88479995727539
2014-03-14,56.88479995727539,56.88479995727539,56.88479995727539,56.88479995727539,0.0,56.88479995727539
2014-03-17,56.88479995727539,56.88479995727539,56.88479995727539,56.88479995727539,0.0,56.88479995727539
2014-03-18,56.88479995727539,56.88479995727539,56.88479995727539,56.88479995727539,0.0,56.88479995727539
2014-03-19,56.88479995727539,56.88479995727539,56.88479995727539,56.88479995727539,0.0,56.88479995727539
2014-03-20,56.88479995727539,56.88479995727539,56.88479995727539,56.88479995727539,0.0,56.88479995727539
2014-03-21,56.88479995727539,56.88479995727539,56.88479995727539,56.88479995727539,0.0,56.88479995727539
2014-03-24,56.88479995727539,56.88479995727539,56.88479995727539,56.88479995727539,0.0,56.88479995727539
2014-03-25,56.88479995727539,56.88479995727539,56.88479995727539,56.88479995727539,0.0,56.88479995727539
2014-03-26,56.88479995727539,56.88479995727539,56.88479995727539,56.88479995727539,0.0,56.88479995727539
2014-03-27,56.88479995727539,56.88479995727539,56.88479995727539,56.88479995727539,0.0,56.88479995727539
2014-03-28,56.88479995727539,56.88479995727539,56.88479995727539,56.88479995727539,0.0,56.88479995727539
2014-03-31,56.88479995727539,56.88479995727539,56.88479995727539,56.88479995727539,0.0,56.88479995727539
2014-04-01,56.88479995727539,56.88479995727539,56.88479995727539,56.88479995727539,0.0,56.88479995727539
2014-04-02,56.88479995727539,56.88479995727539,56.88479995727539,56.88479995727539,0.0,56.88479995727539
2014-04-03,54.32939910888672,54.32939910888672,54.32939910888672,54.32939910888672,400.0,54.32939910888672
2014-04-04,54.32939910888672,54.32939910888672,54.32939910888672,54.32939910888672,0.0,54.32939910888672
2014-04-07,54.32939910888672,54.32939910888672,54.32939910888672,54.32939910888672,0.0,54.32939910888672
2014-04-08,54.32939910888672,54.32939910888672,54.32939910888672,54.32939910888672,0.0,54.32939910888672
2014-04-09,54.32939910888672,54.32939910888672,54.32939910888672,54.32939910888672,0.0,54.32939910888672
2014-04-10,54.32939910888672,54.32939910888672,54.32939910888672,54.32939910888672,0.0,54.32939910888672
2014-04-11,54.32939910888672,54.32939910888672,54.32939910888672,54.32939910888672,0.0,54.32939910888672
2014-04-14,54.32939910888672,54.32939910888672,54.32939910888672,54.32939910888672,0.0,54.32939910888672
2014-04-15,54.32939910888672,54.32939910888672,54.32939910888672,54.32939910888672,0.0,54.32939910888672
2014-04-16,54.32939910888672,54.32939910888672,54.32939910888672,54.32939910888672,0.0,54.32939910888672
2014-04-17,54.32939910888672,54.32939910888672,54.32939910888672,54.32939910888672,0.0,54.32939910888672
2014-04-21,54.32939910888672,54.32939910888672,54.32939910888672,54.32939910888672,0.0,54.32939910888672
2014-04-22,54.32939910888672,54.32939910888672,54.32939910888672,54.32939910888672,0.0,54.32939910888672
2014-04-23,54.32939910888672,54.32939910888672,54.32939910888672,54.32939910888672,0.0,54.32939910888672
2014-04-24,54.32939910888672,54.32939910888672,54.32939910888672,54.32939910888672,0.0,54.32939910888672
2014-04-25,54.32939910888672,54.32939910888672,54.32939910888672,54.32939910888672,0.0,54.32939910888672
2014-04-28,54.32939910888672,54.32939910888672,54.32939910888672,54.32939910888672,0.0,54.32939910888672
2014-04-29,54.32939910888672,54.32939910888672,54.32939910888672,54.32939910888672,0.0,54.32939910888672
2014-04-30,54.32939910888672,54.32939910888672,54.32939910888672,54.32939910888672,0.0,54.32939910888672
2014-05-01,54.32939910888672,54.32939910888672,54.32939910888672,54.32939910888672,0.0,54.32939910888672
2014-05-02,54.32939910888672,54.32939910888672,54.32939910888672,54.32939910888672,0.0,54.32939910888672
2014-05-05,54.32939910888672,54.32939910888672,54.32939910888672,54.32939910888672,0.0,54.32939910888672
2014-05-06,54.32939910888672,54.32939910888672,54.32939910888672,54.32939910888672,0.0,54.32939910888672
2014-05-07,54.32939910888672,54.32939910888672,54.32939910888672,54.32939910888672,0.0,54.32939910888672
2014-05-08,54.32939910888672,54.32939910888672,54.32939910888672,54.32939910888672,0.0,54.32939910888672
2014-05-09,54.32939910888672,54.32939910888672,54.32939910888672,54.32939910888672,0.0,54.32939910888672
2014-05-12,54.32939910888672,54.32939910888672,54.32939910888672,54.32939910888672,0.0,54.32939910888672
2014-05-13,54.32939910888672,54.32939910888672,54.32939910888672,54.32939910888672,0.0,54.32939910888672
2014-05-14,54.32939910888672,54.32939910888672,54.32939910888672,54.32939910888672,0.0,54.32939910888672
2014-05-15,54.32939910888672,54.32939910888672,54.32939910888672,54.32939910888672,0.0,54.32939910888672
2014-05-16,54.32939910888672,54.32939910888672,54.32939910888672,54.32939910888672,0.0,54.32939910888672
2014-05-19,54.32939910888672,54.32939910888672,54.32939910888672,54.32939910888672,0.0,54.32939910888672
2014-05-20,54.32939910888672,54.32939910888672,54.32939910888672,54.32939910888672,0.0,54.32939910888672
2014-05-21,54.32939910888672,54.32939910888672,54.32939910888672,54.32939910888672,0.0,54.32939910888672
2014-05-22,54.32939910888672,54.32939910888672,54.32939910888672,54.32939910888672,0.0,54.32939910888672
2014-05-23,54.32939910888672,54.32939910888672,54.32939910888672,54.32939910888672,0.0,54.32939910888672
2014-05-27,54.32939910888672,54.32939910888672,54.32939910888672,54.32939910888672,0.0,54.32939910888672
2014-05-28,54.32939910888672,54.32939910888672,54.32939910888672,54.32939910888672,0.0,54.32939910888672
2014-05-29,54.32939910888672,54.32939910888672,54.32939910888672,54.32939910888672,0.0,54.32939910888672
2014-05-30,54.32939910888672,54.32939910888672,54.32939910888672,54.32939910888672,0.0,54.32939910888672
2014-06-02,54.32939910888672,54.32939910888672,54.32939910888672,54.32939910888672,0.0,54.32939910888672
2014-06-03,54.32939910888672,54.32939910888672,54.32939910888672,54.32939910888672,0.0,54.32939910888672
2014-06-04,54.32939910888672,54.32939910888672,54.32939910888672,54.32939910888672,0.0,54.32939910888672
2014-06-05,54.32939910888672,54.32939910888672,54.32939910888672,54.32939910888672,0.0,54.32939910888672
2014-06-06,54.32939910888672,54.32939910888672,54.32939910888672,54.32939910888672,0.0,54.32939910888672
2014-06-09,54.32939910888672,54.32939910888672,54.32939910888672,54.32939910888672,0.0,54.32939910888672
2014-06-10,54.32939910888672,54.32939910888672,54.32939910888672,54.32939910888672,0.0,54.32939910888672
2014-06-11,54.32939910888672,54.32939910888672,54.32939910888672,54.32939910888672,0.0,54.32939910888672
2014-06-12,54.32939910888672,54.32939910888672,54.32939910888672,54.32939910888672,0.0,54.32939910888672
2014-06-13,54.32939910888672,54.32939910888672,54.32939910888672,54.32939910888672,0.0,54.32939910888672
2014-06-16,54.32939910888672,54.32939910888672,54.32939910888672,54.32939910888672,0.0,54.32939910888672
2014-06-17,54.32939910888672,54.32939910888672,54.32939910888672,54.32939910888672,0.0,54.32939910888672
2014-06-18,54.32939910888672,54.32939910888672,54.32939910888672,54.32939910888672,0.0,54.32939910888672
2014-06-19,54.32939910888672,54.32939910888672,54.32939910888672,54.32939910888672,0.0,54.32939910888672
2014-06-20,54.32939910888672,54.32939910888672,54.32939910888672,54.32939910888672,0.0,54.32939910888672
2014-06-23,54.32939910888672,54.32939910888672,54.32939910888672,54.32939910888672,0.0,54.32939910888672
2014-06-24,54.32939910888672,54.32939910888672,54.32939910888672,54.32939910888672,0.0,54.32939910888672
2014-06-25,54.32939910888672,54.32939910888672,54.32939910888672,54.32939910888672,0.0,54.32939910888672
2014-06-26,54.32939910888672,54.32939910888672,54.32939910888672,54.32939910888672,0.0,54.32939910888672
2014-06-27,54.32939910888672,54.32939910888672,54.32939910888672,54.32939910888672,0.0,54.32939910888672
2014-06-30,54.32939910888672,54.32939910888672,54.32939910888672,54.32939910888672,0.0,54.32939910888672
2014-07-01,57.79999923706055,57.582698822021484,57.582698822021484,57.79999923706055,1000.0,57.79999923706055
2014-07-02,57.805999755859375,57.805999755859375,57.805999755859375,57.805999755859375,500.0,57.805999755859375
2014-07-03,56.9744987487793,56.9744987487793,56.9744987487793,56.9744987487793,900.0,56.9744987487793
2014-07-07,56.34429931640625,56.34429931640625,56.34429931640625,56.34429931640625,1000.0,56.34429931640625
2014-07-08,56.34429931640625,56.34429931640625,56.34429931640625,56.34429931640625,0.0,56.34429931640625
2014-07-09,56.34429931640625,56.34429931640625,56.34429931640625,56.34429931640625,0.0,56.34429931640625
2014-07-10,56.34429931640625,56.34429931640625,56.34429931640625,56.34429931640625,0.0,56.34429931640625
2014-07-11,54.247798919677734,53.8218994140625,54.247798919677734,53.8218994140625,1250.0,53.8218994140625
2014-07-14,54.0,54.0,54.0,54.0,5304.0,54.0
2014-07-15,54.0,54.0,54.0,54.0,0.0,54.0
2014-07-16,54.0,54.0,54.0,54.0,0.0,54.0
2014-07-17,54.0,54.0,54.0,54.0,0.0,54.0
2014-07-18,54.0,54.0,54.0,54.0,0.0,54.0
2014-07-21,53.43000030517578,53.43000030517578,53.43000030517578,53.43000030517578,370.0,53.43000030517578
2014-07-22,53.84130096435547,53.84130096435547,53.84130096435547,53.84130096435547,500.0,53.84130096435547
2014-07-23,53.84130096435547,53.84130096435547,53.84130096435547,53.84130096435547,0.0,53.84130096435547
2014-07-24,53.84130096435547,53.84130096435547,53.84130096435547,53.84130096435547,0.0,53.84130096435547
2014-07-25,53.84130096435547,53.84130096435547,53.84130096435547,53.84130096435547,0.0,53.84130096435547
2014-07-28,53.84130096435547,53.84130096435547,53.84130096435547,53.84130096435547,0.0,53.84130096435547
2014-07-29,53.84130096435547,53.84130096435547,53.84130096435547,53.84130096435547,0.0,53.84130096435547
2014-07-30,53.84130096435547,53.84130096435547,53.84130096435547,53.84130096435547,0.0,53.84130096435547
2014-07-31,53.84130096435547,53.84130096435547,53.84130096435547,53.84130096435547,0.0,53.84130096435547
2014-08-01,53.84130096435547,53.84130096435547,53.84130096435547,53.84130096435547,0.0,53.84130096435547
2014-08-04,53.84130096435547,53.84130096435547,53.84130096435547,53.84130096435547,0.0,53.84130096435547
2014-08-05,53.84130096435547,53.84130096435547,53.84130096435547,53.84130096435547,0.0,53.84130096435547
2014-08-06,53.84130096435547,53.84130096435547,53.84130096435547,53.84130096435547,0.0,53.84130096435547
2014-08-07,53.84130096435547,53.84130096435547,53.84130096435547,53.84130096435547,0.0,53.84130096435547
2014-08-08,53.84130096435547,53.84130096435547,53.84130096435547,53.84130096435547,0.0,53.84130096435547
2014-08-11,52.104400634765625,51.2489013671875,51.2489013671875,52.104400634765625,1000.0,52.104400634765625
2014-08-12,52.104400634765625,52.104400634765625,52.104400634765625,52.104400634765625,0.0,52.104400634765625
2014-08-13,52.104400634765625,52.104400634765625,52.104400634765625,52.104400634765625,0.0,52.104400634765625
2014-08-14,52.104400634765625,52.104400634765625,52.104400634765625,52.104400634765625,0.0,52.104400634765625
2014-08-15,52.104400634765625,52.104400634765625,52.104400634765625,52.104400634765625,0.0,52.104400634765625
2014-08-18,52.104400634765625,52.104400634765625,52.104400634765625,52.104400634765625,0.0,52.104400634765625
2014-08-19,52.104400634765625,52.104400634765625,52.104400634765625,52.104400634765625,0.0,52.104400634765625
2014-08-20,52.104400634765625,52.104400634765625,52.104400634765625,52.104400634765625,0.0,52.104400634765625
2014-08-21,52.04840087890625,52.04840087890625,52.04840087890625,52.04840087890625,200.0,52.04840087890625
2014-08-22,52.04840087890625,52.04840087890625,52.04840087890625,52.04840087890625,0.0,52.04840087890625
2014-08-25,52.04840087890625,52.04840087890625,52.04840087890625,52.04840087890625,0.0,52.04840087890625
2014-08-26,52.04840087890625,52.04840087890625,52.04840087890625,52.04840087890625,0.0,52.04840087890625
2014-08-27,52.04840087890625,52.04840087890625,52.04840087890625,52.04840087890625,0.0,52.04840087890625
2014-08-28,52.04840087890625,52.04840087890625,52.04840087890625,52.04840087890625,0.0,52.04840087890625
2014-08-29,52.04840087890625,52.04840087890625,52.04840087890625,52.04840087890625,0.0,52.04840087890625
2014-09-02,52.04840087890625,52.04840087890625,52.04840087890625,52.04840087890625,0.0,52.04840087890625
2014-09-03,52.04840087890625,52.04840087890625,52.04840087890625,52.04840087890625,0.0,52.04840087890625
2014-09-04,52.04840087890625,52.04840087890625,52.04840087890625,52.04840087890625,0.0,52.04840087890625
2014-09-05,52.04840087890625,52.04840087890625,52.04840087890625,52.04840087890625,0.0,52.04840087890625
2014-09-08,52.04840087890625,52.04840087890625,52.04840087890625,52.04840087890625,0.0,52.04840087890625
2014-09-09,52.04840087890625,52.04840087890625,52.04840087890625,52.04840087890625,0.0,52.04840087890625
2014-09-10,52.04840087890625,52.04840087890625,52.04840087890625,52.04840087890625,0.0,52.04840087890625
2014-09-11,52.04840087890625,52.04840087890625,52.04840087890625,52.04840087890625,0.0,52.04840087890625
2014-09-12,51.72999954223633,51.72999954223633,51.72999954223633,51.72999954223633,100.0,51.72999954223633
2014-09-15,51.72999954223633,51.72999954223633,51.72999954223633,51.72999954223633,0.0,51.72999954223633
2014-09-16,51.72999954223633,51.72999954223633,51.72999954223633,51.72999954223633,0.0,51.72999954223633
2014-09-17,51.72999954223633,51.72999954223633,51.72999954223633,51.72999954223633,0.0,51.72999954223633
2014-09-18,51.72999954223633,51.72999954223633,51.72999954223633,51.72999954223633,0.0,51.72999954223633
2014-09-19,51.72999954223633,51.72999954223633,51.72999954223633,51.72999954223633,0.0,51.72999954223633
2014-09-22,51.72999954223633,51.72999954223633,51.72999954223633,51.72999954223633,0.0,51.72999954223633
2014-09-23,51.72999954223633,51.72999954223633,51.72999954223633,51.72999954223633,0.0,51.72999954223633
2014-09-24,51.72999954223633,51.72999954223633,51.72999954223633,51.72999954223633,0.0,51.72999954223633
2014-09-25,51.72999954223633,51.72999954223633,51.72999954223633,51.72999954223633,0.0,51.72999954223633
2014-09-26,51.72999954223633,51.72999954223633,51.72999954223633,51.72999954223633,0.0,51.72999954223633
2014-09-29,51.72999954223633,51.72999954223633,51.72999954223633,51.72999954223633,0.0,51.72999954223633
2014-09-30,51.72999954223633,51.72999954223633,51.72999954223633,51.72999954223633,0.0,51.72999954223633
2014-10-01,51.72999954223633,51.72999954223633,51.72999954223633,51.72999954223633,0.0,51.72999954223633
2014-10-02,51.72999954223633,51.72999954223633,51.72999954223633,51.72999954223633,0.0,51.72999954223633
2014-10-03,51.72999954223633,51.72999954223633,51.72999954223633,51.72999954223633,0.0,51.72999954223633
2014-10-06,51.72999954223633,51.72999954223633,51.72999954223633,51.72999954223633,0.0,51.72999954223633
2014-10-07,51.72999954223633,51.72999954223633,51.72999954223633,51.72999954223633,0.0,51.72999954223633
2014-10-08,51.72999954223633,51.72999954223633,51.72999954223633,51.72999954223633,0.0,51.72999954223633
2014-10-09,51.72999954223633,51.72999954223633,51.72999954223633,51.72999954223633,0.0,51.72999954223633
2014-10-10,51.72999954223633,51.72999954223633,51.72999954223633,51.72999954223633,0.0,51.72999954223633
2014-10-13,51.72999954223633,51.72999954223633,51.72999954223633,51.72999954223633,0.0,51.72999954223633
2014-10-14,51.72999954223633,51.72999954223633,51.72999954223633,51.72999954223633,0.0,51.72999954223633
2014-10-15,51.72999954223633,51.72999954223633,51.72999954223633,51.72999954223633,0.0,51.72999954223633
2014-10-16,51.72999954223633,51.72999954223633,51.72999954223633,51.72999954223633,0.0,51.72999954223633
2014-10-17,51.72999954223633,51.72999954223633,51.72999954223633,51.72999954223633,0.0,51.72999954223633
2014-10-20,43.22999954223633,43.22999954223633,43.22999954223633,43.22999954223633,100.0,43.22999954223633
2014-10-21,43.22999954223633,43.22999954223633,43.22999954223633,43.22999954223633,0.0,43.22999954223633
2014-10-22,43.22999954223633,43.22999954223633,43.22999954223633,43.22999954223633,0.0,43.22999954223633
2014-10-23,43.22999954223633,43.22999954223633,43.22999954223633,43.22999954223633,0.0,43.22999954223633
2014-10-24,43.22999954223633,43.22999954223633,43.22999954223633,43.22999954223633,0.0,43.22999954223633
2014-10-27,43.22999954223633,43.22999954223633,43.22999954223633,43.22999954223633,0.0,43.22999954223633
2014-10-28,43.22999954223633,43.22999954223633,43.22999954223633,43.22999954223633,0.0,43.22999954223633
2014-10-29,43.22999954223633,43.22999954223633,43.22999954223633,43.22999954223633,0.0,43.22999954223633
2014-10-30,42.07120132446289,42.07120132446289,42.07120132446289,42.07120132446289,300.0,42.07120132446289
2014-10-31,42.07120132446289,42.07120132446289,42.07120132446289,42.07120132446289,0.0,42.07120132446289
2014-11-03,42.07120132446289,42.07120132446289,42.07120132446289,42.07120132446289,0.0,42.07120132446289
2014-11-04,42.84000015258789,42.84000015258789,42.84000015258789,42.84000015258789,100.0,42.84000015258789
2014-11-05,42.84000015258789,42.84000015258789,42.84000015258789,42.84000015258789,0.0,42.84000015258789
2014-11-06,43.45989990234375,43.45989990234375,43.45989990234375,43.45989990234375,100.0,43.45989990234375
2014-11-07,43.45989990234375,43.45989990234375,43.45989990234375,43.45989990234375,0.0,43.45989990234375
2014-11-10,43.45989990234375,43.45989990234375,43.45989990234375,43.45989990234375,0.0,43.45989990234375
2014-11-11,43.45989990234375,43.45989990234375,43.45989990234375,43.45989990234375,0.0,43.45989990234375
2014-11-12,43.45989990234375,43.45989990234375,43.45989990234375,43.45989990234375,0.0,43.45989990234375
2014-11-13,43.45989990234375,43.45989990234375,43.45989990234375,43.45989990234375,0.0,43.45989990234375
2014-11-14,43.45989990234375,43.45989990234375,43.45989990234375,43.45989990234375,0.0,43.45989990234375
2014-11-17,43.45989990234375,43.45989990234375,43.45989990234375,43.45989990234375,0.0,43.45989990234375
2014-11-18,43.45989990234375,43.45989990234375,43.45989990234375,43.45989990234375,0.0,43.45989990234375
2014-11-19,43.45989990234375,43.45989990234375,43.45989990234375,43.45989990234375,0.0,43.45989990234375
2014-11-20,43.45989990234375,43.45989990234375,43.45989990234375,43.45989990234375,0.0,43.45989990234375
2014-11-21,43.45989990234375,43.45989990234375,43.45989990234375,43.45989990234375,0.0,43.45989990234375
2014-11-24,41.737998962402344,41.66999816894531,41.737998962402344,41.66999816894531,200.0,41.66999816894531
2014-11-25,41.66999816894531,41.66999816894531,41.66999816894531,41.66999816894531,0.0,41.66999816894531
2014-11-26,41.66999816894531,41.66999816894531,41.66999816894531,41.66999816894531,0.0,41.66999816894531
2014-11-28,41.66999816894531,41.66999816894531,41.66999816894531,41.66999816894531,0.0,41.66999816894531
2014-12-01,41.66999816894531,41.66999816894531,41.66999816894531,41.66999816894531,0.0,41.66999816894531
2014-12-02,41.66999816894531,41.66999816894531,41.66999816894531,41.66999816894531,0.0,41.66999816894531
2014-12-03,41.86989974975586,41.86989974975586,41.86989974975586,41.86989974975586,115.0,41.86989974975586
2014-12-04,41.86989974975586,41.86989974975586,41.86989974975586,41.86989974975586,0.0,41.86989974975586
2014-12-05,41.86989974975586,41.86989974975586,41.86989974975586,41.86989974975586,0.0,41.86989974975586
2014-12-08,41.86989974975586,41.86989974975586,41.86989974975586,41.86989974975586,0.0,41.86989974975586
2014-12-09,41.86989974975586,41.86989974975586,41.86989974975586,41.86989974975586,0.0,41.86989974975586
2014-12-10,41.86989974975586,41.86989974975586,41.86989974975586,41.86989974975586,0.0,41.86989974975586
2014-12-11,41.86989974975586,41.86989974975586,41.86989974975586,41.86989974975586,0.0,41.86989974975586
2014-12-12,41.86989974975586,41.86989974975586,41.86989974975586,41.86989974975586,0.0,41.86989974975586
2014-12-15,40.5,40.5,40.5,40.5,100.0,40.5
2014-12-16,37.29999923706055,37.29999923706055,37.29999923706055,37.29999923706055,200.0,37.29999923706055
2014-12-17,37.25,37.25,37.25,37.25,2000.0,37.25
2014-12-18,38.61000061035156,38.40999984741211,38.439998626708984,38.40999984741211,5500.0,38.40999984741211
2014-12-19,38.40999984741211,38.40999984741211,38.40999984741211,38.40999984741211,0.0,38.40999984741211
2014-12-22,38.40999984741211,38.40999984741211,38.40999984741211,38.40999984741211,0.0,38.40999984741211
2014-12-23,40.529998779296875,40.38999938964844,40.529998779296875,40.38999938964844,2000.0,40.38999938964844
2014-12-24,40.38999938964844,40.38999938964844,40.38999938964844,40.38999938964844,0.0,40.38999938964844
2014-12-26,40.38999938964844,40.38999938964844,40.38999938964844,40.38999938964844,0.0,40.38999938964844
2014-12-29,40.38999938964844,40.38999938964844,40.38999938964844,40.38999938964844,0.0,40.38999938964844
2014-12-30,40.38999938964844,40.38999938964844,40.38999938964844,40.38999938964844,0.0,40.38999938964844
2014-12-31,40.349998474121094,40.349998474121094,40.349998474121094,40.349998474121094,800.0,40.349998474121094
2015-01-02,40.349998474121094,40.349998474121094,40.349998474121094,40.349998474121094,0.0,40.349998474121094
2015-01-05,40.349998474121094,40.349998474121094,40.349998474121094,40.349998474121094,0.0,40.349998474121094
2015-01-06,40.349998474121094,40.349998474121094,40.349998474121094,40.349998474121094,0.0,40.349998474121094
2015-01-07,40.349998474121094,40.349998474121094,40.349998474121094,40.349998474121094,0.0,40.349998474121094
2015-01-08,46.04999923706055,46.04999923706055,46.04999923706055,46.04999923706055,200.0,46.04999923706055
2015-01-09,46.09370040893555,46.09370040893555,46.09370040893555,46.09370040893555,380.0,46.09370040893555
2015-01-12,47.125,47.125,47.125,47.125,100.0,47.125
2015-01-13,47.125,47.125,47.125,47.125,0.0,47.125
2015-01-14,47.125,47.125,47.125,47.125,0.0,47.125
2015-01-15,47.125,47.125,47.125,47.125,0.0,47.125
2015-01-16,47.125,47.125,47.125,47.125,0.0,47.125
2015-01-20,47.125,47.125,47.125,47.125,0.0,47.125
2015-01-21,47.125,47.125,47.125,47.125,0.0,47.125
2015-01-22,47.125,47.125,47.125,47.125,0.0,47.125
2015-01-23,47.125,47.125,47.125,47.125,0.0,47.125
2015-01-26,47.125,47.125,47.125,47.125,0.0,47.125
2015-01-27,47.125,47.125,47.125,47.125,0.0,47.125
2015-01-28,47.125,47.125,47.125,47.125,0.0,47.125
2015-01-29,47.125,47.125,47.125,47.125,0.0,47.125
2015-01-30,49.40999984741211,49.40999984741211,49.40999984741211,49.40999984741211,1000.0,49.40999984741211
2015-02-02,49.40999984741211,49.40999984741211,49.40999984741211,49.40999984741211,0.0,49.40999984741211
2015-02-03,49.40999984741211,49.40999984741211,49.40999984741211,49.40999984741211,0.0,49.40999984741211
2015-02-04,49.40999984741211,49.40999984741211,49.40999984741211,49.40999984741211,0.0,49.40999984741211
2015-02-05,47.95000076293945,47.33000183105469,47.95000076293945,47.33000183105469,600.0,47.33000183105469
2015-02-06,47.33000183105469,47.33000183105469,47.33000183105469,47.33000183105469,0.0,47.33000183105469
2015-02-09,48.61000061035156,47.75,48.61000061035156,47.75,700.0,47.75
2015-02-10,47.75,47.75,47.75,47.75,0.0,47.75
2015-02-11,47.75,47.75,47.75,47.75,0.0,47.75
2015-02-12,47.75,47.75,47.75,47.75,0.0,47.75
2015-02-13,47.75,47.75,47.75,47.75,0.0,47.75
2015-02-17,47.75,47.75,47.75,47.75,0.0,47.75
2015-02-18,47.75,47.75,47.75,47.75,0.0,47.75
2015-02-19,50.040000915527344,50.040000915527344,50.040000915527344,50.040000915527344,200.0,50.040000915527344
2015-02-20,50.040000915527344,50.040000915527344,50.040000915527344,50.040000915527344,0.0,50.040000915527344
2015-02-23,52.06999969482422,50.63999938964844,50.63999938964844,52.06999969482422,442.0,52.06999969482422
2015-02-24,52.06999969482422,52.06999969482422,52.06999969482422,52.06999969482422,0.0,52.06999969482422
2015-02-25,52.06999969482422,52.06999969482422,52.06999969482422,52.06999969482422,0.0,52.06999969482422
2015-02-26,52.06999969482422,52.06999969482422,52.06999969482422,52.06999969482422,0.0,52.06999969482422
2015-02-27,52.06999969482422,52.06999969482422,52.06999969482422,52.06999969482422,0.0,52.06999969482422
2015-03-02,52.06999969482422,52.06999969482422,52.06999969482422,52.06999969482422,0.0,52.06999969482422
2015-03-03,52.06999969482422,52.06999969482422,52.06999969482422,52.06999969482422,0.0,52.06999969482422
2015-03-04,52.06999969482422,52.06999969482422,52.06999969482422,52.06999969482422,0.0,52.06999969482422
2015-03-05,52.06999969482422,52.06999969482422,52.06999969482422,52.06999969482422,0.0,52.06999969482422
2015-03-06,52.06999969482422,52.06999969482422,52.06999969482422,52.06999969482422,0.0,52.06999969482422
2015-03-09,52.06999969482422,52.06999969482422,52.06999969482422,52.06999969482422,0.0,52.06999969482422
2015-03-10,52.06999969482422,52.06999969482422,52.06999969482422,52.06999969482422,0.0,52.06999969482422
2015-03-11,52.06999969482422,52.06999969482422,52.06999969482422,52.06999969482422,0.0,52.06999969482422
2015-03-12,52.06999969482422,52.06999969482422,52.06999969482422,52.06999969482422,0.0,52.06999969482422
2015-03-13,48.099998474121094,48.099998474121094,48.099998474121094,48.099998474121094,100.0,48.099998474121094
2015-03-16,46.81999969482422,46.81999969482422,46.81999969482422,46.81999969482422,200.0,46.81999969482422
2015-03-17,46.81999969482422,46.81999969482422,46.81999969482422,46.81999969482422,0.0,46.81999969482422
2015-03-18,44.68000030517578,44.66999816894531,44.68000030517578,44.66999816894531,267.0,44.66999816894531
2015-03-19,44.66999816894531,44.66999816894531,44.66999816894531,44.66999816894531,0.0,44.66999816894531
2015-03-20,48.11000061035156,48.11000061035156,48.11000061035156,48.11000061035156,200.0,48.11000061035156
2015-03-23,48.880001068115234,48.52000045776367,48.880001068115234,48.619998931884766,1617.0,48.619998931884766
2015-03-24,48.619998931884766,48.619998931884766,48.619998931884766,48.619998931884766,0.0,48.619998931884766
2015-03-25,48.619998931884766,48.619998931884766,48.619998931884766,48.619998931884766,0.0,48.619998931884766
2015-03-26,49.70000076293945,49.63999938964844,49.63999938964844,49.70000076293945,200.0,49.70000076293945
2015-03-27,48.91999816894531,48.869998931884766,48.869998931884766,48.91999816894531,355.0,48.91999816894531
2015-03-30,48.91999816894531,48.91999816894531,48.91999816894531,48.91999816894531,0.0,48.91999816894531
2015-03-31,47.33000183105469,47.0099983215332,47.33000183105469,47.0099983215332,1029.0,47.0099983215332
2015-04-01,47.0099983215332,47.0099983215332,47.0099983215332,47.0099983215332,0.0,47.0099983215332
2015-04-02,48.4900016784668,47.91999816894531,47.91999816894531,48.4900016784668,1730.0,48.4900016784668
2015-04-06,48.4900016784668,48.4900016784668,48.4900016784668,48.4900016784668,0.0,48.4900016784668
2015-04-07,54.849998474121094,49.310001373291016,49.310001373291016,54.29999923706055,2792.0,54.29999923706055
2015-04-08,56.4900016784668,56.20000076293945,56.20000076293945,56.4900016784668,750.0,56.4900016784668
2015-04-09,55.79999923706055,55.720001220703125,55.779998779296875,55.79999923706055,1081.0,55.79999923706055
2015-04-10,57.709999084472656,57.650001525878906,57.650001525878906,57.66999816894531,1300.0,57.66999816894531
2015-04-13,59.11000061035156,59.11000061035156,59.11000061035156,59.11000061035156,560.0,59.11000061035156
2015-04-14,59.11000061035156,59.11000061035156,59.11000061035156,59.11000061035156,0.0,59.11000061035156
2015-04-15,56.880001068115234,56.880001068115234,56.880001068115234,56.880001068115234,100.0,56.880001068115234
2015-04-16,56.880001068115234,56.880001068115234,56.880001068115234,56.880001068115234,0.0,56.880001068115234
2015-04-17,56.880001068115234,56.880001068115234,56.880001068115234,56.880001068115234,0.0,56.880001068115234
2015-04-20,56.880001068115234,56.880001068115234,56.880001068115234,56.880001068115234,0.0,56.880001068115234
2015-04-21,57.310001373291016,57.310001373291016,57.310001373291016,57.310001373291016,1000.0,57.310001373291016
2015-04-22,56.900001525878906,56.900001525878906,56.900001525878906,56.900001525878906,500.0,56.900001525878906
2015-04-23,56.604000091552734,56.604000091552734,56.604000091552734,56.604000091552734,100.0,56.604000091552734
2015-04-24,58.0,58.0,58.0,58.0,1123.0,58.0
2015-04-27,58.54999923706055,58.54999923706055,58.54999923706055,58.54999923706055,100.0,58.54999923706055
2015-04-28,58.54999923706055,58.54999923706055,58.54999923706055,58.54999923706055,0.0,58.54999923706055
2015-04-29,58.54999923706055,58.54999923706055,58.54999923706055,58.54999923706055,0.0,58.54999923706055
2015-04-30,58.54999923706055,58.54999923706055,58.54999923706055,58.54999923706055,0.0,58.54999923706055
2015-05-01,58.54999923706055,58.54999923706055,58.54999923706055,58.54999923706055,0.0,58.54999923706055
2015-05-04,58.54999923706055,58.54999923706055,58.54999923706055,58.54999923706055,0.0,58.54999923706055
2015-05-05,56.33000183105469,56.33000183105469,56.33000183105469,56.33000183105469,1000.0,56.33000183105469
2015-05-06,56.33000183105469,56.33000183105469,56.33000183105469,56.33000183105469,0.0,56.33000183105469
2015-05-07,56.33000183105469,56.33000183105469,56.33000183105469,56.33000183105469,0.0,56.33000183105469
2015-05-08,56.33000183105469,56.33000183105469,56.33000183105469,56.33000183105469,0.0,56.33000183105469
2015-05-11,56.33000183105469,56.33000183105469,56.33000183105469,56.33000183105469,0.0,56.33000183105469
2015-05-12,56.33000183105469,56.33000183105469,56.33000183105469,56.33000183105469,0.0,56.33000183105469
2015-05-13,56.33000183105469,56.33000183105469,56.33000183105469,56.33000183105469,0.0,56.33000183105469
2015-05-14,56.33000183105469,56.33000183105469,56.33000183105469,56.33000183105469,0.0,56.33000183105469
2015-05-15,56.33000183105469,56.33000183105469,56.33000183105469,56.33000183105469,0.0,56.33000183105469
2015-05-18,56.33000183105469,56.33000183105469,56.33000183105469,56.33000183105469,0.0,56.33000183105469
2015-05-19,56.33000183105469,56.33000183105469,56.33000183105469,56.33000183105469,0.0,56.33000183105469
2015-05-20,72.41999816894531,72.41999816894531,72.41999816894531,72.41999816894531,50.0,72.41999816894531
2015-05-21,72.41999816894531,72.41999816894531,72.41999816894531,72.41999816894531,0.0,72.41999816894531
2015-05-22,72.41999816894531,72.41999816894531,72.41999816894531,72.41999816894531,0.0,72.41999816894531
2015-05-26,72.41999816894531,72.41999816894531,72.41999816894531,72.41999816894531,0.0,72.41999816894531
2015-05-27,72.41999816894531,72.41999816894531,72.41999816894531,72.41999816894531,0.0,72.41999816894531
2015-05-28,72.41999816894531,72.41999816894531,72.41999816894531,72.41999816894531,0.0,72.41999816894531
2015-05-29,72.41999816894531,72.41999816894531,72.41999816894531,72.41999816894531,0.0,72.41999816894531
2015-06-01,70.80000305175781,70.80000305175781,70.80000305175781,70.80000305175781,370.0,70.80000305175781
2015-06-02,70.80000305175781,70.80000305175781,70.80000305175781,70.80000305175781,0.0,70.80000305175781
2015-06-03,70.80000305175781,70.80000305175781,70.80000305175781,70.80000305175781,0.0,70.80000305175781
2015-06-04,70.80000305175781,70.80000305175781,70.80000305175781,70.80000305175781,0.0,70.80000305175781
2015-06-05,70.80000305175781,70.80000305175781,70.80000305175781,70.80000305175781,0.0,70.80000305175781
2015-06-08,70.80000305175781,70.80000305175781,70.80000305175781,70.80000305175781,0.0,70.80000305175781
2015-06-09,70.80000305175781,70.80000305175781,70.80000305175781,70.80000305175781,0.0,70.80000305175781
2015-06-10,70.80000305175781,70.80000305175781,70.80000305175781,70.80000305175781,0.0,70.80000305175781
2015-06-11,70.80000305175781,70.80000305175781,70.80000305175781,70.80000305175781,0.0,70.80000305175781
2015-06-12,70.80000305175781,70.80000305175781,70.80000305175781,70.80000305175781,0.0,70.80000305175781
2015-06-15,70.80000305175781,70.80000305175781,70.80000305175781,70.80000305175781,0.0,70.80000305175781
2015-06-16,70.80000305175781,70.80000305175781,70.80000305175781,70.80000305175781,0.0,70.80000305175781
2015-06-17,70.80000305175781,70.80000305175781,70.80000305175781,70.80000305175781,0.0,70.80000305175781
2015-06-18,70.80000305175781,70.80000305175781,70.80000305175781,70.80000305175781,0.0,70.80000305175781
2015-06-19,70.80000305175781,70.80000305175781,70.80000305175781,70.80000305175781,0.0,70.80000305175781
2015-06-22,70.80000305175781,70.80000305175781,70.80000305175781,70.80000305175781,0.0,70.80000305175781
2015-06-23,70.80000305175781,70.80000305175781,70.80000305175781,70.80000305175781,0.0,70.80000305175781
2015-06-24,70.80000305175781,70.80000305175781,70.80000305175781,70.80000305175781,0.0,70.80000305175781
2015-06-25,70.80000305175781,70.80000305175781,70.80000305175781,70.80000305175781,0.0,70.80000305175781
2015-06-26,70.80000305175781,70.80000305175781,70.80000305175781,70.80000305175781,0.0,70.80000305175781
2015-06-29,70.80000305175781,70.80000305175781,70.80000305175781,70.80000305175781,0.0,70.80000305175781
2015-06-30,70.80000305175781,70.80000305175781,70.80000305175781,70.80000305175781,0.0,70.80000305175781
2015-07-01,70.80000305175781,70.80000305175781,70.80000305175781,70.80000305175781,0.0,70.80000305175781
2015-07-02,70.80000305175781,70.80000305175781,70.80000305175781,70.80000305175781,0.0,70.80000305175781
2015-07-06,70.80000305175781,70.80000305175781,70.80000305175781,70.80000305175781,0.0,70.80000305175781
2015-07-07,70.80000305175781,70.80000305175781,70.80000305175781,70.80000305175781,0.0,70.80000305175781
2015-07-08,70.80000305175781,70.80000305175781,70.80000305175781,70.80000305175781,0.0,70.80000305175781
2015-07-09,70.80000305175781,70.80000305175781,70.80000305175781,70.80000305175781,0.0,70.80000305175781
2015-07-10,70.80000305175781,70.80000305175781,70.80000305175781,70.80000305175781,0.0,70.80000305175781
2015-07-13,70.80000305175781,70.80000305175781,70.80000305175781,70.80000305175781,0.0,70.80000305175781
2015-07-14,70.80000305175781,70.80000305175781,70.80000305175781,70.80000305175781,0.0,70.80000305175781
2015-07-15,70.80000305175781,70.80000305175781,70.80000305175781,70.80000305175781,0.0,70.80000305175781
2015-07-16,70.80000305175781,70.80000305175781,70.80000305175781,70.80000305175781,0.0,70.80000305175781
2015-07-17,70.80000305175781,70.80000305175781,70.80000305175781,70.80000305175781,0.0,70.80000305175781
2015-07-20,70.80000305175781,70.80000305175781,70.80000305175781,70.80000305175781,0.0,70.80000305175781
2015-07-21,70.80000305175781,70.80000305175781,70.80000305175781,70.80000305175781,0.0,70.80000305175781
2015-07-22,70.80000305175781,70.80000305175781,70.80000305175781,70.80000305175781,0.0,70.80000305175781
2015-07-23,70.80000305175781,70.80000305175781,70.80000305175781,70.80000305175781,0.0,70.80000305175781
2015-07-24,70.80000305175781,70.80000305175781,70.80000305175781,70.80000305175781,0.0,70.80000305175781
2015-07-27,70.80000305175781,70.80000305175781,70.80000305175781,70.80000305175781,0.0,70.80000305175781
2015-07-28,70.80000305175781,70.80000305175781,70.80000305175781,70.80000305175781,0.0,70.80000305175781
2015-07-29,70.80000305175781,70.80000305175781,70.80000305175781,70.80000305175781,0.0,70.80000305175781
2015-07-30,70.80000305175781,70.80000305175781,70.80000305175781,70.80000305175781,0.0,70.80000305175781
2015-07-31,70.80000305175781,70.80000305175781,70.80000305175781,70.80000305175781,0.0,70.80000305175781
2015-08-03,70.80000305175781,70.80000305175781,70.80000305175781,70.80000305175781,0.0,70.80000305175781
2015-08-04,70.80000305175781,70.80000305175781,70.80000305175781,70.80000305175781,0.0,70.80000305175781
2015-08-05,70.80000305175781,70.80000305175781,70.80000305175781,70.80000305175781,0.0,70.80000305175781
2015-08-06,70.80000305175781,70.80000305175781,70.80000305175781,70.80000305175781,0.0,70.80000305175781
2015-08-07,70.80000305175781,70.80000305175781,70.80000305175781,70.80000305175781,0.0,70.80000305175781
2015-08-10,70.80000305175781,70.80000305175781,70.80000305175781,70.80000305175781,0.0,70.80000305175781
2015-08-11,70.80000305175781,70.80000305175781,70.80000305175781,70.80000305175781,0.0,70.80000305175781
2015-08-12,70.80000305175781,70.80000305175781,70.80000305175781,70.80000305175781,0.0,70.80000305175781
2015-08-13,70.80000305175781,70.80000305175781,70.80000305175781,70.80000305175781,0.0,70.80000305175781
2015-08-14,70.80000305175781,70.80000305175781,70.80000305175781,70.80000305175781,0.0,70.80000305175781
2015-08-17,70.80000305175781,70.80000305175781,70.80000305175781,70.80000305175781,0.0,70.80000305175781
2015-08-18,70.80000305175781,70.80000305175781,70.80000305175781,70.80000305175781,0.0,70.80000305175781
2015-08-19,70.80000305175781,70.80000305175781,70.80000305175781,70.80000305175781,0.0,70.80000305175781
2015-08-20,70.80000305175781,70.80000305175781,70.80000305175781,70.80000305175781,0.0,70.80000305175781
2015-08-21,70.80000305175781,70.80000305175781,70.80000305175781,70.80000305175781,0.0,70.80000305175781
2015-08-24,70.80000305175781,70.80000305175781,70.80000305175781,70.80000305175781,0.0,70.80000305175781
2015-08-25,70.80000305175781,70.80000305175781,70.80000305175781,70.80000305175781,0.0,70.80000305175781
2015-08-26,70.80000305175781,70.80000305175781,70.80000305175781,70.80000305175781,0.0,70.80000305175781
2015-08-27,70.80000305175781,70.80000305175781,70.80000305175781,70.80000305175781,0.0,70.80000305175781
2015-08-28,70.80000305175781,70.80000305175781,70.80000305175781,70.80000305175781,0.0,70.80000305175781
2015-08-31,70.80000305175781,70.80000305175781,70.80000305175781,70.80000305175781,0.0,70.80000305175781
2015-09-01,70.80000305175781,70.80000305175781,70.80000305175781,70.80000305175781,0.0,70.80000305175781
2015-09-02,70.80000305175781,70.80000305175781,70.80000305175781,70.80000305175781,0.0,70.80000305175781
2015-09-03,70.80000305175781,70.80000305175781,70.80000305175781,70.80000305175781,0.0,70.80000305175781
2015-09-04,70.80000305175781,70.80000305175781,70.80000305175781,70.80000305175781,0.0,70.80000305175781
2015-09-08,70.80000305175781,70.80000305175781,70.80000305175781,70.80000305175781,0.0,70.80000305175781
2015-09-09,70.80000305175781,70.80000305175781,70.80000305175781,70.80000305175781,0.0,70.80000305175781
2015-09-10,70.80000305175781,70.80000305175781,70.80000305175781,70.80000305175781,0.0,70.80000305175781
2015-09-11,70.80000305175781,70.80000305175781,70.80000305175781,70.80000305175781,0.0,70.80000305175781
2015-09-14,70.80000305175781,70.80000305175781,70.80000305175781,70.80000305175781,0.0,70.80000305175781
2015-09-15,70.80000305175781,70.80000305175781,70.80000305175781,70.80000305175781,0.0,70.80000305175781
2015-09-16,70.80000305175781,70.80000305175781,70.80000305175781,70.80000305175781,0.0,70.80000305175781
2015-09-17,70.80000305175781,70.80000305175781,70.80000305175781,70.80000305175781,0.0,70.80000305175781
2015-09-18,70.80000305175781,70.80000305175781,70.80000305175781,70.80000305175781,0.0,70.80000305175781
2015-09-21,70.80000305175781,70.80000305175781,70.80000305175781,70.80000305175781,0.0,70.80000305175781
2015-09-22,70.80000305175781,70.80000305175781,70.80000305175781,70.80000305175781,0.0,70.80000305175781
2015-09-23,70.80000305175781,70.80000305175781,70.80000305175781,70.80000305175781,0.0,70.80000305175781
2015-09-24,70.80000305175781,70.80000305175781,70.80000305175781,70.80000305175781,0.0,70.80000305175781
2015-09-25,70.80000305175781,70.80000305175781,70.80000305175781,70.80000305175781,0.0,70.80000305175781
2015-09-28,70.80000305175781,70.80000305175781,70.80000305175781,70.80000305175781,0.0,70.80000305175781
2015-09-29,70.80000305175781,70.80000305175781,70.80000305175781,70.80000305175781,0.0,70.80000305175781
2015-09-30,70.80000305175781,70.80000305175781,70.80000305175781,70.80000305175781,0.0,70.80000305175781
2015-10-01,70.80000305175781,70.80000305175781,70.80000305175781,70.80000305175781,0.0,70.80000305175781
2015-10-02,70.80000305175781,70.80000305175781,70.80000305175781,70.80000305175781,0.0,70.80000305175781
2015-10-05,70.80000305175781,70.80000305175781,70.80000305175781,70.80000305175781,0.0,70.80000305175781
2015-10-06,70.80000305175781,70.80000305175781,70.80000305175781,70.80000305175781,0.0,70.80000305175781
2015-10-07,70.80000305175781,70.80000305175781,70.80000305175781,70.80000305175781,0.0,70.80000305175781
2015-10-08,70.80000305175781,70.80000305175781,70.80000305175781,70.80000305175781,0.0,70.80000305175781
2015-10-09,70.80000305175781,70.80000305175781,70.80000305175781,70.80000305175781,0.0,70.80000305175781
2015-10-12,70.80000305175781,70.80000305175781,70.80000305175781,70.80000305175781,0.0,70.80000305175781
2015-10-13,70.80000305175781,70.80000305175781,70.80000305175781,70.80000305175781,0.0,70.80000305175781
2015-10-14,70.80000305175781,70.80000305175781,70.80000305175781,70.80000305175781,0.0,70.80000305175781
2015-10-15,70.80000305175781,70.80000305175781,70.80000305175781,70.80000305175781,0.0,70.80000305175781
2015-10-16,70.80000305175781,70.80000305175781,70.80000305175781,70.80000305175781,0.0,70.80000305175781
2015-10-19,70.80000305175781,70.80000305175781,70.80000305175781,70.80000305175781,0.0,70.80000305175781
2015-10-20,70.80000305175781,70.80000305175781,70.80000305175781,70.80000305175781,0.0,70.80000305175781
2015-10-21,70.80000305175781,70.80000305175781,70.80000305175781,70.80000305175781,0.0,70.80000305175781
2015-10-22,70.80000305175781,70.80000305175781,70.80000305175781,70.80000305175781,0.0,70.80000305175781
2015-10-23,70.80000305175781,70.80000305175781,70.80000305175781,70.80000305175781,0.0,70.80000305175781
2015-10-26,70.80000305175781,70.80000305175781,70.80000305175781,70.80000305175781,0.0,70.80000305175781
2015-10-27,70.80000305175781,70.80000305175781,70.80000305175781,70.80000305175781,0.0,70.80000305175781
2015-10-28,70.80000305175781,70.80000305175781,70.80000305175781,70.80000305175781,0.0,70.80000305175781
2015-10-29,70.80000305175781,70.80000305175781,70.80000305175781,70.80000305175781,0.0,70.80000305175781
2015-10-30,70.80000305175781,70.80000305175781,70.80000305175781,70.80000305175781,0.0,70.80000305175781
2015-11-02,70.80000305175781,70.80000305175781,70.80000305175781,70.80000305175781,0.0,70.80000305175781
2015-11-03,70.80000305175781,70.80000305175781,70.80000305175781,70.80000305175781,0.0,70.80000305175781
2015-11-04,70.80000305175781,70.80000305175781,70.80000305175781,70.80000305175781,0.0,70.80000305175781
2015-11-05,70.80000305175781,70.80000305175781,70.80000305175781,70.80000305175781,0.0,70.80000305175781
2015-11-06,70.80000305175781,70.80000305175781,70.80000305175781,70.80000305175781,0.0,70.80000305175781
2015-11-09,70.80000305175781,70.80000305175781,70.80000305175781,70.80000305175781,0.0,70.80000305175781
2015-11-10,70.80000305175781,70.80000305175781,70.80000305175781,70.80000305175781,0.0,70.80000305175781
2015-11-11,70.80000305175781,70.80000305175781,70.80000305175781,70.80000305175781,0.0,70.80000305175781
2015-11-12,70.80000305175781,70.80000305175781,70.80000305175781,70.80000305175781,0.0,70.80000305175781
2015-11-13,70.80000305175781,70.80000305175781,70.80000305175781,70.80000305175781,0.0,70.80000305175781
2015-11-16,70.80000305175781,70.80000305175781,70.80000305175781,70.80000305175781,0.0,70.80000305175781
2015-11-17,70.80000305175781,70.80000305175781,70.80000305175781,70.80000305175781,0.0,70.80000305175781
2015-11-18,70.80000305175781,70.80000305175781,70.80000305175781,70.80000305175781,0.0,70.80000305175781
2015-11-19,70.80000305175781,70.80000305175781,70.80000305175781,70.80000305175781,0.0,70.80000305175781
2015-11-20,70.80000305175781,70.80000305175781,70.80000305175781,70.80000305175781,0.0,70.80000305175781
2015-11-23,70.80000305175781,70.80000305175781,70.80000305175781,70.80000305175781,0.0,70.80000305175781
2015-11-24,70.80000305175781,70.80000305175781,70.80000305175781,70.80000305175781,0.0,70.80000305175781
2015-11-25,70.80000305175781,70.80000305175781,70.80000305175781,70.80000305175781,0.0,70.80000305175781
2015-11-27,70.80000305175781,70.80000305175781,70.80000305175781,70.80000305175781,0.0,70.80000305175781
2015-11-30,70.80000305175781,70.80000305175781,70.80000305175781,70.80000305175781,0.0,70.80000305175781
2015-12-01,70.80000305175781,70.80000305175781,70.80000305175781,70.80000305175781,0.0,70.80000305175781
2015-12-02,70.80000305175781,70.80000305175781,70.80000305175781,70.80000305175781,0.0,70.80000305175781
2015-12-03,70.80000305175781,70.80000305175781,70.80000305175781,70.80000305175781,0.0,70.80000305175781
2015-12-04,70.80000305175781,70.80000305175781,70.80000305175781,70.80000305175781,0.0,70.80000305175781
2015-12-07,70.80000305175781,70.80000305175781,70.80000305175781,70.80000305175781,0.0,70.80000305175781
2015-12-08,70.80000305175781,70.80000305175781,70.80000305175781,70.80000305175781,0.0,70.80000305175781
2015-12-09,70.80000305175781,70.80000305175781,70.80000305175781,70.80000305175781,0.0,70.80000305175781
2015-12-10,70.80000305175781,70.80000305175781,70.80000305175781,70.80000305175781,0.0,70.80000305175781
2015-12-11,70.80000305175781,70.80000305175781,70.80000305175781,70.80000305175781,0.0,70.80000305175781
2015-12-14,70.80000305175781,70.80000305175781,70.80000305175781,70.80000305175781,0.0,70.80000305175781
2015-12-15,70.80000305175781,70.80000305175781,70.80000305175781,70.80000305175781,0.0,70.80000305175781
2015-12-16,70.80000305175781,70.80000305175781,70.80000305175781,70.80000305175781,0.0,70.80000305175781
2015-12-17,70.80000305175781,70.80000305175781,70.80000305175781,70.80000305175781,0.0,70.80000305175781
2015-12-18,70.80000305175781,70.80000305175781,70.80000305175781,70.80000305175781,0.0,70.80000305175781
2015-12-21,70.80000305175781,70.80000305175781,70.80000305175781,70.80000305175781,0.0,70.80000305175781
2015-12-22,70.80000305175781,70.80000305175781,70.80000305175781,70.80000305175781,0.0,70.80000305175781
2015-12-23,70.80000305175781,70.80000305175781,70.80000305175781,70.80000305175781,0.0,70.80000305175781
2015-12-24,70.80000305175781,70.80000305175781,70.80000305175781,70.80000305175781,0.0,70.80000305175781
2015-12-28,70.80000305175781,70.80000305175781,70.80000305175781,70.80000305175781,0.0,70.80000305175781
2015-12-29,70.80000305175781,70.80000305175781,70.80000305175781,70.80000305175781,0.0,70.80000305175781
2015-12-30,70.80000305175781,70.80000305175781,70.80000305175781,70.80000305175781,0.0,70.80000305175781
2015-12-31,70.80000305175781,70.80000305175781,70.80000305175781,70.80000305175781,0.0,70.80000305175781
2016-01-04,70.80000305175781,70.80000305175781,70.80000305175781,70.80000305175781,0.0,70.80000305175781
2016-01-05,70.80000305175781,70.80000305175781,70.80000305175781,70.80000305175781,0.0,70.80000305175781
2016-01-06,70.80000305175781,70.80000305175781,70.80000305175781,70.80000305175781,0.0,70.80000305175781
2016-01-07,70.80000305175781,70.80000305175781,70.80000305175781,70.80000305175781,0.0,70.80000305175781
2016-01-08,70.80000305175781,70.80000305175781,70.80000305175781,70.80000305175781,0.0,70.80000305175781
2016-01-11,70.80000305175781,70.80000305175781,70.80000305175781,70.80000305175781,0.0,70.80000305175781
2016-01-12,70.80000305175781,70.80000305175781,70.80000305175781,70.80000305175781,0.0,70.80000305175781
2016-01-13,70.80000305175781,70.80000305175781,70.80000305175781,70.80000305175781,0.0,70.80000305175781
2016-01-14,70.80000305175781,70.80000305175781,70.80000305175781,70.80000305175781,0.0,70.80000305175781
2016-01-15,70.80000305175781,70.80000305175781,70.80000305175781,70.80000305175781,0.0,70.80000305175781
2016-01-19,70.80000305175781,70.80000305175781,70.80000305175781,70.80000305175781,0.0,70.80000305175781
2016-01-20,70.80000305175781,70.80000305175781,70.80000305175781,70.80000305175781,0.0,70.80000305175781
2016-01-21,70.80000305175781,70.80000305175781,70.80000305175781,70.80000305175781,0.0,70.80000305175781
2016-01-22,70.80000305175781,70.80000305175781,70.80000305175781,70.80000305175781,0.0,70.80000305175781
2016-01-25,70.80000305175781,70.80000305175781,70.80000305175781,70.80000305175781,0.0,70.80000305175781
2016-01-26,70.80000305175781,70.80000305175781,70.80000305175781,70.80000305175781,0.0,70.80000305175781
2016-01-27,70.80000305175781,70.80000305175781,70.80000305175781,70.80000305175781,0.0,70.80000305175781
2016-01-28,70.80000305175781,70.80000305175781,70.80000305175781,70.80000305175781,0.0,70.80000305175781
2016-01-29,70.80000305175781,70.80000305175781,70.80000305175781,70.80000305175781,0.0,70.80000305175781
2016-02-01,70.80000305175781,70.80000305175781,70.80000305175781,70.80000305175781,0.0,70.80000305175781
2016-02-02,70.80000305175781,70.80000305175781,70.80000305175781,70.80000305175781,0.0,70.80000305175781
2016-02-03,70.80000305175781,70.80000305175781,70.80000305175781,70.80000305175781,0.0,70.80000305175781
2016-02-04,70.80000305175781,70.80000305175781,70.80000305175781,70.80000305175781,0.0,70.80000305175781
2016-02-05,70.80000305175781,70.80000305175781,70.80000305175781,70.80000305175781,0.0,70.80000305175781
2016-02-08,70.80000305175781,70.80000305175781,70.80000305175781,70.80000305175781,0.0,70.80000305175781
2016-02-09,70.80000305175781,70.80000305175781,70.80000305175781,70.80000305175781,0.0,70.80000305175781
2016-02-10,35.41469955444336,35.41469955444336,35.41469955444336,35.41469955444336,17000.0,35.41469955444336
2016-02-11,34.15959930419922,34.15959930419922,34.15959930419922,34.15959930419922,2918.0,34.15959930419922
2016-02-12,33.157501220703125,33.157501220703125,33.157501220703125,33.157501220703125,16036.0,33.157501220703125
2016-02-16,33.157501220703125,33.157501220703125,33.157501220703125,33.157501220703125,0.0,33.157501220703125
2016-02-17,33.157501220703125,33.157501220703125,33.157501220703125,33.157501220703125,0.0,33.157501220703125
2016-02-18,37.37289810180664,37.37289810180664,37.37289810180664,37.37289810180664,1783.0,37.37289810180664
2016-02-19,37.37289810180664,37.37289810180664,37.37289810180664,37.37289810180664,0.0,37.37289810180664
2016-02-22,37.30220031738281,37.30220031738281,37.30220031738281,37.30220031738281,3190.0,37.30220031738281
2016-02-23,37.888999938964844,37.888999938964844,37.888999938964844,37.888999938964844,2834.0,37.888999938964844
2016-02-24,37.888999938964844,37.888999938964844,37.888999938964844,37.888999938964844,0.0,37.888999938964844
2016-02-25,37.888999938964844,37.888999938964844,37.888999938964844,37.888999938964844,0.0,37.888999938964844
2016-02-26,37.888999938964844,37.888999938964844,37.888999938964844,37.888999938964844,0.0,37.888999938964844
2016-02-29,37.888999938964844,37.888999938964844,37.888999938964844,37.888999938964844,0.0,37.888999938964844
2016-03-01,37.888999938964844,37.888999938964844,37.888999938964844,37.888999938964844,0.0,37.888999938964844
2016-03-02,37.888999938964844,37.888999938964844,37.888999938964844,37.888999938964844,0.0,37.888999938964844
2016-03-03,37.888999938964844,37.888999938964844,37.888999938964844,37.888999938964844,0.0,37.888999938964844
2016-03-04,44.06370162963867,44.06370162963867,44.06370162963867,44.06370162963867,2645.0,44.06370162963867
2016-03-07,44.06370162963867,44.06370162963867,44.06370162963867,44.06370162963867,0.0,44.06370162963867
2016-03-08,44.06370162963867,44.06370162963867,44.06370162963867,44.06370162963867,0.0,44.06370162963867
2016-03-09,44.06370162963867,44.06370162963867,44.06370162963867,44.06370162963867,0.0,44.06370162963867
2016-03-10,44.06370162963867,44.06370162963867,44.06370162963867,44.06370162963867,0.0,44.06370162963867
2016-03-11,44.06370162963867,44.06370162963867,44.06370162963867,44.06370162963867,0.0,44.06370162963867
2016-03-14,44.06370162963867,44.06370162963867,44.06370162963867,44.06370162963867,0.0,44.06370162963867
2016-03-15,44.06370162963867,44.06370162963867,44.06370162963867,44.06370162963867,0.0,44.06370162963867
2016-03-16,44.06370162963867,44.06370162963867,44.06370162963867,44.06370162963867,0.0,44.06370162963867
2016-03-17,44.06370162963867,44.06370162963867,44.06370162963867,44.06370162963867,0.0,44.06370162963867
2016-03-18,44.06370162963867,44.06370162963867,44.06370162963867,44.06370162963867,0.0,44.06370162963867
2016-03-21,44.06370162963867,44.06370162963867,44.06370162963867,44.06370162963867,0.0,44.06370162963867
2016-03-22,44.06370162963867,44.06370162963867,44.06370162963867,44.06370162963867,0.0,44.06370162963867
2016-03-23,44.06370162963867,44.06370162963867,44.06370162963867,44.06370162963867,0.0,44.06370162963867
2016-03-24,44.06370162963867,44.06370162963867,44.06370162963867,44.06370162963867,0.0,44.06370162963867
2016-03-28,44.06370162963867,44.06370162963867,44.06370162963867,44.06370162963867,0.0,44.06370162963867
2016-03-29,44.06370162963867,44.06370162963867,44.06370162963867,44.06370162963867,0.0,44.06370162963867
2016-03-30,44.06370162963867,44.06370162963867,44.06370162963867,44.06370162963867,0.0,44.06370162963867
2016-03-31,44.06370162963867,44.06370162963867,44.06370162963867,44.06370162963867,0.0,44.06370162963867
2016-04-01,44.06370162963867,44.06370162963867,44.06370162963867,44.06370162963867,0.0,44.06370162963867
2016-04-04,44.06370162963867,44.06370162963867,44.06370162963867,44.06370162963867,0.0,44.06370162963867
2016-04-05,44.06370162963867,44.06370162963867,44.06370162963867,44.06370162963867,0.0,44.06370162963867
2016-04-06,44.06370162963867,44.06370162963867,44.06370162963867,44.06370162963867,0.0,44.06370162963867
2016-04-07,44.06370162963867,44.06370162963867,44.06370162963867,44.06370162963867,0.0,44.06370162963867
2016-04-08,44.06370162963867,44.06370162963867,44.06370162963867,44.06370162963867,0.0,44.06370162963867
2016-04-11,44.06370162963867,44.06370162963867,44.06370162963867,44.06370162963867,0.0,44.06370162963867
2016-04-12,44.06370162963867,44.06370162963867,44.06370162963867,44.06370162963867,0.0,44.06370162963867
2016-04-13,44.06370162963867,44.06370162963867,44.06370162963867,44.06370162963867,0.0,44.06370162963867
2016-04-14,44.06370162963867,44.06370162963867,44.06370162963867,44.06370162963867,0.0,44.06370162963867
2016-04-15,44.06370162963867,44.06370162963867,44.06370162963867,44.06370162963867,0.0,44.06370162963867
2016-04-18,47.0,47.0,47.0,47.0,100.0,47.0
2016-04-19,47.0,47.0,47.0,47.0,0.0,47.0
2016-04-20,47.0,47.0,47.0,47.0,0.0,47.0
2016-04-21,47.0,47.0,47.0,47.0,0.0,47.0
2016-04-22,47.0,47.0,47.0,47.0,0.0,47.0
2016-04-25,47.0,47.0,47.0,47.0,0.0,47.0
2016-04-26,47.0,47.0,47.0,47.0,0.0,47.0
2016-04-27,47.0,47.0,47.0,47.0,0.0,47.0
2016-04-28,47.0,47.0,47.0,47.0,0.0,47.0
2016-04-29,47.0,47.0,47.0,47.0,0.0,47.0
2016-05-02,47.0,47.0,47.0,47.0,0.0,47.0
2016-05-03,47.0,47.0,47.0,47.0,0.0,47.0
2016-05-04,47.0,47.0,47.0,47.0,0.0,47.0
2016-05-05,47.0,47.0,47.0,47.0,0.0,47.0
2016-05-06,47.0,47.0,47.0,47.0,0.0,47.0
2016-05-09,47.0,47.0,47.0,47.0,0.0,47.0
2016-05-10,49.099998474121094,49.099998474121094,49.099998474121094,49.099998474121094,200.0,49.099998474121094
2016-05-11,49.099998474121094,49.099998474121094,49.099998474121094,49.099998474121094,0.0,49.099998474121094
2016-05-12,49.099998474121094,49.099998474121094,49.099998474121094,49.099998474121094,0.0,49.099998474121094
2016-05-13,49.099998474121094,49.099998474121094,49.099998474121094,49.099998474121094,0.0,49.099998474121094
2016-05-16,49.099998474121094,49.099998474121094,49.099998474121094,49.099998474121094,0.0,49.099998474121094
2016-05-17,49.099998474121094,49.099998474121094,49.099998474121094,49.099998474121094,0.0,49.099998474121094
2016-05-18,49.099998474121094,49.099998474121094,49.099998474121094,49.099998474121094,0.0,49.099998474121094
2016-05-19,49.099998474121094,49.099998474121094,49.099998474121094,49.099998474121094,0.0,49.099998474121094
2016-05-20,49.099998474121094,49.099998474121094,49.099998474121094,49.099998474121094,0.0,49.099998474121094
2016-05-23,49.099998474121094,49.099998474121094,49.099998474121094,49.099998474121094,0.0,49.099998474121094
2016-05-24,49.099998474121094,49.099998474121094,49.099998474121094,49.099998474121094,0.0,49.099998474121094
2016-05-25,49.099998474121094,49.099998474121094,49.099998474121094,49.099998474121094,0.0,49.099998474121094
2016-05-26,49.099998474121094,49.099998474121094,49.099998474121094,49.099998474121094,0.0,49.099998474121094
2016-05-27,49.099998474121094,49.099998474121094,49.099998474121094,49.099998474121094,0.0,49.099998474121094
2016-05-31,49.099998474121094,49.099998474121094,49.099998474121094,49.099998474121094,0.0,49.099998474121094
2016-06-01,49.099998474121094,49.099998474121094,49.099998474121094,49.099998474121094,0.0,49.099998474121094
2016-06-02,49.099998474121094,49.099998474121094,49.099998474121094,49.099998474121094,0.0,49.099998474121094
2016-06-03,49.099998474121094,49.099998474121094,49.099998474121094,49.099998474121094,0.0,49.099998474121094
2016-06-06,49.099998474121094,49.099998474121094,49.099998474121094,49.099998474121094,0.0,49.099998474121094
2016-06-07,49.099998474121094,49.099998474121094,49.099998474121094,49.099998474121094,0.0,49.099998474121094
2016-06-08,49.099998474121094,49.099998474121094,49.099998474121094,49.099998474121094,0.0,49.099998474121094
2016-06-09,49.099998474121094,49.099998474121094,49.099998474121094,49.099998474121094,0.0,49.099998474121094
2016-06-10,49.099998474121094,49.099998474121094,49.099998474121094,49.099998474121094,0.0,49.099998474121094
2016-06-13,49.099998474121094,49.099998474121094,49.099998474121094,49.099998474121094,0.0,49.099998474121094
2016-06-14,49.099998474121094,49.099998474121094,49.099998474121094,49.099998474121094,0.0,49.099998474121094
2016-06-15,49.099998474121094,49.099998474121094,49.099998474121094,49.099998474121094,0.0,49.099998474121094
2016-06-16,49.099998474121094,49.099998474121094,49.099998474121094,49.099998474121094,0.0,49.099998474121094
2016-06-17,49.099998474121094,49.099998474121094,49.099998474121094,49.099998474121094,0.0,49.099998474121094
2016-06-20,49.099998474121094,49.099998474121094,49.099998474121094,49.099998474121094,0.0,49.099998474121094
2016-06-21,49.099998474121094,49.099998474121094,49.099998474121094,49.099998474121094,0.0,49.099998474121094
2016-06-22,49.099998474121094,49.099998474121094,49.099998474121094,49.099998474121094,0.0,49.099998474121094
2016-06-23,49.099998474121094,49.099998474121094,49.099998474121094,49.099998474121094,0.0,49.099998474121094
2016-06-24,49.099998474121094,49.099998474121094,49.099998474121094,49.099998474121094,0.0,49.099998474121094
2016-06-27,49.099998474121094,49.099998474121094,49.099998474121094,49.099998474121094,0.0,49.099998474121094
2016-06-28,49.099998474121094,49.099998474121094,49.099998474121094,49.099998474121094,0.0,49.099998474121094
2016-06-29,49.099998474121094,49.099998474121094,49.099998474121094,49.099998474121094,0.0,49.099998474121094
2016-06-30,49.099998474121094,49.099998474121094,49.099998474121094,49.099998474121094,0.0,49.099998474121094
2016-07-01,49.099998474121094,49.099998474121094,49.099998474121094,49.099998474121094,0.0,49.099998474121094
2016-07-05,49.099998474121094,49.099998474121094,49.099998474121094,49.099998474121094,0.0,49.099998474121094
2016-07-06,49.099998474121094,49.099998474121094,49.099998474121094,49.099998474121094,0.0,49.099998474121094
2016-07-07,49.099998474121094,49.099998474121094,49.099998474121094,49.099998474121094,0.0,49.099998474121094
2016-07-08,49.099998474121094,49.099998474121094,49.099998474121094,49.099998474121094,0.0,49.099998474121094
2016-07-11,49.099998474121094,49.099998474121094,49.099998474121094,49.099998474121094,0.0,49.099998474121094
2016-07-12,49.099998474121094,49.099998474121094,49.099998474121094,49.099998474121094,0.0,49.099998474121094
2016-07-13,49.099998474121094,49.099998474121094,49.099998474121094,49.099998474121094,0.0,49.099998474121094
2016-07-14,49.099998474121094,49.099998474121094,49.099998474121094,49.099998474121094,0.0,49.099998474121094
2016-07-15,49.099998474121094,49.099998474121094,49.099998474121094,49.099998474121094,0.0,49.099998474121094
2016-07-18,49.099998474121094,49.099998474121094,49.099998474121094,49.099998474121094,0.0,49.099998474121094
2016-07-19,49.099998474121094,49.099998474121094,49.099998474121094,49.099998474121094,0.0,49.099998474121094
2016-07-20,49.099998474121094,49.099998474121094,49.099998474121094,49.099998474121094,0.0,49.099998474121094
2016-07-21,49.099998474121094,49.099998474121094,49.099998474121094,49.099998474121094,0.0,49.099998474121094
2016-07-22,49.099998474121094,49.099998474121094,49.099998474121094,49.099998474121094,0.0,49.099998474121094
2016-07-25,49.099998474121094,49.099998474121094,49.099998474121094,49.099998474121094,0.0,49.099998474121094
2016-07-26,49.099998474121094,49.099998474121094,49.099998474121094,49.099998474121094,0.0,49.099998474121094
2016-07-27,49.099998474121094,49.099998474121094,49.099998474121094,49.099998474121094,0.0,49.099998474121094
2016-07-28,49.099998474121094,49.099998474121094,49.099998474121094,49.099998474121094,0.0,49.099998474121094
2016-07-29,49.099998474121094,49.099998474121094,49.099998474121094,49.099998474121094,0.0,49.099998474121094
2016-08-01,49.099998474121094,49.099998474121094,49.099998474121094,49.099998474121094,0.0,49.099998474121094
2016-08-02,49.099998474121094,49.099998474121094,49.099998474121094,49.099998474121094,0.0,49.099998474121094
2016-08-03,49.099998474121094,49.099998474121094,49.099998474121094,49.099998474121094,0.0,49.099998474121094
2016-08-04,49.099998474121094,49.099998474121094,49.099998474121094,49.099998474121094,0.0,49.099998474121094
2016-08-05,49.099998474121094,49.099998474121094,49.099998474121094,49.099998474121094,0.0,49.099998474121094
2016-08-08,49.099998474121094,49.099998474121094,49.099998474121094,49.099998474121094,0.0,49.099998474121094
2016-08-09,49.099998474121094,49.099998474121094,49.099998474121094,49.099998474121094,0.0,49.099998474121094
2016-08-10,49.099998474121094,49.099998474121094,49.099998474121094,49.099998474121094,0.0,49.099998474121094
2016-08-11,49.099998474121094,49.099998474121094,49.099998474121094,49.099998474121094,0.0,49.099998474121094
2016-08-12,49.099998474121094,49.099998474121094,49.099998474121094,49.099998474121094,0.0,49.099998474121094
2016-08-15,49.099998474121094,49.099998474121094,49.099998474121094,49.099998474121094,0.0,49.099998474121094
2016-08-16,49.099998474121094,49.099998474121094,49.099998474121094,49.099998474121094,0.0,49.099998474121094
2016-08-17,25.0,25.0,25.0,25.0,18.0,25.0
2016-08-18,25.0,25.0,25.0,25.0,0.0,25.0
2016-08-19,25.0,25.0,25.0,25.0,0.0,25.0
2016-08-22,25.0,25.0,25.0,25.0,0.0,25.0
2016-08-23,25.0,25.0,25.0,25.0,0.0,25.0
2016-08-24,25.0,25.0,25.0,25.0,0.0,25.0
2016-08-25,25.0,25.0,25.0,25.0,0.0,25.0
2016-08-26,25.0,25.0,25.0,25.0,0.0,25.0
2016-08-29,25.0,25.0,25.0,25.0,0.0,25.0
2016-08-30,25.0,25.0,25.0,25.0,0.0,25.0
2016-08-31,25.0,25.0,25.0,25.0,0.0,25.0
2016-09-01,25.0,25.0,25.0,25.0,0.0,25.0
2016-09-02,25.0,25.0,25.0,25.0,0.0,25.0
2016-09-06,25.0,25.0,25.0,25.0,0.0,25.0
2016-09-07,25.0,25.0,25.0,25.0,0.0,25.0
2016-09-08,25.0,25.0,25.0,25.0,0.0,25.0
2016-09-09,25.0,25.0,25.0,25.0,0.0,25.0
2016-09-12,25.0,25.0,25.0,25.0,0.0,25.0
2016-09-13,22.0,22.0,22.0,22.0,300.0,22.0
2016-09-14,22.0,22.0,22.0,22.0,0.0,22.0
2016-09-15,22.0,22.0,22.0,22.0,0.0,22.0
2016-09-16,22.0,22.0,22.0,22.0,0.0,22.0
2016-09-19,22.0,22.0,22.0,22.0,0.0,22.0
2016-09-20,22.0,22.0,22.0,22.0,0.0,22.0
2016-09-21,22.0,22.0,22.0,22.0,0.0,22.0
2016-09-22,22.0,22.0,22.0,22.0,0.0,22.0
2016-09-23,22.0,22.0,22.0,22.0,0.0,22.0
2016-09-26,22.0,22.0,22.0,22.0,0.0,22.0
2016-09-27,22.0,22.0,22.0,22.0,0.0,22.0
2016-09-28,22.0,22.0,22.0,22.0,0.0,22.0
2016-09-29,22.0,22.0,22.0,22.0,0.0,22.0
2016-09-30,22.0,22.0,22.0,22.0,0.0,22.0
2016-10-03,22.0,22.0,22.0,22.0,0.0,22.0
2016-10-04,22.0,22.0,22.0,22.0,0.0,22.0
2016-10-05,22.0,22.0,22.0,22.0,0.0,22.0
2016-10-06,22.0,22.0,22.0,22.0,0.0,22.0
2016-10-07,22.0,22.0,22.0,22.0,0.0,22.0
2016-10-10,22.0,22.0,22.0,22.0,0.0,22.0
2016-10-11,22.0,22.0,22.0,22.0,0.0,22.0
2016-10-12,22.0,22.0,22.0,22.0,0.0,22.0
2016-10-13,22.0,22.0,22.0,22.0,0.0,22.0
2016-10-14,22.0,22.0,22.0,22.0,0.0,22.0
2016-10-17,22.0,22.0,22.0,22.0,0.0,22.0
2016-10-18,22.0,22.0,22.0,22.0,0.0,22.0
2016-10-19,22.0,22.0,22.0,22.0,0.0,22.0
2016-10-20,22.0,22.0,22.0,22.0,0.0,22.0
2016-10-21,22.0,22.0,22.0,22.0,0.0,22.0
2016-10-24,22.0,22.0,22.0,22.0,0.0,22.0
2016-10-25,22.0,22.0,22.0,22.0,0.0,22.0
2016-10-26,22.0,22.0,22.0,22.0,0.0,22.0
2016-10-27,22.0,22.0,22.0,22.0,0.0,22.0
2016-10-28,22.0,22.0,22.0,22.0,0.0,22.0
2016-10-31,22.0,22.0,22.0,22.0,0.0,22.0
2016-11-01,22.0,22.0,22.0,22.0,0.0,22.0
2016-11-02,22.0,22.0,22.0,22.0,0.0,22.0
2016-11-03,22.0,22.0,22.0,22.0,0.0,22.0
2016-11-04,22.0,22.0,22.0,22.0,0.0,22.0
2016-11-07,22.0,22.0,22.0,22.0,0.0,22.0
2016-11-08,22.0,22.0,22.0,22.0,0.0,22.0
2016-11-09,22.0,22.0,22.0,22.0,0.0,22.0
2016-11-10,22.0,22.0,22.0,22.0,0.0,22.0
2016-11-11,22.0,22.0,22.0,22.0,0.0,22.0
2016-11-14,22.0,22.0,22.0,22.0,0.0,22.0
2016-11-15,22.0,22.0,22.0,22.0,0.0,22.0
2016-11-16,22.0,22.0,22.0,22.0,0.0,22.0
2016-11-17,22.0,22.0,22.0,22.0,0.0,22.0
2016-11-18,22.0,22.0,22.0,22.0,0.0,22.0
2016-11-21,22.0,22.0,22.0,22.0,0.0,22.0
2016-11-22,22.0,22.0,22.0,22.0,0.0,22.0
2016-11-23,22.0,22.0,22.0,22.0,0.0,22.0
2016-11-25,22.0,22.0,22.0,22.0,0.0,22.0
2016-11-28,22.0,22.0,22.0,22.0,0.0,22.0
2016-11-29,22.0,22.0,22.0,22.0,0.0,22.0
2016-11-30,22.0,22.0,22.0,22.0,0.0,22.0
2016-12-01,22.0,22.0,22.0,22.0,0.0,22.0
2016-12-02,22.0,22.0,22.0,22.0,0.0,22.0
2016-12-05,22.0,22.0,22.0,22.0,0.0,22.0
2016-12-06,22.0,22.0,22.0,22.0,0.0,22.0
2016-12-07,22.0,22.0,22.0,22.0,0.0,22.0
2016-12-08,22.0,22.0,22.0,22.0,0.0,22.0
2016-12-09,22.0,22.0,22.0,22.0,0.0,22.0
2016-12-12,22.0,22.0,22.0,22.0,0.0,22.0
2016-12-13,22.0,22.0,22.0,22.0,0.0,22.0
2016-12-14,22.0,22.0,22.0,22.0,0.0,22.0
2016-12-15,18.75,18.75,18.75,18.75,530.0,18.75
2016-12-16,18.75,18.75,18.75,18.75,0.0,18.75
2016-12-19,18.75,18.75,18.75,18.75,0.0,18.75
2016-12-20,18.75,18.75,18.75,18.75,0.0,18.75
2016-12-21,18.75,18.75,18.75,18.75,0.0,18.75
2016-12-22,18.75,18.75,18.75,18.75,0.0,18.75
2016-12-23,18.75,18.75,18.75,18.75,0.0,18.75
2016-12-27,18.75,18.75,18.75,18.75,0.0,18.75
2016-12-28,18.75,18.75,18.75,18.75,0.0,18.75
2016-12-29,18.75,18.75,18.75,18.75,0.0,18.75
2016-12-30,18.75,18.75,18.75,18.75,0.0,18.75
2017-01-03,18.75,18.75,18.75,18.75,0.0,18.75
2017-01-04,18.75,18.75,18.75,18.75,0.0,18.75
2017-01-05,18.75,18.75,18.75,18.75,0.0,18.75
2017-01-06,18.75,18.75,18.75,18.75,0.0,18.75
2017-01-09,18.75,18.75,18.75,18.75,0.0,18.75
2017-01-10,18.75,18.75,18.75,18.75,0.0,18.75
2017-01-11,18.75,18.75,18.75,18.75,0.0,18.75
2017-01-12,18.75,18.75,18.75,18.75,0.0,18.75
2017-01-13,18.75,18.75,18.75,18.75,0.0,18.75
2017-01-17,18.75,18.75,18.75,18.75,0.0,18.75
2017-01-18,18.75,18.75,18.75,18.75,0.0,18.75
2017-01-19,18.75,18.75,18.75,18.75,0.0,18.75
2017-01-20,18.75,18.75,18.75,18.75,0.0,18.75
2017-01-23,18.75,18.75,18.75,18.75,0.0,18.75
2017-01-24,18.75,18.75,18.75,18.75,0.0,18.75
2017-01-25,18.75,18.75,18.75,18.75,0.0,18.75
2017-01-26,18.75,18.75,18.75,18.75,0.0,18.75
2017-01-27,18.75,18.75,18.75,18.75,0.0,18.75
2017-01-30,18.75,18.75,18.75,18.75,0.0,18.75
2017-01-31,18.75,18.75,18.75,18.75,0.0,18.75
2017-02-01,18.75,18.75,18.75,18.75,0.0,18.75
2017-02-02,18.75,18.75,18.75,18.75,0.0,18.75
2017-02-03,18.75,18.75,18.75,18.75,0.0,18.75
2017-02-06,18.75,18.75,18.75,18.75,0.0,18.75
2017-02-07,18.75,18.75,18.75,18.75,0.0,18.75
2017-02-08,18.75,18.75,18.75,18.75,0.0,18.75
2017-02-09,18.75,18.75,18.75,18.75,0.0,18.75
2017-02-10,18.75,18.75,18.75,18.75,0.0,18.75
2017-02-13,18.75,18.75,18.75,18.75,0.0,18.75
2017-02-14,18.75,18.75,18.75,18.75,0.0,18.75
2017-02-15,18.75,18.75,18.75,18.75,0.0,18.75
2017-02-16,18.75,18.75,18.75,18.75,0.0,18.75
2017-02-17,18.75,18.75,18.75,18.75,0.0,18.75
2017-02-21,18.75,18.75,18.75,18.75,0.0,18.75
2017-02-22,18.75,18.75,18.75,18.75,0.0,18.75
2017-02-23,18.75,18.75,18.75,18.75,0.0,18.75
2017-02-24,18.75,18.75,18.75,18.75,0.0,18.75
2017-02-27,18.75,18.75,18.75,18.75,0.0,18.75
2017-02-28,18.75,18.75,18.75,18.75,0.0,18.75
2017-03-01,18.75,18.75,18.75,18.75,0.0,18.75
2017-03-02,18.75,18.75,18.75,18.75,0.0,18.75
2017-03-03,18.75,18.75,18.75,18.75,0.0,18.75
2017-03-06,18.75,18.75,18.75,18.75,0.0,18.75
2017-03-07,18.75,18.75,18.75,18.75,0.0,18.75
2017-03-08,18.75,18.75,18.75,18.75,0.0,18.75
2017-03-09,18.75,18.75,18.75,18.75,0.0,18.75
2017-03-10,18.75,18.75,18.75,18.75,0.0,18.75
2017-03-13,18.75,18.75,18.75,18.75,0.0,18.75
2017-03-14,18.75,18.75,18.75,18.75,0.0,18.75
2017-03-15,18.75,18.75,18.75,18.75,0.0,18.75
2017-03-16,18.75,18.75,18.75,18.75,0.0,18.75
2017-03-17,18.75,18.75,18.75,18.75,0.0,18.75
2017-03-20,18.75,18.75,18.75,18.75,0.0,18.75
2017-03-21,18.75,18.75,18.75,18.75,0.0,18.75
2017-03-22,18.75,18.75,18.75,18.75,0.0,18.75
2017-03-23,18.75,18.75,18.75,18.75,0.0,18.75
2017-03-24,18.75,18.75,18.75,18.75,0.0,18.75
2017-03-27,18.75,18.75,18.75,18.75,0.0,18.75
2017-03-28,18.75,18.75,18.75,18.75,0.0,18.75
2017-03-29,18.75,18.75,18.75,18.75,0.0,18.75
2017-03-30,18.75,18.75,18.75,18.75,0.0,18.75
2017-03-31,18.75,18.75,18.75,18.75,0.0,18.75
2017-04-03,18.75,18.75,18.75,18.75,0.0,18.75
2017-04-04,18.75,18.75,18.75,18.75,0.0,18.75
2017-04-05,18.75,18.75,18.75,18.75,0.0,18.75
2017-04-06,18.75,18.75,18.75,18.75,0.0,18.75
2017-04-07,18.75,18.75,18.75,18.75,0.0,18.75
2017-04-10,18.75,18.75,18.75,18.75,0.0,18.75
2017-04-11,18.75,18.75,18.75,18.75,0.0,18.75
2017-04-12,18.75,18.75,18.75,18.75,0.0,18.75
2017-04-13,18.75,18.75,18.75,18.75,0.0,18.75
2017-04-17,18.75,18.75,18.75,18.75,0.0,18.75
2017-04-18,18.75,18.75,18.75,18.75,0.0,18.75
2017-04-19,18.75,18.75,18.75,18.75,0.0,18.75
2017-04-20,18.75,18.75,18.75,18.75,0.0,18.75
2017-04-21,18.75,18.75,18.75,18.75,0.0,18.75
2017-04-24,18.75,18.75,18.75,18.75,0.0,18.75
2017-04-25,18.75,18.75,18.75,18.75,0.0,18.75
2017-04-26,18.75,18.75,18.75,18.75,0.0,18.75
2017-04-27,18.75,18.75,18.75,18.75,0.0,18.75
2017-04-28,18.75,18.75,18.75,18.75,0.0,18.75
2017-05-01,18.75,18.75,18.75,18.75,0.0,18.75
2017-05-02,18.75,18.75,18.75,18.75,0.0,18.75
2017-05-03,18.75,18.75,18.75,18.75,0.0,18.75
2017-05-04,18.75,18.75,18.75,18.75,0.0,18.75
2017-05-05,18.75,18.75,18.75,18.75,0.0,18.75
2017-05-08,18.75,18.75,18.75,18.75,0.0,18.75
2017-05-09,18.75,18.75,18.75,18.75,0.0,18.75
2017-05-10,18.75,18.75,18.75,18.75,0.0,18.75
2017-05-11,18.75,18.75,18.75,18.75,0.0,18.75
2017-05-12,18.75,18.75,18.75,18.75,0.0,18.75
2017-05-15,18.75,18.75,18.75,18.75,0.0,18.75
2017-05-16,18.75,18.75,18.75,18.75,0.0,18.75
2017-05-17,18.75,18.75,18.75,18.75,0.0,18.75
2017-05-18,18.75,18.75,18.75,18.75,0.0,18.75
2017-05-19,18.75,18.75,18.75,18.75,0.0,18.75
2017-05-22,18.75,18.75,18.75,18.75,0.0,18.75
2017-05-23,18.75,18.75,18.75,18.75,0.0,18.75
2017-05-24,18.75,18.75,18.75,18.75,0.0,18.75
2017-05-25,18.75,18.75,18.75,18.75,0.0,18.75
2017-05-26,18.75,18.75,18.75,18.75,0.0,18.75
2017-05-30,18.75,18.75,18.75,18.75,0.0,18.75
2017-05-31,18.75,18.75,18.75,18.75,0.0,18.75
2017-06-01,18.75,18.75,18.75,18.75,0.0,18.75
2017-06-02,18.75,18.75,18.75,18.75,0.0,18.75
2017-06-05,18.75,18.75,18.75,18.75,0.0,18.75
2017-06-06,18.75,18.75,18.75,18.75,0.0,18.75
2017-06-07,18.75,18.75,18.75,18.75,0.0,18.75
2017-06-08,18.75,18.75,18.75,18.75,0.0,18.75
2017-06-09,18.75,18.75,18.75,18.75,0.0,18.75
2017-06-12,18.75,18.75,18.75,18.75,0.0,18.75
2017-06-13,18.75,18.75,18.75,18.75,0.0,18.75
2017-06-14,18.75,18.75,18.75,18.75,0.0,18.75
2017-06-15,18.75,18.75,18.75,18.75,0.0,18.75
2017-06-16,18.75,18.75,18.75,18.75,0.0,18.75
2017-06-19,18.75,18.75,18.75,18.75,0.0,18.75
2017-06-20,18.75,18.75,18.75,18.75,0.0,18.75
2017-06-21,18.75,18.75,18.75,18.75,0.0,18.75
2017-06-22,18.75,18.75,18.75,18.75,0.0,18.75
2017-06-23,18.75,18.75,18.75,18.75,0.0,18.75
2017-06-26,18.75,18.75,18.75,18.75,0.0,18.75
2017-06-27,18.75,18.75,18.75,18.75,0.0,18.75
2017-06-28,18.75,18.75,18.75,18.75,0.0,18.75
2017-06-29,18.75,18.75,18.75,18.75,0.0,18.75
2017-06-30,18.75,18.75,18.75,18.75,0.0,18.75
2017-07-03,18.75,18.75,18.75,18.75,0.0,18.75
2017-07-05,18.75,18.75,18.75,18.75,0.0,18.75
2017-07-06,18.75,18.75,18.75,18.75,0.0,18.75
2017-07-07,18.75,18.75,18.75,18.75,0.0,18.75
2017-07-10,18.75,18.75,18.75,18.75,0.0,18.75
2017-07-11,18.75,18.75,18.75,18.75,0.0,18.75
2017-07-12,18.75,18.75,18.75,18.75,0.0,18.75
2017-07-13,18.75,18.75,18.75,18.75,0.0,18.75
2017-07-14,18.75,18.75,18.75,18.75,0.0,18.75
2017-07-17,18.75,18.75,18.75,18.75,0.0,18.75
2017-07-18,18.75,18.75,18.75,18.75,0.0,18.75
2017-07-19,18.75,18.75,18.75,18.75,0.0,18.75
2017-07-20,18.75,18.75,18.75,18.75,0.0,18.75
2017-07-21,18.75,18.75,18.75,18.75,0.0,18.75
2017-07-24,18.75,18.75,18.75,18.75,0.0,18.75
2017-07-25,18.75,18.75,18.75,18.75,0.0,18.75
2017-07-26,18.75,18.75,18.75,18.75,0.0,18.75
2017-07-27,18.75,18.75,18.75,18.75,0.0,18.75
2017-07-28,18.75,18.75,18.75,18.75,0.0,18.75
2017-07-31,18.75,18.75,18.75,18.75,0.0,18.75
2017-08-01,18.75,18.75,18.75,18.75,0.0,18.75
2017-08-02,18.75,18.75,18.75,18.75,0.0,18.75
2017-08-03,18.75,18.75,18.75,18.75,0.0,18.75
2017-08-04,18.75,18.75,18.75,18.75,0.0,18.75
2017-08-07,18.75,18.75,18.75,18.75,0.0,18.75
2017-08-08,18.75,18.75,18.75,18.75,0.0,18.75
2017-08-09,18.75,18.75,18.75,18.75,0.0,18.75
2017-08-10,18.75,18.75,18.75,18.75,0.0,18.75
2017-08-11,18.75,18.75,18.75,18.75,0.0,18.75
2017-08-14,18.75,18.75,18.75,18.75,0.0,18.75
2017-08-15,18.75,18.75,18.75,18.75,0.0,18.75
2017-08-16,18.75,18.75,18.75,18.75,0.0,18.75
2017-08-17,18.75,18.75,18.75,18.75,0.0,18.75
2017-08-18,18.75,18.75,18.75,18.75,0.0,18.75
2017-08-21,18.75,18.75,18.75,18.75,0.0,18.75
2017-08-22,18.75,18.75,18.75,18.75,0.0,18.75
2017-08-23,18.75,18.75,18.75,18.75,0.0,18.75
2017-08-24,18.75,18.75,18.75,18.75,0.0,18.75
2017-08-25,18.75,18.75,18.75,18.75,0.0,18.75
2017-08-28,18.75,18.75,18.75,18.75,0.0,18.75
2017-08-29,18.75,18.75,18.75,18.75,0.0,18.75
2017-08-30,18.75,18.75,18.75,18.75,0.0,18.75
2017-08-31,18.75,18.75,18.75,18.75,0.0,18.75
2017-09-01,18.75,18.75,18.75,18.75,0.0,18.75
2017-09-05,18.75,18.75,18.75,18.75,0.0,18.75
2017-09-06,18.75,18.75,18.75,18.75,0.0,18.75
2017-09-07,18.75,18.75,18.75,18.75,0.0,18.75
2017-09-08,18.75,18.75,18.75,18.75,0.0,18.75
2017-09-11,18.75,18.75,18.75,18.75,0.0,18.75
2017-09-12,18.75,18.75,18.75,18.75,0.0,18.75
2017-09-13,18.75,18.75,18.75,18.75,0.0,18.75
2017-09-14,18.75,18.75,18.75,18.75,0.0,18.75
2017-09-15,18.75,18.75,18.75,18.75,0.0,18.75
2017-09-18,18.75,18.75,18.75,18.75,0.0,18.75
2017-09-19,18.75,18.75,18.75,18.75,0.0,18.75
2017-09-20,18.75,18.75,18.75,18.75,0.0,18.75
2017-09-21,54.25,54.25,54.25,54.25,100.0,54.25
2017-09-22,54.25,54.25,54.25,54.25,0.0,54.25
2017-09-25,54.25,54.25,54.25,54.25,0.0,54.25
2017-09-26,54.25,54.25,54.25,54.25,0.0,54.25
2017-09-27,54.25,54.25,54.25,54.25,0.0,54.25
2017-09-28,54.25,54.25,54.25,54.25,0.0,54.25
2017-09-29,54.25,54.25,54.25,54.25,0.0,54.25
2017-10-02,54.25,54.25,54.25,54.25,0.0,54.25
2017-10-03,54.25,54.25,54.25,54.25,0.0,54.25
2017-10-04,54.25,54.25,54.25,54.25,0.0,54.25
2017-10-05,54.25,54.25,54.25,54.25,0.0,54.25
2017-10-06,54.25,54.25,54.25,54.25,0.0,54.25
2017-10-09,54.25,54.25,54.25,54.25,0.0,54.25
2017-10-10,54.25,54.25,54.25,54.25,0.0,54.25
2017-10-11,54.25,54.25,54.25,54.25,0.0,54.25
2017-10-12,54.25,54.25,54.25,54.25,0.0,54.25
2017-10-13,54.25,54.25,54.25,54.25,0.0,54.25
2017-10-16,54.25,54.25,54.25,54.25,0.0,54.25
2017-10-17,54.25,54.25,54.25,54.25,0.0,54.25
2017-10-18,54.25,54.25,54.25,54.25,0.0,54.25
2017-10-19,54.25,54.25,54.25,54.25,0.0,54.25
2017-10-20,54.25,54.25,54.25,54.25,0.0,54.25
2017-10-23,54.25,54.25,54.25,54.25,0.0,54.25
2017-10-24,54.25,54.25,54.25,54.25,0.0,54.25
2017-10-25,54.25,54.25,54.25,54.25,0.0,54.25
2017-10-26,54.25,54.25,54.25,54.25,0.0,54.25
2017-10-27,54.25,54.25,54.25,54.25,0.0,54.25
2017-10-30,54.25,54.25,54.25,54.25,0.0,54.25
2017-10-31,54.25,54.25,54.25,54.25,0.0,54.25
2017-11-01,54.25,54.25,54.25,54.25,0.0,54.25
2017-11-02,54.25,54.25,54.25,54.25,0.0,54.25
2017-11-03,54.25,54.25,54.25,54.25,0.0,54.25
2017-11-06,54.25,54.25,54.25,54.25,0.0,54.25
2017-11-07,54.25,54.25,54.25,54.25,0.0,54.25
2017-11-08,54.25,54.25,54.25,54.25,0.0,54.25
2017-11-09,54.25,54.25,54.25,54.25,0.0,54.25
2017-11-10,54.25,54.25,54.25,54.25,0.0,54.25
2017-11-13,54.25,54.25,54.25,54.25,0.0,54.25
2017-11-14,54.25,54.25,54.25,54.25,0.0,54.25
2017-11-15,54.25,54.25,54.25,54.25,0.0,54.25
2017-11-16,54.25,54.25,54.25,54.25,0.0,54.25
2017-11-17,54.25,54.25,54.25,54.25,0.0,54.25
2017-11-20,54.25,54.25,54.25,54.25,0.0,54.25
2017-11-21,54.25,54.25,54.25,54.25,0.0,54.25
2017-11-22,54.25,54.25,54.25,54.25,0.0,54.25
2017-11-24,54.25,54.25,54.25,54.25,0.0,54.25
2017-11-27,54.25,54.25,54.25,54.25,0.0,54.25
2017-11-28,54.25,54.25,54.25,54.25,0.0,54.25
2017-11-29,54.25,54.25,54.25,54.25,0.0,54.25
2017-11-30,54.25,54.25,54.25,54.25,0.0,54.25
2017-12-01,54.25,54.25,54.25,54.25,0.0,54.25
2017-12-04,54.25,54.25,54.25,54.25,0.0,54.25
2017-12-05,54.25,54.25,54.25,54.25,0.0,54.25
2017-12-06,54.25,54.25,54.25,54.25,0.0,54.25
2017-12-07,54.25,54.25,54.25,54.25,0.0,54.25
2017-12-08,54.25,54.25,54.25,54.25,0.0,54.25
2017-12-11,54.25,54.25,54.25,54.25,0.0,54.25
2017-12-12,54.25,54.25,54.25,54.25,0.0,54.25
2017-12-13,54.25,54.25,54.25,54.25,0.0,54.25
2017-12-14,54.25,54.25,54.25,54.25,0.0,54.25
2017-12-15,54.25,54.25,54.25,54.25,0.0,54.25
2017-12-18,54.25,54.25,54.25,54.25,0.0,54.25
2017-12-19,54.25,54.25,54.25,54.25,0.0,54.25
2017-12-20,54.25,54.25,54.25,54.25,0.0,54.25
2017-12-21,54.25,54.25,54.25,54.25,0.0,54.25
2017-12-22,54.25,54.25,54.25,54.25,0.0,54.25
2017-12-26,54.25,54.25,54.25,54.25,0.0,54.25
2017-12-27,38.75,38.75,38.75,38.75,200.0,38.75
2017-12-28,38.75,38.75,38.75,38.75,0.0,38.75
2017-12-29,38.75,38.75,38.75,38.75,0.0,38.75
2018-01-02,38.75,38.75,38.75,38.75,0.0,38.75
2018-01-03,38.75,38.75,38.75,38.75,0.0,38.75
2018-01-04,38.75,38.75,38.75,38.75,0.0,38.75
2018-01-05,38.75,38.75,38.75,38.75,0.0,38.75
2018-01-08,38.75,38.75,38.75,38.75,0.0,38.75
2018-01-09,38.75,38.75,38.75,38.75,0.0,38.75
2018-01-10,38.75,38.75,38.75,38.75,0.0,38.75
2018-01-11,38.75,38.75,38.75,38.75,0.0,38.75
2018-01-12,38.75,38.75,38.75,38.75,0.0,38.75
2018-01-16,38.75,38.75,38.75,38.75,0.0,38.75
2018-01-17,38.75,38.75,38.75,38.75,0.0,38.75
2018-01-18,38.75,38.75,38.75,38.75,0.0,38.75
2018-01-19,38.75,38.75,38.75,38.75,0.0,38.75
2018-01-22,38.75,38.75,38.75,38.75,0.0,38.75
2018-01-23,38.75,38.75,38.75,38.75,0.0,38.75
2018-01-24,38.75,38.75,38.75,38.75,0.0,38.75
2018-01-25,38.75,38.75,38.75,38.75,0.0,38.75
2018-01-26,38.75,38.75,38.75,38.75,0.0,38.75
2018-01-29,38.75,38.75,38.75,38.75,0.0,38.75
2018-01-30,38.75,38.75,38.75,38.75,0.0,38.75
2018-01-31,38.75,38.75,38.75,38.75,0.0,38.75
2018-02-01,38.75,38.75,38.75,38.75,0.0,38.75
2018-02-02,38.75,38.75,38.75,38.75,0.0,38.75
2018-02-05,38.75,38.75,38.75,38.75,0.0,38.75
2018-02-06,38.75,38.75,38.75,38.75,0.0,38.75
2018-02-07,38.75,38.75,38.75,38.75,0.0,38.75
2018-02-08,38.75,38.75,38.75,38.75,0.0,38.75
2018-02-09,38.75,38.75,38.75,38.75,0.0,38.75
2018-02-12,38.75,38.75,38.75,38.75,0.0,38.75
2018-02-13,38.75,38.75,38.75,38.75,0.0,38.75
2018-02-14,38.75,38.75,38.75,38.75,0.0,38.75
2018-02-15,38.75,38.75,38.75,38.75,0.0,38.75
2018-02-16,38.75,38.75,38.75,38.75,0.0,38.75
2018-02-20,38.75,38.75,38.75,38.75,0.0,38.75
2018-02-21,38.75,38.75,38.75,38.75,0.0,38.75
2018-02-22,38.75,38.75,38.75,38.75,0.0,38.75
2018-02-23,38.75,38.75,38.75,38.75,0.0,38.75
2018-02-26,38.75,38.75,38.75,38.75,0.0,38.75
2018-02-27,38.75,38.75,38.75,38.75,0.0,38.75
2018-02-28,38.75,38.75,38.75,38.75,0.0,38.75
2018-03-01,38.75,38.75,38.75,38.75,0.0,38.75
2018-03-02,38.75,38.75,38.75,38.75,0.0,38.75
2018-03-05,38.75,38.75,38.75,38.75,0.0,38.75
2018-03-06,38.75,38.75,38.75,38.75,0.0,38.75
2018-03-07,38.75,38.75,38.75,38.75,0.0,38.75
2018-03-08,38.75,38.75,38.75,38.75,0.0,38.75
2018-03-09,38.75,38.75,38.75,38.75,0.0,38.75
2018-03-12,38.75,38.75,38.75,38.75,0.0,38.75
2018-03-13,38.75,38.75,38.75,38.75,0.0,38.75
2018-03-14,38.75,38.75,38.75,38.75,0.0,38.75
2018-03-15,38.75,38.75,38.75,38.75,0.0,38.75
2018-03-16,38.75,38.75,38.75,38.75,0.0,38.75
2018-03-19,38.75,38.75,38.75,38.75,0.0,38.75
2018-03-20,38.75,38.75,38.75,38.75,0.0,38.75
2018-03-21,38.75,38.75,38.75,38.75,0.0,38.75
2018-03-22,38.75,38.75,38.75,38.75,0.0,38.75
2018-03-23,38.75,38.75,38.75,38.75,0.0,38.75
2018-03-26,38.75,38.75,38.75,38.75,0.0,38.75
2018-03-27,38.75,38.75,38.75,38.75,0.0,38.75
2018-03-28,38.75,38.75,38.75,38.75,0.0,38.75
2018-03-29,38.75,38.75,38.75,38.75,0.0,38.75
2018-04-02,38.75,38.75,38.75,38.75,0.0,38.75
2018-04-03,38.75,38.75,38.75,38.75,0.0,38.75
2018-04-04,38.75,38.75,38.75,38.75,0.0,38.75
2018-04-05,38.75,38.75,38.75,38.75,0.0,38.75
2018-04-06,38.75,38.75,38.75,38.75,0.0,38.75
2018-04-09,38.75,38.75,38.75,38.75,0.0,38.75
2018-04-10,38.75,38.75,38.75,38.75,0.0,38.75
2018-04-11,38.75,38.75,38.75,38.75,0.0,38.75
2018-04-12,38.75,38.75,38.75,38.75,0.0,38.75
2018-04-13,38.75,38.75,38.75,38.75,0.0,38.75
2018-04-16,38.75,38.75,38.75,38.75,0.0,38.75
2018-04-17,38.75,38.75,38.75,38.75,0.0,38.75
2018-04-18,38.75,38.75,38.75,38.75,0.0,38.75
2018-04-19,38.75,38.75,38.75,38.75,0.0,38.75
2018-04-20,38.75,38.75,38.75,38.75,0.0,38.75
2018-04-23,38.75,38.75,38.75,38.75,0.0,38.75
2018-04-24,38.75,38.75,38.75,38.75,0.0,38.75
2018-04-25,38.75,38.75,38.75,38.75,0.0,38.75
2018-04-26,38.75,38.75,38.75,38.75,0.0,38.75
2018-04-27,38.75,38.75,38.75,38.75,0.0,38.75
2018-04-30,38.75,38.75,38.75,38.75,0.0,38.75
2018-05-01,38.75,38.75,38.75,38.75,0.0,38.75
2018-05-02,38.75,38.75,38.75,38.75,0.0,38.75
2018-05-03,38.75,38.75,38.75,38.75,0.0,38.75
2018-05-04,38.75,38.75,38.75,38.75,0.0,38.75
2018-05-07,38.75,38.75,38.75,38.75,0.0,38.75
2018-05-08,38.75,38.75,38.75,38.75,0.0,38.75
2018-05-09,38.75,38.75,38.75,38.75,0.0,38.75
2018-05-10,38.75,38.75,38.75,38.75,0.0,38.75
2018-05-11,38.75,38.75,38.75,38.75,0.0,38.75
2018-05-14,38.75,38.75,38.75,38.75,0.0,38.75
2018-05-15,38.75,38.75,38.75,38.75,0.0,38.75
2018-05-16,38.75,38.75,38.75,38.75,0.0,38.75
2018-05-17,38.75,38.75,38.75,38.75,0.0,38.75
2018-05-18,38.75,38.75,38.75,38.75,0.0,38.75
2018-05-21,38.75,38.75,38.75,38.75,0.0,38.75
2018-05-22,38.75,38.75,38.75,38.75,0.0,38.75
2018-05-23,38.75,38.75,38.75,38.75,0.0,38.75
2018-05-24,38.75,38.75,38.75,38.75,0.0,38.75
2018-05-25,38.75,38.75,38.75,38.75,0.0,38.75
2018-05-29,38.75,38.75,38.75,38.75,0.0,38.75
2018-05-30,38.75,38.75,38.75,38.75,0.0,38.75
2018-05-31,38.75,38.75,38.75,38.75,0.0,38.75
2018-06-01,38.75,38.75,38.75,38.75,0.0,38.75
2018-06-04,38.75,38.75,38.75,38.75,0.0,38.75
2018-06-05,38.75,38.75,38.75,38.75,0.0,38.75
2018-06-06,38.75,38.75,38.75,38.75,0.0,38.75
2018-06-07,38.75,38.75,38.75,38.75,0.0,38.75
2018-06-08,38.75,38.75,38.75,38.75,0.0,38.75
2018-06-11,38.75,38.75,38.75,38.75,0.0,38.75
2018-06-12,38.75,38.75,38.75,38.75,0.0,38.75
2018-06-13,38.75,38.75,38.75,38.75,0.0,38.75
2018-06-14,38.75,38.75,38.75,38.75,0.0,38.75
2018-06-15,38.75,38.75,38.75,38.75,0.0,38.75
2018-06-18,38.75,38.75,38.75,38.75,0.0,38.75
2018-06-19,38.75,38.75,38.75,38.75,0.0,38.75
2018-06-20,38.75,38.75,38.75,38.75,0.0,38.75
2018-06-21,38.75,38.75,38.75,38.75,0.0,38.75
2018-06-22,38.75,38.75,38.75,38.75,0.0,38.75
2018-06-25,38.75,38.75,38.75,38.75,0.0,38.75
2018-06-26,38.75,38.75,38.75,38.75,0.0,38.75
2018-06-27,38.75,38.75,38.75,38.75,0.0,38.75
2018-06-28,38.75,38.75,38.75,38.75,0.0,38.75
2018-06-29,38.75,38.75,38.75,38.75,0.0,38.75
2018-07-02,38.75,38.75,38.75,38.75,0.0,38.75
2018-07-03,38.75,38.75,38.75,38.75,0.0,38.75
2018-07-05,38.75,38.75,38.75,38.75,0.0,38.75
2018-07-06,38.75,38.75,38.75,38.75,0.0,38.75
2018-07-09,38.75,38.75,38.75,38.75,0.0,38.75
2018-07-10,38.75,38.75,38.75,38.75,0.0,38.75
2018-07-11,38.75,38.75,38.75,38.75,0.0,38.75
2018-07-12,38.75,38.75,38.75,38.75,0.0,38.75
2018-07-13,38.75,38.75,38.75,38.75,0.0,38.75
2018-07-16,38.75,38.75,38.75,38.75,0.0,38.75
2018-07-17,38.75,38.75,38.75,38.75,0.0,38.75
2018-07-18,38.75,38.75,38.75,38.75,0.0,38.75
2018-07-19,38.75,38.75,38.75,38.75,0.0,38.75
2018-07-20,38.75,38.75,38.75,38.75,0.0,38.75
2018-07-23,38.75,38.75,38.75,38.75,0.0,38.75
2018-07-24,38.75,38.75,38.75,38.75,0.0,38.75
2018-07-25,38.75,38.75,38.75,38.75,0.0,38.75
2018-07-26,38.75,38.75,38.75,38.75,0.0,38.75
2018-07-27,38.75,38.75,38.75,38.75,0.0,38.75
2018-07-30,38.75,38.75,38.75,38.75,0.0,38.75
2018-07-31,38.75,38.75,38.75,38.75,0.0,38.75
2018-08-01,38.75,38.75,38.75,38.75,0.0,38.75
2018-08-02,38.75,38.75,38.75,38.75,0.0,38.75
2018-08-03,38.75,38.75,38.75,38.75,0.0,38.75
2018-08-06,38.75,38.75,38.75,38.75,0.0,38.75
2018-08-07,38.75,38.75,38.75,38.75,0.0,38.75
2018-08-08,38.75,38.75,38.75,38.75,0.0,38.75
2018-08-09,38.75,38.75,38.75,38.75,0.0,38.75
2018-08-10,38.75,38.75,38.75,38.75,0.0,38.75
2018-08-13,38.75,38.75,38.75,38.75,0.0,38.75
2018-08-14,38.75,38.75,38.75,38.75,0.0,38.75
2018-08-15,38.75,38.75,38.75,38.75,0.0,38.75
2018-08-16,38.75,38.75,38.75,38.75,0.0,38.75
2018-08-17,38.75,38.75,38.75,38.75,0.0,38.75
2018-08-20,38.75,38.75,38.75,38.75,0.0,38.75
2018-08-21,38.75,38.75,38.75,38.75,0.0,38.75
2018-08-22,38.75,38.75,38.75,38.75,0.0,38.75
2018-08-23,38.75,38.75,38.75,38.75,0.0,38.75
2018-08-24,38.75,38.75,38.75,38.75,0.0,38.75
2018-08-27,38.75,38.75,38.75,38.75,0.0,38.75
2018-08-28,38.75,38.75,38.75,38.75,0.0,38.75
2018-08-29,38.75,38.75,38.75,38.75,0.0,38.75
2018-08-30,38.75,38.75,38.75,38.75,0.0,38.75
2018-08-31,38.75,38.75,38.75,38.75,0.0,38.75
2018-09-04,38.75,38.75,38.75,38.75,0.0,38.75
2018-09-05,38.75,38.75,38.75,38.75,0.0,38.75
2018-09-06,38.75,38.75,38.75,38.75,0.0,38.75
2018-09-07,38.75,38.75,38.75,38.75,0.0,38.75
2018-09-10,38.75,38.75,38.75,38.75,0.0,38.75
2018-09-11,38.75,38.75,38.75,38.75,0.0,38.75
2018-09-12,38.75,38.75,38.75,38.75,0.0,38.75
2018-09-13,38.75,38.75,38.75,38.75,0.0,38.75
2018-09-14,38.75,38.75,38.75,38.75,0.0,38.75
2018-09-17,38.75,38.75,38.75,38.75,0.0,38.75
2018-09-18,38.75,38.75,38.75,38.75,0.0,38.75
2018-09-19,38.75,38.75,38.75,38.75,0.0,38.75
2018-09-20,38.75,38.75,38.75,38.75,0.0,38.75
2018-09-21,38.75,38.75,38.75,38.75,0.0,38.75
2018-09-24,38.75,38.75,38.75,38.75,0.0,38.75
2018-09-25,38.75,38.75,38.75,38.75,0.0,38.75
2018-09-26,38.75,38.75,38.75,38.75,0.0,38.75
2018-09-27,38.75,38.75,38.75,38.75,0.0,38.75
2018-09-28,38.75,38.75,38.75,38.75,0.0,38.75
2018-10-01,38.75,38.75,38.75,38.75,0.0,38.75
2018-10-02,38.75,38.75,38.75,38.75,0.0,38.75
2018-10-03,38.75,38.75,38.75,38.75,0.0,38.75
2018-10-04,38.75,38.75,38.75,38.75,0.0,38.75
2018-10-05,38.75,38.75,38.75,38.75,0.0,38.75
2018-10-08,38.75,38.75,38.75,38.75,0.0,38.75
2018-10-09,38.75,38.75,38.75,38.75,0.0,38.75
2018-10-10,38.75,38.75,38.75,38.75,0.0,38.75
2018-10-11,38.75,38.75,38.75,38.75,0.0,38.75
2018-10-12,38.75,38.75,38.75,38.75,0.0,38.75
2018-10-15,38.75,38.75,38.75,38.75,0.0,38.75
2018-10-16,27.299999237060547,27.299999237060547,27.299999237060547,27.299999237060547,180.0,27.299999237060547
2018-10-17,27.299999237060547,27.299999237060547,27.299999237060547,27.299999237060547,0.0,27.299999237060547
2018-10-18,27.299999237060547,27.299999237060547,27.299999237060547,27.299999237060547,0.0,27.299999237060547
2018-10-19,27.299999237060547,27.299999237060547,27.299999237060547,27.299999237060547,0.0,27.299999237060547
2018-10-22,27.299999237060547,27.299999237060547,27.299999237060547,27.299999237060547,0.0,27.299999237060547
2018-10-23,27.299999237060547,27.299999237060547,27.299999237060547,27.299999237060547,0.0,27.299999237060547
2018-10-24,27.299999237060547,27.299999237060547,27.299999237060547,27.299999237060547,0.0,27.299999237060547
2018-10-25,27.299999237060547,27.299999237060547,27.299999237060547,27.299999237060547,0.0,27.299999237060547
2018-10-26,27.299999237060547,27.299999237060547,27.299999237060547,27.299999237060547,0.0,27.299999237060547
2018-10-29,27.299999237060547,27.299999237060547,27.299999237060547,27.299999237060547,0.0,27.299999237060547
2018-10-30,27.299999237060547,27.299999237060547,27.299999237060547,27.299999237060547,0.0,27.299999237060547
2018-10-31,27.299999237060547,27.299999237060547,27.299999237060547,27.299999237060547,0.0,27.299999237060547
2018-11-01,27.299999237060547,27.299999237060547,27.299999237060547,27.299999237060547,0.0,27.299999237060547
2018-11-02,27.299999237060547,27.299999237060547,27.299999237060547,27.299999237060547,0.0,27.299999237060547
2018-11-05,27.299999237060547,27.299999237060547,27.299999237060547,27.299999237060547,0.0,27.299999237060547
2018-11-06,27.299999237060547,27.299999237060547,27.299999237060547,27.299999237060547,0.0,27.299999237060547
2018-11-07,27.299999237060547,27.299999237060547,27.299999237060547,27.299999237060547,0.0,27.299999237060547
2018-11-08,27.299999237060547,27.299999237060547,27.299999237060547,27.299999237060547,0.0,27.299999237060547
2018-11-09,27.299999237060547,27.299999237060547,27.299999237060547,27.299999237060547,0.0,27.299999237060547
2018-11-12,27.299999237060547,27.299999237060547,27.299999237060547,27.299999237060547,0.0,27.299999237060547
2018-11-13,27.299999237060547,27.299999237060547,27.299999237060547,27.299999237060547,0.0,27.299999237060547
2018-11-14,27.299999237060547,27.299999237060547,27.299999237060547,27.299999237060547,0.0,27.299999237060547
2018-11-15,27.299999237060547,27.299999237060547,27.299999237060547,27.299999237060547,0.0,27.299999237060547
2018-11-16,27.299999237060547,27.299999237060547,27.299999237060547,27.299999237060547,0.0,27.299999237060547
2018-11-19,27.299999237060547,27.299999237060547,27.299999237060547,27.299999237060547,0.0,27.299999237060547
2018-11-20,27.299999237060547,27.299999237060547,27.299999237060547,27.299999237060547,0.0,27.299999237060547
2018-11-21,27.299999237060547,27.299999237060547,27.299999237060547,27.299999237060547,0.0,27.299999237060547
2018-11-23,27.299999237060547,27.299999237060547,27.299999237060547,27.299999237060547,0.0,27.299999237060547
2018-11-26,27.299999237060547,27.299999237060547,27.299999237060547,27.299999237060547,0.0,27.299999237060547
2018-11-27,27.299999237060547,27.299999237060547,27.299999237060547,27.299999237060547,0.0,27.299999237060547
2018-11-28,27.299999237060547,27.299999237060547,27.299999237060547,27.299999237060547,0.0,27.299999237060547
2018-11-29,27.299999237060547,27.299999237060547,27.299999237060547,27.299999237060547,0.0,27.299999237060547
2018-11-30,27.299999237060547,27.299999237060547,27.299999237060547,27.299999237060547,0.0,27.299999237060547
2018-12-03,27.299999237060547,27.299999237060547,27.299999237060547,27.299999237060547,0.0,27.299999237060547
2018-12-04,27.299999237060547,27.299999237060547,27.299999237060547,27.299999237060547,0.0,27.299999237060547
2018-12-06,27.299999237060547,27.299999237060547,27.299999237060547,27.299999237060547,0.0,27.299999237060547
2018-12-07,27.299999237060547,27.299999237060547,27.299999237060547,27.299999237060547,0.0,27.299999237060547
2018-12-10,27.299999237060547,27.299999237060547,27.299999237060547,27.299999237060547,0.0,27.299999237060547
2018-12-11,27.299999237060547,27.299999237060547,27.299999237060547,27.299999237060547,0.0,27.299999237060547
2018-12-12,27.299999237060547,27.299999237060547,27.299999237060547,27.299999237060547,0.0,27.299999237060547
2018-12-13,27.299999237060547,27.299999237060547,27.299999237060547,27.299999237060547,0.0,27.299999237060547
2018-12-14,27.299999237060547,27.299999237060547,27.299999237060547,27.299999237060547,0.0,27.299999237060547
2018-12-17,27.299999237060547,27.299999237060547,27.299999237060547,27.299999237060547,0.0,27.299999237060547
2018-12-18,27.299999237060547,27.299999237060547,27.299999237060547,27.299999237060547,0.0,27.299999237060547
2018-12-19,27.299999237060547,27.299999237060547,27.299999237060547,27.299999237060547,0.0,27.299999237060547
2018-12-20,27.299999237060547,27.299999237060547,27.299999237060547,27.299999237060547,0.0,27.299999237060547
2018-12-21,27.299999237060547,27.299999237060547,27.299999237060547,27.299999237060547,0.0,27.299999237060547
2018-12-24,27.299999237060547,27.299999237060547,27.299999237060547,27.299999237060547,0.0,27.299999237060547
2018-12-26,27.299999237060547,27.299999237060547,27.299999237060547,27.299999237060547,0.0,27.299999237060547
2018-12-27,27.299999237060547,27.299999237060547,27.299999237060547,27.299999237060547,0.0,27.299999237060547
2018-12-28,27.299999237060547,27.299999237060547,27.299999237060547,27.299999237060547,0.0,27.299999237060547
2018-12-31,27.299999237060547,27.299999237060547,27.299999237060547,27.299999237060547,0.0,27.299999237060547
2019-01-02,27.299999237060547,27.299999237060547,27.299999237060547,27.299999237060547,0.0,27.299999237060547
2019-01-03,27.299999237060547,27.299999237060547,27.299999237060547,27.299999237060547,0.0,27.299999237060547
2019-01-04,27.299999237060547,27.299999237060547,27.299999237060547,27.299999237060547,0.0,27.299999237060547
2019-01-07,27.299999237060547,27.299999237060547,27.299999237060547,27.299999237060547,0.0,27.299999237060547
2019-01-08,27.299999237060547,27.299999237060547,27.299999237060547,27.299999237060547,0.0,27.299999237060547
2019-01-09,27.299999237060547,27.299999237060547,27.299999237060547,27.299999237060547,0.0,27.299999237060547
2019-01-10,27.299999237060547,27.299999237060547,27.299999237060547,27.299999237060547,0.0,27.299999237060547
2019-01-11,27.299999237060547,27.299999237060547,27.299999237060547,27.299999237060547,0.0,27.299999237060547
2019-01-14,27.299999237060547,27.299999237060547,27.299999237060547,27.299999237060547,0.0,27.299999237060547
2019-01-15,27.299999237060547,27.299999237060547,27.299999237060547,27.299999237060547,0.0,27.299999237060547
2019-01-16,27.299999237060547,27.299999237060547,27.299999237060547,27.299999237060547,0.0,27.299999237060547
2019-01-17,27.299999237060547,27.299999237060547,27.299999237060547,27.299999237060547,0.0,27.299999237060547
2019-01-18,27.299999237060547,27.299999237060547,27.299999237060547,27.299999237060547,0.0,27.299999237060547
2019-01-22,27.299999237060547,27.299999237060547,27.299999237060547,27.299999237060547,0.0,27.299999237060547
2019-01-23,27.299999237060547,27.299999237060547,27.299999237060547,27.299999237060547,0.0,27.299999237060547
2019-01-24,27.299999237060547,27.299999237060547,27.299999237060547,27.299999237060547,0.0,27.299999237060547
2019-01-25,27.299999237060547,27.299999237060547,27.299999237060547,27.299999237060547,0.0,27.299999237060547
2019-01-28,27.299999237060547,27.299999237060547,27.299999237060547,27.299999237060547,0.0,27.299999237060547
2019-01-29,27.299999237060547,27.299999237060547,27.299999237060547,27.299999237060547,0.0,27.299999237060547
2019-01-30,27.299999237060547,27.299999237060547,27.299999237060547,27.299999237060547,0.0,27.299999237060547
2019-01-31,27.299999237060547,27.299999237060547,27.299999237060547,27.299999237060547,0.0,27.299999237060547
2019-02-01,27.299999237060547,27.299999237060547,27.299999237060547,27.299999237060547,0.0,27.299999237060547
2019-02-04,27.299999237060547,27.299999237060547,27.299999237060547,27.299999237060547,0.0,27.299999237060547
2019-02-05,27.299999237060547,27.299999237060547,27.299999237060547,27.299999237060547,0.0,27.299999237060547
2019-02-06,27.299999237060547,27.299999237060547,27.299999237060547,27.299999237060547,0.0,27.299999237060547
2019-02-07,27.299999237060547,27.299999237060547,27.299999237060547,27.299999237060547,0.0,27.299999237060547
2019-02-08,27.299999237060547,27.299999237060547,27.299999237060547,27.299999237060547,0.0,27.299999237060547
2019-02-11,27.299999237060547,27.299999237060547,27.299999237060547,27.299999237060547,0.0,27.299999237060547
2019-02-12,27.299999237060547,27.299999237060547,27.299999237060547,27.299999237060547,0.0,27.299999237060547
2019-02-13,27.299999237060547,27.299999237060547,27.299999237060547,27.299999237060547,0.0,27.299999237060547
2019-02-14,27.299999237060547,27.299999237060547,27.299999237060547,27.299999237060547,0.0,27.299999237060547
2019-02-15,27.299999237060547,27.299999237060547,27.299999237060547,27.299999237060547,0.0,27.299999237060547
2019-02-19,27.299999237060547,27.299999237060547,27.299999237060547,27.299999237060547,0.0,27.299999237060547
2019-02-20,27.299999237060547,27.299999237060547,27.299999237060547,27.299999237060547,0.0,27.299999237060547
2019-02-21,27.299999237060547,27.299999237060547,27.299999237060547,27.299999237060547,0.0,27.299999237060547
2019-02-22,27.299999237060547,27.299999237060547,27.299999237060547,27.299999237060547,0.0,27.299999237060547
2019-02-25,27.299999237060547,27.299999237060547,27.299999237060547,27.299999237060547,0.0,27.299999237060547
2019-02-26,27.299999237060547,27.299999237060547,27.299999237060547,27.299999237060547,0.0,27.299999237060547
2019-02-27,27.299999237060547,27.299999237060547,27.299999237060547,27.299999237060547,0.0,27.299999237060547
2019-02-28,27.299999237060547,27.299999237060547,27.299999237060547,27.299999237060547,0.0,27.299999237060547
2019-03-01,27.299999237060547,27.299999237060547,27.299999237060547,27.299999237060547,0.0,27.299999237060547
2019-03-04,27.299999237060547,27.299999237060547,27.299999237060547,27.299999237060547,0.0,27.299999237060547
2019-03-05,27.299999237060547,27.299999237060547,27.299999237060547,27.299999237060547,0.0,27.299999237060547
2019-03-06,27.299999237060547,27.299999237060547,27.299999237060547,27.299999237060547,0.0,27.299999237060547
2019-03-07,27.299999237060547,27.299999237060547,27.299999237060547,27.299999237060547,0.0,27.299999237060547
2019-03-08,27.299999237060547,27.299999237060547,27.299999237060547,27.299999237060547,0.0,27.299999237060547
2019-03-11,27.299999237060547,27.299999237060547,27.299999237060547,27.299999237060547,0.0,27.299999237060547
2019-03-12,27.299999237060547,27.299999237060547,27.299999237060547,27.299999237060547,0.0,27.299999237060547
2019-03-13,27.299999237060547,27.299999237060547,27.299999237060547,27.299999237060547,0.0,27.299999237060547
2019-03-14,27.299999237060547,27.299999237060547,27.299999237060547,27.299999237060547,0.0,27.299999237060547
2019-03-15,27.299999237060547,27.299999237060547,27.299999237060547,27.299999237060547,0.0,27.299999237060547
2019-03-18,27.299999237060547,27.299999237060547,27.299999237060547,27.299999237060547,0.0,27.299999237060547
2019-03-19,27.299999237060547,27.299999237060547,27.299999237060547,27.299999237060547,0.0,27.299999237060547
2019-03-20,27.299999237060547,27.299999237060547,27.299999237060547,27.299999237060547,0.0,27.299999237060547
2019-03-21,27.299999237060547,27.299999237060547,27.299999237060547,27.299999237060547,0.0,27.299999237060547
2019-03-22,27.299999237060547,27.299999237060547,27.299999237060547,27.299999237060547,0.0,27.299999237060547
2019-03-25,27.299999237060547,27.299999237060547,27.299999237060547,27.299999237060547,0.0,27.299999237060547
2019-03-26,27.299999237060547,27.299999237060547,27.299999237060547,27.299999237060547,0.0,27.299999237060547
2019-03-27,27.299999237060547,27.299999237060547,27.299999237060547,27.299999237060547,0.0,27.299999237060547
2019-03-28,27.299999237060547,27.299999237060547,27.299999237060547,27.299999237060547,0.0,27.299999237060547
2019-03-29,27.299999237060547,27.299999237060547,27.299999237060547,27.299999237060547,0.0,27.299999237060547
2019-04-01,27.299999237060547,27.299999237060547,27.299999237060547,27.299999237060547,0.0,27.299999237060547
2019-04-02,27.299999237060547,27.299999237060547,27.299999237060547,27.299999237060547,0.0,27.299999237060547
2019-04-03,27.299999237060547,27.299999237060547,27.299999237060547,27.299999237060547,0.0,27.299999237060547
2019-04-04,27.299999237060547,27.299999237060547,27.299999237060547,27.299999237060547,0.0,27.299999237060547
2019-04-05,27.299999237060547,27.299999237060547,27.299999237060547,27.299999237060547,0.0,27.299999237060547
2019-04-08,27.299999237060547,27.299999237060547,27.299999237060547,27.299999237060547,0.0,27.299999237060547
2019-04-09,27.299999237060547,27.299999237060547,27.299999237060547,27.299999237060547,0.0,27.299999237060547
2019-04-10,27.299999237060547,27.299999237060547,27.299999237060547,27.299999237060547,0.0,27.299999237060547
2019-04-11,27.299999237060547,27.299999237060547,27.299999237060547,27.299999237060547,0.0,27.299999237060547
2019-04-12,27.299999237060547,27.299999237060547,27.299999237060547,27.299999237060547,0.0,27.299999237060547
2019-04-15,21.81999969482422,21.81999969482422,21.81999969482422,21.81999969482422,300.0,21.81999969482422
2019-04-16,21.81999969482422,21.81999969482422,21.81999969482422,21.81999969482422,0.0,21.81999969482422
2019-04-17,21.81999969482422,21.81999969482422,21.81999969482422,21.81999969482422,0.0,21.81999969482422
2019-04-18,21.81999969482422,21.81999969482422,21.81999969482422,21.81999969482422,0.0,21.81999969482422
2019-04-22,21.81999969482422,21.81999969482422,21.81999969482422,21.81999969482422,0.0,21.81999969482422
2019-04-23,21.81999969482422,21.81999969482422,21.81999969482422,21.81999969482422,0.0,21.81999969482422
2019-04-24,21.81999969482422,21.81999969482422,21.81999969482422,21.81999969482422,0.0,21.81999969482422
2019-04-25,21.81999969482422,21.81999969482422,21.81999969482422,21.81999969482422,0.0,21.81999969482422
2019-04-26,21.81999969482422,21.81999969482422,21.81999969482422,21.81999969482422,0.0,21.81999969482422
2019-04-29,21.81999969482422,21.81999969482422,21.81999969482422,21.81999969482422,0.0,21.81999969482422
2019-04-30,21.81999969482422,21.81999969482422,21.81999969482422,21.81999969482422,0.0,21.81999969482422
2019-05-01,21.81999969482422,21.81999969482422,21.81999969482422,21.81999969482422,0.0,21.81999969482422
2019-05-02,21.81999969482422,21.81999969482422,21.81999969482422,21.81999969482422,0.0,21.81999969482422
2019-05-03,21.81999969482422,21.81999969482422,21.81999969482422,21.81999969482422,0.0,21.81999969482422
2019-05-06,21.81999969482422,21.81999969482422,21.81999969482422,21.81999969482422,0.0,21.81999969482422
2019-05-07,21.81999969482422,21.81999969482422,21.81999969482422,21.81999969482422,0.0,21.81999969482422
2019-05-08,21.81999969482422,21.81999969482422,21.81999969482422,21.81999969482422,0.0,21.81999969482422
2019-05-09,21.81999969482422,21.81999969482422,21.81999969482422,21.81999969482422,0.0,21.81999969482422
2019-05-10,21.81999969482422,21.81999969482422,21.81999969482422,21.81999969482422,0.0,21.81999969482422
2019-05-13,21.81999969482422,21.81999969482422,21.81999969482422,21.81999969482422,0.0,21.81999969482422
2019-05-14,21.81999969482422,21.81999969482422,21.81999969482422,21.81999969482422,0.0,21.81999969482422
2019-05-15,21.81999969482422,21.81999969482422,21.81999969482422,21.81999969482422,0.0,21.81999969482422
2019-05-16,21.81999969482422,21.81999969482422,21.81999969482422,21.81999969482422,0.0,21.81999969482422
2019-05-17,21.81999969482422,21.81999969482422,21.81999969482422,21.81999969482422,0.0,21.81999969482422
2019-05-20,21.81999969482422,21.81999969482422,21.81999969482422,21.81999969482422,0.0,21.81999969482422
2019-05-21,21.81999969482422,21.81999969482422,21.81999969482422,21.81999969482422,0.0,21.81999969482422
2019-05-22,21.81999969482422,21.81999969482422,21.81999969482422,21.81999969482422,0.0,21.81999969482422
2019-05-23,21.81999969482422,21.81999969482422,21.81999969482422,21.81999969482422,0.0,21.81999969482422
2019-05-24,21.81999969482422,21.81999969482422,21.81999969482422,21.81999969482422,0.0,21.81999969482422
2019-05-28,21.81999969482422,21.81999969482422,21.81999969482422,21.81999969482422,0.0,21.81999969482422
2019-05-29,21.81999969482422,21.81999969482422,21.81999969482422,21.81999969482422,0.0,21.81999969482422
2019-05-30,21.81999969482422,21.81999969482422,21.81999969482422,21.81999969482422,0.0,21.81999969482422
2019-05-31,21.81999969482422,21.81999969482422,21.81999969482422,21.81999969482422,0.0,21.81999969482422
2019-06-03,21.81999969482422,21.81999969482422,21.81999969482422,21.81999969482422,0.0,21.81999969482422
2019-06-04,21.81999969482422,21.81999969482422,21.81999969482422,21.81999969482422,0.0,21.81999969482422
2019-06-05,21.81999969482422,21.81999969482422,21.81999969482422,21.81999969482422,0.0,21.81999969482422
2019-06-06,21.81999969482422,21.81999969482422,21.81999969482422,21.81999969482422,0.0,21.81999969482422
2019-06-07,21.81999969482422,21.81999969482422,21.81999969482422,21.81999969482422,0.0,21.81999969482422
2019-06-10,21.81999969482422,21.81999969482422,21.81999969482422,21.81999969482422,0.0,21.81999969482422
2019-06-11,21.81999969482422,21.81999969482422,21.81999969482422,21.81999969482422,0.0,21.81999969482422
2019-06-12,21.81999969482422,21.81999969482422,21.81999969482422,21.81999969482422,0.0,21.81999969482422
2019-06-13,21.81999969482422,21.81999969482422,21.81999969482422,21.81999969482422,0.0,21.81999969482422
2019-06-14,21.81999969482422,21.81999969482422,21.81999969482422,21.81999969482422,0.0,21.81999969482422
2019-06-17,21.81999969482422,21.81999969482422,21.81999969482422,21.81999969482422,0.0,21.81999969482422
2019-06-18,21.81999969482422,21.81999969482422,21.81999969482422,21.81999969482422,0.0,21.81999969482422
2019-06-19,21.81999969482422,21.81999969482422,21.81999969482422,21.81999969482422,0.0,21.81999969482422
2019-06-20,21.81999969482422,21.81999969482422,21.81999969482422,21.81999969482422,0.0,21.81999969482422
2019-06-21,21.81999969482422,21.81999969482422,21.81999969482422,21.81999969482422,0.0,21.81999969482422
2019-06-24,21.81999969482422,21.81999969482422,21.81999969482422,21.81999969482422,0.0,21.81999969482422
2019-06-25,21.81999969482422,21.81999969482422,21.81999969482422,21.81999969482422,0.0,21.81999969482422
2019-06-26,21.81999969482422,21.81999969482422,21.81999969482422,21.81999969482422,0.0,21.81999969482422
2019-06-27,12.050000190734863,12.050000190734863,12.050000190734863,12.050000190734863,200.0,12.050000190734863
2019-06-28,12.050000190734863,12.050000190734863,12.050000190734863,12.050000190734863,0.0,12.050000190734863
2019-07-01,12.050000190734863,12.050000190734863,12.050000190734863,12.050000190734863,0.0,12.050000190734863
2019-07-02,12.050000190734863,12.050000190734863,12.050000190734863,12.050000190734863,0.0,12.050000190734863
2019-07-03,12.050000190734863,12.050000190734863,12.050000190734863,12.050000190734863,0.0,12.050000190734863
2019-07-05,12.050000190734863,12.050000190734863,12.050000190734863,12.050000190734863,0.0,12.050000190734863
2019-07-08,12.050000190734863,12.050000190734863,12.050000190734863,12.050000190734863,0.0,12.050000190734863
2019-07-09,12.050000190734863,12.050000190734863,12.050000190734863,12.050000190734863,0.0,12.050000190734863
2019-07-10,12.050000190734863,12.050000190734863,12.050000190734863,12.050000190734863,0.0,12.050000190734863
2019-07-11,12.050000190734863,12.050000190734863,12.050000190734863,12.050000190734863,0.0,12.050000190734863
2019-07-12,12.050000190734863,12.050000190734863,12.050000190734863,12.050000190734863,0.0,12.050000190734863
2019-07-15,12.050000190734863,12.050000190734863,12.050000190734863,12.050000190734863,0.0,12.050000190734863
2019-07-16,12.050000190734863,12.050000190734863,12.050000190734863,12.050000190734863,0.0,12.050000190734863
2019-07-17,12.050000190734863,12.050000190734863,12.050000190734863,12.050000190734863,0.0,12.050000190734863
2019-07-18,12.050000190734863,12.050000190734863,12.050000190734863,12.050000190734863,0.0,12.050000190734863
2019-07-19,12.050000190734863,12.050000190734863,12.050000190734863,12.050000190734863,0.0,12.050000190734863
2019-07-22,12.050000190734863,12.050000190734863,12.050000190734863,12.050000190734863,0.0,12.050000190734863
2019-07-23,12.050000190734863,12.050000190734863,12.050000190734863,12.050000190734863,0.0,12.050000190734863
2019-07-24,12.050000190734863,12.050000190734863,12.050000190734863,12.050000190734863,0.0,12.050000190734863
2019-07-25,12.050000190734863,12.050000190734863,12.050000190734863,12.050000190734863,0.0,12.050000190734863
2019-07-26,12.050000190734863,12.050000190734863,12.050000190734863,12.050000190734863,0.0,12.050000190734863
2019-07-29,12.050000190734863,12.050000190734863,12.050000190734863,12.050000190734863,0.0,12.050000190734863
2019-07-30,12.050000190734863,12.050000190734863,12.050000190734863,12.050000190734863,0.0,12.050000190734863
2019-07-31,12.050000190734863,12.050000190734863,12.050000190734863,12.050000190734863,0.0,12.050000190734863
2019-08-01,12.050000190734863,12.050000190734863,12.050000190734863,12.050000190734863,0.0,12.050000190734863
2019-08-02,12.050000190734863,12.050000190734863,12.050000190734863,12.050000190734863,0.0,12.050000190734863
2019-08-05,12.050000190734863,12.050000190734863,12.050000190734863,12.050000190734863,0.0,12.050000190734863
2019-08-06,12.050000190734863,12.050000190734863,12.050000190734863,12.050000190734863,0.0,12.050000190734863
2019-08-07,12.050000190734863,12.050000190734863,12.050000190734863,12.050000190734863,0.0,12.050000190734863
2019-08-08,12.050000190734863,12.050000190734863,12.050000190734863,12.050000190734863,0.0,12.050000190734863
2019-08-09,12.050000190734863,12.050000190734863,12.050000190734863,12.050000190734863,0.0,12.050000190734863
2019-08-12,12.050000190734863,12.050000190734863,12.050000190734863,12.050000190734863,0.0,12.050000190734863
2019-08-13,12.050000190734863,12.050000190734863,12.050000190734863,12.050000190734863,0.0,12.050000190734863
2019-08-14,12.050000190734863,12.050000190734863,12.050000190734863,12.050000190734863,0.0,12.050000190734863
2019-08-15,12.050000190734863,12.050000190734863,12.050000190734863,12.050000190734863,0.0,12.050000190734863
2019-08-16,12.050000190734863,12.050000190734863,12.050000190734863,12.050000190734863,0.0,12.050000190734863
2019-08-19,12.050000190734863,12.050000190734863,12.050000190734863,12.050000190734863,0.0,12.050000190734863
2019-08-20,12.050000190734863,12.050000190734863,12.050000190734863,12.050000190734863,0.0,12.050000190734863
2019-08-21,12.050000190734863,12.050000190734863,12.050000190734863,12.050000190734863,0.0,12.050000190734863
2019-08-22,12.050000190734863,12.050000190734863,12.050000190734863,12.050000190734863,0.0,12.050000190734863
2019-08-23,12.050000190734863,12.050000190734863,12.050000190734863,12.050000190734863,0.0,12.050000190734863
2019-08-26,12.050000190734863,12.050000190734863,12.050000190734863,12.050000190734863,0.0,12.050000190734863
2019-08-27,12.050000190734863,12.050000190734863,12.050000190734863,12.050000190734863,0.0,12.050000190734863
2019-08-28,12.050000190734863,12.050000190734863,12.050000190734863,12.050000190734863,0.0,12.050000190734863
2019-08-29,12.050000190734863,12.050000190734863,12.050000190734863,12.050000190734863,0.0,12.050000190734863
2019-08-30,12.050000190734863,12.050000190734863,12.050000190734863,12.050000190734863,0.0,12.050000190734863
2019-09-03,12.050000190734863,12.050000190734863,12.050000190734863,12.050000190734863,0.0,12.050000190734863
2019-09-04,12.050000190734863,12.050000190734863,12.050000190734863,12.050000190734863,0.0,12.050000190734863
2019-09-05,12.050000190734863,12.050000190734863,12.050000190734863,12.050000190734863,0.0,12.050000190734863
2019-09-06,12.050000190734863,12.050000190734863,12.050000190734863,12.050000190734863,0.0,12.050000190734863
2019-09-09,12.050000190734863,12.050000190734863,12.050000190734863,12.050000190734863,0.0,12.050000190734863
2019-09-10,12.050000190734863,12.050000190734863,12.050000190734863,12.050000190734863,0.0,12.050000190734863
2019-09-11,12.050000190734863,12.050000190734863,12.050000190734863,12.050000190734863,0.0,12.050000190734863
2019-09-12,12.050000190734863,12.050000190734863,12.050000190734863,12.050000190734863,0.0,12.050000190734863
2019-09-13,12.050000190734863,12.050000190734863,12.050000190734863,12.050000190734863,0.0,12.050000190734863
2019-09-16,12.050000190734863,12.050000190734863,12.050000190734863,12.050000190734863,0.0,12.050000190734863
2019-09-17,12.050000190734863,12.050000190734863,12.050000190734863,12.050000190734863,0.0,12.050000190734863
2019-09-18,12.050000190734863,12.050000190734863,12.050000190734863,12.050000190734863,0.0,12.050000190734863
2019-09-19,12.050000190734863,12.050000190734863,12.050000190734863,12.050000190734863,0.0,12.050000190734863
2019-09-20,12.050000190734863,12.050000190734863,12.050000190734863,12.050000190734863,0.0,12.050000190734863
2019-09-23,12.050000190734863,12.050000190734863,12.050000190734863,12.050000190734863,0.0,12.050000190734863
2019-09-24,12.050000190734863,12.050000190734863,12.050000190734863,12.050000190734863,0.0,12.050000190734863
2019-09-25,12.050000190734863,12.050000190734863,12.050000190734863,12.050000190734863,0.0,12.050000190734863
2019-09-26,12.050000190734863,12.050000190734863,12.050000190734863,12.050000190734863,0.0,12.050000190734863
2019-09-27,12.050000190734863,12.050000190734863,12.050000190734863,12.050000190734863,0.0,12.050000190734863
2019-09-30,12.050000190734863,12.050000190734863,12.050000190734863,12.050000190734863,0.0,12.050000190734863
2019-10-01,12.050000190734863,12.050000190734863,12.050000190734863,12.050000190734863,0.0,12.050000190734863
2019-10-02,12.050000190734863,12.050000190734863,12.050000190734863,12.050000190734863,0.0,12.050000190734863
2019-10-03,12.050000190734863,12.050000190734863,12.050000190734863,12.050000190734863,0.0,12.050000190734863
2019-10-04,12.050000190734863,12.050000190734863,12.050000190734863,12.050000190734863,0.0,12.050000190734863
2019-10-07,12.050000190734863,12.050000190734863,12.050000190734863,12.050000190734863,0.0,12.050000190734863
2019-10-08,12.050000190734863,12.050000190734863,12.050000190734863,12.050000190734863,0.0,12.050000190734863
2019-10-09,12.050000190734863,12.050000190734863,12.050000190734863,12.050000190734863,0.0,12.050000190734863
2019-10-10,12.050000190734863,12.050000190734863,12.050000190734863,12.050000190734863,0.0,12.050000190734863
2019-10-11,12.050000190734863,12.050000190734863,12.050000190734863,12.050000190734863,0.0,12.050000190734863
2019-10-14,12.050000190734863,12.050000190734863,12.050000190734863,12.050000190734863,0.0,12.050000190734863
2019-10-15,12.050000190734863,12.050000190734863,12.050000190734863,12.050000190734863,0.0,12.050000190734863
2019-10-16,12.050000190734863,12.050000190734863,12.050000190734863,12.050000190734863,0.0,12.050000190734863
2019-10-17,12.050000190734863,12.050000190734863,12.050000190734863,12.050000190734863,0.0,12.050000190734863
2019-10-18,12.050000190734863,12.050000190734863,12.050000190734863,12.050000190734863,0.0,12.050000190734863
2019-10-21,12.050000190734863,12.050000190734863,12.050000190734863,12.050000190734863,0.0,12.050000190734863
2019-10-22,12.050000190734863,12.050000190734863,12.050000190734863,12.050000190734863,0.0,12.050000190734863
2019-10-23,12.050000190734863,12.050000190734863,12.050000190734863,12.050000190734863,0.0,12.050000190734863
2019-10-24,12.050000190734863,12.050000190734863,12.050000190734863,12.050000190734863,0.0,12.050000190734863
2019-10-25,12.050000190734863,12.050000190734863,12.050000190734863,12.050000190734863,0.0,12.050000190734863
2019-10-28,12.050000190734863,12.050000190734863,12.050000190734863,12.050000190734863,0.0,12.050000190734863
2019-10-29,12.050000190734863,12.050000190734863,12.050000190734863,12.050000190734863,0.0,12.050000190734863
2019-10-30,12.050000190734863,12.050000190734863,12.050000190734863,12.050000190734863,0.0,12.050000190734863
2019-10-31,12.050000190734863,12.050000190734863,12.050000190734863,12.050000190734863,0.0,12.050000190734863
2019-11-01,12.050000190734863,12.050000190734863,12.050000190734863,12.050000190734863,0.0,12.050000190734863
2019-11-04,12.050000190734863,12.050000190734863,12.050000190734863,12.050000190734863,0.0,12.050000190734863
2019-11-05,12.050000190734863,12.050000190734863,12.050000190734863,12.050000190734863,0.0,12.050000190734863
2019-11-06,12.050000190734863,12.050000190734863,12.050000190734863,12.050000190734863,0.0,12.050000190734863
2019-11-07,12.050000190734863,12.050000190734863,12.050000190734863,12.050000190734863,0.0,12.050000190734863
2019-11-08,12.050000190734863,12.050000190734863,12.050000190734863,12.050000190734863,0.0,12.050000190734863
2019-11-11,12.050000190734863,12.050000190734863,12.050000190734863,12.050000190734863,0.0,12.050000190734863
2019-11-12,12.050000190734863,12.050000190734863,12.050000190734863,12.050000190734863,0.0,12.050000190734863
2019-11-13,12.050000190734863,12.050000190734863,12.050000190734863,12.050000190734863,0.0,12.050000190734863
2019-11-14,12.050000190734863,12.050000190734863,12.050000190734863,12.050000190734863,0.0,12.050000190734863
2019-11-15,12.050000190734863,12.050000190734863,12.050000190734863,12.050000190734863,0.0,12.050000190734863
2019-11-18,12.050000190734863,12.050000190734863,12.050000190734863,12.050000190734863,0.0,12.050000190734863
2019-11-19,12.050000190734863,12.050000190734863,12.050000190734863,12.050000190734863,0.0,12.050000190734863
2019-11-20,12.050000190734863,12.050000190734863,12.050000190734863,12.050000190734863,0.0,12.050000190734863
2019-11-21,12.050000190734863,12.050000190734863,12.050000190734863,12.050000190734863,0.0,12.050000190734863
2019-11-22,12.050000190734863,12.050000190734863,12.050000190734863,12.050000190734863,0.0,12.050000190734863
2019-11-25,12.050000190734863,12.050000190734863,12.050000190734863,12.050000190734863,0.0,12.050000190734863
2019-11-26,12.050000190734863,12.050000190734863,12.050000190734863,12.050000190734863,0.0,12.050000190734863
2019-11-27,12.050000190734863,12.050000190734863,12.050000190734863,12.050000190734863,0.0,12.050000190734863
2019-11-29,12.050000190734863,12.050000190734863,12.050000190734863,12.050000190734863,0.0,12.050000190734863
2019-12-02,12.050000190734863,12.050000190734863,12.050000190734863,12.050000190734863,0.0,12.050000190734863
2019-12-03,12.050000190734863,12.050000190734863,12.050000190734863,12.050000190734863,0.0,12.050000190734863
2019-12-04,12.050000190734863,12.050000190734863,12.050000190734863,12.050000190734863,0.0,12.050000190734863
2019-12-05,12.050000190734863,12.050000190734863,12.050000190734863,12.050000190734863,0.0,12.050000190734863
2019-12-06,12.050000190734863,12.050000190734863,12.050000190734863,12.050000190734863,0.0,12.050000190734863
2019-12-09,12.050000190734863,12.050000190734863,12.050000190734863,12.050000190734863,0.0,12.050000190734863
2019-12-10,11.300000190734863,11.300000190734863,11.300000190734863,11.300000190734863,100.0,11.300000190734863
2019-12-11,11.25,11.25,11.25,11.25,350.0,11.25
2019-12-12,11.25,11.25,11.25,11.25,0.0,11.25
2019-12-13,11.25,11.25,11.25,11.25,0.0,11.25
2019-12-16,11.25,11.25,11.25,11.25,0.0,11.25
2019-12-17,11.25,11.25,11.25,11.25,0.0,11.25
2019-12-18,11.25,11.25,11.25,11.25,0.0,11.25
2019-12-19,11.25,11.25,11.25,11.25,0.0,11.25
2019-12-20,11.25,11.25,11.25,11.25,0.0,11.25
2019-12-23,11.25,11.25,11.25,11.25,0.0,11.25
2019-12-24,11.25,11.25,11.25,11.25,0.0,11.25
2019-12-26,11.25,11.25,11.25,11.25,0.0,11.25
2019-12-27,11.25,11.25,11.25,11.25,0.0,11.25
2019-12-30,11.25,11.25,11.25,11.25,0.0,11.25
2019-12-31,11.25,11.25,11.25,11.25,0.0,11.25
2020-01-02,11.25,11.25,11.25,11.25,0.0,11.25
2020-01-03,11.25,11.25,11.25,11.25,0.0,11.25
2020-01-06,11.25,11.25,11.25,11.25,0.0,11.25
2020-01-07,11.25,11.25,11.25,11.25,0.0,11.25
2020-01-08,11.25,11.25,11.25,11.25,0.0,11.25
2020-01-09,11.25,11.25,11.25,11.25,0.0,11.25
2020-01-10,11.25,11.25,11.25,11.25,0.0,11.25
2020-01-13,11.25,11.25,11.25,11.25,0.0,11.25
2020-01-14,11.25,11.25,11.25,11.25,0.0,11.25
2020-01-15,11.25,11.25,11.25,11.25,0.0,11.25
2020-01-16,11.25,11.25,11.25,11.25,0.0,11.25
2020-01-17,11.25,11.25,11.25,11.25,0.0,11.25
2020-01-21,11.25,11.25,11.25,11.25,0.0,11.25
2020-01-22,12.239999771118164,12.239999771118164,12.239999771118164,12.239999771118164,600.0,12.239999771118164
2020-01-23,12.239999771118164,12.239999771118164,12.239999771118164,12.239999771118164,0.0,12.239999771118164
2020-01-24,12.239999771118164,12.239999771118164,12.239999771118164,12.239999771118164,0.0,12.239999771118164
2020-01-27,12.239999771118164,12.239999771118164,12.239999771118164,12.239999771118164,0.0,12.239999771118164
2020-01-28,12.239999771118164,12.239999771118164,12.239999771118164,12.239999771118164,0.0,12.239999771118164
2020-01-29,12.239999771118164,12.239999771118164,12.239999771118164,12.239999771118164,0.0,12.239999771118164
2020-01-30,12.239999771118164,12.239999771118164,12.239999771118164,12.239999771118164,0.0,12.239999771118164
2020-01-31,12.239999771118164,12.239999771118164,12.239999771118164,12.239999771118164,0.0,12.239999771118164
2020-02-03,12.239999771118164,12.239999771118164,12.239999771118164,12.239999771118164,0.0,12.239999771118164
2020-02-04,12.239999771118164,12.239999771118164,12.239999771118164,12.239999771118164,0.0,12.239999771118164
2020-02-05,12.239999771118164,12.239999771118164,12.239999771118164,12.239999771118164,0.0,12.239999771118164
2020-02-06,12.239999771118164,12.239999771118164,12.239999771118164,12.239999771118164,0.0,12.239999771118164
2020-02-07,12.239999771118164,12.239999771118164,12.239999771118164,12.239999771118164,0.0,12.239999771118164
2020-02-10,12.239999771118164,12.239999771118164,12.239999771118164,12.239999771118164,0.0,12.239999771118164
2020-02-11,12.239999771118164,12.239999771118164,12.239999771118164,12.239999771118164,0.0,12.239999771118164
2020-02-12,12.239999771118164,12.239999771118164,12.239999771118164,12.239999771118164,0.0,12.239999771118164
2020-02-13,12.239999771118164,12.239999771118164,12.239999771118164,12.239999771118164,0.0,12.239999771118164
2020-02-14,12.239999771118164,12.239999771118164,12.239999771118164,12.239999771118164,0.0,12.239999771118164
2020-02-18,12.239999771118164,12.239999771118164,12.239999771118164,12.239999771118164,0.0,12.239999771118164
2020-02-19,12.239999771118164,12.239999771118164,12.239999771118164,12.239999771118164,0.0,12.239999771118164
2020-02-20,12.239999771118164,12.239999771118164,12.239999771118164,12.239999771118164,0.0,12.239999771118164
2020-02-21,12.239999771118164,12.239999771118164,12.239999771118164,12.239999771118164,0.0,12.239999771118164
2020-02-24,12.239999771118164,12.239999771118164,12.239999771118164,12.239999771118164,0.0,12.239999771118164
2020-02-25,12.239999771118164,12.239999771118164,12.239999771118164,12.239999771118164,0.0,12.239999771118164
2020-02-26,12.239999771118164,12.239999771118164,12.239999771118164,12.239999771118164,0.0,12.239999771118164
2020-02-27,12.239999771118164,12.239999771118164,12.239999771118164,12.239999771118164,0.0,12.239999771118164
2020-02-28,12.239999771118164,12.239999771118164,12.239999771118164,12.239999771118164,0.0,12.239999771118164
2020-03-02,12.239999771118164,12.239999771118164,12.239999771118164,12.239999771118164,0.0,12.239999771118164
2020-03-03,12.239999771118164,12.239999771118164,12.239999771118164,12.239999771118164,0.0,12.239999771118164
2020-03-04,12.239999771118164,12.239999771118164,12.239999771118164,12.239999771118164,0.0,12.239999771118164
2020-03-05,12.239999771118164,12.239999771118164,12.239999771118164,12.239999771118164,0.0,12.239999771118164
2020-03-06,12.239999771118164,12.239999771118164,12.239999771118164,12.239999771118164,0.0,12.239999771118164
2020-03-09,12.239999771118164,12.239999771118164,12.239999771118164,12.239999771118164,0.0,12.239999771118164
2020-03-10,12.239999771118164,12.239999771118164,12.239999771118164,12.239999771118164,0.0,12.239999771118164
2020-03-11,12.239999771118164,12.239999771118164,12.239999771118164,12.239999771118164,0.0,12.239999771118164
2020-03-12,12.239999771118164,12.239999771118164,12.239999771118164,12.239999771118164,0.0,12.239999771118164
2020-03-13,12.239999771118164,12.239999771118164,12.239999771118164,12.239999771118164,0.0,12.239999771118164
2020-03-16,12.239999771118164,12.239999771118164,12.239999771118164,12.239999771118164,0.0,12.239999771118164
2020-03-17,12.239999771118164,12.239999771118164,12.239999771118164,12.239999771118164,0.0,12.239999771118164
2020-03-18,12.239999771118164,12.239999771118164,12.239999771118164,12.239999771118164,0.0,12.239999771118164
2020-03-19,12.239999771118164,12.239999771118164,12.239999771118164,12.239999771118164,0.0,12.239999771118164
2020-03-20,12.239999771118164,12.239999771118164,12.239999771118164,12.239999771118164,0.0,12.239999771118164
2020-03-23,12.239999771118164,12.239999771118164,12.239999771118164,12.239999771118164,0.0,12.239999771118164
2020-03-24,12.239999771118164,12.239999771118164,12.239999771118164,12.239999771118164,0.0,12.239999771118164
2020-03-25,12.239999771118164,12.239999771118164,12.239999771118164,12.239999771118164,0.0,12.239999771118164
2020-03-26,12.239999771118164,12.239999771118164,12.239999771118164,12.239999771118164,0.0,12.239999771118164
2020-03-27,12.239999771118164,12.239999771118164,12.239999771118164,12.239999771118164,0.0,12.239999771118164
2020-03-30,12.239999771118164,12.239999771118164,12.239999771118164,12.239999771118164,0.0,12.239999771118164
2020-03-31,12.239999771118164,12.239999771118164,12.239999771118164,12.239999771118164,0.0,12.239999771118164
2020-04-01,12.239999771118164,12.239999771118164,12.239999771118164,12.239999771118164,0.0,12.239999771118164
2020-04-02,12.239999771118164,12.239999771118164,12.239999771118164,12.239999771118164,0.0,12.239999771118164
2020-04-03,12.239999771118164,12.239999771118164,12.239999771118164,12.239999771118164,0.0,12.239999771118164
2020-04-06,12.239999771118164,12.239999771118164,12.239999771118164,12.239999771118164,0.0,12.239999771118164
2020-04-07,12.239999771118164,12.239999771118164,12.239999771118164,12.239999771118164,0.0,12.239999771118164
2020-04-08,12.239999771118164,12.239999771118164,12.239999771118164,12.239999771118164,0.0,12.239999771118164
2020-04-09,12.239999771118164,12.239999771118164,12.239999771118164,12.239999771118164,0.0,12.239999771118164
2020-04-13,12.239999771118164,12.239999771118164,12.239999771118164,12.239999771118164,0.0,12.239999771118164
2020-04-14,12.239999771118164,12.239999771118164,12.239999771118164,12.239999771118164,0.0,12.239999771118164
2020-04-15,12.239999771118164,12.239999771118164,12.239999771118164,12.239999771118164,0.0,12.239999771118164
2020-04-16,12.239999771118164,12.239999771118164,12.239999771118164,12.239999771118164,0.0,12.239999771118164
2020-04-17,12.239999771118164,12.239999771118164,12.239999771118164,12.239999771118164,0.0,12.239999771118164
2020-04-20,12.239999771118164,12.239999771118164,12.239999771118164,12.239999771118164,0.0,12.239999771118164
2020-04-21,12.239999771118164,12.239999771118164,12.239999771118164,12.239999771118164,0.0,12.239999771118164
2020-04-22,12.239999771118164,12.239999771118164,12.239999771118164,12.239999771118164,0.0,12.239999771118164
2020-04-23,12.239999771118164,12.239999771118164,12.239999771118164,12.239999771118164,0.0,12.239999771118164
2020-04-24,12.239999771118164,12.239999771118164,12.239999771118164,12.239999771118164,0.0,12.239999771118164
2020-04-27,12.239999771118164,12.239999771118164,12.239999771118164,12.239999771118164,0.0,12.239999771118164
2020-04-28,12.239999771118164,12.239999771118164,12.239999771118164,12.239999771118164,0.0,12.239999771118164
2020-04-29,12.239999771118164,12.239999771118164,12.239999771118164,12.239999771118164,0.0,12.239999771118164
2020-04-30,12.239999771118164,12.239999771118164,12.239999771118164,12.239999771118164,0.0,12.239999771118164
2020-05-01,12.239999771118164,12.239999771118164,12.239999771118164,12.239999771118164,0.0,12.239999771118164
2020-05-04,12.239999771118164,12.239999771118164,12.239999771118164,12.239999771118164,0.0,12.239999771118164
2020-05-05,12.239999771118164,12.239999771118164,12.239999771118164,12.239999771118164,0.0,12.239999771118164
2020-05-06,12.239999771118164,12.239999771118164,12.239999771118164,12.239999771118164,0.0,12.239999771118164
2020-05-07,12.239999771118164,12.239999771118164,12.239999771118164,12.239999771118164,0.0,12.239999771118164
2020-05-08,12.239999771118164,12.239999771118164,12.239999771118164,12.239999771118164,0.0,12.239999771118164
2020-05-11,12.239999771118164,12.239999771118164,12.239999771118164,12.239999771118164,0.0,12.239999771118164
2020-05-12,12.239999771118164,12.239999771118164,12.239999771118164,12.239999771118164,0.0,12.239999771118164
2020-05-13,12.239999771118164,12.239999771118164,12.239999771118164,12.239999771118164,0.0,12.239999771118164
2020-05-14,12.239999771118164,12.239999771118164,12.239999771118164,12.239999771118164,0.0,12.239999771118164
2020-05-15,12.239999771118164,12.239999771118164,12.239999771118164,12.239999771118164,0.0,12.239999771118164
2020-05-18,12.239999771118164,12.239999771118164,12.239999771118164,12.239999771118164,0.0,12.239999771118164
2020-05-19,12.239999771118164,12.239999771118164,12.239999771118164,12.239999771118164,0.0,12.239999771118164
2020-05-20,12.239999771118164,12.239999771118164,12.239999771118164,12.239999771118164,0.0,12.239999771118164
2020-05-21,12.239999771118164,12.239999771118164,12.239999771118164,12.239999771118164,0.0,12.239999771118164
2020-05-22,12.239999771118164,12.239999771118164,12.239999771118164,12.239999771118164,0.0,12.239999771118164
2020-05-26,12.239999771118164,12.239999771118164,12.239999771118164,12.239999771118164,0.0,12.239999771118164
2020-05-27,12.239999771118164,12.239999771118164,12.239999771118164,12.239999771118164,0.0,12.239999771118164
2020-05-28,12.239999771118164,12.239999771118164,12.239999771118164,12.239999771118164,0.0,12.239999771118164
2020-05-29,12.239999771118164,12.239999771118164,12.239999771118164,12.239999771118164,0.0,12.239999771118164
2020-06-01,12.239999771118164,12.239999771118164,12.239999771118164,12.239999771118164,0.0,12.239999771118164
2020-06-02,12.239999771118164,12.239999771118164,12.239999771118164,12.239999771118164,0.0,12.239999771118164
2020-06-03,12.239999771118164,12.239999771118164,12.239999771118164,12.239999771118164,0.0,12.239999771118164
2020-06-04,12.239999771118164,12.239999771118164,12.239999771118164,12.239999771118164,0.0,12.239999771118164
2020-06-05,12.239999771118164,12.239999771118164,12.239999771118164,12.239999771118164,0.0,12.239999771118164
2020-06-08,12.239999771118164,12.239999771118164,12.239999771118164,12.239999771118164,0.0,12.239999771118164
2020-06-09,12.239999771118164,12.239999771118164,12.239999771118164,12.239999771118164,0.0,12.239999771118164
2020-06-10,12.239999771118164,12.239999771118164,12.239999771118164,12.239999771118164,0.0,12.239999771118164
2020-06-11,12.239999771118164,12.239999771118164,12.239999771118164,12.239999771118164,0.0,12.239999771118164
2020-06-12,12.239999771118164,12.239999771118164,12.239999771118164,12.239999771118164,0.0,12.239999771118164
2020-06-15,12.239999771118164,12.239999771118164,12.239999771118164,12.239999771118164,0.0,12.239999771118164
2020-06-16,12.239999771118164,12.239999771118164,12.239999771118164,12.239999771118164,0.0,12.239999771118164
2020-06-17,12.239999771118164,12.239999771118164,12.239999771118164,12.239999771118164,0.0,12.239999771118164
2020-06-18,12.239999771118164,12.239999771118164,12.239999771118164,12.239999771118164,0.0,12.239999771118164
2020-06-19,12.239999771118164,12.239999771118164,12.239999771118164,12.239999771118164,0.0,12.239999771118164
2020-06-22,12.239999771118164,12.239999771118164,12.239999771118164,12.239999771118164,0.0,12.239999771118164
2020-06-23,12.239999771118164,12.239999771118164,12.239999771118164,12.239999771118164,0.0,12.239999771118164
2020-06-24,12.239999771118164,12.239999771118164,12.239999771118164,12.239999771118164,0.0,12.239999771118164
2020-06-25,12.239999771118164,12.239999771118164,12.239999771118164,12.239999771118164,0.0,12.239999771118164
2020-06-26,12.239999771118164,12.239999771118164,12.239999771118164,12.239999771118164,0.0,12.239999771118164
2020-06-29,12.239999771118164,12.239999771118164,12.239999771118164,12.239999771118164,0.0,12.239999771118164
2020-06-30,12.239999771118164,12.239999771118164,12.239999771118164,12.239999771118164,0.0,12.239999771118164
2020-07-01,12.239999771118164,12.239999771118164,12.239999771118164,12.239999771118164,0.0,12.239999771118164
2020-07-02,12.239999771118164,12.239999771118164,12.239999771118164,12.239999771118164,0.0,12.239999771118164
2020-07-06,12.239999771118164,12.239999771118164,12.239999771118164,12.239999771118164,0.0,12.239999771118164
2020-07-07,12.239999771118164,12.239999771118164,12.239999771118164,12.239999771118164,0.0,12.239999771118164
2020-07-08,12.239999771118164,12.239999771118164,12.239999771118164,12.239999771118164,0.0,12.239999771118164
2020-07-09,12.239999771118164,12.239999771118164,12.239999771118164,12.239999771118164,0.0,12.239999771118164
2020-07-10,12.239999771118164,12.239999771118164,12.239999771118164,12.239999771118164,0.0,12.239999771118164
2020-07-13,12.239999771118164,12.239999771118164,12.239999771118164,12.239999771118164,0.0,12.239999771118164
2020-07-14,12.239999771118164,12.239999771118164,12.239999771118164,12.239999771118164,0.0,12.239999771118164
2020-07-15,12.239999771118164,12.239999771118164,12.239999771118164,12.239999771118164,0.0,12.239999771118164
2020-07-16,12.239999771118164,12.239999771118164,12.239999771118164,12.239999771118164,0.0,12.239999771118164
2020-07-17,12.239999771118164,12.239999771118164,12.239999771118164,12.239999771118164,0.0,12.239999771118164
2020-07-20,12.239999771118164,12.239999771118164,12.239999771118164,12.239999771118164,0.0,12.239999771118164
2020-07-21,12.239999771118164,12.239999771118164,12.239999771118164,12.239999771118164,0.0,12.239999771118164
2020-07-22,12.239999771118164,12.239999771118164,12.239999771118164,12.239999771118164,0.0,12.239999771118164
2020-07-23,12.239999771118164,12.239999771118164,12.239999771118164,12.239999771118164,0.0,12.239999771118164
2020-07-24,12.239999771118164,12.239999771118164,12.239999771118164,12.239999771118164,0.0,12.239999771118164
2020-07-27,12.239999771118164,12.239999771118164,12.239999771118164,12.239999771118164,0.0,12.239999771118164
2020-07-28,12.239999771118164,12.239999771118164,12.239999771118164,12.239999771118164,0.0,12.239999771118164
2020-07-29,12.239999771118164,12.239999771118164,12.239999771118164,12.239999771118164,0.0,12.239999771118164
2020-07-30,12.239999771118164,12.239999771118164,12.239999771118164,12.239999771118164,0.0,12.239999771118164
2020-07-31,12.239999771118164,12.239999771118164,12.239999771118164,12.239999771118164,0.0,12.239999771118164
2020-08-03,12.239999771118164,12.239999771118164,12.239999771118164,12.239999771118164,0.0,12.239999771118164
2020-08-04,12.239999771118164,12.239999771118164,12.239999771118164,12.239999771118164,0.0,12.239999771118164
2020-08-05,12.239999771118164,12.239999771118164,12.239999771118164,12.239999771118164,0.0,12.239999771118164
2020-08-06,12.239999771118164,12.239999771118164,12.239999771118164,12.239999771118164,0.0,12.239999771118164
2020-08-07,12.239999771118164,12.239999771118164,12.239999771118164,12.239999771118164,0.0,12.239999771118164
2020-08-10,12.239999771118164,12.239999771118164,12.239999771118164,12.239999771118164,0.0,12.239999771118164
2020-08-11,12.239999771118164,12.239999771118164,12.239999771118164,12.239999771118164,0.0,12.239999771118164
2020-08-12,12.239999771118164,12.239999771118164,12.239999771118164,12.239999771118164,0.0,12.239999771118164
2020-08-13,12.239999771118164,12.239999771118164,12.239999771118164,12.239999771118164,0.0,12.239999771118164
2020-08-14,12.239999771118164,12.239999771118164,12.239999771118164,12.239999771118164,0.0,12.239999771118164
2020-08-17,12.239999771118164,12.239999771118164,12.239999771118164,12.239999771118164,0.0,12.239999771118164
2020-08-18,12.239999771118164,12.239999771118164,12.239999771118164,12.239999771118164,0.0,12.239999771118164
2020-08-19,12.239999771118164,12.239999771118164,12.239999771118164,12.239999771118164,0.0,12.239999771118164
2020-08-20,12.239999771118164,12.239999771118164,12.239999771118164,12.239999771118164,0.0,12.239999771118164
2020-08-21,12.239999771118164,12.239999771118164,12.239999771118164,12.239999771118164,0.0,12.239999771118164
2020-08-24,12.239999771118164,12.239999771118164,12.239999771118164,12.239999771118164,0.0,12.239999771118164
2020-08-25,12.239999771118164,12.239999771118164,12.239999771118164,12.239999771118164,0.0,12.239999771118164
2020-08-26,12.239999771118164,12.239999771118164,12.239999771118164,12.239999771118164,0.0,12.239999771118164
2020-08-27,12.239999771118164,12.239999771118164,12.239999771118164,12.239999771118164,0.0,12.239999771118164
2020-08-28,12.239999771118164,12.239999771118164,12.239999771118164,12.239999771118164,0.0,12.239999771118164
2020-08-31,12.239999771118164,12.239999771118164,12.239999771118164,12.239999771118164,0.0,12.239999771118164
2020-09-01,12.239999771118164,12.239999771118164,12.239999771118164,12.239999771118164,0.0,12.239999771118164
2020-09-02,12.239999771118164,12.239999771118164,12.239999771118164,12.239999771118164,0.0,12.239999771118164
2020-09-03,12.239999771118164,12.239999771118164,12.239999771118164,12.239999771118164,0.0,12.239999771118164
2020-09-04,12.239999771118164,12.239999771118164,12.239999771118164,12.239999771118164,0.0,12.239999771118164
2020-09-08,12.239999771118164,12.239999771118164,12.239999771118164,12.239999771118164,0.0,12.239999771118164
2020-09-09,12.239999771118164,12.239999771118164,12.239999771118164,12.239999771118164,0.0,12.239999771118164
2020-09-10,12.239999771118164,12.239999771118164,12.239999771118164,12.239999771118164,0.0,12.239999771118164
2020-09-11,12.239999771118164,12.239999771118164,12.239999771118164,12.239999771118164,0.0,12.239999771118164
2020-09-14,12.239999771118164,12.239999771118164,12.239999771118164,12.239999771118164,0.0,12.239999771118164
2020-09-15,12.239999771118164,12.239999771118164,12.239999771118164,12.239999771118164,0.0,12.239999771118164
2020-09-16,12.239999771118164,12.239999771118164,12.239999771118164,12.239999771118164,0.0,12.239999771118164
2020-09-17,12.239999771118164,12.239999771118164,12.239999771118164,12.239999771118164,0.0,12.239999771118164
2020-09-21,12.239999771118164,12.239999771118164,12.239999771118164,12.239999771118164,0.0,12.239999771118164
2020-09-22,12.239999771118164,12.239999771118164,12.239999771118164,12.239999771118164,0.0,12.239999771118164
2020-09-23,12.239999771118164,12.239999771118164,12.239999771118164,12.239999771118164,0.0,12.239999771118164
2020-09-24,12.239999771118164,12.239999771118164,12.239999771118164,12.239999771118164,0.0,12.239999771118164
2020-09-25,12.239999771118164,12.239999771118164,12.239999771118164,12.239999771118164,0.0,12.239999771118164
2020-09-28,12.239999771118164,12.239999771118164,12.239999771118164,12.239999771118164,0.0,12.239999771118164
2020-09-29,12.239999771118164,12.239999771118164,12.239999771118164,12.239999771118164,0.0,12.239999771118164
2020-09-30,12.239999771118164,12.239999771118164,12.239999771118164,12.239999771118164,0.0,12.239999771118164
2020-10-01,12.239999771118164,12.239999771118164,12.239999771118164,12.239999771118164,0.0,12.239999771118164
2020-10-02,12.239999771118164,12.239999771118164,12.239999771118164,12.239999771118164,0.0,12.239999771118164
2020-10-05,12.239999771118164,12.239999771118164,12.239999771118164,12.239999771118164,0.0,12.239999771118164
2020-10-06,12.239999771118164,12.239999771118164,12.239999771118164,12.239999771118164,0.0,12.239999771118164
2020-10-07,12.239999771118164,12.239999771118164,12.239999771118164,12.239999771118164,0.0,12.239999771118164
2020-10-08,12.239999771118164,12.239999771118164,12.239999771118164,12.239999771118164,0.0,12.239999771118164
2020-10-09,12.239999771118164,12.239999771118164,12.239999771118164,12.239999771118164,0.0,12.239999771118164
2020-10-12,9.149999618530273,9.149999618530273,9.149999618530273,9.149999618530273,2323.0,9.149999618530273
2020-10-13,9.149999618530273,9.149999618530273,9.149999618530273,9.149999618530273,0.0,9.149999618530273
2020-10-14,9.149999618530273,9.149999618530273,9.149999618530273,9.149999618530273,0.0,9.149999618530273
2020-10-15,9.149999618530273,9.149999618530273,9.149999618530273,9.149999618530273,0.0,9.149999618530273
2020-10-16,9.149999618530273,9.149999618530273,9.149999618530273,9.149999618530273,0.0,9.149999618530273
2020-10-19,9.149999618530273,9.149999618530273,9.149999618530273,9.149999618530273,0.0,9.149999618530273
2020-10-20,9.149999618530273,9.149999618530273,9.149999618530273,9.149999618530273,0.0,9.149999618530273
2020-10-21,9.149999618530273,9.149999618530273,9.149999618530273,9.149999618530273,0.0,9.149999618530273
2020-10-22,9.149999618530273,9.149999618530273,9.149999618530273,9.149999618530273,0.0,9.149999618530273
2020-10-23,9.149999618530273,9.149999618530273,9.149999618530273,9.149999618530273,0.0,9.149999618530273
2020-10-26,9.149999618530273,9.149999618530273,9.149999618530273,9.149999618530273,0.0,9.149999618530273
2020-10-27,9.149999618530273,9.149999618530273,9.149999618530273,9.149999618530273,0.0,9.149999618530273
2020-10-28,9.149999618530273,9.149999618530273,9.149999618530273,9.149999618530273,0.0,9.149999618530273
2020-10-29,9.149999618530273,9.149999618530273,9.149999618530273,9.149999618530273,0.0,9.149999618530273
2020-10-30,9.149999618530273,9.149999618530273,9.149999618530273,9.149999618530273,0.0,9.149999618530273
2020-11-02,9.149999618530273,9.149999618530273,9.149999618530273,9.149999618530273,0.0,9.149999618530273
2020-11-03,9.149999618530273,9.149999618530273,9.149999618530273,9.149999618530273,0.0,9.149999618530273
2020-11-04,9.149999618530273,9.149999618530273,9.149999618530273,9.149999618530273,0.0,9.149999618530273
2020-11-05,9.149999618530273,9.149999618530273,9.149999618530273,9.149999618530273,0.0,9.149999618530273
2020-11-06,9.149999618530273,9.149999618530273,9.149999618530273,9.149999618530273,0.0,9.149999618530273
2020-11-09,9.149999618530273,9.149999618530273,9.149999618530273,9.149999618530273,0.0,9.149999618530273
2020-11-10,9.149999618530273,9.149999618530273,9.149999618530273,9.149999618530273,0.0,9.149999618530273
2020-11-11,9.149999618530273,9.149999618530273,9.149999618530273,9.149999618530273,0.0,9.149999618530273
2020-11-12,9.149999618530273,9.149999618530273,9.149999618530273,9.149999618530273,0.0,9.149999618530273
