Date,High,Low,Open,Close,Volume,Adj Close
2015-08-11,9.449999809265137,9.449999809265137,9.449999809265137,9.449999809265137,100.0,9.449999809265137
2015-08-12,9.449999809265137,9.449999809265137,9.449999809265137,9.449999809265137,0.0,9.449999809265137
2015-08-13,9.449999809265137,9.449999809265137,9.449999809265137,9.449999809265137,0.0,9.449999809265137
2015-08-14,9.449999809265137,9.449999809265137,9.449999809265137,9.449999809265137,0.0,9.449999809265137
2015-08-17,9.399999618530273,9.300000190734863,9.399999618530273,9.300000190734863,300.0,9.300000190734863
2015-08-18,9.300000190734863,9.300000190734863,9.300000190734863,9.300000190734863,0.0,9.300000190734863
2015-08-19,9.300000190734863,9.300000190734863,9.300000190734863,9.300000190734863,0.0,9.300000190734863
2015-08-20,9.300000190734863,9.300000190734863,9.300000190734863,9.300000190734863,0.0,9.300000190734863
2015-08-21,9.300000190734863,9.300000190734863,9.300000190734863,9.300000190734863,0.0,9.300000190734863
2015-08-24,9.300000190734863,9.300000190734863,9.300000190734863,9.300000190734863,0.0,9.300000190734863
2015-08-25,9.300000190734863,9.300000190734863,9.300000190734863,9.300000190734863,0.0,9.300000190734863
2015-08-26,9.300000190734863,9.300000190734863,9.300000190734863,9.300000190734863,0.0,9.300000190734863
2015-08-27,9.300000190734863,9.300000190734863,9.300000190734863,9.300000190734863,0.0,9.300000190734863
2015-08-28,9.300000190734863,9.300000190734863,9.300000190734863,9.300000190734863,0.0,9.300000190734863
2015-08-31,9.300000190734863,9.300000190734863,9.300000190734863,9.300000190734863,0.0,9.300000190734863
2015-09-01,9.109999656677246,9.0,9.109999656677246,9.0,300.0,9.0
2015-09-02,9.0,9.0,9.0,9.0,0.0,9.0
2015-09-03,8.760000228881836,8.5,8.760000228881836,8.5,800.0,8.5
2015-09-04,9.0,9.0,9.0,9.0,200.0,9.0
2015-09-08,9.0,9.0,9.0,9.0,0.0,9.0
2015-09-09,9.0,9.0,9.0,9.0,0.0,9.0
2015-09-10,9.0,9.0,9.0,9.0,0.0,9.0
2015-09-11,9.0,9.0,9.0,9.0,0.0,9.0
2015-09-14,9.0,9.0,9.0,9.0,0.0,9.0
2015-09-15,8.5,8.5,8.5,8.5,100.0,8.5
2015-09-16,8.399999618530273,8.399999618530273,8.399999618530273,8.399999618530273,100.0,8.399999618530273
2015-09-17,8.300000190734863,8.050000190734863,8.300000190734863,8.050000190734863,500.0,8.050000190734863
2015-09-18,7.900000095367432,7.900000095367432,7.900000095367432,7.900000095367432,100.0,7.900000095367432
2015-09-21,7.900000095367432,7.900000095367432,7.900000095367432,7.900000095367432,0.0,7.900000095367432
2015-09-22,7.900000095367432,7.900000095367432,7.900000095367432,7.900000095367432,0.0,7.900000095367432
2015-09-23,7.900000095367432,7.900000095367432,7.900000095367432,7.900000095367432,0.0,7.900000095367432
2015-09-24,7.900000095367432,7.900000095367432,7.900000095367432,7.900000095367432,0.0,7.900000095367432
2015-09-25,7.900000095367432,7.900000095367432,7.900000095367432,7.900000095367432,0.0,7.900000095367432
2015-09-28,7.900000095367432,7.900000095367432,7.900000095367432,7.900000095367432,0.0,7.900000095367432
2015-09-29,7.900000095367432,7.900000095367432,7.900000095367432,7.900000095367432,0.0,7.900000095367432
2015-09-30,7.900000095367432,7.900000095367432,7.900000095367432,7.900000095367432,0.0,7.900000095367432
2015-10-01,7.900000095367432,7.900000095367432,7.900000095367432,7.900000095367432,0.0,7.900000095367432
2015-10-02,7.900000095367432,7.900000095367432,7.900000095367432,7.900000095367432,0.0,7.900000095367432
2015-10-05,7.900000095367432,7.900000095367432,7.900000095367432,7.900000095367432,0.0,7.900000095367432
2015-10-06,7.900000095367432,7.900000095367432,7.900000095367432,7.900000095367432,0.0,7.900000095367432
2015-10-07,7.900000095367432,7.900000095367432,7.900000095367432,7.900000095367432,0.0,7.900000095367432
2015-10-08,7.900000095367432,7.900000095367432,7.900000095367432,7.900000095367432,0.0,7.900000095367432
2015-10-09,7.900000095367432,7.900000095367432,7.900000095367432,7.900000095367432,0.0,7.900000095367432
2015-10-12,7.900000095367432,7.900000095367432,7.900000095367432,7.900000095367432,0.0,7.900000095367432
2015-10-13,7.900000095367432,7.900000095367432,7.900000095367432,7.900000095367432,0.0,7.900000095367432
2015-10-14,7.900000095367432,7.900000095367432,7.900000095367432,7.900000095367432,0.0,7.900000095367432
2015-10-15,7.900000095367432,7.900000095367432,7.900000095367432,7.900000095367432,0.0,7.900000095367432
2015-10-16,7.900000095367432,7.900000095367432,7.900000095367432,7.900000095367432,0.0,7.900000095367432
2015-10-19,7.900000095367432,7.900000095367432,7.900000095367432,7.900000095367432,0.0,7.900000095367432
2015-10-20,7.900000095367432,7.900000095367432,7.900000095367432,7.900000095367432,0.0,7.900000095367432
2015-10-21,7.900000095367432,7.900000095367432,7.900000095367432,7.900000095367432,0.0,7.900000095367432
2015-10-22,7.900000095367432,7.900000095367432,7.900000095367432,7.900000095367432,0.0,7.900000095367432
2015-10-23,7.900000095367432,7.900000095367432,7.900000095367432,7.900000095367432,0.0,7.900000095367432
2015-10-26,7.900000095367432,7.900000095367432,7.900000095367432,7.900000095367432,0.0,7.900000095367432
2015-10-27,7.900000095367432,7.900000095367432,7.900000095367432,7.900000095367432,0.0,7.900000095367432
2015-10-28,7.900000095367432,7.900000095367432,7.900000095367432,7.900000095367432,0.0,7.900000095367432
2015-10-29,7.900000095367432,7.900000095367432,7.900000095367432,7.900000095367432,0.0,7.900000095367432
2015-10-30,7.900000095367432,7.900000095367432,7.900000095367432,7.900000095367432,0.0,7.900000095367432
2015-11-02,7.900000095367432,7.900000095367432,7.900000095367432,7.900000095367432,0.0,7.900000095367432
2015-11-03,7.550000190734863,7.550000190734863,7.550000190734863,7.550000190734863,100.0,7.550000190734863
2015-11-04,7.550000190734863,7.550000190734863,7.550000190734863,7.550000190734863,0.0,7.550000190734863
2015-11-05,7.550000190734863,7.550000190734863,7.550000190734863,7.550000190734863,0.0,7.550000190734863
2015-11-06,7.349999904632568,7.050000190734863,7.349999904632568,7.050000190734863,400.0,7.050000190734863
2015-11-09,7.050000190734863,7.050000190734863,7.050000190734863,7.050000190734863,0.0,7.050000190734863
2015-11-10,7.050000190734863,7.050000190734863,7.050000190734863,7.050000190734863,0.0,7.050000190734863
2015-11-11,7.050000190734863,7.050000190734863,7.050000190734863,7.050000190734863,0.0,7.050000190734863
2015-11-12,7.050000190734863,7.050000190734863,7.050000190734863,7.050000190734863,0.0,7.050000190734863
2015-11-13,6.800000190734863,6.5,6.800000190734863,6.5,700.0,6.5
2015-11-16,6.5,6.5,6.5,6.5,0.0,6.5
2015-11-17,6.349999904632568,6.099999904632568,6.349999904632568,6.099999904632568,600.0,6.099999904632568
2015-11-18,6.099999904632568,6.099999904632568,6.099999904632568,6.099999904632568,0.0,6.099999904632568
2015-11-19,6.099999904632568,6.099999904632568,6.099999904632568,6.099999904632568,0.0,6.099999904632568
2015-11-20,6.099999904632568,6.099999904632568,6.099999904632568,6.099999904632568,0.0,6.099999904632568
2015-11-23,6.099999904632568,6.099999904632568,6.099999904632568,6.099999904632568,0.0,6.099999904632568
2015-11-24,6.099999904632568,6.099999904632568,6.099999904632568,6.099999904632568,0.0,6.099999904632568
2015-11-25,6.099999904632568,6.099999904632568,6.099999904632568,6.099999904632568,0.0,6.099999904632568
2015-11-27,6.099999904632568,6.099999904632568,6.099999904632568,6.099999904632568,0.0,6.099999904632568
2015-11-30,6.099999904632568,6.099999904632568,6.099999904632568,6.099999904632568,0.0,6.099999904632568
2015-12-01,6.099999904632568,6.099999904632568,6.099999904632568,6.099999904632568,0.0,6.099999904632568
2015-12-02,5.849999904632568,5.849999904632568,5.849999904632568,5.849999904632568,200.0,5.849999904632568
2015-12-03,5.849999904632568,5.849999904632568,5.849999904632568,5.849999904632568,0.0,5.849999904632568
2015-12-04,5.849999904632568,5.849999904632568,5.849999904632568,5.849999904632568,0.0,5.849999904632568
2015-12-07,5.849999904632568,5.849999904632568,5.849999904632568,5.849999904632568,0.0,5.849999904632568
2015-12-08,5.849999904632568,5.849999904632568,5.849999904632568,5.849999904632568,0.0,5.849999904632568
2015-12-09,5.849999904632568,5.849999904632568,5.849999904632568,5.849999904632568,0.0,5.849999904632568
2015-12-10,5.849999904632568,5.849999904632568,5.849999904632568,5.849999904632568,0.0,5.849999904632568
2015-12-11,5.849999904632568,5.75,5.849999904632568,5.75,400.0,5.75
2015-12-14,5.75,5.75,5.75,5.75,0.0,5.75
2015-12-15,5.28000020980835,4.800000190734863,5.28000020980835,4.800000190734863,800.0,4.800000190734863
2015-12-16,4.800000190734863,4.800000190734863,4.800000190734863,4.800000190734863,0.0,4.800000190734863
2015-12-17,4.800000190734863,4.800000190734863,4.800000190734863,4.800000190734863,0.0,4.800000190734863
2015-12-18,4.800000190734863,4.800000190734863,4.800000190734863,4.800000190734863,0.0,4.800000190734863
2015-12-21,4.800000190734863,4.800000190734863,4.800000190734863,4.800000190734863,0.0,4.800000190734863
2015-12-22,4.800000190734863,4.800000190734863,4.800000190734863,4.800000190734863,0.0,4.800000190734863
2015-12-23,4.0,3.950000047683716,3.950000047683716,4.0,200.0,4.0
2015-12-24,4.0,4.0,4.0,4.0,0.0,4.0
2015-12-28,3.4000000953674316,3.299999952316284,3.4000000953674316,3.299999952316284,300.0,3.299999952316284
2015-12-29,3.299999952316284,3.299999952316284,3.299999952316284,3.299999952316284,0.0,3.299999952316284
2015-12-30,3.299999952316284,3.299999952316284,3.299999952316284,3.299999952316284,0.0,3.299999952316284
2015-12-31,3.299999952316284,3.299999952316284,3.299999952316284,3.299999952316284,0.0,3.299999952316284
2016-01-04,3.299999952316284,3.299999952316284,3.299999952316284,3.299999952316284,0.0,3.299999952316284
2016-01-05,3.299999952316284,3.299999952316284,3.299999952316284,3.299999952316284,0.0,3.299999952316284
2016-01-06,3.299999952316284,3.299999952316284,3.299999952316284,3.299999952316284,0.0,3.299999952316284
2016-01-07,3.299999952316284,3.299999952316284,3.299999952316284,3.299999952316284,0.0,3.299999952316284
2016-01-08,3.299999952316284,3.299999952316284,3.299999952316284,3.299999952316284,0.0,3.299999952316284
2016-01-11,3.299999952316284,3.299999952316284,3.299999952316284,3.299999952316284,0.0,3.299999952316284
2016-01-12,3.299999952316284,3.299999952316284,3.299999952316284,3.299999952316284,0.0,3.299999952316284
2016-01-13,3.299999952316284,3.299999952316284,3.299999952316284,3.299999952316284,0.0,3.299999952316284
2016-01-14,3.299999952316284,3.299999952316284,3.299999952316284,3.299999952316284,0.0,3.299999952316284
2016-01-15,3.299999952316284,3.299999952316284,3.299999952316284,3.299999952316284,0.0,3.299999952316284
2016-01-19,2.940000057220459,2.940000057220459,2.940000057220459,2.940000057220459,200.0,2.940000057220459
2016-01-20,2.9200000762939453,2.799999952316284,2.9200000762939453,2.799999952316284,1000.0,2.799999952316284
2016-01-21,2.7699999809265137,2.049999952316284,2.7699999809265137,2.049999952316284,3600.0,2.049999952316284
2016-01-22,2.049999952316284,1.9500000476837158,2.0199999809265137,1.9500000476837158,3600.0,1.9500000476837158
2016-01-25,1.9500000476837158,1.9500000476837158,1.9500000476837158,1.9500000476837158,0.0,1.9500000476837158
2016-01-26,1.909999966621399,1.909999966621399,1.909999966621399,1.909999966621399,100.0,1.909999966621399
2016-01-27,2.049999952316284,1.850000023841858,1.850000023841858,2.049999952316284,1300.0,2.049999952316284
2016-01-28,2.0,2.0,2.0,2.0,400.0,2.0
2016-01-29,2.0,2.0,2.0,2.0,0.0,2.0
2016-02-01,2.0,2.0,2.0,2.0,100.0,2.0
2016-02-02,2.0,2.0,2.0,2.0,0.0,2.0
2016-02-03,2.0,2.0,2.0,2.0,0.0,2.0
2016-02-04,2.0,2.0,2.0,2.0,0.0,2.0
2016-02-05,2.0,2.0,2.0,2.0,0.0,2.0
2016-02-08,1.9500000476837158,1.9500000476837158,1.9500000476837158,1.9500000476837158,300.0,1.9500000476837158
2016-02-09,1.9500000476837158,1.9500000476837158,1.9500000476837158,1.9500000476837158,0.0,1.9500000476837158
2016-02-10,1.9500000476837158,1.9500000476837158,1.9500000476837158,1.9500000476837158,100.0,1.9500000476837158
2016-02-11,1.9500000476837158,1.9500000476837158,1.9500000476837158,1.9500000476837158,100.0,1.9500000476837158
2016-02-12,1.9500000476837158,1.9500000476837158,1.9500000476837158,1.9500000476837158,0.0,1.9500000476837158
2016-02-16,2.0,1.9500000476837158,2.0,1.9500000476837158,300.0,1.9500000476837158
2016-02-17,1.9500000476837158,1.9500000476837158,1.9500000476837158,1.9500000476837158,0.0,1.9500000476837158
2016-02-18,1.9500000476837158,1.9500000476837158,1.9500000476837158,1.9500000476837158,0.0,1.9500000476837158
2016-02-19,1.9500000476837158,1.9500000476837158,1.9500000476837158,1.9500000476837158,0.0,1.9500000476837158
2016-02-22,1.9500000476837158,1.9500000476837158,1.9500000476837158,1.9500000476837158,0.0,1.9500000476837158
2016-02-23,1.9500000476837158,1.9500000476837158,1.9500000476837158,1.9500000476837158,0.0,1.9500000476837158
2016-02-24,1.9500000476837158,1.9500000476837158,1.9500000476837158,1.9500000476837158,0.0,1.9500000476837158
2016-02-25,1.9500000476837158,1.9500000476837158,1.9500000476837158,1.9500000476837158,0.0,1.9500000476837158
2016-02-26,1.9500000476837158,1.9500000476837158,1.9500000476837158,1.9500000476837158,0.0,1.9500000476837158
2016-02-29,1.9500000476837158,1.9500000476837158,1.9500000476837158,1.9500000476837158,0.0,1.9500000476837158
2016-03-01,1.9500000476837158,1.9500000476837158,1.9500000476837158,1.9500000476837158,0.0,1.9500000476837158
2016-03-02,1.9500000476837158,1.9500000476837158,1.9500000476837158,1.9500000476837158,0.0,1.9500000476837158
2016-03-03,1.9500000476837158,1.9500000476837158,1.9500000476837158,1.9500000476837158,0.0,1.9500000476837158
2016-03-04,1.9500000476837158,1.9500000476837158,1.9500000476837158,1.9500000476837158,0.0,1.9500000476837158
2016-03-07,1.9500000476837158,1.9500000476837158,1.9500000476837158,1.9500000476837158,0.0,1.9500000476837158
2016-03-08,1.9500000476837158,1.9500000476837158,1.9500000476837158,1.9500000476837158,0.0,1.9500000476837158
2016-03-09,1.9500000476837158,1.9500000476837158,1.9500000476837158,1.9500000476837158,500.0,1.9500000476837158
2016-03-10,1.9500000476837158,1.9500000476837158,1.9500000476837158,1.9500000476837158,0.0,1.9500000476837158
2016-03-11,1.9500000476837158,1.9500000476837158,1.9500000476837158,1.9500000476837158,0.0,1.9500000476837158
2016-03-14,2.25,2.25,2.25,2.25,500.0,2.25
2016-03-15,2.25,2.25,2.25,2.25,0.0,2.25
2016-03-16,2.25,2.25,2.25,2.25,0.0,2.25
2016-03-17,2.25,2.25,2.25,2.25,0.0,2.25
2016-03-18,2.25,2.25,2.25,2.25,0.0,2.25
2016-03-21,2.25,2.25,2.25,2.25,0.0,2.25
2016-03-22,2.25,2.25,2.25,2.25,0.0,2.25
2016-03-23,2.25,2.25,2.25,2.25,0.0,2.25
2016-03-24,2.25,2.25,2.25,2.25,0.0,2.25
2016-03-28,2.25,2.25,2.25,2.25,0.0,2.25
2016-03-29,2.0,1.9500000476837158,1.9500000476837158,2.0,1100.0,2.0
2016-03-30,2.5,2.5,2.5,2.5,1100.0,2.5
2016-03-31,2.0,1.9500000476837158,2.0,1.9600000381469727,5300.0,1.9600000381469727
2016-04-01,2.0850000381469727,1.9500000476837158,2.0850000381469727,1.9500000476837158,3000.0,1.9500000476837158
2016-04-04,1.9500000476837158,1.9500000476837158,1.9500000476837158,1.9500000476837158,0.0,1.9500000476837158
2016-04-05,2.0999999046325684,1.899999976158142,2.0999999046325684,1.899999976158142,11700.0,1.899999976158142
2016-04-06,1.899999976158142,1.899999976158142,1.899999976158142,1.899999976158142,0.0,1.899999976158142
2016-04-07,1.899999976158142,1.899999976158142,1.899999976158142,1.899999976158142,0.0,1.899999976158142
2016-04-08,1.899999976158142,1.899999976158142,1.899999976158142,1.899999976158142,0.0,1.899999976158142
2016-04-11,1.899999976158142,1.899999976158142,1.899999976158142,1.899999976158142,0.0,1.899999976158142
2016-04-12,1.899999976158142,1.899999976158142,1.899999976158142,1.899999976158142,0.0,1.899999976158142
2016-04-13,2.0,1.940000057220459,1.940000057220459,2.0,700.0,2.0
2016-04-14,2.0,2.0,2.0,2.0,0.0,2.0
2016-04-15,1.9500000476837158,1.9500000476837158,1.9500000476837158,1.9500000476837158,200.0,1.9500000476837158
2016-04-18,1.909999966621399,1.909999966621399,1.909999966621399,1.909999966621399,200.0,1.909999966621399
2016-04-19,1.909999966621399,1.909999966621399,1.909999966621399,1.909999966621399,0.0,1.909999966621399
2016-04-20,1.909999966621399,1.909999966621399,1.909999966621399,1.909999966621399,0.0,1.909999966621399
2016-04-21,1.899999976158142,1.899999976158142,1.899999976158142,1.899999976158142,500.0,1.899999976158142
2016-04-22,1.899999976158142,1.899999976158142,1.899999976158142,1.899999976158142,0.0,1.899999976158142
2016-04-25,1.8799999952316284,1.8799999952316284,1.8799999952316284,1.8799999952316284,700.0,1.8799999952316284
2016-04-26,1.8799999952316284,1.8799999952316284,1.8799999952316284,1.8799999952316284,0.0,1.8799999952316284
2016-04-27,1.8799999952316284,1.8799999952316284,1.8799999952316284,1.8799999952316284,0.0,1.8799999952316284
2016-04-28,1.8700000047683716,1.8700000047683716,1.8700000047683716,1.8700000047683716,200.0,1.8700000047683716
2016-04-29,1.8600000143051147,1.8600000143051147,1.8600000143051147,1.8600000143051147,400.0,1.8600000143051147
2016-05-02,1.8600000143051147,1.8600000143051147,1.8600000143051147,1.8600000143051147,0.0,1.8600000143051147
2016-05-03,1.8600000143051147,1.8600000143051147,1.8600000143051147,1.8600000143051147,0.0,1.8600000143051147
2016-05-04,1.899999976158142,1.899999976158142,1.899999976158142,1.899999976158142,500.0,1.899999976158142
2016-05-05,1.899999976158142,1.899999976158142,1.899999976158142,1.899999976158142,0.0,1.899999976158142
2016-05-06,1.899999976158142,1.899999976158142,1.899999976158142,1.899999976158142,0.0,1.899999976158142
2016-05-09,1.899999976158142,1.899999976158142,1.899999976158142,1.899999976158142,0.0,1.899999976158142
2016-05-10,1.899999976158142,1.899999976158142,1.899999976158142,1.899999976158142,0.0,1.899999976158142
2016-05-11,1.899999976158142,1.899999976158142,1.899999976158142,1.899999976158142,0.0,1.899999976158142
2016-05-12,1.899999976158142,1.899999976158142,1.899999976158142,1.899999976158142,0.0,1.899999976158142
2016-05-13,1.899999976158142,1.899999976158142,1.899999976158142,1.899999976158142,0.0,1.899999976158142
2016-05-16,1.8300000429153442,1.7999999523162842,1.8300000429153442,1.7999999523162842,1100.0,1.7999999523162842
2016-05-17,1.7999999523162842,1.7999999523162842,1.7999999523162842,1.7999999523162842,0.0,1.7999999523162842
2016-05-18,1.8300000429153442,1.8300000429153442,1.8300000429153442,1.8300000429153442,200.0,1.8300000429153442
2016-05-19,1.8300000429153442,1.8300000429153442,1.8300000429153442,1.8300000429153442,0.0,1.8300000429153442
2016-05-20,1.8300000429153442,1.8300000429153442,1.8300000429153442,1.8300000429153442,0.0,1.8300000429153442
2016-05-23,1.7799999713897705,1.7799999713897705,1.7799999713897705,1.7799999713897705,400.0,1.7799999713897705
2016-05-24,1.7799999713897705,1.7799999713897705,1.7799999713897705,1.7799999713897705,0.0,1.7799999713897705
2016-05-25,1.7300000190734863,1.7300000190734863,1.7300000190734863,1.7300000190734863,200.0,1.7300000190734863
2016-05-26,1.7300000190734863,1.7300000190734863,1.7300000190734863,1.7300000190734863,0.0,1.7300000190734863
2016-05-27,1.7300000190734863,1.7300000190734863,1.7300000190734863,1.7300000190734863,0.0,1.7300000190734863
2016-05-31,1.75,1.75,1.75,1.75,1200.0,1.75
2016-06-01,2.0,2.0,2.0,2.0,100.0,2.0
2016-06-02,2.0,2.0,2.0,2.0,0.0,2.0
2016-06-03,2.0,2.0,2.0,2.0,0.0,2.0
2016-06-06,2.0,2.0,2.0,2.0,0.0,2.0
2016-06-07,2.0,2.0,2.0,2.0,0.0,2.0
2016-06-08,2.1500000953674316,1.899999976158142,2.0,1.9259999990463257,24400.0,1.9259999990463257
2016-06-09,1.75,1.5,1.75,1.5,8900.0,1.5
2016-06-10,1.5499999523162842,1.4800000190734863,1.5,1.4800000190734863,2700.0,1.4800000190734863
2016-06-13,1.4800000190734863,1.2000000476837158,1.4800000190734863,1.2000000476837158,1600.0,1.2000000476837158
2016-06-14,1.2000000476837158,1.2000000476837158,1.2000000476837158,1.2000000476837158,0.0,1.2000000476837158
2016-06-15,1.149999976158142,1.0,1.149999976158142,1.0,500.0,1.0
2016-06-16,1.149999976158142,1.1390000581741333,1.149999976158142,1.149999976158142,1300.0,1.149999976158142
2016-06-17,1.149999976158142,1.100000023841858,1.149999976158142,1.100000023841858,1700.0,1.100000023841858
2016-06-20,1.190000057220459,1.100000023841858,1.1050000190734863,1.190000057220459,4100.0,1.190000057220459
2016-06-21,1.25,1.100000023841858,1.25,1.1699999570846558,4000.0,1.1699999570846558
2016-06-22,1.100000023841858,1.100000023841858,1.100000023841858,1.100000023841858,1000.0,1.100000023841858
2016-06-23,1.100000023841858,1.100000023841858,1.100000023841858,1.100000023841858,1500.0,1.100000023841858
2016-06-24,1.149999976158142,1.149999976158142,1.149999976158142,1.149999976158142,400.0,1.149999976158142
2016-06-27,1.149999976158142,1.149999976158142,1.149999976158142,1.149999976158142,0.0,1.149999976158142
2016-06-28,1.100000023841858,1.100000023841858,1.100000023841858,1.100000023841858,1000.0,1.100000023841858
2016-06-29,1.100000023841858,1.100000023841858,1.100000023841858,1.100000023841858,0.0,1.100000023841858
2016-06-30,1.100000023841858,1.100000023841858,1.100000023841858,1.100000023841858,0.0,1.100000023841858
2016-07-01,1.100000023841858,1.100000023841858,1.100000023841858,1.100000023841858,0.0,1.100000023841858
2016-07-05,1.100000023841858,1.100000023841858,1.100000023841858,1.100000023841858,100.0,1.100000023841858
2016-07-06,1.059999942779541,1.059999942779541,1.059999942779541,1.059999942779541,1500.0,1.059999942779541
2016-07-07,1.059999942779541,1.059999942779541,1.059999942779541,1.059999942779541,1000.0,1.059999942779541
2016-07-08,1.0399999618530273,1.0399999618530273,1.0399999618530273,1.0399999618530273,1000.0,1.0399999618530273
2016-07-11,1.0399999618530273,1.0199999809265137,1.0399999618530273,1.0199999809265137,600.0,1.0199999809265137
2016-07-12,1.0199999809265137,1.0199999809265137,1.0199999809265137,1.0199999809265137,0.0,1.0199999809265137
2016-07-13,1.0199999809265137,1.0199999809265137,1.0199999809265137,1.0199999809265137,0.0,1.0199999809265137
2016-07-14,1.0199999809265137,1.0199999809265137,1.0199999809265137,1.0199999809265137,0.0,1.0199999809265137
2016-07-15,1.0199999809265137,1.0199999809265137,1.0199999809265137,1.0199999809265137,0.0,1.0199999809265137
2016-07-18,0.9599999785423279,0.9599999785423279,0.9599999785423279,0.9599999785423279,1000.0,0.9599999785423279
2016-07-19,0.9599999785423279,0.9599999785423279,0.9599999785423279,0.9599999785423279,1000.0,0.9599999785423279
2016-07-20,0.9599999785423279,0.9599999785423279,0.9599999785423279,0.9599999785423279,1000.0,0.9599999785423279
2016-07-21,0.949999988079071,0.949999988079071,0.949999988079071,0.949999988079071,16800.0,0.949999988079071
2016-07-22,0.8999999761581421,0.8999999761581421,0.8999999761581421,0.8999999761581421,1000.0,0.8999999761581421
2016-07-25,0.8999999761581421,0.8999999761581421,0.8999999761581421,0.8999999761581421,0.0,0.8999999761581421
2016-07-26,0.8999999761581421,0.8999999761581421,0.8999999761581421,0.8999999761581421,0.0,0.8999999761581421
2016-07-27,0.8999999761581421,0.8999999761581421,0.8999999761581421,0.8999999761581421,0.0,0.8999999761581421
2016-07-28,0.8600000143051147,0.8600000143051147,0.8600000143051147,0.8600000143051147,1600.0,0.8600000143051147
2016-07-29,0.8600000143051147,0.8600000143051147,0.8600000143051147,0.8600000143051147,0.0,0.8600000143051147
2016-08-01,0.8600000143051147,0.8600000143051147,0.8600000143051147,0.8600000143051147,0.0,0.8600000143051147
2016-08-02,0.8600000143051147,0.8600000143051147,0.8600000143051147,0.8600000143051147,0.0,0.8600000143051147
2016-08-03,0.8199999928474426,0.8199999928474426,0.8199999928474426,0.8199999928474426,200.0,0.8199999928474426
2016-08-04,0.8199999928474426,0.8199999928474426,0.8199999928474426,0.8199999928474426,0.0,0.8199999928474426
2016-08-05,0.8199999928474426,0.8199999928474426,0.8199999928474426,0.8199999928474426,1000.0,0.8199999928474426
2016-08-08,0.8199999928474426,0.8199999928474426,0.8199999928474426,0.8199999928474426,1000.0,0.8199999928474426
2016-08-09,0.800000011920929,0.800000011920929,0.800000011920929,0.800000011920929,1000.0,0.800000011920929
2016-08-10,0.800000011920929,0.800000011920929,0.800000011920929,0.800000011920929,1000.0,0.800000011920929
2016-08-11,0.800000011920929,0.800000011920929,0.800000011920929,0.800000011920929,0.0,0.800000011920929
2016-08-12,0.7799999713897705,0.7799999713897705,0.7799999713897705,0.7799999713897705,1000.0,0.7799999713897705
2016-08-15,0.7799999713897705,0.7799999713897705,0.7799999713897705,0.7799999713897705,0.0,0.7799999713897705
2016-08-16,0.7799999713897705,0.7799999713897705,0.7799999713897705,0.7799999713897705,0.0,0.7799999713897705
2016-08-17,0.7799999713897705,0.7799999713897705,0.7799999713897705,0.7799999713897705,0.0,0.7799999713897705
2016-08-18,0.7799999713897705,0.7799999713897705,0.7799999713897705,0.7799999713897705,0.0,0.7799999713897705
2016-08-19,1.0499999523162842,0.6499999761581421,0.800000011920929,0.6499999761581421,15000.0,0.6499999761581421
2016-08-22,0.6499999761581421,0.6499999761581421,0.6499999761581421,0.6499999761581421,1000.0,0.6499999761581421
2016-08-23,0.6499999761581421,0.6499999761581421,0.6499999761581421,0.6499999761581421,4000.0,0.6499999761581421
2016-08-24,0.6499999761581421,0.6499999761581421,0.6499999761581421,0.6499999761581421,0.0,0.6499999761581421
2016-08-25,0.6499999761581421,0.6499999761581421,0.6499999761581421,0.6499999761581421,0.0,0.6499999761581421
2016-08-26,0.6100000143051147,0.6100000143051147,0.6100000143051147,0.6100000143051147,300.0,0.6100000143051147
2016-08-29,0.6100000143051147,0.6100000143051147,0.6100000143051147,0.6100000143051147,0.0,0.6100000143051147
2016-08-30,0.6100000143051147,0.6100000143051147,0.6100000143051147,0.6100000143051147,0.0,0.6100000143051147
2016-08-31,0.6100000143051147,0.6100000143051147,0.6100000143051147,0.6100000143051147,0.0,0.6100000143051147
2016-09-01,0.6100000143051147,0.6100000143051147,0.6100000143051147,0.6100000143051147,0.0,0.6100000143051147
2016-09-02,0.6100000143051147,0.6100000143051147,0.6100000143051147,0.6100000143051147,0.0,0.6100000143051147
2016-09-06,0.6100000143051147,0.6100000143051147,0.6100000143051147,0.6100000143051147,0.0,0.6100000143051147
2016-09-07,0.6100000143051147,0.6100000143051147,0.6100000143051147,0.6100000143051147,0.0,0.6100000143051147
2016-09-08,0.6100000143051147,0.6100000143051147,0.6100000143051147,0.6100000143051147,0.0,0.6100000143051147
2016-09-09,0.6100000143051147,0.6100000143051147,0.6100000143051147,0.6100000143051147,0.0,0.6100000143051147
2016-09-12,0.6100000143051147,0.6100000143051147,0.6100000143051147,0.6100000143051147,400.0,0.6100000143051147
2016-09-13,0.6100000143051147,0.6100000143051147,0.6100000143051147,0.6100000143051147,0.0,0.6100000143051147
2016-09-14,0.5899999737739563,0.5899999737739563,0.5899999737739563,0.5899999737739563,1000.0,0.5899999737739563
2016-09-15,0.5699999928474426,0.5699999928474426,0.5699999928474426,0.5699999928474426,1000.0,0.5699999928474426
2016-09-16,0.5699999928474426,0.5699999928474426,0.5699999928474426,0.5699999928474426,1000.0,0.5699999928474426
2016-09-19,0.550000011920929,0.550000011920929,0.550000011920929,0.550000011920929,1000.0,0.550000011920929
2016-09-20,0.550000011920929,0.550000011920929,0.550000011920929,0.550000011920929,1000.0,0.550000011920929
2016-09-21,0.5400000214576721,0.5400000214576721,0.5400000214576721,0.5400000214576721,1000.0,0.5400000214576721
2016-09-22,0.5299999713897705,0.5299999713897705,0.5299999713897705,0.5299999713897705,1000.0,0.5299999713897705
2016-09-23,0.5199999809265137,0.5199999809265137,0.5199999809265137,0.5199999809265137,1000.0,0.5199999809265137
2016-09-26,0.550000011920929,0.5,0.550000011920929,0.5,1000.0,0.5
2016-09-27,0.49000000953674316,0.49000000953674316,0.49000000953674316,0.49000000953674316,3000.0,0.49000000953674316
2016-09-28,0.5,0.5,0.5,0.5,2000.0,0.5
2016-09-29,0.47999998927116394,0.47999998927116394,0.47999998927116394,0.47999998927116394,2000.0,0.47999998927116394
2016-09-30,0.47999998927116394,0.47999998927116394,0.47999998927116394,0.47999998927116394,2000.0,0.47999998927116394
2016-10-03,0.4699999988079071,0.4699999988079071,0.4699999988079071,0.4699999988079071,2500.0,0.4699999988079071
2016-10-04,0.46000000834465027,0.46000000834465027,0.46000000834465027,0.46000000834465027,2000.0,0.46000000834465027
2016-10-05,0.6000000238418579,0.44999998807907104,0.44999998807907104,0.44999998807907104,5000.0,0.44999998807907104
2016-10-06,0.44999998807907104,0.44999998807907104,0.44999998807907104,0.44999998807907104,4000.0,0.44999998807907104
2016-10-07,0.550000011920929,0.44999998807907104,0.44999998807907104,0.550000011920929,7000.0,0.550000011920929
2016-10-10,0.4399999976158142,0.4399999976158142,0.4399999976158142,0.4399999976158142,2000.0,0.4399999976158142
2016-10-11,0.4300000071525574,0.4300000071525574,0.4300000071525574,0.4300000071525574,2000.0,0.4300000071525574
2016-10-12,0.4300000071525574,0.4300000071525574,0.4300000071525574,0.4300000071525574,0.0,0.4300000071525574
2016-10-13,0.41999998688697815,0.41999998688697815,0.41999998688697815,0.41999998688697815,2000.0,0.41999998688697815
2016-10-14,0.4000000059604645,0.4000000059604645,0.4000000059604645,0.4000000059604645,5000.0,0.4000000059604645
2016-10-17,0.38999998569488525,0.38999998569488525,0.38999998569488525,0.38999998569488525,4500.0,0.38999998569488525
2016-10-18,0.38999998569488525,0.3799999952316284,0.3799999952316284,0.38999998569488525,3000.0,0.38999998569488525
2016-10-19,0.3700000047683716,0.3700000047683716,0.3700000047683716,0.3700000047683716,2100.0,0.3700000047683716
2016-10-20,0.36000001430511475,0.36000001430511475,0.36000001430511475,0.36000001430511475,4500.0,0.36000001430511475
2016-10-21,0.3499999940395355,0.3499999940395355,0.3499999940395355,0.3499999940395355,2000.0,0.3499999940395355
2016-10-24,0.3400000035762787,0.3400000035762787,0.3400000035762787,0.3400000035762787,4500.0,0.3400000035762787
2016-10-25,0.33000001311302185,0.33000001311302185,0.33000001311302185,0.33000001311302185,2000.0,0.33000001311302185
2016-10-26,0.3199999928474426,0.3199999928474426,0.3199999928474426,0.3199999928474426,2000.0,0.3199999928474426
2016-10-27,0.3199999928474426,0.3199999928474426,0.3199999928474426,0.3199999928474426,1000.0,0.3199999928474426
2016-10-28,0.30000001192092896,0.28999999165534973,0.28999999165534973,0.30000001192092896,4600.0,0.30000001192092896
2016-10-31,0.27000001072883606,0.27000001072883606,0.27000001072883606,0.27000001072883606,2000.0,0.27000001072883606
2016-11-01,0.27000001072883606,0.27000001072883606,0.27000001072883606,0.27000001072883606,4500.0,0.27000001072883606
2016-11-02,0.25999999046325684,0.25,0.25999999046325684,0.25,6500.0,0.25
2016-11-03,0.23999999463558197,0.23999999463558197,0.23999999463558197,0.23999999463558197,4500.0,0.23999999463558197
2016-11-04,0.23999999463558197,0.23000000417232513,0.23000000417232513,0.23999999463558197,2300.0,0.23999999463558197
2016-11-07,0.23999999463558197,0.23999999463558197,0.23999999463558197,0.23999999463558197,0.0,0.23999999463558197
2016-11-08,0.2199999988079071,0.2199999988079071,0.2199999988079071,0.2199999988079071,2000.0,0.2199999988079071
2016-11-09,0.2199999988079071,0.2199999988079071,0.2199999988079071,0.2199999988079071,0.0,0.2199999988079071
2016-11-10,0.20999999344348907,0.20999999344348907,0.20999999344348907,0.20999999344348907,2000.0,0.20999999344348907
2016-11-11,0.1899999976158142,0.1899999976158142,0.1899999976158142,0.1899999976158142,2000.0,0.1899999976158142
2016-11-14,0.1899999976158142,0.1899999976158142,0.1899999976158142,0.1899999976158142,2000.0,0.1899999976158142
2016-11-15,0.25,0.1899999976158142,0.1899999976158142,0.25,3000.0,0.25
2016-11-16,0.20000000298023224,0.20000000298023224,0.20000000298023224,0.20000000298023224,7500.0,0.20000000298023224
2016-11-17,0.25,0.1899999976158142,0.23999999463558197,0.1899999976158142,4700.0,0.1899999976158142
2016-11-18,0.33000001311302185,0.30000001192092896,0.30000001192092896,0.33000001311302185,11100.0,0.33000001311302185
2016-11-21,0.3100000023841858,0.30000001192092896,0.30000001192092896,0.3100000023841858,5700.0,0.3100000023841858
2016-11-22,0.3100000023841858,0.3100000023841858,0.3100000023841858,0.3100000023841858,0.0,0.3100000023841858
2016-11-23,0.3100000023841858,0.3100000023841858,0.3100000023841858,0.3100000023841858,0.0,0.3100000023841858
2016-11-25,0.3100000023841858,0.3100000023841858,0.3100000023841858,0.3100000023841858,0.0,0.3100000023841858
2016-11-28,0.3100000023841858,0.3100000023841858,0.3100000023841858,0.3100000023841858,0.0,0.3100000023841858
2016-11-29,0.2199999988079071,0.2199999988079071,0.2199999988079071,0.2199999988079071,8000.0,0.2199999988079071
2016-11-30,0.2199999988079071,0.2199999988079071,0.2199999988079071,0.2199999988079071,2000.0,0.2199999988079071
2016-12-01,0.25999999046325684,0.20000000298023224,0.25999999046325684,0.20000000298023224,4600.0,0.20000000298023224
2016-12-02,0.20000000298023224,0.20000000298023224,0.20000000298023224,0.20000000298023224,3000.0,0.20000000298023224
2016-12-05,0.20000000298023224,0.20000000298023224,0.20000000298023224,0.20000000298023224,0.0,0.20000000298023224
2016-12-06,0.20000000298023224,0.20000000298023224,0.20000000298023224,0.20000000298023224,0.0,0.20000000298023224
2016-12-07,0.20000000298023224,0.20000000298023224,0.20000000298023224,0.20000000298023224,0.0,0.20000000298023224
2016-12-08,0.20000000298023224,0.20000000298023224,0.20000000298023224,0.20000000298023224,0.0,0.20000000298023224
2016-12-09,0.20000000298023224,0.20000000298023224,0.20000000298023224,0.20000000298023224,0.0,0.20000000298023224
2016-12-12,0.20000000298023224,0.20000000298023224,0.20000000298023224,0.20000000298023224,0.0,0.20000000298023224
2016-12-13,0.20000000298023224,0.20000000298023224,0.20000000298023224,0.20000000298023224,0.0,0.20000000298023224
2016-12-14,0.20000000298023224,0.20000000298023224,0.20000000298023224,0.20000000298023224,0.0,0.20000000298023224
2016-12-15,0.20000000298023224,0.20000000298023224,0.20000000298023224,0.20000000298023224,0.0,0.20000000298023224
2016-12-16,0.20000000298023224,0.20000000298023224,0.20000000298023224,0.20000000298023224,0.0,0.20000000298023224
2016-12-19,0.20000000298023224,0.20000000298023224,0.20000000298023224,0.20000000298023224,5000.0,0.20000000298023224
2016-12-20,0.20000000298023224,0.20000000298023224,0.20000000298023224,0.20000000298023224,0.0,0.20000000298023224
2016-12-21,0.20000000298023224,0.20000000298023224,0.20000000298023224,0.20000000298023224,100.0,0.20000000298023224
2016-12-22,0.20000000298023224,0.20000000298023224,0.20000000298023224,0.20000000298023224,0.0,0.20000000298023224
2016-12-23,0.20000000298023224,0.20000000298023224,0.20000000298023224,0.20000000298023224,0.0,0.20000000298023224
2016-12-27,0.18000000715255737,0.18000000715255737,0.18000000715255737,0.18000000715255737,5300.0,0.18000000715255737
2016-12-28,0.18000000715255737,0.18000000715255737,0.18000000715255737,0.18000000715255737,0.0,0.18000000715255737
2016-12-29,0.18000000715255737,0.18000000715255737,0.18000000715255737,0.18000000715255737,0.0,0.18000000715255737
2016-12-30,0.1899999976158142,0.18400000035762787,0.18400000035762787,0.1899999976158142,10000.0,0.1899999976158142
2017-01-03,0.1899999976158142,0.1899999976158142,0.1899999976158142,0.1899999976158142,0.0,0.1899999976158142
2017-01-04,0.1899999976158142,0.1899999976158142,0.1899999976158142,0.1899999976158142,0.0,0.1899999976158142
2017-01-05,0.1899999976158142,0.1899999976158142,0.1899999976158142,0.1899999976158142,0.0,0.1899999976158142
2017-01-06,0.1899999976158142,0.1899999976158142,0.1899999976158142,0.1899999976158142,0.0,0.1899999976158142
2017-01-09,0.1899999976158142,0.1899999976158142,0.1899999976158142,0.1899999976158142,0.0,0.1899999976158142
2017-01-10,0.1899999976158142,0.1899999976158142,0.1899999976158142,0.1899999976158142,0.0,0.1899999976158142
2017-01-11,0.1899999976158142,0.1899999976158142,0.1899999976158142,0.1899999976158142,0.0,0.1899999976158142
2017-01-12,0.1899999976158142,0.1899999976158142,0.1899999976158142,0.1899999976158142,0.0,0.1899999976158142
2017-01-13,0.1899999976158142,0.1899999976158142,0.1899999976158142,0.1899999976158142,0.0,0.1899999976158142
2017-01-17,0.1899999976158142,0.1899999976158142,0.1899999976158142,0.1899999976158142,1000.0,0.1899999976158142
2017-01-18,0.1899999976158142,0.1899999976158142,0.1899999976158142,0.1899999976158142,0.0,0.1899999976158142
2017-01-19,0.1899999976158142,0.1899999976158142,0.1899999976158142,0.1899999976158142,0.0,0.1899999976158142
2017-01-20,0.1899999976158142,0.1899999976158142,0.1899999976158142,0.1899999976158142,0.0,0.1899999976158142
2017-01-23,0.1599999964237213,0.1599999964237213,0.1599999964237213,0.1599999964237213,5000.0,0.1599999964237213
2017-01-24,0.1599999964237213,0.1599999964237213,0.1599999964237213,0.1599999964237213,5000.0,0.1599999964237213
2017-01-25,0.1770000010728836,0.15000000596046448,0.15000000596046448,0.1770000010728836,6000.0,0.1770000010728836
2017-01-26,0.18000000715255737,0.15000000596046448,0.15000000596046448,0.17399999499320984,9200.0,0.17399999499320984
2017-01-27,0.15000000596046448,0.15000000596046448,0.15000000596046448,0.15000000596046448,3000.0,0.15000000596046448
2017-01-30,0.15000000596046448,0.15000000596046448,0.15000000596046448,0.15000000596046448,3000.0,0.15000000596046448
2017-01-31,0.15000000596046448,0.15000000596046448,0.15000000596046448,0.15000000596046448,0.0,0.15000000596046448
2017-02-01,0.15000000596046448,0.15000000596046448,0.15000000596046448,0.15000000596046448,0.0,0.15000000596046448
2017-02-02,0.17000000178813934,0.16200000047683716,0.17000000178813934,0.16200000047683716,6000.0,0.16200000047683716
2017-02-03,0.16200000047683716,0.16200000047683716,0.16200000047683716,0.16200000047683716,0.0,0.16200000047683716
2017-02-06,0.25999999046325684,0.16500000655651093,0.18000000715255737,0.25999999046325684,37000.0,0.25999999046325684
2017-02-07,0.30000001192092896,0.19699999690055847,0.19699999690055847,0.25600001215934753,82300.0,0.25600001215934753
2017-02-08,0.2800000011920929,0.21799999475479126,0.25,0.2800000011920929,17700.0,0.2800000011920929
2017-02-09,0.2800000011920929,0.2800000011920929,0.2800000011920929,0.2800000011920929,0.0,0.2800000011920929
2017-02-10,0.28999999165534973,0.27000001072883606,0.28999999165534973,0.28999999165534973,6100.0,0.28999999165534973
2017-02-13,0.28999999165534973,0.28999999165534973,0.28999999165534973,0.28999999165534973,500.0,0.28999999165534973
2017-02-14,0.2800000011920929,0.23999999463558197,0.23999999463558197,0.2800000011920929,3000.0,0.2800000011920929
2017-02-15,0.2800000011920929,0.2800000011920929,0.2800000011920929,0.2800000011920929,0.0,0.2800000011920929
2017-02-16,0.2800000011920929,0.25200000405311584,0.25200000405311584,0.2800000011920929,1000.0,0.2800000011920929
2017-02-17,0.2800000011920929,0.2800000011920929,0.2800000011920929,0.2800000011920929,0.0,0.2800000011920929
2017-02-21,0.2800000011920929,0.2800000011920929,0.2800000011920929,0.2800000011920929,0.0,0.2800000011920929
2017-02-22,0.2800000011920929,0.2800000011920929,0.2800000011920929,0.2800000011920929,0.0,0.2800000011920929
2017-02-23,0.2800000011920929,0.2800000011920929,0.2800000011920929,0.2800000011920929,0.0,0.2800000011920929
2017-02-24,0.20999999344348907,0.1599999964237213,0.20999999344348907,0.20000000298023224,30200.0,0.20000000298023224
2017-02-27,0.20000000298023224,0.18000000715255737,0.19200000166893005,0.18000000715255737,30200.0,0.18000000715255737
2017-02-28,0.18700000643730164,0.18000000715255737,0.18700000643730164,0.18000000715255737,15400.0,0.18000000715255737
2017-03-01,0.18000000715255737,0.18000000715255737,0.18000000715255737,0.18000000715255737,15000.0,0.18000000715255737
2017-03-02,0.1809999942779541,0.18000000715255737,0.1809999942779541,0.18000000715255737,15700.0,0.18000000715255737
2017-03-03,0.1899999976158142,0.18000000715255737,0.18000000715255737,0.18000000715255737,13000.0,0.18000000715255737
2017-03-06,0.17000000178813934,0.17000000178813934,0.17000000178813934,0.17000000178813934,10000.0,0.17000000178813934
2017-03-07,0.17000000178813934,0.15000000596046448,0.15000000596046448,0.17000000178813934,3000.0,0.17000000178813934
2017-03-08,0.17000000178813934,0.1599999964237213,0.17000000178813934,0.1599999964237213,46200.0,0.1599999964237213
2017-03-09,0.1599999964237213,0.1599999964237213,0.1599999964237213,0.1599999964237213,13500.0,0.1599999964237213
2017-03-10,0.1599999964237213,0.15000000596046448,0.1599999964237213,0.15000000596046448,15000.0,0.15000000596046448
2017-03-13,0.15000000596046448,0.14000000059604645,0.15000000596046448,0.14000000059604645,10000.0,0.14000000059604645
2017-03-14,0.14000000059604645,0.14000000059604645,0.14000000059604645,0.14000000059604645,0.0,0.14000000059604645
2017-03-15,0.15000000596046448,0.15000000596046448,0.15000000596046448,0.15000000596046448,10200.0,0.15000000596046448
2017-03-16,0.14900000393390656,0.14900000393390656,0.14900000393390656,0.14900000393390656,5000.0,0.14900000393390656
2017-03-17,0.20000000298023224,0.14000000059604645,0.20000000298023224,0.15000000596046448,25100.0,0.15000000596046448
2017-03-20,0.15000000596046448,0.14000000059604645,0.14000000059604645,0.14000000059604645,10200.0,0.14000000059604645
2017-03-21,0.14000000059604645,0.125,0.14000000059604645,0.12999999523162842,13000.0,0.12999999523162842
2017-03-22,0.12999999523162842,0.12999999523162842,0.12999999523162842,0.12999999523162842,0.0,0.12999999523162842
2017-03-23,0.12999999523162842,0.12999999523162842,0.12999999523162842,0.12999999523162842,0.0,0.12999999523162842
2017-03-24,0.12099999934434891,0.12099999934434891,0.12099999934434891,0.12099999934434891,5200.0,0.12099999934434891
2017-03-27,0.12999999523162842,0.12099999934434891,0.12099999934434891,0.12999999523162842,6000.0,0.12999999523162842
2017-03-28,0.11999999731779099,0.11500000208616257,0.11999999731779099,0.11500000208616257,5200.0,0.11500000208616257
2017-03-29,0.10000000149011612,0.10000000149011612,0.10000000149011612,0.10000000149011612,10000.0,0.10000000149011612
2017-03-30,0.10000000149011612,0.10000000149011612,0.10000000149011612,0.10000000149011612,15500.0,0.10000000149011612
2017-03-31,0.11999999731779099,0.10000000149011612,0.11999999731779099,0.10000000149011612,17500.0,0.10000000149011612
2017-04-03,0.10000000149011612,0.10000000149011612,0.10000000149011612,0.10000000149011612,12000.0,0.10000000149011612
2017-04-04,0.11999999731779099,0.10000000149011612,0.10000000149011612,0.10000000149011612,23000.0,0.10000000149011612
2017-04-05,0.125,0.10000000149011612,0.10000000149011612,0.125,23700.0,0.125
2017-04-06,0.11999999731779099,0.10000000149011612,0.11999999731779099,0.10899999737739563,50400.0,0.10899999737739563
2017-04-07,0.10999999940395355,0.10999999940395355,0.10999999940395355,0.10999999940395355,400.0,0.10999999940395355
2017-04-10,0.10999999940395355,0.10000000149011612,0.10999999940395355,0.10000000149011612,10400.0,0.10000000149011612
2017-04-11,0.10999999940395355,0.10000000149011612,0.10199999809265137,0.10999999940395355,11300.0,0.10999999940395355
2017-04-12,0.10999999940395355,0.10999999940395355,0.10999999940395355,0.10999999940395355,0.0,0.10999999940395355
2017-04-13,0.10999999940395355,0.10999999940395355,0.10999999940395355,0.10999999940395355,0.0,0.10999999940395355
2017-04-17,0.10999999940395355,0.10999999940395355,0.10999999940395355,0.10999999940395355,0.0,0.10999999940395355
2017-04-18,0.10999999940395355,0.10999999940395355,0.10999999940395355,0.10999999940395355,0.0,0.10999999940395355
2017-04-19,0.10000000149011612,0.10000000149011612,0.10000000149011612,0.10000000149011612,5000.0,0.10000000149011612
2017-04-20,0.09200000017881393,0.09000000357627869,0.09200000017881393,0.09000000357627869,30000.0,0.09000000357627869
2017-04-21,0.07999999821186066,0.07999999821186066,0.07999999821186066,0.07999999821186066,28000.0,0.07999999821186066
2017-04-24,0.09000000357627869,0.07000000029802322,0.07999999821186066,0.09000000357627869,13700.0,0.09000000357627869
2017-04-25,0.14100000262260437,0.05999999865889549,0.07000000029802322,0.05999999865889549,60800.0,0.05999999865889549
2017-04-26,0.14100000262260437,0.05999999865889549,0.05999999865889549,0.14100000262260437,16600.0,0.14100000262260437
2017-04-27,0.14100000262260437,0.14100000262260437,0.14100000262260437,0.14100000262260437,0.0,0.14100000262260437
2017-04-28,0.11999999731779099,0.05900000035762787,0.11999999731779099,0.10000000149011612,14400.0,0.10000000149011612
2017-05-01,0.10000000149011612,0.10000000149011612,0.10000000149011612,0.10000000149011612,0.0,0.10000000149011612
2017-05-02,0.10000000149011612,0.10000000149011612,0.10000000149011612,0.10000000149011612,0.0,0.10000000149011612
2017-05-03,0.14499999582767487,0.14499999582767487,0.14499999582767487,0.14499999582767487,900.0,0.14499999582767487
2017-05-04,0.14499999582767487,0.14499999582767487,0.14499999582767487,0.14499999582767487,0.0,0.14499999582767487
2017-05-05,0.14000000059604645,0.11699999868869781,0.1379999965429306,0.14000000059604645,51400.0,0.14000000059604645
2017-05-08,0.13300000131130219,0.13300000131130219,0.13300000131130219,0.13300000131130219,50000.0,0.13300000131130219
2017-05-09,0.13300000131130219,0.13300000131130219,0.13300000131130219,0.13300000131130219,0.0,0.13300000131130219
2017-05-10,0.13300000131130219,0.13300000131130219,0.13300000131130219,0.13300000131130219,0.0,0.13300000131130219
2017-05-11,0.11500000208616257,0.07000000029802322,0.07000000029802322,0.11500000208616257,1000.0,0.11500000208616257
2017-05-12,0.10899999737739563,0.07000000029802322,0.10899999737739563,0.1080000028014183,6600.0,0.1080000028014183
2017-05-15,0.14100000262260437,0.07000000029802322,0.08799999952316284,0.14100000262260437,12700.0,0.14100000262260437
2017-05-16,0.10700000077486038,0.05000000074505806,0.10700000077486038,0.05000000074505806,61300.0,0.05000000074505806
2017-05-17,0.05400000140070915,0.05400000140070915,0.05400000140070915,0.05400000140070915,20000.0,0.05400000140070915
2017-05-18,0.09000000357627869,0.05000000074505806,0.05000000074505806,0.09000000357627869,10600.0,0.09000000357627869
2017-05-19,0.10000000149011612,0.07000000029802322,0.07999999821186066,0.07000000029802322,32100.0,0.07000000029802322
2017-05-22,0.07999999821186066,0.05999999865889549,0.07999999821186066,0.05999999865889549,14300.0,0.05999999865889549
2017-05-23,0.05999999865889549,0.054999999701976776,0.05999999865889549,0.05700000002980232,22400.0,0.05700000002980232
2017-05-24,0.0560000017285347,0.054999999701976776,0.0560000017285347,0.054999999701976776,11100.0,0.054999999701976776
2017-05-25,0.054999999701976776,0.054999999701976776,0.054999999701976776,0.054999999701976776,10000.0,0.054999999701976776
2017-05-26,0.054999999701976776,0.054999999701976776,0.054999999701976776,0.054999999701976776,10000.0,0.054999999701976776
2017-05-30,0.054999999701976776,0.054999999701976776,0.054999999701976776,0.054999999701976776,10000.0,0.054999999701976776
2017-05-31,0.05999999865889549,0.054999999701976776,0.054999999701976776,0.05999999865889549,34400.0,0.05999999865889549
2017-06-01,0.05999999865889549,0.054999999701976776,0.05900000035762787,0.054999999701976776,21100.0,0.054999999701976776
2017-06-02,0.054999999701976776,0.054999999701976776,0.054999999701976776,0.054999999701976776,10000.0,0.054999999701976776
2017-06-05,0.054999999701976776,0.04500000178813934,0.054999999701976776,0.04500000178813934,22300.0,0.04500000178813934
2017-06-06,0.05000000074505806,0.03999999910593033,0.05000000074505806,0.03999999910593033,43400.0,0.03999999910593033
2017-06-07,0.03999999910593033,0.03999999910593033,0.03999999910593033,0.03999999910593033,16000.0,0.03999999910593033
2017-06-08,0.03999999910593033,0.03999999910593033,0.03999999910593033,0.03999999910593033,16000.0,0.03999999910593033
2017-06-09,0.05000000074505806,0.029999999329447746,0.03999999910593033,0.05000000074505806,40100.0,0.05000000074505806
2017-06-12,0.029999999329447746,0.029999999329447746,0.029999999329447746,0.029999999329447746,16000.0,0.029999999329447746
2017-06-13,0.029999999329447746,0.029999999329447746,0.029999999329447746,0.029999999329447746,26000.0,0.029999999329447746
2017-06-14,0.029999999329447746,0.029999999329447746,0.029999999329447746,0.029999999329447746,25100.0,0.029999999329447746
2017-06-15,0.054999999701976776,0.03999999910593033,0.03999999910593033,0.054999999701976776,146200.0,0.054999999701976776
2017-06-16,0.18000000715255737,0.07000000029802322,0.07000000029802322,0.14100000262260437,861800.0,0.14100000262260437
2017-06-19,0.5,0.2199999988079071,0.23499999940395355,0.38499999046325684,2503600.0,0.38499999046325684
2017-06-20,0.42500001192092896,0.23600000143051147,0.4230000078678131,0.25999999046325684,1745700.0,0.25999999046325684
2017-06-21,0.4359999895095825,0.25999999046325684,0.3050000071525574,0.3799999952316284,1824000.0,0.3799999952316284
2017-06-22,0.3799999952316284,0.3100000023841858,0.3790000081062317,0.33500000834465027,742200.0,0.33500000834465027
2017-06-23,0.6700000166893005,0.3449999988079071,0.3449999988079071,0.6600000262260437,2361600.0,0.6600000262260437
2017-06-26,1.0700000524520874,0.6000000238418579,0.7149999737739563,1.0,1883400.0,1.0
2017-06-27,1.0700000524520874,0.6299999952316284,1.0399999618530273,0.6399999856948853,2099300.0,0.6399999856948853
2017-06-28,0.8650000095367432,0.42500001192092896,0.6700000166893005,0.4790000021457672,2343400.0,0.4790000021457672
2017-06-29,0.6299999952316284,0.4399999976158142,0.4819999933242798,0.5199999809265137,1206800.0,0.5199999809265137
2017-06-30,0.6690000295639038,0.4099999964237213,0.5299999713897705,0.48500001430511475,994200.0,0.48500001430511475
2017-07-03,0.5,0.3310000002384186,0.48500001430511475,0.41999998688697815,562800.0,0.41999998688697815
2017-07-05,0.5450000166893005,0.3310000002384186,0.41999998688697815,0.4300000071525574,609900.0,0.4300000071525574
2017-07-06,0.4699999988079071,0.3709999918937683,0.4099999964237213,0.4650000035762787,345500.0,0.4650000035762787
2017-07-07,0.5199999809265137,0.3700000047683716,0.4699999988079071,0.3799999952316284,835100.0,0.3799999952316284
2017-07-10,0.44999998807907104,0.3149999976158142,0.44999998807907104,0.3700000047683716,629700.0,0.3700000047683716
2017-07-11,0.3700000047683716,0.2549999952316284,0.3700000047683716,0.28999999165534973,999600.0,0.28999999165534973
2017-07-12,0.28999999165534973,0.18799999356269836,0.27000001072883606,0.23899999260902405,2242600.0,0.23899999260902405
2017-07-13,0.3790000081062317,0.23899999260902405,0.23899999260902405,0.34599998593330383,2020400.0,0.34599998593330383
2017-07-14,0.47999998927116394,0.3400000035762787,0.3490000069141388,0.38999998569488525,1051700.0,0.38999998569488525
2017-07-17,0.38999998569488525,0.30000001192092896,0.3889999985694885,0.3499999940395355,723800.0,0.3499999940395355
2017-07-18,0.41999998688697815,0.32499998807907104,0.3700000047683716,0.4099999964237213,462600.0,0.4099999964237213
2017-07-19,0.4699999988079071,0.3700000047683716,0.4000000059604645,0.4300000071525574,346900.0,0.4300000071525574
2017-07-20,0.4399999976158142,0.3799999952316284,0.4000000059604645,0.4000000059604645,77600.0,0.4000000059604645
2017-07-21,0.4339999854564667,0.3490000069141388,0.4000000059604645,0.41999998688697815,251000.0,0.41999998688697815
2017-07-24,0.43799999356269836,0.36000001430511475,0.4000000059604645,0.3869999945163727,218600.0,0.3869999945163727
2017-07-25,0.382999986410141,0.3400000035762787,0.382999986410141,0.35499998927116394,210100.0,0.35499998927116394
2017-07-26,0.3630000054836273,0.3100000023841858,0.36000001430511475,0.36000001430511475,266800.0,0.36000001430511475
2017-07-27,0.3630000054836273,0.3050000071525574,0.3449999988079071,0.33000001311302185,294100.0,0.33000001311302185
2017-07-28,0.3700000047683716,0.2800000011920929,0.328000009059906,0.3310000002384186,551400.0,0.3310000002384186
2017-07-31,0.3499999940395355,0.2939999997615814,0.30000001192092896,0.3499999940395355,295900.0,0.3499999940395355
2017-08-01,0.36500000953674316,0.30000001192092896,0.33500000834465027,0.36000001430511475,128300.0,0.36000001430511475
2017-08-02,0.36500000953674316,0.3199999928474426,0.3400000035762787,0.3400000035762787,262100.0,0.3400000035762787
2017-08-03,0.41999998688697815,0.33000001311302185,0.36000001430511475,0.41999998688697815,235000.0,0.41999998688697815
2017-08-04,0.46700000762939453,0.3799999952316284,0.39399999380111694,0.45500001311302185,200600.0,0.45500001311302185
2017-08-07,0.5099999904632568,0.36000001430511475,0.4050000011920929,0.4699999988079071,309200.0,0.4699999988079071
2017-08-08,0.49000000953674316,0.4300000071525574,0.4659999907016754,0.46799999475479126,82100.0,0.46799999475479126
2017-08-09,0.48500001430511475,0.41600000858306885,0.46799999475479126,0.4399999976158142,205300.0,0.4399999976158142
2017-08-10,0.4699999988079071,0.3610000014305115,0.4699999988079071,0.382999986410141,183800.0,0.382999986410141
2017-08-11,0.4000000059604645,0.3149999976158142,0.4000000059604645,0.37599998712539673,164400.0,0.37599998712539673
2017-08-14,0.5049999952316284,0.3050000071525574,0.3449999988079071,0.36000001430511475,513100.0,0.36000001430511475
2017-08-15,0.4000000059604645,0.33500000834465027,0.4000000059604645,0.4000000059604645,196900.0,0.4000000059604645
2017-08-16,0.42399999499320984,0.34700000286102295,0.4000000059604645,0.4000000059604645,98100.0,0.4000000059604645
2017-08-17,0.3799999952316284,0.33500000834465027,0.33500000834465027,0.3499999940395355,120600.0,0.3499999940395355
2017-08-18,0.41999998688697815,0.3479999899864197,0.3479999899864197,0.38499999046325684,241100.0,0.38499999046325684
2017-08-21,0.3970000147819519,0.3400000035762787,0.3529999852180481,0.38999998569488525,41300.0,0.38999998569488525
2017-08-22,0.38999998569488525,0.27000001072883606,0.38999998569488525,0.2980000078678131,694300.0,0.2980000078678131
2017-08-23,0.31299999356269836,0.25,0.31299999356269836,0.30000001192092896,659000.0,0.30000001192092896
2017-08-24,0.3100000023841858,0.2669999897480011,0.3100000023841858,0.2750000059604645,185700.0,0.2750000059604645
2017-08-25,0.3149999976158142,0.27000001072883606,0.2849999964237213,0.30000001192092896,174600.0,0.30000001192092896
2017-08-28,0.3089999854564667,0.28200000524520874,0.30000001192092896,0.29499998688697815,78500.0,0.29499998688697815
2017-08-29,0.3100000023841858,0.2750000059604645,0.3100000023841858,0.2879999876022339,29600.0,0.2879999876022339
2017-08-30,0.3100000023841858,0.257999986410141,0.30000001192092896,0.2800000011920929,163900.0,0.2800000011920929
2017-08-31,0.29899999499320984,0.25999999046325684,0.27300000190734863,0.28600001335144043,49600.0,0.28600001335144043
2017-09-01,0.30799999833106995,0.2619999945163727,0.27000001072883606,0.2980000078678131,123400.0,0.2980000078678131
2017-09-05,0.30000001192092896,0.2619999945163727,0.29100000858306885,0.2759999930858612,253100.0,0.2759999930858612
2017-09-06,0.30000001192092896,0.2680000066757202,0.30000001192092896,0.29499998688697815,93300.0,0.29499998688697815
2017-09-07,0.29499998688697815,0.23000000417232513,0.2800000011920929,0.24199999868869781,240000.0,0.24199999868869781
2017-09-08,0.28600001335144043,0.210999995470047,0.22699999809265137,0.23499999940395355,189400.0,0.23499999940395355
2017-09-11,0.24899999797344208,0.2160000056028366,0.24500000476837158,0.24899999797344208,15900.0,0.24899999797344208
2017-09-12,0.2930000126361847,0.2460000067949295,0.25999999046325684,0.26899999380111694,231500.0,0.26899999380111694
2017-09-13,0.28700000047683716,0.23600000143051147,0.26899999380111694,0.28200000524520874,89300.0,0.28200000524520874
2017-09-14,0.28200000524520874,0.23399999737739563,0.2409999966621399,0.24899999797344208,127000.0,0.24899999797344208
2017-09-15,0.27799999713897705,0.210999995470047,0.24300000071525574,0.27799999713897705,135300.0,0.27799999713897705
2017-09-18,0.27799999713897705,0.23999999463558197,0.27799999713897705,0.27000001072883606,62200.0,0.27000001072883606
2017-09-19,0.2680000066757202,0.23999999463558197,0.23999999463558197,0.26499998569488525,54800.0,0.26499998569488525
2017-09-20,0.30000001192092896,0.24500000476837158,0.24500000476837158,0.2980000078678131,164600.0,0.2980000078678131
2017-09-21,0.28999999165534973,0.25,0.2800000011920929,0.28999999165534973,40100.0,0.28999999165534973
2017-09-22,0.2939999997615814,0.26100000739097595,0.2750000059604645,0.28999999165534973,56000.0,0.28999999165534973
2017-09-25,0.3089999854564667,0.2460000067949295,0.30399999022483826,0.28999999165534973,95000.0,0.28999999165534973
2017-09-26,0.28999999165534973,0.25,0.26499998569488525,0.2800000011920929,142700.0,0.2800000011920929
2017-09-27,0.2980000078678131,0.2460000067949295,0.25999999046325684,0.29499998688697815,138100.0,0.29499998688697815
2017-09-28,0.30799999833106995,0.24699999392032623,0.2930000126361847,0.29499998688697815,183200.0,0.29499998688697815
2017-09-29,0.29899999499320984,0.15000000596046448,0.29899999499320984,0.2800000011920929,695600.0,0.2800000011920929
2017-10-02,0.28999999165534973,0.23199999332427979,0.23199999332427979,0.26499998569488525,21400.0,0.26499998569488525
2017-10-03,0.27000001072883606,0.25999999046325684,0.26499998569488525,0.27000001072883606,77900.0,0.27000001072883606
2017-10-04,0.289000004529953,0.25999999046325684,0.25999999046325684,0.27000001072883606,50700.0,0.27000001072883606
2017-10-05,0.2879999876022339,0.27000001072883606,0.27000001072883606,0.27300000190734863,26100.0,0.27300000190734863
2017-10-06,0.2879999876022339,0.23999999463558197,0.27300000190734863,0.2630000114440918,27300.0,0.2630000114440918
2017-10-09,0.23000000417232513,0.2199999988079071,0.2199999988079071,0.23000000417232513,3700.0,0.23000000417232513
2017-10-10,0.27900001406669617,0.23499999940395355,0.25,0.2370000034570694,20000.0,0.2370000034570694
2017-10-11,0.2800000011920929,0.210999995470047,0.23899999260902405,0.2460000067949295,125700.0,0.2460000067949295
2017-10-12,0.2770000100135803,0.2240000069141388,0.2460000067949295,0.24199999868869781,43000.0,0.24199999868869781
2017-10-13,0.23999999463558197,0.20000000298023224,0.23999999463558197,0.23399999737739563,106400.0,0.23399999737739563
2017-10-16,0.23399999737739563,0.20999999344348907,0.20999999344348907,0.210999995470047,92100.0,0.210999995470047
2017-10-17,0.210999995470047,0.17499999701976776,0.17499999701976776,0.210999995470047,99500.0,0.210999995470047
2017-10-18,0.22499999403953552,0.18799999356269836,0.19099999964237213,0.22499999403953552,166300.0,0.22499999403953552
2017-10-19,0.21799999475479126,0.18299999833106995,0.19200000166893005,0.19200000166893005,63800.0,0.19200000166893005
2017-10-20,0.21899999678134918,0.17499999701976776,0.18400000035762787,0.1889999955892563,55900.0,0.1889999955892563
2017-10-23,0.2070000022649765,0.13199999928474426,0.18700000643730164,0.2070000022649765,544800.0,0.2070000022649765
2017-10-24,0.2150000035762787,0.1599999964237213,0.2029999941587448,0.17499999701976776,107800.0,0.17499999701976776
2017-10-25,0.20000000298023224,0.17599999904632568,0.20000000298023224,0.20000000298023224,17600.0,0.20000000298023224
2017-10-26,0.20000000298023224,0.17000000178813934,0.20000000298023224,0.1899999976158142,34300.0,0.1899999976158142
2017-10-27,0.1899999976158142,0.15000000596046448,0.18000000715255737,0.1850000023841858,78400.0,0.1850000023841858
2017-10-30,0.21400000154972076,0.18000000715255737,0.18000000715255737,0.20999999344348907,86200.0,0.20999999344348907
2017-10-31,0.20999999344348907,0.16599999368190765,0.20999999344348907,0.20399999618530273,34500.0,0.20399999618530273
2017-11-01,0.19300000369548798,0.17100000381469727,0.17100000381469727,0.19300000369548798,19100.0,0.19300000369548798
2017-11-02,0.18000000715255737,0.1550000011920929,0.18000000715255737,0.16500000655651093,119100.0,0.16500000655651093
2017-11-03,0.18000000715255737,0.16300000250339508,0.16500000655651093,0.18000000715255737,50600.0,0.18000000715255737
2017-11-06,0.2199999988079071,0.17399999499320984,0.2199999988079071,0.18000000715255737,69200.0,0.18000000715255737
2017-11-07,0.18000000715255737,0.17299999296665192,0.18000000715255737,0.18000000715255737,23000.0,0.18000000715255737
2017-11-08,0.20600000023841858,0.18000000715255737,0.20000000298023224,0.20600000023841858,20700.0,0.20600000023841858
2017-11-09,0.23000000417232513,0.1899999976158142,0.1899999976158142,0.2290000021457672,49100.0,0.2290000021457672
2017-11-10,0.22499999403953552,0.1899999976158142,0.22499999403953552,0.20999999344348907,74900.0,0.20999999344348907
2017-11-13,0.28999999165534973,0.20999999344348907,0.20999999344348907,0.26499998569488525,296500.0,0.26499998569488525
2017-11-14,0.2800000011920929,0.25,0.27900001406669617,0.26100000739097595,110300.0,0.26100000739097595
2017-11-15,0.2849999964237213,0.23999999463558197,0.25999999046325684,0.2720000147819519,64400.0,0.2720000147819519
2017-11-16,0.2750000059604645,0.2460000067949295,0.2750000059604645,0.25999999046325684,31800.0,0.25999999046325684
2017-11-17,0.27000001072883606,0.23999999463558197,0.25999999046325684,0.27000001072883606,21900.0,0.27000001072883606
2017-11-20,0.27000001072883606,0.24799999594688416,0.24799999594688416,0.27000001072883606,2200.0,0.27000001072883606
2017-11-21,0.26600000262260437,0.24199999868869781,0.25200000405311584,0.2619999945163727,44200.0,0.2619999945163727
2017-11-22,0.27000001072883606,0.2680000066757202,0.27000001072883606,0.27000001072883606,14000.0,0.27000001072883606
2017-11-24,0.27000001072883606,0.23100000619888306,0.26499998569488525,0.2680000066757202,6400.0,0.2680000066757202
2017-11-27,0.2680000066757202,0.17599999904632568,0.2680000066757202,0.21799999475479126,175600.0,0.21799999475479126
2017-11-28,0.2290000021457672,0.20000000298023224,0.20100000500679016,0.2290000021457672,38200.0,0.2290000021457672
2017-11-29,0.2290000021457672,0.15700000524520874,0.18400000035762787,0.20000000298023224,64500.0,0.20000000298023224
2017-11-30,0.20999999344348907,0.16099999845027924,0.20999999344348907,0.1899999976158142,19500.0,0.1899999976158142
2017-12-01,0.20999999344348907,0.15700000524520874,0.20999999344348907,0.20900000631809235,24300.0,0.20900000631809235
2017-12-04,0.20900000631809235,0.17499999701976776,0.17900000512599945,0.1979999989271164,40300.0,0.1979999989271164
2017-12-05,0.20000000298023224,0.1509999930858612,0.20000000298023224,0.19499999284744263,39100.0,0.19499999284744263
2017-12-06,0.1940000057220459,0.16500000655651093,0.1940000057220459,0.1889999955892563,83200.0,0.1889999955892563
2017-12-07,0.19599999487400055,0.1899999976158142,0.1899999976158142,0.19499999284744263,51200.0,0.19499999284744263
2017-12-08,0.25999999046325684,0.19900000095367432,0.19900000095367432,0.25,98100.0,0.25
2017-12-11,0.25,0.23100000619888306,0.25,0.25,15000.0,0.25
2017-12-12,0.25999999046325684,0.20999999344348907,0.20999999344348907,0.25,30200.0,0.25
2017-12-13,0.26499998569488525,0.17599999904632568,0.26499998569488525,0.25,66800.0,0.25
2017-12-14,0.25,0.20499999821186066,0.25,0.2199999988079071,14700.0,0.2199999988079071
2017-12-15,0.21400000154972076,0.1899999976158142,0.1899999976158142,0.1899999976158142,16800.0,0.1899999976158142
2017-12-18,0.19499999284744263,0.16500000655651093,0.18000000715255737,0.19499999284744263,99400.0,0.19499999284744263
2017-12-19,0.18400000035762787,0.14399999380111694,0.17000000178813934,0.1599999964237213,102300.0,0.1599999964237213
2017-12-20,0.20999999344348907,0.13699999451637268,0.13699999451637268,0.19200000166893005,24800.0,0.19200000166893005
2017-12-21,0.21899999678134918,0.16200000047683716,0.21899999678134918,0.18700000643730164,15200.0,0.18700000643730164
2017-12-22,0.20200000703334808,0.18700000643730164,0.20200000703334808,0.18700000643730164,9400.0,0.18700000643730164
2017-12-26,0.2029999941587448,0.14499999582767487,0.1889999955892563,0.2029999941587448,1800.0,0.2029999941587448
2017-12-27,0.2070000022649765,0.18199999630451202,0.2070000022649765,0.1850000023841858,78100.0,0.1850000023841858
2017-12-28,0.18000000715255737,0.1459999978542328,0.18000000715255737,0.16500000655651093,75800.0,0.16500000655651093
2017-12-29,0.1720000058412552,0.1509999930858612,0.15299999713897705,0.15299999713897705,63500.0,0.15299999713897705
2018-01-02,0.17000000178813934,0.1509999930858612,0.1509999930858612,0.15299999713897705,23100.0,0.15299999713897705
2018-01-03,0.1860000044107437,0.15700000524520874,0.17299999296665192,0.1860000044107437,24100.0,0.1860000044107437
2018-01-04,0.1860000044107437,0.1860000044107437,0.1860000044107437,0.1860000044107437,0.0,0.1860000044107437
2018-01-05,0.20000000298023224,0.15000000596046448,0.15199999511241913,0.20000000298023224,26100.0,0.20000000298023224
2018-01-08,0.20499999821186066,0.17000000178813934,0.20499999821186066,0.20000000298023224,6800.0,0.20000000298023224
2018-01-09,0.19900000095367432,0.1599999964237213,0.1599999964237213,0.19499999284744263,7600.0,0.19499999284744263
2018-01-10,0.1899999976158142,0.16599999368190765,0.16599999368190765,0.1899999976158142,6300.0,0.1899999976158142
2018-01-11,0.1899999976158142,0.16599999368190765,0.16599999368190765,0.18000000715255737,9800.0,0.18000000715255737
2018-01-12,0.18400000035762787,0.11800000071525574,0.16599999368190765,0.1599999964237213,150200.0,0.1599999964237213
2018-01-16,0.1599999964237213,0.12999999523162842,0.15800000727176666,0.1509999930858612,66300.0,0.1509999930858612
2018-01-17,0.15600000321865082,0.12999999523162842,0.15600000321865082,0.14499999582767487,50100.0,0.14499999582767487
2018-01-18,0.14499999582767487,0.12999999523162842,0.14499999582767487,0.14000000059604645,32800.0,0.14000000059604645
2018-01-19,0.1599999964237213,0.12300000339746475,0.14499999582767487,0.12300000339746475,33900.0,0.12300000339746475
2018-01-22,0.15199999511241913,0.14300000667572021,0.15199999511241913,0.15199999511241913,5500.0,0.15199999511241913
2018-01-23,0.14499999582767487,0.11999999731779099,0.12399999797344208,0.12399999797344208,166800.0,0.12399999797344208
2018-01-24,0.16099999845027924,0.12999999523162842,0.13300000131130219,0.1599999964237213,95900.0,0.1599999964237213
2018-01-25,0.15299999713897705,0.13199999928474426,0.13199999928474426,0.1509999930858612,3100.0,0.1509999930858612
2018-01-26,0.15299999713897705,0.1289999932050705,0.1289999932050705,0.14499999582767487,45800.0,0.14499999582767487
2018-01-29,0.14499999582767487,0.12600000202655792,0.14499999582767487,0.12999999523162842,86400.0,0.12999999523162842
2018-01-30,0.13199999928474426,0.12700000405311584,0.12999999523162842,0.12999999523162842,61500.0,0.12999999523162842
2018-01-31,0.12999999523162842,0.11299999803304672,0.12700000405311584,0.11299999803304672,202500.0,0.11299999803304672
2018-02-01,0.11900000274181366,0.10999999940395355,0.11100000143051147,0.10999999940395355,141600.0,0.10999999940395355
2018-02-02,0.125,0.10999999940395355,0.10999999940395355,0.10999999940395355,43100.0,0.10999999940395355
2018-02-05,0.125,0.125,0.125,0.125,3500.0,0.125
2018-02-06,0.125,0.10100000351667404,0.11999999731779099,0.125,4200.0,0.125
2018-02-07,0.125,0.10300000011920929,0.125,0.10300000011920929,8100.0,0.10300000011920929
2018-02-08,0.125,0.10000000149011612,0.125,0.125,14700.0,0.125
2018-02-09,0.125,0.11500000208616257,0.12399999797344208,0.11800000071525574,55600.0,0.11800000071525574
2018-02-12,0.11999999731779099,0.11800000071525574,0.11800000071525574,0.11999999731779099,17700.0,0.11999999731779099
2018-02-13,0.125,0.11900000274181366,0.11900000274181366,0.11999999731779099,39300.0,0.11999999731779099
2018-02-14,0.125,0.11999999731779099,0.125,0.11999999731779099,3100.0,0.11999999731779099
2018-02-15,0.125,0.11999999731779099,0.125,0.11999999731779099,13500.0,0.11999999731779099
2018-02-16,0.16899999976158142,0.11999999731779099,0.125,0.12399999797344208,29800.0,0.12399999797344208
2018-02-20,0.12800000607967377,0.12300000339746475,0.12300000339746475,0.125,3600.0,0.125
2018-02-21,0.12399999797344208,0.11999999731779099,0.11999999731779099,0.11999999731779099,11400.0,0.11999999731779099
2018-02-22,0.1599999964237213,0.12200000137090683,0.1599999964237213,0.15000000596046448,9700.0,0.15000000596046448
2018-02-23,0.15000000596046448,0.12200000137090683,0.15000000596046448,0.1379999965429306,55900.0,0.1379999965429306
2018-02-26,0.15000000596046448,0.12999999523162842,0.14000000059604645,0.14499999582767487,83100.0,0.14499999582767487
2018-02-27,0.14499999582767487,0.12999999523162842,0.14000000059604645,0.14499999582767487,119800.0,0.14499999582767487
2018-02-28,0.14499999582767487,0.12999999523162842,0.14499999582767487,0.14499999582767487,12700.0,0.14499999582767487
2018-03-01,0.14499999582767487,0.12999999523162842,0.14499999582767487,0.12999999523162842,3500.0,0.12999999523162842
2018-03-02,0.14800000190734863,0.14000000059604645,0.14800000190734863,0.14499999582767487,22000.0,0.14499999582767487
2018-03-05,0.1770000010728836,0.1340000033378601,0.14499999582767487,0.1340000033378601,8600.0,0.1340000033378601
2018-03-06,0.17000000178813934,0.14499999582767487,0.17000000178813934,0.14499999582767487,13200.0,0.14499999582767487
2018-03-07,0.17000000178813934,0.1469999998807907,0.1469999998807907,0.17000000178813934,61900.0,0.17000000178813934
2018-03-08,0.20100000500679016,0.1679999977350235,0.17000000178813934,0.19099999964237213,42500.0,0.19099999964237213
2018-03-09,0.19200000166893005,0.19200000166893005,0.19200000166893005,0.19200000166893005,3400.0,0.19200000166893005
2018-03-12,0.3799999952316284,0.18199999630451202,0.20499999821186066,0.33000001311302185,903400.0,0.33000001311302185
2018-03-13,0.3499999940395355,0.1770000010728836,0.3499999940395355,0.27399998903274536,407200.0,0.27399998903274536
2018-03-14,0.25,0.17000000178813934,0.17000000178813934,0.23399999737739563,35200.0,0.23399999737739563
2018-03-15,0.23000000417232513,0.19499999284744263,0.20000000298023224,0.2199999988079071,81100.0,0.2199999988079071
2018-03-16,0.2800000011920929,0.25,0.27000001072883606,0.2800000011920929,31000.0,0.2800000011920929
2018-03-19,0.32499998807907104,0.27000001072883606,0.27900001406669617,0.27000001072883606,63400.0,0.27000001072883606
2018-03-20,0.30399999022483826,0.23000000417232513,0.27000001072883606,0.28999999165534973,62100.0,0.28999999165534973
2018-03-21,0.28999999165534973,0.23100000619888306,0.23100000619888306,0.28999999165534973,25300.0,0.28999999165534973
2018-03-22,0.2849999964237213,0.26499998569488525,0.2669999897480011,0.2849999964237213,27800.0,0.2849999964237213
2018-03-23,0.257999986410141,0.23999999463558197,0.257999986410141,0.23999999463558197,7900.0,0.23999999463558197
2018-03-26,0.24699999392032623,0.2199999988079071,0.24199999868869781,0.2199999988079071,25600.0,0.2199999988079071
2018-03-27,0.22499999403953552,0.18000000715255737,0.22499999403953552,0.1979999989271164,63000.0,0.1979999989271164
2018-03-28,0.24500000476837158,0.18000000715255737,0.19499999284744263,0.24500000476837158,32000.0,0.24500000476837158
2018-03-29,0.24500000476837158,0.20100000500679016,0.20999999344348907,0.24500000476837158,9600.0,0.24500000476837158
2018-04-02,0.23899999260902405,0.20000000298023224,0.21400000154972076,0.20999999344348907,24200.0,0.20999999344348907
2018-04-03,0.20999999344348907,0.1599999964237213,0.20999999344348907,0.20999999344348907,65500.0,0.20999999344348907
2018-04-04,0.20800000429153442,0.17000000178813934,0.18000000715255737,0.20800000429153442,5300.0,0.20800000429153442
2018-04-05,0.1899999976158142,0.14000000059604645,0.17000000178813934,0.1899999976158142,39800.0,0.1899999976158142
2018-04-06,0.1899999976158142,0.17399999499320984,0.17399999499320984,0.1899999976158142,1200.0,0.1899999976158142
2018-04-09,0.19200000166893005,0.1889999955892563,0.19200000166893005,0.1899999976158142,14400.0,0.1899999976158142
2018-04-10,0.19300000369548798,0.16099999845027924,0.16099999845027924,0.19300000369548798,11600.0,0.19300000369548798
2018-04-11,0.19300000369548798,0.19300000369548798,0.19300000369548798,0.19300000369548798,0.0,0.19300000369548798
2018-04-12,0.18000000715255737,0.17499999701976776,0.18000000715255737,0.17499999701976776,15000.0,0.17499999701976776
2018-04-13,0.18799999356269836,0.16200000047683716,0.16200000047683716,0.16200000047683716,37500.0,0.16200000047683716
2018-04-16,0.18000000715255737,0.17000000178813934,0.17000000178813934,0.18000000715255737,16500.0,0.18000000715255737
2018-04-17,0.18000000715255737,0.16200000047683716,0.18000000715255737,0.16200000047683716,9700.0,0.16200000047683716
2018-04-18,0.18000000715255737,0.18000000715255737,0.18000000715255737,0.18000000715255737,4100.0,0.18000000715255737
2018-04-19,0.19900000095367432,0.17800000309944153,0.17800000309944153,0.19900000095367432,7400.0,0.19900000095367432
2018-04-20,0.1899999976158142,0.16200000047683716,0.16200000047683716,0.16200000047683716,3200.0,0.16200000047683716
2018-04-23,0.1899999976158142,0.16200000047683716,0.16200000047683716,0.1899999976158142,7000.0,0.1899999976158142
2018-04-24,0.1889999955892563,0.16200000047683716,0.16200000047683716,0.17900000512599945,14000.0,0.17900000512599945
2018-04-25,0.1899999976158142,0.16200000047683716,0.1899999976158142,0.16699999570846558,11800.0,0.16699999570846558
2018-04-26,0.1850000023841858,0.16500000655651093,0.16500000655651093,0.1850000023841858,8900.0,0.1850000023841858
2018-04-27,0.17800000309944153,0.16200000047683716,0.17800000309944153,0.16200000047683716,2400.0,0.16200000047683716
2018-04-30,0.1899999976158142,0.1850000023841858,0.1850000023841858,0.1850000023841858,8400.0,0.1850000023841858
2018-05-01,0.19099999964237213,0.17399999499320984,0.17399999499320984,0.19099999964237213,4400.0,0.19099999964237213
2018-05-02,0.1850000023841858,0.18000000715255737,0.1850000023841858,0.1850000023841858,25000.0,0.1850000023841858
2018-05-03,0.18400000035762787,0.14900000393390656,0.18000000715255737,0.18400000035762787,18000.0,0.18400000035762787
2018-05-04,0.17299999296665192,0.12800000607967377,0.14900000393390656,0.15000000596046448,31900.0,0.15000000596046448
2018-05-07,0.16500000655651093,0.15000000596046448,0.15000000596046448,0.15000000596046448,13800.0,0.15000000596046448
2018-05-08,0.1550000011920929,0.15000000596046448,0.15000000596046448,0.1550000011920929,29000.0,0.1550000011920929
2018-05-09,0.1550000011920929,0.15000000596046448,0.1550000011920929,0.1550000011920929,9100.0,0.1550000011920929
2018-05-10,0.1550000011920929,0.1550000011920929,0.1550000011920929,0.1550000011920929,15000.0,0.1550000011920929
2018-05-11,0.15000000596046448,0.15000000596046448,0.15000000596046448,0.15000000596046448,10900.0,0.15000000596046448
2018-05-14,0.1850000023841858,0.1469999998807907,0.1850000023841858,0.1850000023841858,2900.0,0.1850000023841858
2018-05-15,0.1850000023841858,0.1850000023841858,0.1850000023841858,0.1850000023841858,0.0,0.1850000023841858
2018-05-16,0.1850000023841858,0.1850000023841858,0.1850000023841858,0.1850000023841858,0.0,0.1850000023841858
2018-05-17,0.1809999942779541,0.1459999978542328,0.1809999942779541,0.1459999978542328,4000.0,0.1459999978542328
2018-05-18,0.18000000715255737,0.14499999582767487,0.14499999582767487,0.18000000715255737,35700.0,0.18000000715255737
2018-05-21,0.1850000023841858,0.14499999582767487,0.1850000023841858,0.15000000596046448,64700.0,0.15000000596046448
2018-05-22,0.14399999380111694,0.14000000059604645,0.14000000059604645,0.14000000059604645,23300.0,0.14000000059604645
2018-05-23,0.17900000512599945,0.14499999582767487,0.17900000512599945,0.14499999582767487,12200.0,0.14499999582767487
2018-05-24,0.14000000059604645,0.14000000059604645,0.14000000059604645,0.14000000059604645,7700.0,0.14000000059604645
2018-05-25,0.15000000596046448,0.14000000059604645,0.14000000059604645,0.15000000596046448,8500.0,0.15000000596046448
2018-05-29,0.15000000596046448,0.12999999523162842,0.15000000596046448,0.15000000596046448,30100.0,0.15000000596046448
2018-05-30,0.16500000655651093,0.16500000655651093,0.16500000655651093,0.16500000655651093,1300.0,0.16500000655651093
2018-05-31,0.1550000011920929,0.1550000011920929,0.1550000011920929,0.1550000011920929,3000.0,0.1550000011920929
2018-06-01,0.164000004529953,0.164000004529953,0.164000004529953,0.164000004529953,1000.0,0.164000004529953
2018-06-04,0.164000004529953,0.164000004529953,0.164000004529953,0.164000004529953,0.0,0.164000004529953
2018-06-05,0.164000004529953,0.16099999845027924,0.164000004529953,0.16099999845027924,800.0,0.16099999845027924
2018-06-06,0.15399999916553497,0.12999999523162842,0.13099999725818634,0.15399999916553497,6200.0,0.15399999916553497
2018-06-07,0.15399999916553497,0.15399999916553497,0.15399999916553497,0.15399999916553497,0.0,0.15399999916553497
2018-06-08,0.15399999916553497,0.11999999731779099,0.12999999523162842,0.14000000059604645,42600.0,0.14000000059604645
2018-06-11,0.1420000046491623,0.14000000059604645,0.1420000046491623,0.14000000059604645,7000.0,0.14000000059604645
2018-06-12,0.14000000059604645,0.14000000059604645,0.14000000059604645,0.14000000059604645,6000.0,0.14000000059604645
2018-06-13,0.14499999582767487,0.125,0.12700000405311584,0.14499999582767487,27000.0,0.14499999582767487
2018-06-14,0.14000000059604645,0.1120000034570694,0.13099999725818634,0.13699999451637268,55400.0,0.13699999451637268
2018-06-15,0.14000000059604645,0.14000000059604645,0.14000000059604645,0.14000000059604645,1500.0,0.14000000059604645
2018-06-18,0.14000000059604645,0.11999999731779099,0.11999999731779099,0.11999999731779099,14000.0,0.11999999731779099
2018-06-19,0.1379999965429306,0.11999999731779099,0.1379999965429306,0.11999999731779099,7800.0,0.11999999731779099
2018-06-20,0.14000000059604645,0.13500000536441803,0.13500000536441803,0.14000000059604645,15800.0,0.14000000059604645
2018-06-21,0.15000000596046448,0.13500000536441803,0.15000000596046448,0.15000000596046448,9500.0,0.15000000596046448
2018-06-22,0.16200000047683716,0.13500000536441803,0.15000000596046448,0.16200000047683716,23500.0,0.16200000047683716
2018-06-25,0.1599999964237213,0.14000000059604645,0.14000000059604645,0.1599999964237213,10500.0,0.1599999964237213
2018-06-26,0.17000000178813934,0.13500000536441803,0.16200000047683716,0.17000000178813934,68500.0,0.17000000178813934
2018-06-27,0.1550000011920929,0.1550000011920929,0.1550000011920929,0.1550000011920929,10500.0,0.1550000011920929
2018-06-28,0.17000000178813934,0.13500000536441803,0.13500000536441803,0.14000000059604645,52000.0,0.14000000059604645
2018-06-29,0.15000000596046448,0.12999999523162842,0.15000000596046448,0.12999999523162842,40000.0,0.12999999523162842
2018-07-02,0.13500000536441803,0.12999999523162842,0.12999999523162842,0.13500000536441803,28300.0,0.13500000536441803
2018-07-03,0.164000004529953,0.11999999731779099,0.164000004529953,0.14100000262260437,54500.0,0.14100000262260437
2018-07-05,0.16300000250339508,0.12099999934434891,0.1340000033378601,0.16300000250339508,5300.0,0.16300000250339508
2018-07-06,0.125,0.10999999940395355,0.12099999934434891,0.11999999731779099,66700.0,0.11999999731779099
2018-07-09,0.11900000274181366,0.10000000149011612,0.10999999940395355,0.10000000149011612,65500.0,0.10000000149011612
2018-07-10,0.1599999964237213,0.10199999809265137,0.10499999672174454,0.14000000059604645,196300.0,0.14000000059604645
2018-07-11,0.15600000321865082,0.10899999737739563,0.10899999737739563,0.10999999940395355,36500.0,0.10999999940395355
2018-07-12,0.12999999523162842,0.11100000143051147,0.1120000034570694,0.11100000143051147,15800.0,0.11100000143051147
2018-07-13,0.11999999731779099,0.10000000149011612,0.10999999940395355,0.10999999940395355,143900.0,0.10999999940395355
2018-07-16,0.10999999940395355,0.09000000357627869,0.10999999940395355,0.10000000149011612,91000.0,0.10000000149011612
2018-07-17,0.10300000011920929,0.0989999994635582,0.10000000149011612,0.10000000149011612,58600.0,0.10000000149011612
2018-07-18,0.10199999809265137,0.09200000017881393,0.09200000017881393,0.10199999809265137,55700.0,0.10199999809265137
2018-07-19,0.125,0.09200000017881393,0.125,0.10000000149011612,32800.0,0.10000000149011612
2018-07-20,0.10000000149011612,0.0560000017285347,0.0560000017285347,0.0820000022649765,40800.0,0.0820000022649765
2018-07-23,0.11400000005960464,0.0949999988079071,0.10100000351667404,0.10300000011920929,51900.0,0.10300000011920929
2018-07-24,0.11999999731779099,0.09799999743700027,0.09799999743700027,0.10100000351667404,42900.0,0.10100000351667404
2018-07-25,0.11900000274181366,0.09799999743700027,0.0989999994635582,0.11900000274181366,95700.0,0.11900000274181366
2018-07-26,0.12999999523162842,0.09799999743700027,0.12999999523162842,0.10000000149011612,117500.0,0.10000000149011612
2018-07-27,0.10999999940395355,0.07999999821186066,0.10999999940395355,0.07999999821186066,65700.0,0.07999999821186066
2018-07-30,0.10000000149011612,0.057999998331069946,0.07999999821186066,0.0949999988079071,69200.0,0.0949999988079071
2018-07-31,0.10000000149011612,0.061000000685453415,0.09000000357627869,0.0729999989271164,71000.0,0.0729999989271164
2018-08-01,0.09600000083446503,0.07999999821186066,0.07999999821186066,0.09600000083446503,36900.0,0.09600000083446503
2018-08-02,0.10000000149011612,0.08100000023841858,0.0989999994635582,0.08100000023841858,9500.0,0.08100000023841858
2018-08-03,0.08100000023841858,0.07500000298023224,0.08100000023841858,0.07500000298023224,34000.0,0.07500000298023224
2018-08-06,0.09399999678134918,0.07199999690055847,0.07199999690055847,0.07599999755620956,9400.0,0.07599999755620956
2018-08-07,0.07999999821186066,0.07900000363588333,0.07999999821186066,0.07900000363588333,31300.0,0.07900000363588333
2018-08-08,0.09000000357627869,0.0689999982714653,0.09000000357627869,0.07900000363588333,84800.0,0.07900000363588333
2018-08-09,0.07900000363588333,0.0689999982714653,0.07900000363588333,0.0689999982714653,31300.0,0.0689999982714653
2018-08-10,0.0689999982714653,0.05999999865889549,0.05999999865889549,0.06700000166893005,35100.0,0.06700000166893005
2018-08-13,0.06499999761581421,0.05700000002980232,0.05700000002980232,0.06499999761581421,29500.0,0.06499999761581421
2018-08-14,0.06499999761581421,0.03999999910593033,0.057999998331069946,0.06499999761581421,38400.0,0.06499999761581421
2018-08-15,0.07500000298023224,0.06499999761581421,0.06499999761581421,0.06800000369548798,71700.0,0.06800000369548798
2018-08-16,0.06499999761581421,0.06499999761581421,0.06499999761581421,0.06499999761581421,800.0,0.06499999761581421
2018-08-17,0.06599999964237213,0.06499999761581421,0.06599999964237213,0.06499999761581421,2300.0,0.06499999761581421
2018-08-20,0.07500000298023224,0.07500000298023224,0.07500000298023224,0.07500000298023224,1000.0,0.07500000298023224
2018-08-21,0.07500000298023224,0.07500000298023224,0.07500000298023224,0.07500000298023224,1200.0,0.07500000298023224
2018-08-22,0.07500000298023224,0.07500000298023224,0.07500000298023224,0.07500000298023224,0.0,0.07500000298023224
2018-08-23,0.07500000298023224,0.06499999761581421,0.07500000298023224,0.07400000095367432,9800.0,0.07400000095367432
2018-08-24,0.07500000298023224,0.06499999761581421,0.07500000298023224,0.06499999761581421,4000.0,0.06499999761581421
2018-08-27,0.07400000095367432,0.07400000095367432,0.07400000095367432,0.07400000095367432,1300.0,0.07400000095367432
2018-08-28,0.07400000095367432,0.06499999761581421,0.06499999761581421,0.06499999761581421,31000.0,0.06499999761581421
2018-08-29,0.06499999761581421,0.06499999761581421,0.06499999761581421,0.06499999761581421,0.0,0.06499999761581421
2018-08-30,0.06499999761581421,0.06499999761581421,0.06499999761581421,0.06499999761581421,0.0,0.06499999761581421
2018-08-31,0.07400000095367432,0.07000000029802322,0.07000000029802322,0.07400000095367432,14800.0,0.07400000095367432
2018-09-04,0.07400000095367432,0.07400000095367432,0.07400000095367432,0.07400000095367432,0.0,0.07400000095367432
2018-09-05,0.07400000095367432,0.07400000095367432,0.07400000095367432,0.07400000095367432,0.0,0.07400000095367432
2018-09-06,0.07000000029802322,0.06499999761581421,0.06499999761581421,0.07000000029802322,2300.0,0.07000000029802322
2018-09-07,0.07000000029802322,0.07000000029802322,0.07000000029802322,0.07000000029802322,0.0,0.07000000029802322
2018-09-10,0.07000000029802322,0.05400000140070915,0.06499999761581421,0.07000000029802322,191800.0,0.07000000029802322
2018-09-11,0.12999999523162842,0.07000000029802322,0.07000000029802322,0.1289999932050705,85300.0,0.1289999932050705
2018-09-12,0.12999999523162842,0.07999999821186066,0.07999999821186066,0.10400000214576721,25400.0,0.10400000214576721
2018-09-13,0.12800000607967377,0.0949999988079071,0.0949999988079071,0.12800000607967377,18800.0,0.12800000607967377
2018-09-14,0.12800000607967377,0.10000000149011612,0.12800000607967377,0.12800000607967377,7900.0,0.12800000607967377
2018-09-17,0.12800000607967377,0.10499999672174454,0.10499999672174454,0.11999999731779099,13800.0,0.11999999731779099
2018-09-18,0.12800000607967377,0.09799999743700027,0.10499999672174454,0.12800000607967377,19300.0,0.12800000607967377
2018-09-19,0.12800000607967377,0.07100000232458115,0.09799999743700027,0.12700000405311584,56400.0,0.12700000405311584
2018-09-20,0.12700000405311584,0.12700000405311584,0.12700000405311584,0.12700000405311584,0.0,0.12700000405311584
2018-09-21,0.11500000208616257,0.11500000208616257,0.11500000208616257,0.11500000208616257,7600.0,0.11500000208616257
2018-09-24,0.11500000208616257,0.08799999952316284,0.10499999672174454,0.11500000208616257,8500.0,0.11500000208616257
2018-09-25,0.11400000005960464,0.07999999821186066,0.08799999952316284,0.11400000005960464,50300.0,0.11400000005960464
2018-09-26,0.10599999874830246,0.09000000357627869,0.09000000357627869,0.10599999874830246,52800.0,0.10599999874830246
2018-09-27,0.14100000262260437,0.10599999874830246,0.10599999874830246,0.14100000262260437,85000.0,0.14100000262260437
2018-09-28,0.14000000059604645,0.0949999988079071,0.14000000059604645,0.125,6000.0,0.125
2018-10-01,0.14000000059604645,0.09000000357627869,0.11800000071525574,0.10000000149011612,26300.0,0.10000000149011612
2018-10-02,0.1340000033378601,0.09000000357627869,0.10000000149011612,0.10999999940395355,29100.0,0.10999999940395355
2018-10-03,0.11999999731779099,0.10999999940395355,0.11999999731779099,0.10999999940395355,1600.0,0.10999999940395355
2018-10-04,0.14100000262260437,0.10499999672174454,0.11999999731779099,0.14100000262260437,22100.0,0.14100000262260437
2018-10-05,0.14100000262260437,0.14100000262260437,0.14100000262260437,0.14100000262260437,0.0,0.14100000262260437
2018-10-08,0.14000000059604645,0.09600000083446503,0.10499999672174454,0.14000000059604645,17100.0,0.14000000059604645
2018-10-09,0.14000000059604645,0.14000000059604645,0.14000000059604645,0.14000000059604645,0.0,0.14000000059604645
2018-10-10,0.12700000405311584,0.11999999731779099,0.12700000405311584,0.11999999731779099,7200.0,0.11999999731779099
2018-10-11,0.14000000059604645,0.11999999731779099,0.11999999731779099,0.14000000059604645,11400.0,0.14000000059604645
2018-10-12,0.11999999731779099,0.11999999731779099,0.11999999731779099,0.11999999731779099,3000.0,0.11999999731779099
2018-10-15,0.13899999856948853,0.10899999737739563,0.10899999737739563,0.13500000536441803,18200.0,0.13500000536441803
2018-10-16,0.13500000536441803,0.13500000536441803,0.13500000536441803,0.13500000536441803,8100.0,0.13500000536441803
2018-10-17,0.13500000536441803,0.10000000149011612,0.10000000149011612,0.13500000536441803,9400.0,0.13500000536441803
2018-10-18,0.12999999523162842,0.12999999523162842,0.12999999523162842,0.12999999523162842,13500.0,0.12999999523162842
2018-10-19,0.13300000131130219,0.13300000131130219,0.13300000131130219,0.13300000131130219,500.0,0.13300000131130219
2018-10-22,0.125,0.125,0.125,0.125,800.0,0.125
2018-10-23,0.10000000149011612,0.10000000149011612,0.10000000149011612,0.10000000149011612,800.0,0.10000000149011612
2018-10-24,0.125,0.10000000149011612,0.10000000149011612,0.125,5200.0,0.125
2018-10-25,0.12600000202655792,0.12600000202655792,0.12600000202655792,0.12600000202655792,1400.0,0.12600000202655792
2018-10-26,0.12600000202655792,0.08500000089406967,0.08699999749660492,0.125,7100.0,0.125
2018-10-29,0.12999999523162842,0.07500000298023224,0.07500000298023224,0.11800000071525574,22300.0,0.11800000071525574
2018-10-30,0.11800000071525574,0.11800000071525574,0.11800000071525574,0.11800000071525574,0.0,0.11800000071525574
2018-10-31,0.11800000071525574,0.11800000071525574,0.11800000071525574,0.11800000071525574,0.0,0.11800000071525574
2018-11-01,0.0860000029206276,0.08500000089406967,0.0860000029206276,0.08500000089406967,7000.0,0.08500000089406967
2018-11-02,0.1289999932050705,0.08500000089406967,0.08500000089406967,0.1289999932050705,1300.0,0.1289999932050705
2018-11-05,0.1289999932050705,0.1289999932050705,0.1289999932050705,0.1289999932050705,0.0,0.1289999932050705
2018-11-06,0.1289999932050705,0.1289999932050705,0.1289999932050705,0.1289999932050705,0.0,0.1289999932050705
2018-11-07,0.1289999932050705,0.1289999932050705,0.1289999932050705,0.1289999932050705,0.0,0.1289999932050705
2018-11-08,0.1289999932050705,0.1289999932050705,0.1289999932050705,0.1289999932050705,0.0,0.1289999932050705
2018-11-09,0.08500000089406967,0.08500000089406967,0.08500000089406967,0.08500000089406967,1000.0,0.08500000089406967
2018-11-12,0.10999999940395355,0.10999999940395355,0.10999999940395355,0.10999999940395355,400.0,0.10999999940395355
2018-11-13,0.12200000137090683,0.11800000071525574,0.11800000071525574,0.12200000137090683,2400.0,0.12200000137090683
2018-11-14,0.12200000137090683,0.12200000137090683,0.12200000137090683,0.12200000137090683,0.0,0.12200000137090683
2018-11-15,0.12200000137090683,0.12200000137090683,0.12200000137090683,0.12200000137090683,0.0,0.12200000137090683
2018-11-16,0.12200000137090683,0.12200000137090683,0.12200000137090683,0.12200000137090683,0.0,0.12200000137090683
2018-11-19,0.12200000137090683,0.12200000137090683,0.12200000137090683,0.12200000137090683,0.0,0.12200000137090683
2018-11-20,0.1289999932050705,0.08500000089406967,0.08500000089406967,0.10300000011920929,4800.0,0.10300000011920929
2018-11-21,0.1289999932050705,0.08500000089406967,0.12200000137090683,0.1289999932050705,1300.0,0.1289999932050705
2018-11-23,0.1289999932050705,0.1289999932050705,0.1289999932050705,0.1289999932050705,0.0,0.1289999932050705
2018-11-26,0.10199999809265137,0.08500000089406967,0.08500000089406967,0.10199999809265137,800.0,0.10199999809265137
2018-11-27,0.10199999809265137,0.10199999809265137,0.10199999809265137,0.10199999809265137,0.0,0.10199999809265137
2018-11-28,0.10199999809265137,0.10199999809265137,0.10199999809265137,0.10199999809265137,0.0,0.10199999809265137
2018-11-29,0.10899999737739563,0.10899999737739563,0.10899999737739563,0.10899999737739563,100.0,0.10899999737739563
2018-11-30,0.10899999737739563,0.10899999737739563,0.10899999737739563,0.10899999737739563,0.0,0.10899999737739563
2018-12-03,0.10700000077486038,0.08799999952316284,0.08799999952316284,0.10700000077486038,1300.0,0.10700000077486038
2018-12-04,0.10999999940395355,0.09000000357627869,0.09000000357627869,0.10999999940395355,22200.0,0.10999999940395355
2018-12-06,0.10899999737739563,0.09099999815225601,0.09099999815225601,0.09200000017881393,38900.0,0.09200000017881393
2018-12-07,0.09200000017881393,0.09200000017881393,0.09200000017881393,0.09200000017881393,0.0,0.09200000017881393
2018-12-10,0.09300000220537186,0.09200000017881393,0.09200000017881393,0.09300000220537186,8100.0,0.09300000220537186
2018-12-11,0.10999999940395355,0.08399999886751175,0.10999999940395355,0.08399999886751175,9600.0,0.08399999886751175
2018-12-12,0.10999999940395355,0.10999999940395355,0.10999999940395355,0.10999999940395355,500.0,0.10999999940395355
2018-12-13,0.10999999940395355,0.10999999940395355,0.10999999940395355,0.10999999940395355,0.0,0.10999999940395355
2018-12-14,0.10999999940395355,0.10999999940395355,0.10999999940395355,0.10999999940395355,0.0,0.10999999940395355
2018-12-17,0.10999999940395355,0.10999999940395355,0.10999999940395355,0.10999999940395355,1000.0,0.10999999940395355
2018-12-18,0.10999999940395355,0.07500000298023224,0.07500000298023224,0.10999999940395355,1300.0,0.10999999940395355
2018-12-19,0.10999999940395355,0.10999999940395355,0.10999999940395355,0.10999999940395355,18400.0,0.10999999940395355
2018-12-20,0.11999999731779099,0.10999999940395355,0.10999999940395355,0.11999999731779099,12200.0,0.11999999731779099
2018-12-21,0.10000000149011612,0.07500000298023224,0.07500000298023224,0.10000000149011612,28400.0,0.10000000149011612
2018-12-24,0.11999999731779099,0.07999999821186066,0.07999999821186066,0.11999999731779099,600.0,0.11999999731779099
2018-12-26,0.11999999731779099,0.11999999731779099,0.11999999731779099,0.11999999731779099,0.0,0.11999999731779099
2018-12-27,0.10999999940395355,0.07500000298023224,0.07599999755620956,0.10999999940395355,36100.0,0.10999999940395355
2018-12-28,0.11900000274181366,0.10000000149011612,0.10000000149011612,0.11900000274181366,11200.0,0.11900000274181366
2018-12-31,0.10499999672174454,0.10499999672174454,0.10499999672174454,0.10499999672174454,15000.0,0.10499999672174454
2019-01-02,0.11990000307559967,0.10809999704360962,0.11990000307559967,0.11500000208616257,25900.0,0.11500000208616257
2019-01-03,0.11800000071525574,0.1080000028014183,0.11800000071525574,0.1080000028014183,10500.0,0.1080000028014183
2019-01-04,0.11999999731779099,0.031099999323487282,0.10899999737739563,0.11999999731779099,43320.0,0.11999999731779099
2019-01-07,0.11999999731779099,0.11999999731779099,0.11999999731779099,0.11999999731779099,0.0,0.11999999731779099
2019-01-08,0.11999999731779099,0.11999999731779099,0.11999999731779099,0.11999999731779099,0.0,0.11999999731779099
2019-01-09,0.11999999731779099,0.11999999731779099,0.11999999731779099,0.11999999731779099,0.0,0.11999999731779099
2019-01-10,0.11999999731779099,0.10999999940395355,0.11500000208616257,0.11800000071525574,52461.0,0.11800000071525574
2019-01-11,0.13989999890327454,0.11999999731779099,0.11999999731779099,0.11999999731779099,23700.0,0.11999999731779099
2019-01-14,0.14100000262260437,0.13500000536441803,0.13500000536441803,0.14100000262260437,20022.0,0.14100000262260437
2019-01-15,0.1340000033378601,0.1340000033378601,0.1340000033378601,0.1340000033378601,2098.0,0.1340000033378601
2019-01-16,0.14399999380111694,0.14000000059604645,0.14100000262260437,0.14399999380111694,2813.0,0.14399999380111694
2019-01-17,0.1445000022649765,0.11999999731779099,0.11999999731779099,0.1445000022649765,3500.0,0.1445000022649765
2019-01-18,0.1445000022649765,0.125,0.14100000262260437,0.125,21400.0,0.125
2019-01-22,0.1696999967098236,0.11999999731779099,0.11999999731779099,0.1696999967098236,30400.0,0.1696999967098236
2019-01-23,0.16979999840259552,0.1599999964237213,0.1599999964237213,0.16380000114440918,9450.0,0.16380000114440918
2019-01-24,0.16380000114440918,0.13289999961853027,0.16380000114440918,0.16380000114440918,3817.0,0.16380000114440918
2019-01-25,0.17489999532699585,0.1599999964237213,0.1599999964237213,0.17489999532699585,96981.0,0.17489999532699585
2019-01-28,0.17489999532699585,0.17489999532699585,0.17489999532699585,0.17489999532699585,5000.0,0.17489999532699585
2019-01-29,0.17489999532699585,0.16249999403953552,0.17489999532699585,0.16249999403953552,25500.0,0.16249999403953552
2019-01-30,0.17440000176429749,0.16099999845027924,0.16099999845027924,0.17440000176429749,12207.0,0.17440000176429749
2019-01-31,0.17499999701976776,0.1599999964237213,0.17489999532699585,0.17499999701976776,23615.0,0.17499999701976776
2019-02-01,0.17499999701976776,0.1599999964237213,0.17499999701976776,0.17499999701976776,22468.0,0.17499999701976776
2019-02-04,0.17990000545978546,0.14000000059604645,0.14000000059604645,0.17990000545978546,10797.0,0.17990000545978546
2019-02-05,0.16200000047683716,0.16200000047683716,0.16200000047683716,0.16200000047683716,15000.0,0.16200000047683716
2019-02-06,0.17990000545978546,0.174919992685318,0.174919992685318,0.17800000309944153,16510.0,0.17800000309944153
2019-02-07,0.1770000010728836,0.13030000030994415,0.13030000030994415,0.17649999260902405,4955.0,0.17649999260902405
2019-02-08,0.17649999260902405,0.1599999964237213,0.17649999260902405,0.1599999964237213,18118.0,0.1599999964237213
2019-02-11,0.1770000010728836,0.15000000596046448,0.1770000010728836,0.15000000596046448,8729.0,0.15000000596046448
2019-02-12,0.15000000596046448,0.15000000596046448,0.15000000596046448,0.15000000596046448,2900.0,0.15000000596046448
2019-02-13,0.13179999589920044,0.09399999678134918,0.13179999589920044,0.09399999678134918,121050.0,0.09399999678134918
2019-02-14,0.17299999296665192,0.08699999749660492,0.17299999296665192,0.13809999823570251,21500.0,0.13809999823570251
2019-02-15,0.1348000019788742,0.09000000357627869,0.09200000017881393,0.1348000019788742,35450.0,0.1348000019788742
2019-02-19,0.13230000436306,0.0944100022315979,0.13199999928474426,0.13230000436306,41000.0,0.13230000436306
2019-02-20,0.12809999287128448,0.09030000120401382,0.09040000289678574,0.12809999287128448,9593.0,0.12809999287128448
2019-02-21,0.13655999302864075,0.11500000208616257,0.13655999302864075,0.12999999523162842,14500.0,0.12999999523162842
2019-02-22,0.12939999997615814,0.10999999940395355,0.12549999356269836,0.12939999997615814,57899.0,0.12939999997615814
2019-02-25,0.14399999380111694,0.10999999940395355,0.10999999940395355,0.14399999380111694,57800.0,0.14399999380111694
2019-02-26,0.14000000059604645,0.1289999932050705,0.1289999932050705,0.14000000059604645,15000.0,0.14000000059604645
2019-02-27,0.13699999451637268,0.13699999451637268,0.13699999451637268,0.13699999451637268,5000.0,0.13699999451637268
2019-02-28,0.125,0.10100000351667404,0.125,0.11479999870061874,120867.0,0.11479999870061874
2019-03-01,0.12929999828338623,0.10999999940395355,0.11999999731779099,0.10999999940395355,23600.0,0.10999999940395355
2019-03-04,0.10999999940395355,0.10999999940395355,0.10999999940395355,0.10999999940395355,5000.0,0.10999999940395355
2019-03-05,0.12470000237226486,0.1129399985074997,0.12470000237226486,0.1129399985074997,1250.0,0.1129399985074997
2019-03-06,0.10999999940395355,0.10999999940395355,0.10999999940395355,0.10999999940395355,5800.0,0.10999999940395355
2019-03-07,0.10999999940395355,0.10999999940395355,0.10999999940395355,0.10999999940395355,13000.0,0.10999999940395355
2019-03-08,0.11490000039339066,0.10499999672174454,0.11490000039339066,0.10499999672174454,34900.0,0.10499999672174454
2019-03-11,0.11490000039339066,0.10745000094175339,0.10745000094175339,0.11349999904632568,14631.0,0.11349999904632568
2019-03-12,0.1128000020980835,0.10000000149011612,0.10499999672174454,0.10899999737739563,33308.0,0.10899999737739563
2019-03-13,0.1143999993801117,0.1143999993801117,0.1143999993801117,0.1143999993801117,1200.0,0.1143999993801117
2019-03-14,0.12800000607967377,0.10499999672174454,0.10999999940395355,0.12470000237226486,31640.0,0.12470000237226486
2019-03-15,0.11379999667406082,0.09719999879598618,0.11379999667406082,0.1100199967622757,18353.0,0.1100199967622757
2019-03-18,0.10999999940395355,0.10999999940395355,0.10999999940395355,0.10999999940395355,7000.0,0.10999999940395355
2019-03-19,0.10999999940395355,0.10999999940395355,0.10999999940395355,0.10999999940395355,0.0,0.10999999940395355
2019-03-20,0.10999999940395355,0.10999999940395355,0.10999999940395355,0.10999999940395355,0.0,0.10999999940395355
2019-03-21,0.10499999672174454,0.09000000357627869,0.09000000357627869,0.10499999672174454,11300.0,0.10499999672174454
2019-03-22,0.11900000274181366,0.09009999781847,0.11900000274181366,0.10000000149011612,33802.0,0.10000000149011612
2019-03-25,0.1014999970793724,0.10100000351667404,0.10100000351667404,0.10100000351667404,12808.0,0.10100000351667404
2019-03-26,0.15399999916553497,0.060100000351667404,0.060100000351667404,0.15199999511241913,108541.0,0.15199999511241913
2019-03-27,0.15199999511241913,0.15199999511241913,0.15199999511241913,0.15199999511241913,0.0,0.15199999511241913
2019-03-28,0.15199999511241913,0.15199999511241913,0.15199999511241913,0.15199999511241913,0.0,0.15199999511241913
2019-03-29,0.17489999532699585,0.15199999511241913,0.15199999511241913,0.17299999296665192,12200.0,0.17299999296665192
2019-04-01,0.17489999532699585,0.12999999523162842,0.12999999523162842,0.17489999532699585,3900.0,0.17489999532699585
2019-04-02,0.17499999701976776,0.1599999964237213,0.1599999964237213,0.17499999701976776,5800.0,0.17499999701976776
2019-04-03,0.1655000001192093,0.15000000596046448,0.1655000001192093,0.1599999964237213,41714.0,0.1599999964237213
2019-04-04,0.17000000178813934,0.1589999943971634,0.1589999943971634,0.17000000178813934,2000.0,0.17000000178813934
2019-04-05,0.17499999701976776,0.17499999701976776,0.17499999701976776,0.17499999701976776,2000.0,0.17499999701976776
2019-04-08,0.17499999701976776,0.17499999701976776,0.17499999701976776,0.17499999701976776,0.0,0.17499999701976776
2019-04-09,0.16769999265670776,0.16529999673366547,0.16529999673366547,0.16769999265670776,9500.0,0.16769999265670776
2019-04-10,0.1599999964237213,0.1599999964237213,0.1599999964237213,0.1599999964237213,5000.0,0.1599999964237213
2019-04-11,0.17000000178813934,0.15000000596046448,0.15000000596046448,0.17000000178813934,11185.0,0.17000000178813934
2019-04-12,0.17489999532699585,0.1724500060081482,0.1724500060081482,0.17489999532699585,17150.0,0.17489999532699585
2019-04-15,0.17489999532699585,0.17489999532699585,0.17489999532699585,0.17489999532699585,0.0,0.17489999532699585
2019-04-16,0.17489999532699585,0.13050000369548798,0.13050000369548798,0.17489999532699585,750.0,0.17489999532699585
2019-04-17,0.17489999532699585,0.13089999556541443,0.17489999532699585,0.16169999539852142,13907.0,0.16169999539852142
2019-04-18,0.1639000028371811,0.11100000143051147,0.1639000028371811,0.15244999527931213,27700.0,0.15244999527931213
2019-04-22,0.6200000047683716,0.265500009059906,0.3199999928474426,0.6000000238418579,2909167.0,0.6000000238418579
2019-04-23,0.6949999928474426,0.38999998569488525,0.6899999976158142,0.4650000035762787,1304201.0,0.4650000035762787
2019-04-24,0.4950000047683716,0.2800000011920929,0.4950000047683716,0.3700000047683716,1356579.0,0.3700000047683716
2019-04-25,0.4000000059604645,0.29010000824928284,0.4000000059604645,0.33675000071525574,223292.0,0.33675000071525574
2019-04-26,0.3668999969959259,0.3100000023841858,0.3179999887943268,0.3400000035762787,72258.0,0.3400000035762787
2019-04-29,0.3700000047683716,0.32170000672340393,0.3522300124168396,0.33000001311302185,104754.0,0.33000001311302185
2019-04-30,0.3400000035762787,0.2849999964237213,0.32499998807907104,0.3149999976158142,76504.0,0.3149999976158142
2019-05-01,0.35850000381469727,0.28999999165534973,0.3149999976158142,0.35850000381469727,184117.0,0.35850000381469727
2019-05-02,0.39969998598098755,0.33000001311302185,0.33000001311302185,0.33899998664855957,75583.0,0.33899998664855957
2019-05-03,0.30000001192092896,0.23000000417232513,0.25999999046325684,0.2847999930381775,230142.0,0.2847999930381775
2019-05-06,0.2795499861240387,0.24199999868869781,0.27000001072883606,0.2795499861240387,29435.0,0.2795499861240387
2019-05-07,0.29989999532699585,0.27489998936653137,0.27489998936653137,0.29989999532699585,39118.0,0.29989999532699585
2019-05-08,0.3400000035762787,0.299699991941452,0.3255000114440918,0.3398999869823456,31353.0,0.3398999869823456
2019-05-09,0.3107999861240387,0.27000001072883606,0.3107999861240387,0.3096500039100647,22575.0,0.3096500039100647
2019-05-10,0.28999999165534973,0.210099995136261,0.210099995136261,0.28999999165534973,22052.0,0.28999999165534973
2019-05-13,0.289000004529953,0.23100000619888306,0.24500000476837158,0.27000001072883606,31805.0,0.27000001072883606
2019-05-14,0.30799999833106995,0.24400000274181366,0.3075000047683716,0.2750000059604645,37809.0,0.2750000059604645
2019-05-15,0.32499998807907104,0.23100000619888306,0.23100000619888306,0.23119999468326569,11600.0,0.23119999468326569
2019-05-16,0.32499998807907104,0.25,0.2502500116825104,0.3199999928474426,11018.0,0.3199999928474426
2019-05-17,0.328000009059906,0.2750000059604645,0.2750000059604645,0.328000009059906,29051.0,0.328000009059906
2019-05-20,0.31025001406669617,0.26510000228881836,0.30000001192092896,0.31025001406669617,14220.0,0.31025001406669617
2019-05-21,0.3499999940395355,0.26499998569488525,0.3499999940395355,0.33000001311302185,5195.0,0.33000001311302185
2019-05-22,0.2784000039100647,0.25999999046325684,0.2605000138282776,0.2745000123977661,15622.0,0.2745000123977661
2019-05-23,0.31850001215934753,0.2410999983549118,0.2549999952316284,0.28999999165534973,23385.0,0.28999999165534973
2019-05-24,0.289000004529953,0.2409999966621399,0.25575000047683716,0.2750000059604645,9605.0,0.2750000059604645
2019-05-28,0.2800000011920929,0.25999999046325684,0.25999999046325684,0.2800000011920929,11196.0,0.2800000011920929
2019-05-29,0.2750000059604645,0.23899999260902405,0.23899999260902405,0.2750000059604645,9850.0,0.2750000059604645
2019-05-30,0.2800000011920929,0.23999999463558197,0.2800000011920929,0.25999999046325684,37424.0,0.25999999046325684
2019-05-31,0.27799999713897705,0.24220000207424164,0.25999999046325684,0.2451000064611435,26582.0,0.2451000064611435
2019-06-03,0.2680000066757202,0.23999999463558197,0.2680000066757202,0.24420000612735748,49625.0,0.24420000612735748
2019-06-04,0.2733300030231476,0.23899999260902405,0.25369998812675476,0.2733300030231476,17666.0,0.2733300030231476
2019-06-05,0.27489998936653137,0.23199999332427979,0.27300000190734863,0.27000001072883606,5130.0,0.27000001072883606
2019-06-06,0.2754000127315521,0.23899999260902405,0.2754000127315521,0.25,4855.0,0.25
2019-06-07,0.24500000476837158,0.210999995470047,0.24240000545978546,0.24500000476837158,56540.0,0.24500000476837158
2019-06-10,0.21400000154972076,0.18000000715255737,0.210099995136261,0.19750000536441803,155588.0,0.19750000536441803
2019-06-11,0.20909999310970306,0.1956000030040741,0.20000000298023224,0.20100000500679016,36917.0,0.20100000500679016
2019-06-12,0.20909999310970306,0.20909999310970306,0.20909999310970306,0.20909999310970306,2500.0,0.20909999310970306
2019-06-13,0.20800000429153442,0.1850000023841858,0.19654999673366547,0.20800000429153442,12654.0,0.20800000429153442
2019-06-14,0.23000000417232513,0.19750000536441803,0.23000000417232513,0.20999999344348907,32707.0,0.20999999344348907
2019-06-17,0.20999999344348907,0.20399999618530273,0.20999999344348907,0.2094999998807907,12928.0,0.2094999998807907
2019-06-18,0.22370000183582306,0.19349999725818634,0.22050000727176666,0.21940000355243683,8275.0,0.21940000355243683
2019-06-19,0.22380000352859497,0.20000000298023224,0.20000000298023224,0.22380000352859497,11000.0,0.22380000352859497
2019-06-20,0.25,0.22200000286102295,0.25,0.23479999601840973,11584.0,0.23479999601840973
2019-06-21,0.23600000143051147,0.22750000655651093,0.23600000143051147,0.23600000143051147,5431.0,0.23600000143051147
2019-06-24,0.23600000143051147,0.23000000417232513,0.23600000143051147,0.23000000417232513,1209.0,0.23000000417232513
2019-06-25,0.2460000067949295,0.22030000388622284,0.24120000004768372,0.2460000067949295,16900.0,0.2460000067949295
2019-06-26,0.2460000067949295,0.2460000067949295,0.2460000067949295,0.2460000067949295,0.0,0.2460000067949295
2019-06-27,0.24699999392032623,0.22869999706745148,0.22869999706745148,0.24699999392032623,14201.0,0.24699999392032623
2019-06-28,0.24799999594688416,0.21310000121593475,0.21310000121593475,0.24799999594688416,6721.0,0.24799999594688416
2019-07-01,0.3397499918937683,0.2207999974489212,0.23800000548362732,0.30000001192092896,66222.0,0.30000001192092896
2019-07-02,0.4300000071525574,0.30000001192092896,0.30000001192092896,0.4000000059604645,213103.0,0.4000000059604645
2019-07-03,0.41990000009536743,0.31150001287460327,0.3508000075817108,0.41990000009536743,22750.0,0.41990000009536743
2019-07-05,0.4198000133037567,0.3199999928474426,0.4198000133037567,0.3993000090122223,6615.0,0.3993000090122223
2019-07-08,0.41990000009536743,0.3799999952316284,0.3799999952316284,0.41990000009536743,4960.0,0.41990000009536743
2019-07-09,0.4099999964237213,0.3799999952316284,0.3889999985694885,0.4099999964237213,6534.0,0.4099999964237213
2019-07-10,0.4099999964237213,0.33000001311302185,0.35499998927116394,0.4000000059604645,19839.0,0.4000000059604645
2019-07-11,0.37599998712539673,0.33009999990463257,0.3330000042915344,0.37599998712539673,3400.0,0.37599998712539673
2019-07-12,0.39899998903274536,0.3400000035762787,0.3987500071525574,0.3815999925136566,20914.0,0.3815999925136566
2019-07-15,0.3815999925136566,0.3400000035762787,0.3815999925136566,0.3499999940395355,33772.0,0.3499999940395355
2019-07-16,0.3799999952316284,0.31299999356269836,0.3797999918460846,0.3799999952316284,23733.0,0.3799999952316284
2019-07-17,0.3799999952316284,0.3250499963760376,0.3499999940395355,0.3799999952316284,12037.0,0.3799999952316284
2019-07-18,0.3799999952316284,0.3799999952316284,0.3799999952316284,0.3799999952316284,0.0,0.3799999952316284
2019-07-19,0.41999998688697815,0.30000001192092896,0.32499998807907104,0.3700000047683716,89100.0,0.3700000047683716
2019-07-22,0.4000000059604645,0.3009999990463257,0.3547999858856201,0.4000000059604645,13457.0,0.4000000059604645
2019-07-23,0.4000000059604645,0.3384999930858612,0.4000000059604645,0.4000000059604645,5547.0,0.4000000059604645
2019-07-24,0.41990000009536743,0.36010000109672546,0.3680799901485443,0.41990000009536743,23903.0,0.41990000009536743
2019-07-25,0.4059399962425232,0.3550499975681305,0.3819200098514557,0.40522000193595886,11560.0,0.40522000193595886
2019-07-26,0.4300000071525574,0.35010001063346863,0.3698999881744385,0.41999998688697815,19625.0,0.41999998688697815
2019-07-29,0.42399999499320984,0.38989999890327454,0.4025000035762787,0.38989999890327454,32101.0,0.38989999890327454
2019-07-30,0.42500001192092896,0.3804999887943268,0.42500001192092896,0.41999998688697815,15600.0,0.41999998688697815
2019-07-31,0.4350000023841858,0.40299999713897705,0.4350000023841858,0.4339999854564667,35907.0,0.4339999854564667
2019-08-01,0.4399999976158142,0.38499999046325684,0.41999998688697815,0.4399999976158142,35100.0,0.4399999976158142
2019-08-02,0.44999998807907104,0.39010000228881836,0.4449999928474426,0.4399999976158142,17359.0,0.4399999976158142
2019-08-05,0.4997999966144562,0.4399999976158142,0.4399999976158142,0.4997999966144562,70730.0,0.4997999966144562
2019-08-06,0.5400000214576721,0.48796001076698303,0.49985000491142273,0.5295000076293945,48126.0,0.5295000076293945
2019-08-07,0.539900004863739,0.5,0.5,0.5,48986.0,0.5
2019-08-08,0.5299000144004822,0.48649999499320984,0.5224300026893616,0.5293999910354614,30711.0,0.5293999910354614
2019-08-09,0.539900004863739,0.49647998809814453,0.539900004863739,0.5297999978065491,2615.0,0.5297999978065491
2019-08-12,0.5297999978065491,0.4650000035762787,0.5199999809265137,0.5149000287055969,23545.0,0.5149000287055969
2019-08-13,0.5199999809265137,0.47999998927116394,0.5,0.5199999809265137,15300.0,0.5199999809265137
2019-08-14,0.5099999904632568,0.45899999141693115,0.45899999141693115,0.5,862.0,0.5
2019-08-15,0.49000000953674316,0.45899999141693115,0.49000000953674316,0.4749999940395355,24050.0,0.4749999940395355
2019-08-16,0.4749999940395355,0.4749999940395355,0.4749999940395355,0.4749999940395355,0.0,0.4749999940395355
2019-08-19,0.4749999940395355,0.4749999940395355,0.4749999940395355,0.4749999940395355,0.0,0.4749999940395355
2019-08-20,0.4749999940395355,0.45350000262260437,0.4749999940395355,0.4749999940395355,18563.0,0.4749999940395355
2019-08-21,0.6700000166893005,0.47824999690055847,0.5099999904632568,0.6200000047683716,258166.0,0.6200000047683716
2019-08-22,0.7350000143051147,0.10000000149011612,0.6342499852180481,0.14499999582767487,1684697.0,0.14499999582767487
2019-08-23,0.1899999976158142,0.10999999940395355,0.14100000262260437,0.1720000058412552,570124.0,0.1720000058412552
2019-08-26,0.18000000715255737,0.1599999964237213,0.17499999701976776,0.16259999573230743,73624.0,0.16259999573230743
2019-08-27,0.15000000596046448,0.12030000239610672,0.14800000190734863,0.14000000059604645,142638.0,0.14000000059604645
2019-08-28,0.14249999821186066,0.12200000137090683,0.14000000059604645,0.14249999821186066,35987.0,0.14249999821186066
2019-08-29,0.14249999821186066,0.12200000137090683,0.14249999821186066,0.14000000059604645,26496.0,0.14000000059604645
2019-08-30,0.14499999582767487,0.13420000672340393,0.13850000500679016,0.14499999582767487,27485.0,0.14499999582767487
2019-09-03,0.14499999582767487,0.1354999989271164,0.14499999582767487,0.1354999989271164,11650.0,0.1354999989271164
2019-09-04,0.14020000398159027,0.12999999523162842,0.12999999523162842,0.14020000398159027,8616.0,0.14020000398159027
2019-09-05,0.14499999582767487,0.14499999582767487,0.14499999582767487,0.14499999582767487,1000.0,0.14499999582767487
2019-09-06,0.14000000059604645,0.12200000137090683,0.12210000306367874,0.12200000137090683,32025.0,0.12200000137090683
2019-09-09,0.14000000059604645,0.12200000137090683,0.125,0.12200000137090683,5490.0,0.12200000137090683
2019-09-10,0.14000000059604645,0.12300000339746475,0.14000000059604645,0.14000000059604645,22250.0,0.14000000059604645
2019-09-11,0.1599999964237213,0.12399999797344208,0.1420000046491623,0.14800000190734863,56613.0,0.14800000190734863
2019-09-12,0.1889999955892563,0.14499999582767487,0.14499999582767487,0.1860000044107437,75919.0,0.1860000044107437
2019-09-13,0.1860000044107437,0.16740000247955322,0.1860000044107437,0.18400000035762787,11460.0,0.18400000035762787
2019-09-16,0.18400000035762787,0.18400000035762787,0.18400000035762787,0.18400000035762787,0.0,0.18400000035762787
2019-09-17,0.1899999976158142,0.18000000715255737,0.1860000044107437,0.1899999976158142,13369.0,0.1899999976158142
2019-09-18,0.24500000476837158,0.1889200061559677,0.1889200061559677,0.24500000476837158,45067.0,0.24500000476837158
2019-09-19,0.24500000476837158,0.20200000703334808,0.24250000715255737,0.24480000138282776,11403.0,0.24480000138282776
2019-09-20,0.24480000138282776,0.23739999532699585,0.23739999532699585,0.24480000138282776,1000.0,0.24480000138282776
2019-09-23,0.22499999403953552,0.22499999403953552,0.22499999403953552,0.22499999403953552,5400.0,0.22499999403953552
2019-09-24,0.23980000615119934,0.23980000615119934,0.23980000615119934,0.23980000615119934,1040.0,0.23980000615119934
2019-09-25,0.23000000417232513,0.20000000298023224,0.21583999693393707,0.23000000417232513,2860.0,0.23000000417232513
2019-09-26,0.23000000417232513,0.1899999976158142,0.21799999475479126,0.2199999988079071,16594.0,0.2199999988079071
2019-09-27,0.21187999844551086,0.18000000715255737,0.21187999844551086,0.18000000715255737,13553.0,0.18000000715255737
2019-09-30,0.20000000298023224,0.1809999942779541,0.1809999942779541,0.20000000298023224,1100.0,0.20000000298023224
2019-10-01,0.20000000298023224,0.1940000057220459,0.20000000298023224,0.1940000057220459,600.0,0.1940000057220459
2019-10-02,0.2290000021457672,0.1850000023841858,0.18950000405311584,0.20000000298023224,12500.0,0.20000000298023224
2019-10-03,0.2289000004529953,0.2198999971151352,0.2289000004529953,0.2199999988079071,14375.0,0.2199999988079071
2019-10-04,0.2296999990940094,0.20999999344348907,0.2249000072479248,0.20999999344348907,23006.0,0.20999999344348907
2019-10-07,0.21799999475479126,0.20000000298023224,0.21799999475479126,0.20000000298023224,6550.0,0.20000000298023224
2019-10-08,0.23989999294281006,0.18000000715255737,0.18000000715255737,0.23989999294281006,28430.0,0.23989999294281006
2019-10-09,0.2150000035762787,0.2150000035762787,0.2150000035762787,0.2150000035762787,3720.0,0.2150000035762787
2019-10-10,0.20695999264717102,0.20695999264717102,0.20695999264717102,0.20695999264717102,5060.0,0.20695999264717102
2019-10-11,0.23000000417232513,0.17024999856948853,0.1889999955892563,0.19988000392913818,12789.0,0.19988000392913818
2019-10-14,0.1987999975681305,0.18000000715255737,0.1987999975681305,0.18000000715255737,15225.0,0.18000000715255737
2019-10-15,0.20000000298023224,0.18000000715255737,0.18000000715255737,0.1899999976158142,10203.0,0.1899999976158142
2019-10-16,0.19990000128746033,0.19494999945163727,0.19494999945163727,0.19990000128746033,7100.0,0.19990000128746033
2019-10-17,0.19990000128746033,0.18494999408721924,0.18794000148773193,0.18494999408721924,6428.0,0.18494999408721924
2019-10-18,0.18794000148773193,0.17000000178813934,0.17000000178813934,0.18794000148773193,850.0,0.18794000148773193
2019-10-21,0.18794000148773193,0.18794000148773193,0.18794000148773193,0.18794000148773193,0.0,0.18794000148773193
2019-10-22,0.18000000715255737,0.1704999953508377,0.18000000715255737,0.1704999953508377,2997.0,0.1704999953508377
2019-10-23,0.17800000309944153,0.17000000178813934,0.17000000178813934,0.17000000178813934,24242.0,0.17000000178813934
2019-10-24,0.17000000178813934,0.17000000178813934,0.17000000178813934,0.17000000178813934,0.0,0.17000000178813934
2019-10-25,0.1899999976158142,0.16009999811649323,0.16009999811649323,0.17000000178813934,43417.0,0.17000000178813934
2019-10-28,0.2329999953508377,0.17000000178813934,0.17000000178813934,0.23274999856948853,76275.0,0.23274999856948853
2019-10-29,0.23000000417232513,0.20000000298023224,0.20000000298023224,0.20000000298023224,9840.0,0.20000000298023224
2019-10-30,0.20000000298023224,0.20000000298023224,0.20000000298023224,0.20000000298023224,4815.0,0.20000000298023224
2019-10-31,0.18000000715255737,0.18000000715255737,0.18000000715255737,0.18000000715255737,1250.0,0.18000000715255737
2019-11-01,0.20000000298023224,0.18000000715255737,0.19200000166893005,0.20000000298023224,5475.0,0.20000000298023224
2019-11-04,0.19949999451637268,0.1899999976158142,0.1899999976158142,0.1899999976158142,1329.0,0.1899999976158142
2019-11-05,0.22869999706745148,0.17100000381469727,0.19599999487400055,0.22499999403953552,58468.0,0.22499999403953552
2019-11-06,0.21692000329494476,0.1850000023841858,0.21692000329494476,0.20999999344348907,2290.0,0.20999999344348907
2019-11-07,0.20999999344348907,0.1720000058412552,0.1720000058412552,0.20999999344348907,3800.0,0.20999999344348907
2019-11-08,0.20990000665187836,0.19349999725818634,0.19594000279903412,0.20990000665187836,2800.0,0.20990000665187836
2019-11-11,0.20990000665187836,0.1899999976158142,0.20990000665187836,0.1899999976158142,19640.0,0.1899999976158142
2019-11-12,0.2289000004529953,0.17399999499320984,0.1899999976158142,0.2198999971151352,14200.0,0.2198999971151352
2019-11-13,0.2198999971151352,0.2198999971151352,0.2198999971151352,0.2198999971151352,0.0,0.2198999971151352
2019-11-14,0.21979999542236328,0.19988000392913818,0.19988000392913818,0.21979999542236328,1100.0,0.21979999542236328
2019-11-15,0.21699999272823334,0.17000000178813934,0.17000000178813934,0.20000000298023224,19000.0,0.20000000298023224
2019-11-18,0.20000000298023224,0.20000000298023224,0.20000000298023224,0.20000000298023224,0.0,0.20000000298023224
2019-11-19,0.18000000715255737,0.18000000715255737,0.18000000715255737,0.18000000715255737,9000.0,0.18000000715255737
2019-11-20,0.20990000665187836,0.17000000178813934,0.20990000665187836,0.1899999976158142,27321.0,0.1899999976158142
2019-11-21,0.17499999701976776,0.12610000371932983,0.17499999701976776,0.15152999758720398,33775.0,0.15152999758720398
2019-11-22,0.1850000023841858,0.1850000023841858,0.1850000023841858,0.1850000023841858,1000.0,0.1850000023841858
2019-11-25,0.18000000715255737,0.18000000715255737,0.18000000715255737,0.18000000715255737,3000.0,0.18000000715255737
2019-11-26,0.16500000655651093,0.14000000059604645,0.14000000059604645,0.16500000655651093,11699.0,0.16500000655651093
2019-11-27,0.17000000178813934,0.15000000596046448,0.16500000655651093,0.15000000596046448,32810.0,0.15000000596046448
2019-11-29,0.15000000596046448,0.15000000596046448,0.15000000596046448,0.15000000596046448,0.0,0.15000000596046448
2019-12-02,0.15000000596046448,0.15000000596046448,0.15000000596046448,0.15000000596046448,0.0,0.15000000596046448
2019-12-03,0.15000000596046448,0.15000000596046448,0.15000000596046448,0.15000000596046448,0.0,0.15000000596046448
2019-12-04,0.16975000500679016,0.1550000011920929,0.1550000011920929,0.16509999334812164,35004.0,0.16509999334812164
2019-12-05,0.1899999976158142,0.16509999334812164,0.16509999334812164,0.1749500036239624,30404.0,0.1749500036239624
2019-12-06,0.17499999701976776,0.16224999725818634,0.16224999725818634,0.17499999701976776,26943.0,0.17499999701976776
2019-12-09,0.17499999701976776,0.17499999701976776,0.17499999701976776,0.17499999701976776,0.0,0.17499999701976776
2019-12-10,0.16249999403953552,0.16249999403953552,0.16249999403953552,0.16249999403953552,1000.0,0.16249999403953552
2019-12-11,0.1793999969959259,0.1712000072002411,0.1712000072002411,0.1793999969959259,1200.0,0.1793999969959259
2019-12-12,0.1712000072002411,0.16249999403953552,0.1712000072002411,0.16249999403953552,15535.0,0.16249999403953552
2019-12-13,0.1712000072002411,0.13009999692440033,0.1712000072002411,0.15299999713897705,63000.0,0.15299999713897705
2019-12-16,0.15649999678134918,0.15000000596046448,0.15649999678134918,0.15000000596046448,16024.0,0.15000000596046448
2019-12-17,0.13650000095367432,0.13650000095367432,0.13650000095367432,0.13650000095367432,200.0,0.13650000095367432
2019-12-18,0.13650000095367432,0.13650000095367432,0.13650000095367432,0.13650000095367432,0.0,0.13650000095367432
2019-12-19,0.15000000596046448,0.14749999344348907,0.15000000596046448,0.14749999344348907,7000.0,0.14749999344348907
2019-12-20,0.1550000011920929,0.13500000536441803,0.1550000011920929,0.13500000536441803,2590.0,0.13500000536441803
2019-12-23,0.15000000596046448,0.13500000536441803,0.13500000536441803,0.14000000059604645,3939.0,0.14000000059604645
2019-12-24,0.1599999964237213,0.1599999964237213,0.1599999964237213,0.1599999964237213,1000.0,0.1599999964237213
2019-12-26,0.17000000178813934,0.1550000011920929,0.1599999964237213,0.1550000011920929,10339.0,0.1550000011920929
2019-12-27,0.1550000011920929,0.1550000011920929,0.1550000011920929,0.1550000011920929,0.0,0.1550000011920929
2019-12-30,0.17000000178813934,0.14000000059604645,0.17000000178813934,0.14000000059604645,18400.0,0.14000000059604645
2019-12-31,0.15000000596046448,0.14000000059604645,0.14000000059604645,0.14399999380111694,16950.0,0.14399999380111694
2020-01-02,0.15000000596046448,0.12999999523162842,0.14000000059604645,0.14000000059604645,12730.0,0.14000000059604645
2020-01-03,0.15000000596046448,0.14014999568462372,0.15000000596046448,0.1445000022649765,14608.0,0.1445000022649765
2020-01-06,0.14499999582767487,0.13529999554157257,0.14499999582767487,0.14499999582767487,6240.0,0.14499999582767487
2020-01-07,0.13510000705718994,0.13019999861717224,0.13510000705718994,0.13019999861717224,27890.0,0.13019999861717224
2020-01-08,0.13989999890327454,0.12999999523162842,0.13989999890327454,0.13494999706745148,11115.0,0.13494999706745148
2020-01-09,0.13019999861717224,0.11599999666213989,0.13019999861717224,0.12999999523162842,19210.0,0.12999999523162842
2020-01-10,0.13979999721050262,0.1274999976158142,0.13490000367164612,0.1274999976158142,105400.0,0.1274999976158142
2020-01-13,0.12999999523162842,0.1274999976158142,0.1289999932050705,0.12999999523162842,55500.0,0.12999999523162842
2020-01-14,0.12999999523162842,0.12999999523162842,0.12999999523162842,0.12999999523162842,0.0,0.12999999523162842
2020-01-15,0.14000000059604645,0.13255000114440918,0.14000000059604645,0.13255000114440918,20485.0,0.13255000114440918
2020-01-16,0.1251000016927719,0.11999999731779099,0.1251000016927719,0.11999999731779099,10600.0,0.11999999731779099
2020-01-17,0.14000000059604645,0.12999999523162842,0.14000000059604645,0.12999999523162842,3650.0,0.12999999523162842
2020-01-21,0.13750000298023224,0.13500000536441803,0.13500000536441803,0.13750000298023224,11280.0,0.13750000298023224
2020-01-22,0.13750000298023224,0.12999999523162842,0.13750000298023224,0.12999999523162842,11539.0,0.12999999523162842
2020-01-23,0.14499999582767487,0.14000000059604645,0.14499999582767487,0.14000000059604645,50503.0,0.14000000059604645
2020-01-24,0.14499999582767487,0.12549999356269836,0.14499999582767487,0.1404999941587448,31903.0,0.1404999941587448
2020-01-27,0.14499999582767487,0.14499999582767487,0.14499999582767487,0.14499999582767487,3000.0,0.14499999582767487
2020-01-28,0.14499999582767487,0.14499999582767487,0.14499999582767487,0.14499999582767487,1000.0,0.14499999582767487
2020-01-29,0.14499999582767487,0.13500000536441803,0.13500000536441803,0.13625000417232513,14302.0,0.13625000417232513
2020-01-30,0.1445000022649765,0.13500000536441803,0.13500000536441803,0.1445000022649765,6800.0,0.1445000022649765
2020-01-31,0.14000000059604645,0.14000000059604645,0.14000000059604645,0.14000000059604645,1000.0,0.14000000059604645
2020-02-03,0.14000000059604645,0.14000000059604645,0.14000000059604645,0.14000000059604645,0.0,0.14000000059604645
2020-02-04,0.14499999582767487,0.13500000536441803,0.14499999582767487,0.13500000536441803,7100.0,0.13500000536441803
2020-02-05,0.13500000536441803,0.125,0.125,0.13500000536441803,1196.0,0.13500000536441803
2020-02-06,0.17489999532699585,0.13750000298023224,0.14499999582767487,0.17489999532699585,8535.0,0.17489999532699585
2020-02-07,0.17440000176429749,0.164900004863739,0.164900004863739,0.17440000176429749,2300.0,0.17440000176429749
2020-02-10,0.17440000176429749,0.17440000176429749,0.17440000176429749,0.17440000176429749,0.0,0.17440000176429749
2020-02-11,0.18490000069141388,0.1599999964237213,0.1599999964237213,0.18490000069141388,35815.0,0.18490000069141388
2020-02-12,0.20000000298023224,0.17499999701976776,0.19994999468326569,0.18745000660419464,28712.0,0.18745000660419464
2020-02-13,0.20000000298023224,0.19499999284744263,0.19990000128746033,0.19499999284744263,25414.0,0.19499999284744263
2020-02-14,0.20000000298023224,0.1875,0.20000000298023224,0.20000000298023224,27512.0,0.20000000298023224
2020-02-18,0.28999999165534973,0.20000000298023224,0.20000000298023224,0.289900004863739,60662.0,0.289900004863739
2020-02-19,0.2879999876022339,0.2551000118255615,0.2551000118255615,0.2800000011920929,32612.0,0.2800000011920929
2020-02-20,0.2800000011920929,0.2199999988079071,0.2800000011920929,0.23909999430179596,49486.0,0.23909999430179596
2020-02-21,0.23999999463558197,0.20010000467300415,0.20010000467300415,0.23999999463558197,6250.0,0.23999999463558197
2020-02-24,0.23999999463558197,0.20200000703334808,0.20200000703334808,0.23999999463558197,348.0,0.23999999463558197
2020-02-25,0.23999999463558197,0.20250000059604645,0.20250000059604645,0.23999999463558197,5404.0,0.23999999463558197
2020-02-26,0.23999999463558197,0.21050000190734863,0.23999999463558197,0.23999999463558197,18161.0,0.23999999463558197
2020-02-27,0.20999999344348907,0.20999999344348907,0.20999999344348907,0.20999999344348907,2500.0,0.20999999344348907
2020-02-28,0.23000000417232513,0.20250000059604645,0.22949999570846558,0.20250000059604645,23666.0,0.20250000059604645
2020-03-02,0.20250000059604645,0.20250000059604645,0.20250000059604645,0.20250000059604645,2200.0,0.20250000059604645
2020-03-03,0.23000000417232513,0.20274999737739563,0.2199999988079071,0.23000000417232513,24096.0,0.23000000417232513
2020-03-04,0.20999999344348907,0.20000000298023224,0.20999999344348907,0.20000000298023224,19000.0,0.20000000298023224
2020-03-05,0.22499999403953552,0.1949000060558319,0.22499999403953552,0.1949000060558319,3416.0,0.1949000060558319
2020-03-06,0.20999999344348907,0.17855000495910645,0.18000000715255737,0.1935500055551529,47143.0,0.1935500055551529
2020-03-09,0.20999999344348907,0.17710000276565552,0.20980000495910645,0.1899999976158142,25040.0,0.1899999976158142
2020-03-10,0.1899999976158142,0.1899999976158142,0.1899999976158142,0.1899999976158142,9118.0,0.1899999976158142
2020-03-11,0.1899999976158142,0.1899999976158142,0.1899999976158142,0.1899999976158142,0.0,0.1899999976158142
2020-03-12,0.20000000298023224,0.16009999811649323,0.1850000023841858,0.18000000715255737,27578.0,0.18000000715255737
2020-03-13,0.18000000715255737,0.11999999731779099,0.18000000715255737,0.18000000715255737,136807.0,0.18000000715255737
2020-03-16,0.17000000178813934,0.15000000596046448,0.17000000178813934,0.15000000596046448,10600.0,0.15000000596046448
2020-03-17,0.1940000057220459,0.15000000596046448,0.15000000596046448,0.1899999976158142,34500.0,0.1899999976158142
2020-03-18,0.20000000298023224,0.18299999833106995,0.20000000298023224,0.20000000298023224,15037.0,0.20000000298023224
2020-03-19,0.1899999976158142,0.18250000476837158,0.1899999976158142,0.1899999976158142,7663.0,0.1899999976158142
2020-03-20,0.20000000298023224,0.1899999976158142,0.20000000298023224,0.19249999523162842,21675.0,0.19249999523162842
2020-03-23,0.1899999976158142,0.18050000071525574,0.1899999976158142,0.18050000071525574,8500.0,0.18050000071525574
2020-03-24,0.20000000298023224,0.18000000715255737,0.1899999976158142,0.19099999964237213,27156.0,0.19099999964237213
2020-03-25,0.2150000035762787,0.19300000369548798,0.20000000298023224,0.20999999344348907,18053.0,0.20999999344348907
2020-03-26,0.23999999463558197,0.21490000188350677,0.21490000188350677,0.22200000286102295,27275.0,0.22200000286102295
2020-03-27,0.26600000262260437,0.2199999988079071,0.26600000262260437,0.26600000262260437,26310.0,0.26600000262260437
2020-03-30,0.26600000262260437,0.23100000619888306,0.26600000262260437,0.25999999046325684,17973.0,0.25999999046325684
2020-03-31,0.2897999882698059,0.23000000417232513,0.23000000417232513,0.2694999873638153,43045.0,0.2694999873638153
2020-04-01,0.27000001072883606,0.23100000619888306,0.27000001072883606,0.24050000309944153,18341.0,0.24050000309944153
2020-04-02,0.27000001072883606,0.23999999463558197,0.23999999463558197,0.27000001072883606,18659.0,0.27000001072883606
2020-04-03,0.27000001072883606,0.23999999463558197,0.27000001072883606,0.25999999046325684,9380.0,0.25999999046325684
2020-04-06,0.25949999690055847,0.25200000405311584,0.25200000405311584,0.25200000405311584,2354.0,0.25200000405311584
2020-04-07,0.2800000011920929,0.2549999952316284,0.27000001072883606,0.2800000011920929,61445.0,0.2800000011920929
2020-04-08,0.289900004863739,0.2515999972820282,0.2680000066757202,0.27799999713897705,45845.0,0.27799999713897705
2020-04-09,0.2840000092983246,0.2549999952316284,0.2840000092983246,0.27000001072883606,1800.0,0.27000001072883606
2020-04-13,0.2840000092983246,0.23999999463558197,0.2840000092983246,0.23999999463558197,33350.0,0.23999999463558197
2020-04-14,0.2599000036716461,0.1809999942779541,0.2599000036716461,0.23000000417232513,54531.0,0.23000000417232513
2020-04-15,0.23000000417232513,0.22499999403953552,0.23000000417232513,0.22499999403953552,1500.0,0.22499999403953552
2020-04-16,0.23000000417232513,0.1851000040769577,0.23000000417232513,0.2199999988079071,15627.0,0.2199999988079071
2020-04-17,0.23999999463558197,0.21754999458789825,0.23999999463558197,0.2199999988079071,4073.0,0.2199999988079071
2020-04-20,0.23999999463558197,0.18000000715255737,0.20000000298023224,0.18000000715255737,99824.0,0.18000000715255737
2020-04-21,0.1899999976158142,0.18000000715255737,0.1899999976158142,0.1875,16823.0,0.1875
2020-04-22,0.18000000715255737,0.14000000059604645,0.18000000715255737,0.18000000715255737,33087.0,0.18000000715255737
2020-04-23,0.20000000298023224,0.1599999964237213,0.20000000298023224,0.18000000715255737,18375.0,0.18000000715255737
2020-04-24,0.18000000715255737,0.1459999978542328,0.1599999964237213,0.18000000715255737,25222.0,0.18000000715255737
2020-04-27,0.18000000715255737,0.1469999998807907,0.1469999998807907,0.1599999964237213,17025.0,0.1599999964237213
2020-04-28,0.18000000715255737,0.14100000262260437,0.17000000178813934,0.15000000596046448,33700.0,0.15000000596046448
2020-04-29,0.15800000727176666,0.14100000262260437,0.15000000596046448,0.15800000727176666,69021.0,0.15800000727176666
2020-04-30,0.24799999594688416,0.15800000727176666,0.15800000727176666,0.24799999594688416,6500.0,0.24799999594688416
2020-05-01,0.1589999943971634,0.13529999554157257,0.13529999554157257,0.1589999943971634,4840.0,0.1589999943971634
2020-05-04,0.1850000023841858,0.1850000023841858,0.1850000023841858,0.1850000023841858,250.0,0.1850000023841858
2020-05-05,0.1875,0.1875,0.1875,0.1875,250.0,0.1875
2020-05-06,0.17550000548362732,0.14100000262260437,0.17550000548362732,0.14100000262260437,1100.0,0.14100000262260437
2020-05-07,0.14100000262260437,0.14100000262260437,0.14100000262260437,0.14100000262260437,0.0,0.14100000262260437
2020-05-08,0.19099999964237213,0.18000000715255737,0.19099999964237213,0.18000000715255737,2600.0,0.18000000715255737
2020-05-11,0.18000000715255737,0.15000000596046448,0.18000000715255737,0.18000000715255737,6119.0,0.18000000715255737
2020-05-12,0.18000000715255737,0.16500000655651093,0.18000000715255737,0.16500000655651093,1701.0,0.16500000655651093
2020-05-13,0.14000000059604645,0.14000000059604645,0.14000000059604645,0.14000000059604645,1001.0,0.14000000059604645
2020-05-14,0.17000000178813934,0.14000000059604645,0.14000000059604645,0.17000000178813934,15600.0,0.17000000178813934
2020-05-15,0.18000000715255737,0.1599999964237213,0.18000000715255737,0.1599999964237213,10685.0,0.1599999964237213
2020-05-18,0.1599999964237213,0.14000000059604645,0.1599999964237213,0.15000000596046448,30660.0,0.15000000596046448
2020-05-19,0.14000000059604645,0.1200999990105629,0.13899999856948853,0.13500000536441803,71801.0,0.13500000536441803
2020-05-20,0.1200999990105629,0.10010000318288803,0.1200999990105629,0.10400000214576721,88722.0,0.10400000214576721
2020-05-21,0.12999999523162842,0.125,0.125,0.12999999523162842,11850.0,0.12999999523162842
2020-05-22,0.1339000016450882,0.125,0.125,0.1339000016450882,12300.0,0.1339000016450882
2020-05-26,0.1340000033378601,0.0949999988079071,0.1340000033378601,0.10999999940395355,132988.0,0.10999999940395355
2020-05-27,0.1298000067472458,0.10005000233650208,0.1298000067472458,0.10100000351667404,69586.0,0.10100000351667404
2020-05-28,0.11990000307559967,0.09300000220537186,0.10100000351667404,0.10000000149011612,110530.0,0.10000000149011612
2020-05-29,0.11990000307559967,0.09300000220537186,0.10000000149011612,0.11990000307559967,51435.0,0.11990000307559967
2020-06-01,0.125,0.11249999701976776,0.125,0.11249999701976776,24999.0,0.11249999701976776
2020-06-02,0.14000000059604645,0.1197500005364418,0.1197500005364418,0.13750000298023224,41555.0,0.13750000298023224
2020-06-03,0.14000000059604645,0.125,0.14000000059604645,0.13249999284744263,28839.0,0.13249999284744263
2020-06-04,0.17000000178813934,0.14000000059604645,0.14000000059604645,0.15000000596046448,49956.0,0.15000000596046448
2020-06-05,0.17000000178813934,0.15000000596046448,0.17000000178813934,0.15000000596046448,50198.0,0.15000000596046448
2020-06-08,0.1899999976158142,0.16500000655651093,0.18000000715255737,0.1899999976158142,27484.0,0.1899999976158142
2020-06-09,0.23884999752044678,0.17399999499320984,0.23884999752044678,0.19494999945163727,61524.0,0.19494999945163727
2020-06-10,0.19990000128746033,0.125,0.19990000128746033,0.17000000178813934,162865.0,0.17000000178813934
2020-06-11,0.17000000178813934,0.1379999965429306,0.17000000178813934,0.1589999943971634,24841.0,0.1589999943971634
2020-06-12,0.1599999964237213,0.1599999964237213,0.1599999964237213,0.1599999964237213,200.0,0.1599999964237213
2020-06-15,0.1599999964237213,0.13899999856948853,0.1599999964237213,0.15000000596046448,8689.0,0.15000000596046448
2020-06-16,0.18000000715255737,0.14000000059604645,0.14000000059604645,0.18000000715255737,21795.0,0.18000000715255737
2020-06-17,0.4000000059604645,0.20999999344348907,0.2849999964237213,0.3100000023841858,346940.0,0.3100000023841858
2020-06-18,0.5,0.3400000035762787,0.4300999939441681,0.44999998807907104,481734.0,0.44999998807907104
2020-06-19,0.6499999761581421,0.45500001311302185,0.6499999761581421,0.47999998927116394,256379.0,0.47999998927116394
2020-06-22,0.5,0.17990000545978546,0.17990000545978546,0.3698999881744385,248625.0,0.3698999881744385
2020-06-23,0.375,0.2800000011920929,0.3499999940395355,0.33000001311302185,125390.0,0.33000001311302185
2020-06-24,0.3199999928474426,0.28769999742507935,0.3199999928474426,0.28769999742507935,23882.0,0.28769999742507935
2020-06-25,0.36899998784065247,0.28049999475479126,0.28049999475479126,0.3400000035762787,65789.0,0.3400000035762787
2020-06-26,0.4000000059604645,0.3160000145435333,0.4000000059604645,0.35749998688697815,13759.0,0.35749998688697815
2020-06-29,0.44999998807907104,0.3409999907016754,0.38499999046325684,0.44999998807907104,44603.0,0.44999998807907104
2020-06-30,0.46000000834465027,0.3499999940395355,0.44999998807907104,0.46000000834465027,46316.0,0.46000000834465027
2020-07-01,0.44999998807907104,0.36399999260902405,0.41999998688697815,0.4099999964237213,9462.0,0.4099999964237213
2020-07-02,0.44999998807907104,0.3799999952316284,0.41499999165534973,0.4399999976158142,69915.0,0.4399999976158142
2020-07-06,0.44999998807907104,0.41499999165534973,0.4399999976158142,0.4399999976158142,16384.0,0.4399999976158142
2020-07-07,0.4000000059604645,0.3799999952316284,0.4000000059604645,0.4000000059604645,36706.0,0.4000000059604645
2020-07-08,0.4000000059604645,0.3700000047683716,0.3700000047683716,0.3700000047683716,11995.0,0.3700000047683716
2020-07-09,0.3700000047683716,0.3700000047683716,0.3700000047683716,0.3700000047683716,0.0,0.3700000047683716
2020-07-10,0.3700000047683716,0.3700000047683716,0.3700000047683716,0.3700000047683716,0.0,0.3700000047683716
2020-07-13,0.3700000047683716,0.3700000047683716,0.3700000047683716,0.3700000047683716,0.0,0.3700000047683716
2020-07-14,0.3700000047683716,0.3700000047683716,0.3700000047683716,0.3700000047683716,0.0,0.3700000047683716
2020-07-15,0.3700000047683716,0.3700000047683716,0.3700000047683716,0.3700000047683716,0.0,0.3700000047683716
2020-07-16,0.3700000047683716,0.3700000047683716,0.3700000047683716,0.3700000047683716,0.0,0.3700000047683716
2020-07-17,0.3700000047683716,0.3700000047683716,0.3700000047683716,0.3700000047683716,0.0,0.3700000047683716
2020-07-20,0.3700000047683716,0.3700000047683716,0.3700000047683716,0.3700000047683716,0.0,0.3700000047683716
2020-07-21,0.3700000047683716,0.3700000047683716,0.3700000047683716,0.3700000047683716,0.0,0.3700000047683716
2020-07-22,0.3700000047683716,0.3700000047683716,0.3700000047683716,0.3700000047683716,0.0,0.3700000047683716
2020-07-23,0.3700000047683716,0.3700000047683716,0.3700000047683716,0.3700000047683716,0.0,0.3700000047683716
2020-07-24,0.3700000047683716,0.3700000047683716,0.3700000047683716,0.3700000047683716,0.0,0.3700000047683716
2020-07-27,0.3199999928474426,0.009999999776482582,0.3199999928474426,0.20000000298023224,37945.0,0.20000000298023224
2020-07-28,0.20000000298023224,0.11999999731779099,0.1899999976158142,0.20000000298023224,30153.0,0.20000000298023224
2020-07-29,0.28999999165534973,0.15000000596046448,0.28999999165534973,0.28999999165534973,48710.0,0.28999999165534973
2020-07-30,0.23999999463558197,0.11999999731779099,0.23999999463558197,0.20000000298023224,6270.0,0.20000000298023224
2020-07-31,0.20000000298023224,0.20000000298023224,0.20000000298023224,0.20000000298023224,0.0,0.20000000298023224
2020-08-03,0.20000000298023224,0.20000000298023224,0.20000000298023224,0.20000000298023224,0.0,0.20000000298023224
2020-08-04,0.20000000298023224,0.20000000298023224,0.20000000298023224,0.20000000298023224,0.0,0.20000000298023224
2020-08-05,0.20000000298023224,0.20000000298023224,0.20000000298023224,0.20000000298023224,0.0,0.20000000298023224
2020-08-06,0.20000000298023224,0.20000000298023224,0.20000000298023224,0.20000000298023224,0.0,0.20000000298023224
2020-08-07,0.20000000298023224,0.20000000298023224,0.20000000298023224,0.20000000298023224,0.0,0.20000000298023224
2020-08-10,0.20000000298023224,0.20000000298023224,0.20000000298023224,0.20000000298023224,0.0,0.20000000298023224
2020-08-11,0.20000000298023224,0.20000000298023224,0.20000000298023224,0.20000000298023224,0.0,0.20000000298023224
2020-08-12,0.20000000298023224,0.20000000298023224,0.20000000298023224,0.20000000298023224,0.0,0.20000000298023224
2020-08-13,0.20000000298023224,0.20000000298023224,0.20000000298023224,0.20000000298023224,0.0,0.20000000298023224
2020-08-14,0.20000000298023224,0.20000000298023224,0.20000000298023224,0.20000000298023224,0.0,0.20000000298023224
2020-08-17,0.20000000298023224,0.20000000298023224,0.20000000298023224,0.20000000298023224,0.0,0.20000000298023224
2020-08-18,0.20000000298023224,0.20000000298023224,0.20000000298023224,0.20000000298023224,0.0,0.20000000298023224
2020-08-19,0.20000000298023224,0.20000000298023224,0.20000000298023224,0.20000000298023224,0.0,0.20000000298023224
2020-08-20,0.20000000298023224,0.20000000298023224,0.20000000298023224,0.20000000298023224,0.0,0.20000000298023224
2020-08-21,0.20000000298023224,0.20000000298023224,0.20000000298023224,0.20000000298023224,0.0,0.20000000298023224
2020-08-24,0.20000000298023224,0.20000000298023224,0.20000000298023224,0.20000000298023224,0.0,0.20000000298023224
2020-08-25,0.20000000298023224,0.20000000298023224,0.20000000298023224,0.20000000298023224,0.0,0.20000000298023224
2020-08-26,0.20000000298023224,0.20000000298023224,0.20000000298023224,0.20000000298023224,0.0,0.20000000298023224
2020-08-27,0.20000000298023224,0.20000000298023224,0.20000000298023224,0.20000000298023224,0.0,0.20000000298023224
2020-08-28,0.20000000298023224,0.20000000298023224,0.20000000298023224,0.20000000298023224,0.0,0.20000000298023224
2020-08-31,0.20000000298023224,0.20000000298023224,0.20000000298023224,0.20000000298023224,0.0,0.20000000298023224
2020-09-01,0.20000000298023224,0.20000000298023224,0.20000000298023224,0.20000000298023224,0.0,0.20000000298023224
2020-09-02,0.20000000298023224,0.20000000298023224,0.20000000298023224,0.20000000298023224,0.0,0.20000000298023224
2020-09-03,0.20000000298023224,0.20000000298023224,0.20000000298023224,0.20000000298023224,0.0,0.20000000298023224
2020-09-04,0.20000000298023224,0.20000000298023224,0.20000000298023224,0.20000000298023224,0.0,0.20000000298023224
2020-09-08,0.20000000298023224,0.20000000298023224,0.20000000298023224,0.20000000298023224,0.0,0.20000000298023224
2020-09-09,0.20000000298023224,0.20000000298023224,0.20000000298023224,0.20000000298023224,0.0,0.20000000298023224
2020-09-10,0.20000000298023224,0.20000000298023224,0.20000000298023224,0.20000000298023224,0.0,0.20000000298023224
2020-09-11,0.20000000298023224,0.20000000298023224,0.20000000298023224,0.20000000298023224,0.0,0.20000000298023224
2020-09-14,0.20000000298023224,0.20000000298023224,0.20000000298023224,0.20000000298023224,0.0,0.20000000298023224
2020-09-15,0.20000000298023224,0.20000000298023224,0.20000000298023224,0.20000000298023224,0.0,0.20000000298023224
2020-09-16,0.20000000298023224,0.20000000298023224,0.20000000298023224,0.20000000298023224,0.0,0.20000000298023224
2020-09-17,0.20000000298023224,0.20000000298023224,0.20000000298023224,0.20000000298023224,0.0,0.20000000298023224
2020-09-21,0.20000000298023224,0.20000000298023224,0.20000000298023224,0.20000000298023224,0.0,0.20000000298023224
2020-09-22,0.20000000298023224,0.20000000298023224,0.20000000298023224,0.20000000298023224,0.0,0.20000000298023224
2020-09-23,0.20000000298023224,0.20000000298023224,0.20000000298023224,0.20000000298023224,0.0,0.20000000298023224
2020-09-24,0.20000000298023224,0.20000000298023224,0.20000000298023224,0.20000000298023224,0.0,0.20000000298023224
2020-09-25,0.20000000298023224,0.20000000298023224,0.20000000298023224,0.20000000298023224,0.0,0.20000000298023224
2020-09-28,0.20000000298023224,0.20000000298023224,0.20000000298023224,0.20000000298023224,0.0,0.20000000298023224
2020-09-29,0.20000000298023224,0.20000000298023224,0.20000000298023224,0.20000000298023224,0.0,0.20000000298023224
2020-09-30,0.20000000298023224,0.20000000298023224,0.20000000298023224,0.20000000298023224,0.0,0.20000000298023224
2020-10-01,0.20000000298023224,0.20000000298023224,0.20000000298023224,0.20000000298023224,0.0,0.20000000298023224
2020-10-02,0.20000000298023224,0.20000000298023224,0.20000000298023224,0.20000000298023224,0.0,0.20000000298023224
2020-10-05,0.20000000298023224,0.20000000298023224,0.20000000298023224,0.20000000298023224,0.0,0.20000000298023224
