Date,High,Low,Open,Close,Volume,Adj Close
2009-01-02,3.640000104904175,3.119999885559082,3.640000104904175,3.539999961853028,806000.0,2.9632892608642583
2009-01-05,3.630000114440918,3.1800000667572017,3.5499999523162837,3.2799999713897705,761900.0,2.745646715164185
2009-01-06,3.7100000381469727,3.3499999046325684,3.359999895095825,3.7100000381469727,674500.0,3.1055941581726074
2009-01-07,3.7200000286102295,3.5,3.5499999523162837,3.609999895095825,1148900.0,3.021885395050049
2009-01-08,4.25,3.619999885559082,3.640000104904175,4.170000076293944,1010400.0,3.4906542301177983
2009-01-09,4.3400001525878915,3.690000057220459,4.260000228881837,4.179999828338623,970100.0,3.4990248680114746
2009-01-12,4.25,3.8199999332427983,4.010000228881837,4.050000190734863,945400.0,3.390203952789306
2009-01-13,4.0399999618530265,3.5199999809265137,4.010000228881837,3.619999885559082,624900.0,3.0302560329437256
2009-01-14,3.5999999046325684,3.25,3.4600000381469727,3.4500000476837163,437000.0,2.8879516124725337
2009-01-15,3.619999885559082,3.130000114440918,3.5999999046325684,3.309999942779541,496500.0,2.770759105682373
2009-01-16,3.5699999332427983,3.2999999523162837,3.309999942779541,3.4100000858306885,406100.0,2.854467868804932
2009-01-20,3.5499999523162837,3.0999999046325684,3.4600000381469727,3.140000104904175,444600.0,2.6284544467926025
2009-01-21,3.3499999046325684,2.9600000381469727,3.1700000762939453,3.3199999332427983,868900.0,2.779130220413208
2009-01-22,3.2100000381469727,3.009999990463257,3.0999999046325684,3.0699999332427983,274400.0,2.5698583126068115
2009-01-23,3.0499999523162837,2.869999885559082,2.990000009536743,2.9300000667572017,500000.0,2.452666044235229
2009-01-26,3.109999895095825,2.9500000476837163,2.9500000476837163,3.109999895095825,189400.0,2.6033413410186768
2009-01-27,3.1600000858306885,2.9500000476837163,3.0699999332427983,3.0,589500.0,2.5112621784210205
2009-01-28,3.390000104904175,3.0899999141693115,3.119999885559082,3.2999999523162837,585700.0,2.762387990951538
2009-01-29,3.380000114440918,3.190000057220459,3.2699999809265137,3.25,250500.0,2.720533847808838
2009-01-30,3.400000095367432,3.150000095367432,3.3499999046325684,3.220000028610229,958500.0,2.6954214572906494
2009-02-02,3.2799999713897705,3.150000095367432,3.25,3.190000057220459,420700.0,2.670308828353882
2009-02-03,3.470000028610229,3.220000028610229,3.259999990463257,3.390000104904175,252600.0,2.8377263545989986
2009-02-04,3.4600000381469727,3.3299999237060547,3.4600000381469727,3.4200000762939453,162900.0,2.8628387451171875
2009-02-05,3.619999885559082,3.3499999046325684,3.440000057220459,3.4800000190734863,305900.0,2.9130642414093018
2009-02-06,3.839999914169312,3.4600000381469727,3.5299999713897705,3.7999999523162837,489500.0,3.18093204498291
2009-02-09,4.0300002098083505,3.75,3.910000085830689,3.920000076293945,744200.0,3.2813823223114014
2009-02-10,3.9500000476837163,3.5499999523162837,3.9500000476837163,3.640000104904175,685900.0,3.0469980239868164
2009-02-11,3.7799999713897705,3.559999942779541,3.640000104904175,3.5799999237060547,307500.0,2.9967730045318604
2009-02-12,3.900000095367432,3.5499999523162837,3.5499999523162837,3.7300000190734863,450400.0,3.12233567237854
2009-02-13,3.829999923706055,3.640000104904175,3.75,3.7300000190734863,319900.0,3.12233567237854
2009-02-17,3.75,3.380000114440918,3.75,3.4300000667572017,359100.0,2.8712098598480225
2009-02-18,3.650000095367432,3.3399999141693115,3.4100000858306885,3.470000028610229,355900.0,2.904693126678467
2009-02-19,3.7300000190734863,3.4800000190734863,3.539999961853028,3.5799999237060547,383600.0,2.9967730045318604
2009-02-20,3.509999990463257,3.3199999332427983,3.509999990463257,3.3499999046325684,193300.0,2.8042423725128174
2009-02-23,3.4200000762939453,3.0299999713897705,3.4200000762939453,3.0299999713897705,240300.0,2.5363750457763667
2009-02-24,3.25,3.009999990463257,3.0899999141693115,3.25,206900.0,2.720533847808838
2009-02-25,3.670000076293945,3.130000114440918,3.2100000381469727,3.5799999237060547,252400.0,2.9967730045318604
2009-02-26,3.8199999332427983,3.440000057220459,3.5699999332427983,3.490000009536743,239000.0,2.9214348793029785
2009-02-27,3.5999999046325684,3.3199999332427983,3.490000009536743,3.3499999046325684,130600.0,2.8042423725128174
2009-03-02,3.4100000858306885,2.8499999046325684,3.25,2.9100000858306885,239300.0,2.4359242916107178
2009-03-03,3.0,2.549999952316284,2.940000057220459,2.700000047683716,666400.0,2.260136127471924
2009-03-04,2.8399999141693115,2.509999990463257,2.690000057220459,2.5899999141693115,505100.0,2.1680562496185303
2009-03-05,2.549999952316284,2.400000095367432,2.509999990463257,2.5,415400.0,2.092718601226806
2009-03-06,2.509999990463257,2.400000095367432,2.470000028610229,2.440000057220459,254900.0,2.0424931049346924
2009-03-09,2.539999961853028,2.390000104904175,2.400000095367432,2.5,348700.0,2.092718601226806
2009-03-10,2.700000047683716,2.470000028610229,2.5,2.650000095367432,447100.0,2.218281507492065
2009-03-11,3.0999999046325684,2.700000047683716,2.720000028610229,2.8399999141693115,389100.0,2.3773281574249268
2009-03-12,3.119999885559082,2.7300000190734863,2.880000114440918,3.0199999809265137,326300.0,2.528003692626953
2009-03-13,3.2100000381469727,2.6700000762939453,3.1700000762939453,2.900000095367432,303700.0,2.427552938461304
2009-03-16,2.9800000190734863,2.8499999046325684,2.9800000190734863,2.880000114440918,192500.0,2.41081166267395
2009-03-17,2.799999952316284,2.5,2.799999952316284,2.609999895095825,680800.0,2.1847977638244633
2009-03-18,2.799999952316284,2.559999942779541,2.6800000667572017,2.650000095367432,663000.0,2.218281507492065
2009-03-19,2.8499999046325684,2.4600000381469727,2.690000057220459,2.4600000381469727,759000.0,2.059234857559204
2009-03-20,2.630000114440918,2.359999895095825,2.470000028610229,2.380000114440918,1310300.0,1.992268443107605
2009-03-23,2.5699999332427983,2.390000104904175,2.390000104904175,2.539999961853028,527000.0,2.126201629638672
2009-03-24,2.6600000858306885,2.400000095367432,2.5699999332427983,2.5,792500.0,2.092718601226806
2009-03-25,2.619999885559082,2.2799999713897705,2.5,2.380000114440918,725600.0,1.992268443107605
2009-03-26,2.5999999046325684,2.299999952316284,2.400000095367432,2.5299999713897705,920400.0,2.117830991744995
2009-03-27,2.5999999046325684,2.299999952316284,2.5699999332427983,2.450000047683716,840600.0,2.05086350440979
2009-03-30,2.4200000762939453,2.2100000381469727,2.400000095367432,2.369999885559082,1141400.0,1.9838967323303225
2009-03-31,2.4600000381469727,2.2699999809265137,2.4600000381469727,2.450000047683716,614900.0,2.05086350440979
2009-04-01,2.470000028610229,2.2100000381469727,2.470000028610229,2.400000095367432,501100.0,2.009009838104248
2009-04-02,2.890000104904175,2.440000057220459,2.4800000190734863,2.8299999237060547,1848600.0,2.368957281112671
2009-04-03,3.900000095367432,2.809999942779541,2.8499999046325684,3.5,4694900.0,2.929805994033813
2009-04-06,4.170000076293944,3.4200000762939453,3.509999990463257,4.130000114440918,4228600.0,3.457170963287353
2009-04-07,5.199999809265137,4.050000190734863,4.139999866485597,4.650000095367432,6615800.0,3.8924562931060787
2009-04-08,4.78000020980835,3.9500000476837163,4.650000095367432,4.070000171661377,3075200.0,3.4069457054138184
2009-04-09,4.449999809265137,4.050000190734863,4.119999885559082,4.449999809265137,1942700.0,3.725038290023804
2009-04-13,4.820000171661377,4.2899999618530265,4.440000057220459,4.789999961853027,2842300.0,4.00964879989624
2009-04-14,4.849999904632568,4.400000095367432,4.849999904632568,4.599999904632568,877800.0,3.8506011962890634
2009-04-15,4.53000020980835,4.010000228881837,4.46999979019165,4.239999771118163,1918400.0,3.549250364303589
2009-04-16,4.349999904632568,4.079999923706056,4.349999904632568,4.25,1053400.0,3.557621717453003
2009-04-17,4.199999809265137,3.4100000858306885,4.199999809265137,3.5,3208000.0,2.929805994033813
2009-04-20,3.5,3.1600000858306885,3.4800000190734863,3.380000114440918,1152900.0,2.829355478286743
2009-04-21,3.440000057220459,3.109999895095825,3.3299999237060547,3.2300000190734863,1557800.0,2.703792095184326
2009-04-22,3.490000009536743,3.109999895095825,3.240000009536743,3.369999885559082,1821500.0,2.820984363555908
2009-04-23,3.559999942779541,3.25,3.4500000476837163,3.289999961853028,1175400.0,2.7540175914764404
2009-04-24,3.440000057220459,3.240000009536743,3.4300000667572017,3.3299999237060547,931700.0,2.7875008583068848
2009-04-27,3.3399999141693115,3.25,3.259999990463257,3.3199999332427983,1096100.0,2.779130220413208
2009-04-28,3.5199999809265137,3.240000009536743,3.259999990463257,3.4100000858306885,1825100.0,2.854467868804932
2009-04-29,3.640000104904175,3.4200000762939453,3.509999990463257,3.4500000476837163,2731400.0,2.8879516124725337
2009-04-30,3.7000000476837163,3.4100000858306885,3.539999961853028,3.5199999809265137,1110300.0,2.946547508239746
2009-05-01,3.839999914169312,3.539999961853028,3.559999942779541,3.759999990463257,979500.0,3.147448301315308
2009-05-04,4.0,3.7999999523162837,3.7999999523162837,3.990000009536743,938700.0,3.3399789333343506
2009-05-05,4.079999923706056,3.7000000476837163,3.920000076293945,3.890000104904175,897700.0,3.256269931793213
2009-05-06,4.75,3.940000057220459,4.0,4.489999771118164,3738600.0,3.758522272109986
2009-05-07,4.78000020980835,4.309999942779541,4.730000019073486,4.610000133514403,2985000.0,3.858972549438477
2009-05-08,4.78000020980835,4.420000076293945,4.610000133514403,4.5,1598300.0,3.766892671585083
2009-05-11,4.699999809265137,4.349999904632568,4.480000019073486,4.480000019073486,2501700.0,3.7501516342163086
2009-05-12,5.0900001525878915,4.300000190734863,4.760000228881836,4.380000114440918,2313000.0,3.66644287109375
2009-05-13,4.449999809265137,3.859999895095825,4.4099998474121085,4.0,1483900.0,3.348349571228028
2009-05-14,4.170000076293944,3.849999904632568,4.0900001525878915,4.099999904632568,1320900.0,3.432057857513428
2009-05-15,4.199999809265137,3.9700000286102295,4.010000228881837,4.130000114440918,651600.0,3.457170963287353
2009-05-18,4.400000095367432,4.079999923706056,4.110000133514403,4.329999923706056,997400.0,3.624588251113892
2009-05-19,4.639999866485597,4.369999885559082,4.389999866485597,4.519999980926514,1227200.0,3.783635139465332
2009-05-20,4.869999885559082,4.510000228881836,4.690000057220459,4.809999942779541,1455100.0,4.026390552520752
2009-05-21,4.760000228881836,4.360000133514403,4.710000038146973,4.5,901600.0,3.766892671585083
2009-05-22,4.699999809265137,4.480000019073486,4.599999904632568,4.639999866485597,388300.0,3.884084939956665
2009-05-26,5.289999961853027,4.550000190734863,4.690000057220459,5.130000114440918,1912600.0,4.29425859451294
2009-05-27,5.699999809265138,5.199999809265137,5.269999980926514,5.480000019073486,2834400.0,4.587239742279053
2009-05-28,5.730000019073486,4.96999979019165,5.480000019073486,5.230000019073486,1372600.0,4.37796688079834
2009-05-29,5.420000076293945,4.96999979019165,5.25,5.110000133514403,1264600.0,4.2775163650512695
2009-06-01,5.639999866485597,5.260000228881836,5.369999885559082,5.5900001525878915,1359100.0,4.679318904876709
2009-06-02,6.119999885559082,5.550000190734863,5.630000114440918,6.079999923706055,2133800.0,5.08949089050293
2009-06-03,6.039999961853027,5.1599998474121085,6.039999961853027,5.269999980926514,2413300.0,4.4114508628845215
2009-06-04,5.53000020980835,5.150000095367432,5.320000171661377,5.460000038146973,1098800.0,4.570497989654541
2009-06-05,5.71999979019165,5.170000076293945,5.510000228881836,5.400000095367432,627600.0,4.520272254943848
2009-06-08,5.539999961853027,5.130000114440918,5.539999961853027,5.349999904632568,450700.0,4.47841739654541
2009-06-09,5.769999980926514,5.300000190734863,5.420000076293945,5.679999828338622,1021800.0,4.7546563148498535
2009-06-10,5.980000019073486,5.6599998474121085,5.699999809265138,5.78000020980835,1702000.0,4.838364124298097
2009-06-11,6.4000000953674325,5.8400001525878915,5.860000133514403,6.3400001525878915,1812900.0,5.307134628295898
2009-06-12,6.820000171661378,6.1599998474121085,6.329999923706055,6.670000076293945,1779700.0,5.583373069763184
2009-06-15,6.6500000953674325,6.1599998474121085,6.6500000953674325,6.230000019073486,719000.0,5.215054512023926
2009-06-16,6.309999942779541,5.78000020980835,6.309999942779541,5.8400001525878915,1189100.0,4.888589859008789
2009-06-17,5.980000019073486,5.429999828338623,5.980000019073486,5.579999923706055,721000.0,4.670947074890137
2009-06-18,5.639999866485597,5.289999961853027,5.579999923706055,5.360000133514403,934600.0,4.4867892265319815
2009-06-19,5.869999885559082,5.449999809265137,5.480000019073486,5.6599998474121085,1010200.0,4.737914562225342
2009-06-22,5.71999979019165,5.389999866485597,5.550000190734863,5.389999866485597,738000.0,4.511900424957275
2009-06-23,5.639999866485597,5.349999904632568,5.349999904632568,5.539999961853027,1151400.0,4.637464046478272
2009-06-24,6.1599998474121085,5.6500000953674325,5.670000076293945,5.9099998474121085,1257000.0,4.94718599319458
2009-06-25,6.329999923706055,5.769999980926514,5.860000133514403,6.239999771118164,1182000.0,5.223424911499023
2009-06-26,6.329999923706055,5.619999885559082,6.300000190734862,5.670000076293945,2326400.0,4.746285438537598
2009-06-29,5.880000114440918,5.050000190734863,5.679999828338622,5.369999885559082,6197300.0,4.495159149169922
2009-06-30,5.53000020980835,5.050000190734863,5.400000095367432,5.179999828338623,2567100.0,4.3361124992370605
2009-07-01,5.46999979019165,5.199999809265137,5.199999809265137,5.349999904632568,1079600.0,4.47841739654541
2009-07-02,5.46999979019165,5.110000133514403,5.110000133514403,5.25,1148600.0,4.394708156585693
2009-07-06,5.300000190734863,4.960000038146973,5.300000190734863,5.079999923706055,1080700.0,4.252403259277344
2009-07-07,5.1599998474121085,5.0,5.059999942779541,5.070000171661377,787200.0,4.244033336639403
2009-07-08,5.110000133514403,4.670000076293945,5.010000228881836,4.880000114440918,1171600.0,4.084986209869385
2009-07-09,5.010000228881836,4.820000171661377,5.0,4.860000133514403,442000.0,4.068244457244873
2009-07-10,5.03000020980835,4.800000190734863,4.860000133514403,4.980000019073486,861700.0,4.168694496154785
2009-07-13,5.170000076293945,4.809999942779541,5.139999866485597,5.0,896600.0,4.185437202453613
2009-07-14,5.3400001525878915,4.960000038146973,5.0,5.190000057220459,999400.0,4.344483375549316
2009-07-15,5.630000114440918,5.210000038146973,5.320000171661377,5.519999980926514,1522600.0,4.620721817016602
2009-07-16,5.599999904632568,5.300000190734863,5.480000019073486,5.429999828338623,633400.0,4.545384407043457
2009-07-17,5.489999771118164,5.260000228881836,5.489999771118164,5.360000133514403,552200.0,4.4867892265319815
2009-07-20,5.739999771118164,5.449999809265137,5.449999809265137,5.630000114440918,1350800.0,4.712801933288574
2009-07-21,5.949999809265138,5.730000019073486,5.800000190734862,5.869999885559082,1469100.0,4.913702487945557
2009-07-22,6.039999961853027,5.75,5.75,6.0,676400.0,5.022524356842041
2009-07-23,6.369999885559082,5.9000000953674325,6.019999980926514,6.260000228881836,1290500.0,5.240167617797852
2009-07-24,6.360000133514403,6.019999980926514,6.079999923706055,6.260000228881836,597100.0,5.240167617797852
2009-07-27,6.369999885559082,6.019999980926514,6.170000076293945,6.3499999046325675,558500.0,5.315504550933838
2009-07-28,6.3400001525878915,6.130000114440918,6.3400001525878915,6.320000171661378,446300.0,5.29039192199707
2009-07-29,6.300000190734862,6.019999980926514,6.170000076293945,6.079999923706055,404000.0,5.08949089050293
2009-07-30,6.579999923706055,6.110000133514403,6.1599998474121085,6.489999771118164,1407700.0,5.43269681930542
2009-07-31,6.800000190734862,6.460000038146973,6.5999999046325675,6.71999979019165,916700.0,5.625227451324463
2009-08-03,7.170000076293945,6.760000228881836,6.760000228881836,7.119999885559082,1393900.0,5.960061550140381
2009-08-04,7.570000171661378,6.980000019073486,6.980000019073486,7.25,1669700.0,6.068883419036865
2009-08-05,7.260000228881836,6.78000020980835,7.0999999046325675,7.170000076293945,758900.0,6.0019164085388175
2009-08-06,7.5,7.1500000953674325,7.269999980926514,7.3400001525878915,1171600.0,6.144221782684326
2009-08-07,7.829999923706055,7.460000038146973,7.5,7.760000228881836,1486900.0,6.495798110961914
2009-08-10,8.0,7.619999885559082,8.0,7.78000020980835,1259700.0,6.512539863586426
2009-08-11,7.769999980926514,7.28000020980835,7.769999980926514,7.4000000953674325,1235100.0,6.194446563720702
2009-08-12,7.5900001525878915,7.0999999046325675,7.389999866485597,7.480000019073486,916800.0,6.261414051055907
2009-08-13,8.020000457763674,7.550000190734862,7.5999999046325675,7.920000076293945,2318400.0,6.629732131958008
2009-08-14,8.25,7.670000076293945,8.109999656677246,7.8400001525878915,1865300.0,6.562764644622803
2009-08-17,7.420000076293945,7.0,7.360000133514403,7.380000114440918,1752200.0,6.177704811096191
2009-08-18,7.6599998474121085,7.300000190734862,7.4000000953674325,7.579999923706055,924900.0,6.345121383666992
2009-08-19,7.960000038146973,7.260000228881836,7.429999828338622,7.929999828338622,1011400.0,6.638102054595947
2009-08-20,8.050000190734862,7.730000019073486,8.029999732971191,7.809999942779541,863900.0,6.537652015686035
2009-08-21,8.319999694824219,7.980000019073486,8.319999694824219,7.989999771118164,3169900.0,6.688327312469482
2009-08-24,8.270000457763674,8.0,8.149999618530272,8.180000305175781,1410100.0,6.84737491607666
2009-08-25,8.479999542236326,8.130000114440918,8.289999961853027,8.210000038146973,897100.0,6.872487545013428
2009-08-26,8.260000228881836,8.039999961853027,8.149999618530272,8.109999656677246,465200.0,6.788778305053711
2009-08-27,8.119999885559082,7.869999885559082,8.100000381469728,8.109999656677246,1135600.0,6.788778305053711
2009-08-28,8.529999732971191,8.130000114440918,8.170000076293945,8.430000305175781,1101200.0,7.0566463470458975
2009-08-31,8.409999847412111,8.020000457763674,8.409999847412111,8.170000076293945,1030600.0,6.839003562927246
2009-09-01,8.239999771118164,7.6500000953674325,8.090000152587889,7.699999809265138,1300300.0,6.445572853088379
2009-09-02,7.880000114440918,7.449999809265138,7.760000228881836,7.6500000953674325,972000.0,6.403719425201416
2009-09-03,8.0,7.630000114440918,7.670000076293945,8.0,967600.0,6.696699142456055
2009-09-04,8.039999961853027,7.639999866485597,8.039999961853027,7.869999885559082,1020000.0,6.58787727355957
2009-09-08,8.149999618530272,7.889999866485597,8.039999961853027,8.109999656677246,1138400.0,6.788778305053711
2009-09-09,8.119999885559082,7.8400001525878915,8.039999961853027,7.980000019073486,977200.0,6.679957866668701
2009-09-10,8.350000381469728,7.880000114440918,8.0,8.279999732971191,1014700.0,6.931082725524902
2009-09-11,8.5,8.25,8.390000343322754,8.399999618530272,1061800.0,7.031533718109131
2009-09-14,8.520000457763674,8.109999656677246,8.159999847412111,8.470000267028809,1102900.0,7.090131759643555
2009-09-15,8.609999656677246,8.350000381469728,8.560000419616701,8.409999847412111,609500.0,7.039905071258545
2009-09-16,8.439999580383299,8.25,8.399999618530272,8.319999694824219,1113100.0,6.964566707611084
2009-09-17,8.260000228881836,7.980000019073486,8.210000038146973,8.029999732971191,1246300.0,6.721811771392822
2009-09-18,8.220000267028809,8.060000419616701,8.180000305175781,8.149999618530272,1249800.0,6.8222618103027335
2009-09-21,8.119999885559082,7.9000000953674325,8.119999885559082,8.029999732971191,923900.0,6.721811771392822
2009-09-22,8.399999618530272,7.960000038146973,8.039999961853027,8.229999542236326,1113600.0,6.889228820800781
2009-09-23,8.279999732971191,7.920000076293945,8.199999809265138,7.980000019073486,692800.0,6.679957866668701
2009-09-24,8.130000114440918,7.510000228881836,8.029999732971191,7.6500000953674325,1292000.0,6.403719425201416
2009-09-25,7.8499999046325675,7.630000114440918,7.630000114440918,7.789999961853027,591100.0,6.52091121673584
2009-09-28,7.929999828338622,7.559999942779541,7.800000190734862,7.860000133514403,1308600.0,6.579506874084473
2009-09-29,8.100000381469728,7.800000190734862,7.889999866485597,7.829999923706055,1841200.0,6.554394721984862
2009-09-30,8.020000457763674,7.75,7.960000038146973,7.9000000953674325,1012100.0,6.6129889488220215
2009-10-01,8.0,7.53000020980835,7.929999828338622,7.579999923706055,1265800.0,6.345121383666992
2009-10-02,7.820000171661378,7.059999942779541,7.460000038146973,7.739999771118164,2271900.0,6.479056358337402
2009-10-05,8.079999923706055,7.630000114440918,7.71999979019165,8.0,667200.0,6.696699142456055
2009-10-06,8.260000228881836,8.039999961853027,8.119999885559082,8.039999961853027,2127300.0,6.730181217193604
2009-10-07,8.100000381469728,7.929999828338622,8.020000457763674,7.980000019073486,638800.0,6.679957866668701
2009-10-08,8.079999923706055,7.809999942779541,8.050000190734862,7.9099998474121085,1567400.0,6.621360301971436
2009-10-09,8.050000190734862,7.860000133514403,7.860000133514403,8.0,1378800.0,6.696699142456055
2009-10-12,8.100000381469728,7.949999809265138,8.0,8.010000228881836,445000.0,6.705070495605469
2009-10-13,8.569999694824219,8.0,8.0,8.430000305175781,2629100.0,7.0566463470458975
2009-10-14,8.819999694824219,8.5,8.520000457763674,8.619999885559082,2356800.0,7.2156920433044425
2009-10-15,8.75,8.520000457763674,8.640000343322754,8.579999923706055,1112100.0,7.182210445404053
2009-10-16,8.569999694824219,8.260000228881836,8.569999694824219,8.470000267028809,684500.0,7.090131759643555
2009-10-19,8.649999618530272,8.420000076293945,8.550000190734862,8.479999542236326,603500.0,7.098500728607178
2009-10-20,8.430000305175781,7.9099998474121085,8.399999618530272,7.980000019073486,1859100.0,6.679957866668701
2009-10-21,8.340000152587889,7.8400001525878915,7.869999885559082,8.069999694824219,1231700.0,6.755294322967528
2009-10-22,8.180000305175781,7.889999866485597,8.060000419616701,8.159999847412111,513800.0,6.830632209777832
2009-10-23,8.369999885559082,7.9000000953674325,8.180000305175781,7.949999809265138,545400.0,6.654844760894775
2009-10-26,8.149999618530272,7.5,7.920000076293945,7.5999999046325675,1347900.0,6.36186408996582
2009-10-27,7.630000114440918,7.070000171661378,7.559999942779541,7.210000038146973,1825600.0,6.035400390625
2009-10-28,7.25,6.5900001525878915,7.0900001525878915,6.6500000953674325,2640600.0,5.566630840301514
2009-10-29,7.1599998474121085,6.670000076293945,6.699999809265138,7.0900001525878915,2016800.0,5.934949398040772
2009-10-30,7.139999866485597,6.550000190734862,7.0,6.6599998474121085,2554100.0,5.5750017166137695
2009-11-02,7.03000020980835,6.619999885559082,6.760000228881836,6.829999923706055,2142700.0,5.717306137084961
2009-11-03,7.0900001525878915,6.6500000953674325,6.670000076293945,7.0,2038200.0,5.859611988067628
2009-11-04,7.380000114440918,7.079999923706055,7.079999923706055,7.0900001525878915,2282000.0,5.934949398040772
2009-11-05,7.519999980926514,7.130000114440918,7.21999979019165,7.420000076293945,819300.0,6.211188316345215
2009-11-06,7.71999979019165,7.269999980926514,7.389999866485597,7.610000133514403,1075500.0,6.370234489440918
2009-11-09,7.769999980926514,7.630000114440918,7.71999979019165,7.690000057220459,1472700.0,6.437202453613281
2009-11-10,7.78000020980835,7.630000114440918,7.690000057220459,7.75,800700.0,6.487427234649657
2009-11-11,7.8499999046325675,7.619999885559082,7.809999942779541,7.75,675100.0,6.487427234649657
2009-11-12,7.9000000953674325,7.5999999046325675,7.8400001525878915,7.789999961853027,2296000.0,6.52091121673584
2009-11-13,8.0,7.690000057220459,7.820000171661378,7.8499999046325675,1161700.0,6.571135520935059
2009-11-16,8.159999847412111,7.989999771118164,8.060000419616701,8.109999656677246,2342600.0,6.788778305053711
2009-11-17,8.210000038146973,7.980000019073486,8.140000343322754,8.210000038146973,1115100.0,6.872487545013428
2009-11-18,8.210000038146973,8.020000457763674,8.119999885559082,8.140000343322754,919900.0,6.813891410827638
2009-11-19,8.109999656677246,7.710000038146973,8.109999656677246,7.800000190734862,1036400.0,6.5292816162109375
2009-11-20,7.760000228881836,7.329999923706055,7.670000076293945,7.75,1123900.0,6.487427234649657
2009-11-23,7.9000000953674325,7.329999923706055,7.889999866485597,7.449999809265138,1767300.0,6.236299991607666
2009-11-24,7.480000019073486,6.8400001525878915,7.4000000953674325,6.989999771118164,5070400.0,5.851241111755371
2009-11-25,7.679999828338622,7.110000133514403,7.190000057220459,7.489999771118164,3880700.0,6.2697834968566895
2009-11-27,7.46999979019165,7.119999885559082,7.1500000953674325,7.28000020980835,943700.0,6.093996047973633
2009-11-30,7.3499999046325675,7.119999885559082,7.329999923706055,7.3400001525878915,1171900.0,6.144221782684326
2009-12-01,7.78000020980835,7.5,7.699999809265138,7.539999961853027,1641800.0,6.3116393089294425
2009-12-02,7.9000000953674325,7.3499999046325675,7.75,7.789999961853027,2150000.0,6.52091121673584
2009-12-03,8.050000190734862,7.760000228881836,7.880000114440918,7.889999866485597,2144800.0,6.604618549346924
2009-12-04,8.060000419616701,7.570000171661378,7.929999828338622,7.769999980926514,1223300.0,6.50416898727417
2009-12-07,7.929999828338622,7.6500000953674325,7.829999923706055,7.739999771118164,1040900.0,6.479056358337402
2009-12-08,7.699999809265138,7.380000114440918,7.5999999046325675,7.579999923706055,1757200.0,6.345121383666992
2009-12-09,7.610000133514403,7.1500000953674325,7.610000133514403,7.420000076293945,1795800.0,6.211188316345215
2009-12-10,7.6500000953674325,7.309999942779541,7.550000190734862,7.610000133514403,1076800.0,6.370234489440918
2009-12-11,7.800000190734862,7.449999809265138,7.5999999046325675,7.670000076293945,1129600.0,6.420459747314452
2009-12-14,7.9000000953674325,7.619999885559082,7.699999809265138,7.829999923706055,1004500.0,6.554394721984862
2009-12-15,8.0,7.630000114440918,7.9000000953674325,7.699999809265138,1600900.0,6.445572853088379
2009-12-16,8.180000305175781,7.739999771118164,7.769999980926514,8.020000457763674,2339600.0,6.713440895080566
2009-12-17,8.090000152587889,7.460000038146973,7.869999885559082,7.53000020980835,2085500.0,6.303267955780028
2009-12-18,7.670000076293945,7.3499999046325675,7.670000076293945,7.389999866485597,1597000.0,6.186075687408447
2009-12-21,7.579999923706055,7.300000190734862,7.5,7.449999809265138,1879900.0,6.236299991607666
2009-12-22,7.519999980926514,7.260000228881836,7.519999980926514,7.360000133514403,1461100.0,6.16096305847168
2009-12-23,7.889999866485597,7.420000076293945,7.420000076293945,7.880000114440918,2425900.0,6.596248149871826
2009-12-24,8.010000228881836,7.809999942779541,7.880000114440918,7.989999771118164,705100.0,6.688327312469482
2009-12-28,8.520000457763674,8.060000419616701,8.060000419616701,8.489999771118164,3863400.0,7.106872081756593
2009-12-29,8.970000267028809,8.590000152587889,8.890000343322754,8.689999580383299,3261700.0,7.274288654327393
2009-12-30,8.800000190734863,8.460000038146973,8.710000038146973,8.680000305175781,1588200.0,7.265918254852295
2009-12-31,8.770000457763674,8.670000076293945,8.770000457763674,8.699999809265138,694200.0,7.2826600074768075
2010-01-04,8.960000038146973,8.710000038146973,8.800000190734863,8.789999961853027,2638000.0,7.3579978942871085
2010-01-05,9.029999732971193,8.699999809265138,8.800000190734863,8.9399995803833,2969000.0,7.483560085296631
2010-01-06,9.270000457763672,8.90999984741211,8.9399995803833,9.239999771118164,3272800.0,7.734687805175781
2010-01-07,9.15999984741211,8.75,9.079999923706056,8.920000076293945,4278100.0,7.46682071685791
2010-01-08,9.109999656677246,8.8100004196167,8.8100004196167,9.010000228881836,3118900.0,7.542157173156737
2010-01-11,9.270000457763672,9.0,9.270000457763672,9.100000381469727,2773800.0,7.617496013641357
2010-01-12,9.079999923706056,8.850000381469727,8.930000305175781,8.979999542236328,1505200.0,7.517044544219972
2010-01-13,9.09000015258789,8.850000381469727,9.010000228881836,9.06999969482422,1023500.0,7.592381954193115
2010-01-14,9.199999809265137,8.930000305175781,9.130000114440918,9.039999961853027,998600.0,7.567270278930664
2010-01-15,9.09000015258789,8.850000381469727,8.989999771118164,8.930000305175781,1456700.0,7.47519063949585
2010-01-19,9.09000015258789,8.649999618530272,9.09000015258789,9.09000015258789,1149000.0,7.6091246604919425
2010-01-20,8.989999771118164,8.550000190734862,8.920000076293945,8.699999809265138,1353600.0,7.2826600074768075
2010-01-21,8.800000190734863,8.25,8.770000457763674,8.329999923706055,2213800.0,6.9729371070861825
2010-01-22,8.399999618530272,7.949999809265138,8.199999809265138,8.270000457763674,2183700.0,6.922713756561278
2010-01-25,8.5,8.260000228881836,8.319999694824219,8.439999580383299,1378400.0,7.065018177032472
2010-01-26,8.560000419616701,8.159999847412111,8.470000267028809,8.199999809265138,824300.0,6.864115715026856
2010-01-27,8.300000190734862,8.0,8.260000228881836,8.159999847412111,811500.0,6.830632209777832
2010-01-28,8.25,7.960000038146973,8.189999580383299,7.96999979019165,1330600.0,6.671586036682129
2010-01-29,8.159999847412111,7.670000076293945,8.159999847412111,7.800000190734862,1393900.0,6.5292816162109375
2010-02-01,8.75,8.199999809265138,8.470000267028809,8.600000381469728,2103100.0,7.198951721191406
2010-02-02,9.0,8.590000152587889,8.989999771118164,8.819999694824219,3168000.0,7.383110046386719
2010-02-03,9.039999961853027,8.689999580383299,8.689999580383299,8.880000114440918,4829500.0,7.43333625793457
2010-02-04,8.9399995803833,8.329999923706055,8.819999694824219,8.350000381469728,1850200.0,6.98967981338501
2010-02-05,8.470000267028809,7.880000114440918,8.359999656677246,8.149999618530272,3012700.0,6.8222618103027335
2010-02-08,8.489999771118164,8.220000267028809,8.319999694824219,8.229999542236326,1490400.0,6.889228820800781
2010-02-09,8.770000457763674,8.409999847412111,8.489999771118164,8.600000381469728,3098000.0,7.198951721191406
2010-02-10,8.729999542236326,8.340000152587889,8.670000076293945,8.590000152587889,2186100.0,7.190580368041992
2010-02-11,8.630000114440918,8.300000190734862,8.5,8.630000114440918,1203800.0,7.224062919616699
2010-02-12,8.649999618530272,8.310000419616701,8.600000381469728,8.529999732971191,393200.0,7.140355110168457
2010-02-16,8.819999694824219,8.529999732971191,8.670000076293945,8.8100004196167,611900.0,7.374738693237305
2010-02-17,8.90999984741211,8.670000076293945,8.890000343322754,8.760000228881836,1165900.0,7.3328857421875
2010-02-18,8.819999694824219,8.710000038146973,8.739999771118164,8.75,815200.0,7.324513912200928
2010-02-19,8.880000114440918,8.619999885559082,8.619999885559082,8.869999885559082,574000.0,7.424964904785156
2010-02-22,8.979999542236328,8.649999618530272,8.979999542236328,8.689999580383299,1098100.0,7.274288654327393
2010-02-23,8.649999618530272,8.399999618530272,8.590000152587889,8.640000343322754,1627200.0,7.232434272766112
2010-02-24,8.720000267028809,8.529999732971191,8.609999656677246,8.550000190734862,707200.0,7.157097339630128
2010-02-25,8.710000038146973,8.220000267028809,8.460000038146973,8.670000076293945,2385700.0,7.257546901702881
2010-02-26,9.15999984741211,8.409999847412111,8.699999809265138,9.06999969482422,2393000.0,7.592381954193115
2010-03-01,9.199999809265137,8.920000076293945,9.09000015258789,8.979999542236328,1119200.0,7.517044544219972
2010-03-02,9.170000076293944,9.050000190734863,9.050000190734863,9.109999656677246,1233000.0,7.625866889953612
2010-03-03,9.399999618530273,9.020000457763672,9.1899995803833,9.050000190734863,1395300.0,7.57564115524292
2010-03-04,9.25,8.979999542236328,9.010000228881836,9.039999961853027,1063000.0,7.567270278930664
2010-03-05,9.15999984741211,8.989999771118164,9.109999656677246,9.109999656677246,1502700.0,7.625866889953612
2010-03-08,9.550000190734863,9.0,9.0,9.300000190734863,2006400.0,7.784912586212157
2010-03-09,9.760000228881836,9.31999969482422,9.420000076293944,9.380000114440918,1865100.0,7.851879596710205
2010-03-10,9.489999771118164,9.1899995803833,9.420000076293944,9.31999969482422,917000.0,7.80165433883667
2010-03-11,9.34000015258789,8.960000038146973,9.34000015258789,9.109999656677246,1746600.0,7.625866889953612
2010-03-12,9.399999618530273,9.109999656677246,9.109999656677246,9.390000343322754,2017600.0,7.860250473022461
2010-03-15,9.399999618530273,9.1899995803833,9.239999771118164,9.380000114440918,700900.0,7.851879596710205
2010-03-16,9.5600004196167,9.369999885559082,9.550000190734863,9.520000457763672,1826100.0,7.96907377243042
2010-03-17,9.84000015258789,9.609999656677246,9.65999984741211,9.75,4382300.0,8.161601066589355
2010-03-18,9.899999618530273,9.529999732971193,9.829999923706056,9.710000038146973,2397000.0,8.128118515014647
2010-03-19,9.760000228881836,9.329999923706056,9.449999809265137,9.449999809265137,1819600.0,7.910473823547362
2010-03-22,9.449999809265137,9.15999984741211,9.289999961853027,9.399999618530273,1485600.0,7.8686203956604
2010-03-23,9.489999771118164,9.300000190734863,9.479999542236328,9.449999809265137,1016200.0,7.910473823547362
2010-03-24,9.520000457763672,9.199999809265137,9.520000457763672,9.25,1340900.0,7.743057250976562
2010-03-25,9.579999923706056,9.239999771118164,9.350000381469727,9.279999732971193,1513800.0,7.76816987991333
2010-03-26,9.40999984741211,9.149999618530273,9.3100004196167,9.270000457763672,1066900.0,7.759800910949707
2010-03-29,9.619999885559082,9.140000343322754,9.140000343322754,9.5600004196167,1683400.0,8.002555847167969
2010-03-30,9.75,9.380000114440918,9.68000030517578,9.449999809265137,1332800.0,7.910473823547362
2010-03-31,9.59000015258789,9.34000015258789,9.510000228881836,9.43000030517578,1006100.0,7.893734931945801
2010-04-01,9.550000190734863,9.149999618530273,9.479999542236328,9.270000457763672,1199000.0,7.759800910949707
2010-04-05,9.520000457763672,9.289999961853027,9.420000076293944,9.350000381469727,1395000.0,7.826767921447754
2010-04-06,9.449999809265137,9.220000267028807,9.399999618530273,9.369999885559082,2095600.0,7.843507766723633
2010-04-07,9.59000015258789,9.279999732971193,9.279999732971193,9.56999969482422,1605700.0,8.01092529296875
2010-04-08,9.960000038146973,9.279999732971193,9.380000114440918,9.779999732971193,2843600.0,8.186715126037598
2010-04-09,10.149999618530273,9.789999961853027,9.869999885559082,9.899999618530273,2045400.0,8.287164688110353
2010-04-12,10.09000015258789,9.859999656677246,10.0,10.029999732971193,3667800.0,8.395986557006836
2010-04-13,10.34000015258789,10.079999923706056,10.09000015258789,10.25,4535800.0,8.580147743225098
2010-04-14,10.640000343322754,10.3100004196167,10.380000114440918,10.470000267028807,3151400.0,8.764303207397461
2010-04-15,10.729999542236328,10.40999984741211,10.470000267028807,10.619999885559082,2717400.0,8.889867782592773
2010-04-16,10.710000038146973,10.130000114440918,10.609999656677246,10.399999618530273,1476800.0,8.705708503723145
2010-04-19,10.720000267028807,10.239999771118164,10.25,10.699999809265137,2094800.0,8.95683479309082
2010-04-20,10.960000038146973,10.720000267028807,10.720000267028807,10.899999618530273,1935500.0,9.124253273010254
2010-04-21,10.869999885559082,10.670000076293944,10.800000190734863,10.729999542236328,1374000.0,8.98194694519043
2010-04-22,10.699999809265137,10.5,10.59000015258789,10.649999618530273,829600.0,8.914979934692383
2010-04-23,10.779999732971193,10.550000190734863,10.600000381469727,10.760000228881836,758200.0,9.007060050964355
2010-04-26,10.890000343322754,10.600000381469727,10.739999771118164,10.619999885559082,751100.0,8.889867782592773
2010-04-27,10.699999809265137,10.010000228881836,10.699999809265137,10.029999732971193,1416000.0,8.395986557006836
2010-04-28,10.31999969482422,10.079999923706056,10.210000038146973,10.270000457763672,1682700.0,8.596888542175293
2010-04-29,10.670000076293944,10.380000114440918,10.550000190734863,10.579999923706056,1658900.0,8.856382369995117
2010-04-30,10.779999732971193,10.399999618530273,10.670000076293944,10.619999885559082,1672500.0,8.889867782592773
2010-05-03,10.699999809265137,10.31999969482422,10.65999984741211,10.640000343322754,1088200.0,8.906609535217285
2010-05-04,10.529999732971193,10.050000190734863,10.420000076293944,10.149999618530273,2219000.0,8.496437072753906
2010-05-05,9.979999542236328,9.300000190734863,9.869999885559082,9.600000381469727,3984700.0,8.036039352416992
2010-05-06,9.6899995803833,8.0,9.609999656677246,8.9399995803833,3438000.0,7.483560085296631
2010-05-07,9.15999984741211,8.5,8.760000228881836,8.850000381469727,2768700.0,7.408223152160644
2010-05-10,9.789999961853027,9.289999961853027,9.489999771118164,9.510000228881836,995300.0,7.9606990814208975
2010-05-11,9.649999618530273,9.15999984741211,9.25,9.40999984741211,999300.0,7.876992702484131
2010-05-12,9.720000267028807,9.329999923706056,9.420000076293944,9.699999809265137,834100.0,8.119748115539549
2010-05-13,9.779999732971193,9.470000267028807,9.699999809265137,9.529999732971193,797500.0,7.977442741394043
2010-05-14,9.350000381469727,8.869999885559082,9.350000381469727,9.119999885559082,1229800.0,7.634236812591553
2010-05-17,9.229999542236328,8.5,9.220000267028807,8.890000343322754,2362600.0,7.441707134246826
2010-05-18,9.050000190734863,8.529999732971191,8.930000305175781,8.640000343322754,1122200.0,7.232434272766112
2010-05-19,8.579999923706055,8.170000076293945,8.579999923706055,8.449999809265138,1918600.0,7.073387622833253
2010-05-20,8.140000343322754,7.690000057220459,8.109999656677246,7.949999809265138,2546100.0,6.654844760894775
2010-05-21,8.359999656677246,7.360000133514403,7.630000114440918,8.359999656677246,1813800.0,6.998049736022949
2010-05-24,8.5,8.220000267028809,8.319999694824219,8.319999694824219,797600.0,6.964566707611084
2010-05-25,8.069999694824219,7.3400001525878915,7.869999885559082,8.039999961853027,1560200.0,6.730181217193604
2010-05-26,8.579999923706055,8.180000305175781,8.210000038146973,8.329999923706055,1673200.0,6.9729371070861825
2010-05-27,8.850000381469727,8.350000381469728,8.630000114440918,8.729999542236326,1239900.0,7.3077712059021
2010-05-28,8.829999923706055,8.529999732971191,8.75,8.630000114440918,686900.0,7.224062919616699
2010-06-01,8.850000381469727,8.5,8.539999961853027,8.520000457763674,1297600.0,7.1319847106933585
2010-06-02,8.869999885559082,8.600000381469728,8.640000343322754,8.859999656677246,758200.0,7.4165940284729
2010-06-03,9.06999969482422,8.8100004196167,8.899999618530273,9.06999969482422,680000.0,7.592381954193115
2010-06-04,9.039999961853027,8.619999885559082,8.619999885559082,8.779999732971191,931200.0,7.349626064300537
2010-06-07,8.930000305175781,8.550000190734862,8.739999771118164,8.550000190734862,712000.0,7.157097339630128
2010-06-08,8.800000190734863,8.5,8.560000419616701,8.760000228881836,824000.0,7.3328857421875
2010-06-09,9.170000076293944,8.8100004196167,8.8100004196167,8.90999984741211,1043600.0,7.458447933197021
2010-06-10,9.420000076293944,9.0,9.18000030517578,9.390000343322754,813500.0,7.860250473022461
2010-06-11,9.800000190734863,9.31999969482422,9.31999969482422,9.4399995803833,1131900.0,7.90210485458374
2010-06-14,9.739999771118164,9.239999771118164,9.609999656677246,9.470000267028807,1270100.0,7.927217960357666
2010-06-15,10.050000190734863,9.529999732971193,9.65999984741211,10.050000190734863,1150700.0,8.412728309631348
2010-06-16,10.220000267028807,9.850000381469727,9.899999618530273,10.119999885559082,1248700.0,8.47132396697998
2010-06-17,10.229999542236328,9.850000381469727,10.220000267028807,10.029999732971193,1391400.0,8.395986557006836
2010-06-18,10.100000381469727,9.800000190734863,9.960000038146973,10.029999732971193,675100.0,8.395986557006836
2010-06-21,10.329999923706056,9.850000381469727,10.199999809265137,10.010000228881836,1237200.0,8.379243850708008
2010-06-22,10.18000030517578,9.850000381469727,10.079999923706056,9.850000381469727,570200.0,8.245309829711914
2010-06-23,10.020000457763672,9.68000030517578,9.960000038146973,9.890000343322754,982800.0,8.27879524230957
2010-06-24,9.970000267028807,9.710000038146973,9.829999923706056,9.779999732971193,484000.0,8.186715126037598
2010-06-25,10.239999771118164,9.710000038146973,9.84000015258789,10.149999618530273,698200.0,8.496437072753906
2010-06-28,10.18000030517578,9.899999618530273,10.039999961853027,10.029999732971193,729700.0,8.395986557006836
2010-06-29,9.989999771118164,9.289999961853027,9.989999771118164,9.369999885559082,1462500.0,7.843507766723633
2010-06-30,9.649999618530273,9.289999961853027,9.31999969482422,9.34000015258789,1324700.0,7.8183956146240225
2010-07-01,9.869999885559082,9.170000076293944,9.359999656677246,9.81999969482422,1537900.0,8.220195770263674
2010-07-02,9.960000038146973,9.710000038146973,9.93000030517578,9.850000381469727,444400.0,8.245309829711914
2010-07-06,10.199999809265137,9.9399995803833,10.100000381469727,10.029999732971193,1270900.0,8.395986557006836
2010-07-07,10.289999961853027,9.970000267028807,10.039999961853027,10.270000457763672,1110100.0,8.596888542175293
2010-07-08,10.399999618530273,9.979999542236328,10.399999618530273,10.270000457763672,667000.0,8.596888542175293
2010-07-09,10.550000190734863,10.149999618530273,10.25,10.460000038146973,1048200.0,8.75593376159668
2010-07-12,10.529999732971193,10.25,10.399999618530273,10.43000030517578,608300.0,8.730820655822754
2010-07-13,10.649999618530273,10.270000457763672,10.649999618530273,10.489999771118164,845100.0,8.781044960021973
2010-07-14,10.5,10.289999961853027,10.420000076293944,10.390000343322754,318600.0,8.69733715057373
2010-07-15,10.539999961853027,10.289999961853027,10.43000030517578,10.380000114440918,563100.0,8.688966751098633
2010-07-16,10.350000381469727,10.029999732971193,10.350000381469727,10.079999923706056,463500.0,8.437841415405272
2010-07-19,10.220000267028807,9.899999618530273,10.079999923706056,10.170000076293944,467200.0,8.513178825378418
2010-07-20,10.40999984741211,10.0,10.039999961853027,10.359999656677246,360600.0,8.672224998474121
2010-07-21,10.489999771118164,10.350000381469727,10.489999771118164,10.40999984741211,581100.0,8.714078903198242
2010-07-22,10.710000038146973,10.43000030517578,10.529999732971193,10.699999809265137,784800.0,8.95683479309082
2010-07-23,10.789999961853027,10.5,10.699999809265137,10.789999961853027,611100.0,9.032172203063963
2010-07-26,10.890000343322754,10.699999809265137,10.8100004196167,10.739999771118164,492800.0,8.990318298339844
2010-07-27,11.050000190734863,10.630000114440918,10.869999885559082,10.989999771118164,731700.0,9.199588775634766
2010-07-28,11.079999923706056,10.890000343322754,10.960000038146973,11.010000228881836,696200.0,9.21633243560791
2010-07-29,11.210000038146973,10.960000038146973,11.109999656677246,11.170000076293944,455100.0,9.350265502929688
2010-07-30,11.399999618530273,11.109999656677246,11.199999809265137,11.359999656677244,924500.0,9.509312629699707
2010-08-02,11.75,11.460000038146973,11.609999656677244,11.5600004196167,1154200.0,9.676728248596193
2010-08-03,11.600000381469727,11.140000343322754,11.600000381469727,11.18000030517578,723000.0,9.358637809753418
2010-08-04,11.359999656677244,10.960000038146973,11.1899995803833,11.109999656677246,779100.0,9.300040245056152
2010-08-05,11.3100004196167,11.050000190734863,11.06999969482422,11.279999732971193,774600.0,9.442344665527344
2010-08-06,11.5,11.079999923706056,11.18000030517578,11.25,758500.0,9.417231559753418
2010-08-09,11.5,11.260000228881836,11.369999885559082,11.380000114440918,794600.0,9.52605438232422
2010-08-10,11.380000114440918,11.119999885559082,11.210000038146973,11.260000228881836,772300.0,9.425603866577148
2010-08-11,11.050000190734863,10.5,10.979999542236328,10.800000190734863,1331900.0,9.040544509887695
2010-08-12,10.93000030517578,10.550000190734863,10.630000114440918,10.75,583600.0,8.998688697814941
2010-08-13,10.739999771118164,10.229999542236328,10.720000267028807,10.25,1523600.0,8.580147743225098
2010-08-16,10.43000030517578,10.020000457763672,10.109999656677246,10.31999969482422,648200.0,8.638741493225098
2010-08-17,10.850000381469727,10.399999618530273,10.470000267028807,10.710000038146973,616500.0,8.965206146240234
2010-08-18,10.579999923706056,10.1899995803833,10.579999923706056,10.300000190734863,854600.0,8.836518287658691
2010-08-19,10.350000381469727,9.9399995803833,10.220000267028807,10.100000381469727,1206800.0,8.664935111999513
2010-08-20,10.050000190734863,9.90999984741211,9.960000038146973,9.920000076293944,1371400.0,8.510510444641112
2010-08-23,10.279999732971193,10.010000228881836,10.100000381469727,10.079999923706056,790600.0,8.647778511047362
2010-08-24,10.1899995803833,9.779999732971193,9.979999542236328,10.119999885559082,801600.0,8.682093620300293
2010-08-25,10.649999618530273,10.029999732971193,10.029999732971193,10.600000381469727,1563700.0,9.093893051147461
2010-08-26,10.81999969482422,10.5,10.710000038146973,10.5,819500.0,9.008100509643556
2010-08-27,10.800000190734863,10.550000190734863,10.649999618530273,10.75,1000600.0,9.222579002380373
2010-08-30,10.829999923706056,10.529999732971193,10.739999771118164,10.5600004196167,646500.0,9.059577941894533
2010-08-31,10.729999542236328,10.470000267028807,10.5,10.539999961853027,1213400.0,9.04241943359375
2010-09-01,11.289999961853027,10.649999618530273,10.6899995803833,11.0,2107600.0,9.437057495117188
2010-09-02,11.34000015258789,11.020000457763672,11.149999618530273,11.210000038146973,898700.0,9.617220878601074
2010-09-03,11.510000228881836,11.149999618530273,11.510000228881836,11.1899995803833,1121700.0,9.600061416625977
2010-09-07,11.489999771118164,11.029999732971193,11.130000114440918,11.1899995803833,1376100.0,9.600061416625977
2010-09-08,11.279999732971193,11.0,11.199999809265137,11.079999923706056,642600.0,9.505691528320312
2010-09-09,11.449999809265135,11.130000114440918,11.260000228881836,11.25,1010700.0,9.651537895202637
2010-09-10,11.399999618530273,11.18000030517578,11.210000038146973,11.399999618530273,731400.0,9.780224800109863
2010-09-13,11.529999732971193,11.25,11.510000228881836,11.399999618530273,1083300.0,9.780224800109863
2010-09-14,11.5,11.279999732971193,11.399999618530273,11.380000114440918,784200.0,9.763066291809082
2010-09-15,11.449999809265135,11.279999732971193,11.369999885559082,11.3100004196167,1191500.0,9.70301342010498
2010-09-16,11.5,11.239999771118164,11.300000190734865,11.4399995803833,973000.0,9.814539909362793
2010-09-17,11.68000030517578,11.350000381469727,11.4399995803833,11.649999618530273,1005900.0,9.994702339172363
2010-09-20,11.699999809265135,11.4399995803833,11.65999984741211,11.670000076293945,507900.0,10.011861801147461
2010-09-21,11.68000030517578,11.300000190734865,11.630000114440918,11.670000076293945,922900.0,10.011861801147461
2010-09-22,11.949999809265135,11.529999732971193,11.59000015258789,11.600000381469727,883500.0,9.951807022094727
2010-09-23,11.770000457763672,11.43000030517578,11.539999961853027,11.600000381469727,661400.0,9.951807022094727
2010-09-24,12.199999809265135,11.729999542236328,11.8100004196167,12.010000228881836,2116000.0,10.30355167388916
2010-09-27,12.06999969482422,11.729999542236328,12.06999969482422,11.770000457763672,1086400.0,10.097654342651367
2010-09-28,11.8100004196167,11.449999809265135,11.739999771118164,11.59000015258789,818400.0,9.943227767944336
2010-09-29,11.670000076293945,11.390000343322756,11.59000015258789,11.449999809265135,1238700.0,9.8231201171875
2010-09-30,11.640000343322756,11.40999984741211,11.579999923706055,11.59000015258789,1429500.0,9.943227767944336
2010-10-01,11.869999885559082,11.640000343322756,11.720000267028807,11.68000030517578,678900.0,10.020440101623537
2010-10-04,11.68000030517578,11.449999809265135,11.68000030517578,11.56999969482422,456600.0,9.926069259643556
2010-10-05,11.9399995803833,11.59000015258789,11.640000343322756,11.920000076293945,622700.0,10.226340293884276
2010-10-06,12.010000228881836,11.770000457763672,11.960000038146973,11.93000030517578,915400.0,10.234919548034668
2010-10-07,12.020000457763672,11.800000190734865,12.010000228881836,11.960000038146973,301500.0,10.260655403137207
2010-10-08,12.270000457763672,11.9399995803833,12.0,12.25,1442700.0,10.509451866149902
2010-10-11,12.5,12.25,12.270000457763672,12.369999885559082,790400.0,10.612401962280273
2010-10-12,12.399999618530273,12.079999923706055,12.270000457763672,12.399999618530273,502500.0,10.638138771057127
2010-10-13,12.989999771118164,12.5,12.510000228881836,12.899999618530273,2788400.0,11.067095756530762
2010-10-14,12.949999809265135,12.5,12.949999809265135,12.800000190734865,1841800.0,10.981303215026855
2010-10-15,13.029999732971193,12.649999618530273,12.949999809265135,12.68000030517578,604400.0,10.878355979919434
2010-10-18,12.65999984741211,12.43000030517578,12.649999618530273,12.579999923706055,502300.0,10.792563438415527
2010-10-19,12.40999984741211,12.140000343322756,12.40999984741211,12.3100004196167,845500.0,10.560927391052246
2010-10-20,12.850000381469727,12.359999656677244,12.359999656677244,12.539999961853027,1584000.0,10.758246421813963
2010-10-21,12.8100004196167,12.220000267028807,12.550000190734865,12.279999732971193,1178300.0,10.535189628601074
2010-10-22,12.510000228881836,12.25,12.350000381469727,12.289999961853027,439700.0,10.543768882751463
2010-10-25,12.760000228881836,12.5,12.520000457763672,12.699999809265135,1172900.0,10.895512580871582
2010-10-26,12.9399995803833,12.600000381469727,12.68000030517578,12.8100004196167,789600.0,10.98988437652588
2010-10-27,12.920000076293945,12.579999923706055,12.720000267028807,12.859999656677244,802800.0,11.032777786254883
2010-10-28,13.199999809265135,12.899999618530273,13.140000343322756,12.90999984741211,729100.0,11.075674057006836
2010-10-29,13.199999809265135,12.899999618530273,12.960000038146973,13.140000343322756,878100.0,11.272995948791506
2010-11-01,13.4399995803833,12.989999771118164,13.300000190734865,13.119999885559082,908300.0,11.255837440490724
2010-11-02,13.460000038146973,13.15999984741211,13.300000190734865,13.31999969482422,854400.0,11.427420616149902
2010-11-03,13.59000015258789,13.229999542236328,13.399999618530273,13.460000038146973,1387100.0,11.547527313232422
2010-11-04,14.359999656677244,13.760000228881836,13.760000228881836,14.079999923706055,1975800.0,12.079434394836426
2010-11-05,14.149999618530273,13.800000190734865,14.119999885559082,13.899999618530273,1568900.0,11.925010681152346
2010-11-08,13.970000267028807,13.5,13.899999618530273,13.890000343322756,1343300.0,11.91643238067627
2010-11-09,14.109999656677244,13.829999923706055,13.949999809265135,13.890000343322756,1409100.0,11.91643238067627
2010-11-10,14.029999732971193,13.6899995803833,13.93000030517578,13.949999809265135,1115800.0,11.96790599822998
2010-11-11,13.970000267028807,13.460000038146973,13.890000343322756,13.649999618530273,1722400.0,11.710529327392578
2010-11-12,13.5,12.890000343322756,13.4399995803833,12.920000076293945,1939800.0,11.084254264831543
2010-11-15,13.300000190734865,12.949999809265135,13.010000228881836,13.09000015258789,841600.0,11.23009967803955
2010-11-16,13.010000228881836,12.43000030517578,13.010000228881836,12.520000457763672,1248400.0,10.741089820861816
2010-11-17,12.850000381469727,12.460000038146973,12.489999771118164,12.710000038146973,710500.0,10.904092788696287
2010-11-18,13.270000457763672,12.949999809265135,12.960000038146973,13.140000343322756,997800.0,11.272995948791506
2010-11-19,13.140000343322756,12.760000228881836,13.140000343322756,13.0,710700.0,11.152887344360352
2010-11-22,12.979999542236328,12.300000190734865,12.979999542236328,12.729999542236328,2203300.0,10.921250343322754
2010-11-23,12.550000190734865,12.149999618530273,12.550000190734865,12.279999732971193,1177800.0,10.535189628601074
2010-11-24,12.829999923706055,12.479999542236328,12.5,12.699999809265135,1281000.0,10.895512580871582
2010-11-26,12.68000030517578,12.449999809265135,12.579999923706055,12.539999961853027,598900.0,10.758246421813963
2010-11-29,12.579999923706055,12.25,12.380000114440918,12.449999809265135,1194100.0,10.681034088134766
2010-11-30,12.90999984741211,12.3100004196167,12.31999969482422,12.760000228881836,1721500.0,10.946988105773926
2010-12-01,13.399999618530273,13.079999923706055,13.09000015258789,13.100000381469727,1235600.0,11.238679885864258
2010-12-02,13.529999732971193,13.100000381469727,13.119999885559082,13.4399995803833,1349600.0,11.530369758605955
2010-12-03,13.670000076293945,13.140000343322756,13.369999885559082,13.640000343322756,944700.0,11.70195198059082
2010-12-06,13.6899995803833,13.43000030517578,13.68000030517578,13.56999969482422,671000.0,11.641898155212402
2010-12-07,14.270000457763672,13.68000030517578,13.710000038146973,13.789999961853027,1640200.0,11.83064079284668
2010-12-08,13.850000381469727,13.510000228881836,13.770000457763672,13.579999923706055,548600.0,11.650477409362793
2010-12-09,13.779999732971193,12.970000267028807,13.6899995803833,13.020000457763672,4389200.0,11.170044898986816
2010-12-10,13.199999809265135,12.93000030517578,13.100000381469727,12.979999542236328,1994800.0,11.135729789733887
2010-12-13,13.170000076293945,12.81999969482422,13.06999969482422,13.010000228881836,1555000.0,11.161465644836426
2010-12-14,13.039999961853027,12.5600004196167,13.039999961853027,12.81999969482422,2857400.0,10.998462677001953
2010-12-15,12.880000114440918,12.579999923706055,12.739999771118164,12.699999809265135,1236100.0,10.895512580871582
2010-12-16,12.779999732971193,12.449999809265135,12.739999771118164,12.550000190734865,830900.0,10.766826629638672
2010-12-17,12.8100004196167,12.470000267028807,12.56999969482422,12.8100004196167,1139900.0,10.98988437652588
2010-12-20,12.9399995803833,12.699999809265135,12.789999961853027,12.739999771118164,840300.0,10.929829597473145
2010-12-21,13.0600004196167,12.859999656677244,12.90999984741211,13.029999732971193,719000.0,11.178625106811523
2010-12-22,13.3100004196167,13.050000190734865,13.09000015258789,13.210000038146973,995000.0,11.333049774169922
2010-12-23,13.329999923706055,13.130000114440918,13.18000030517578,13.210000038146973,395700.0,11.333049774169922
2010-12-27,13.3100004196167,13.109999656677244,13.210000038146973,13.300000190734865,349700.0,11.41026210784912
2010-12-28,13.4399995803833,13.220000267028807,13.34000015258789,13.289999961853027,361900.0,11.401681900024414
2010-12-29,13.90999984741211,13.329999923706055,13.449999809265135,13.81999969482422,1068000.0,11.856377601623535
2010-12-30,13.899999618530273,13.670000076293945,13.880000114440918,13.720000267028807,1041700.0,11.770586013793945
2010-12-31,13.800000190734865,13.5,13.699999809265135,13.619999885559082,362000.0,11.684793472290039
2011-01-03,13.989999771118164,13.8100004196167,13.84000015258789,13.859999656677244,806500.0,11.890695571899414
2011-01-04,14.59000015258789,13.949999809265135,13.989999771118164,14.56999969482422,2224800.0,12.499812126159668
2011-01-05,14.5600004196167,14.09000015258789,14.5,14.350000381469727,1616600.0,12.31107234954834
2011-01-06,14.399999618530273,13.869999885559082,14.399999618530273,14.0600004196167,977500.0,12.062275886535645
2011-01-07,14.170000076293945,13.829999923706055,14.09000015258789,14.149999618530273,917300.0,12.139488220214846
2011-01-10,14.300000190734865,14.09000015258789,14.140000343322756,14.15999984741211,815500.0,12.14806842803955
2011-01-11,14.619999885559082,14.220000267028807,14.329999923706055,14.520000457763672,1715800.0,12.456915855407715
2011-01-12,14.739999771118164,14.34000015258789,14.699999809265135,14.520000457763672,933400.0,12.456915855407715
2011-01-13,14.699999809265135,14.359999656677244,14.460000038146973,14.449999809265135,1362600.0,12.396864891052244
2011-01-14,14.520000457763672,14.229999542236328,14.449999809265135,14.350000381469727,710400.0,12.31107234954834
2011-01-18,14.489999771118164,14.25,14.43000030517578,14.329999923706055,1472400.0,12.29391384124756
2011-01-19,14.470000267028807,13.979999542236328,14.420000076293945,14.109999656677244,1012700.0,12.10517120361328
2011-01-20,14.029999732971193,13.510000228881836,14.029999732971193,13.739999771118164,1374500.0,11.78774356842041
2011-01-21,14.15999984741211,13.75,13.869999885559082,13.890000343322756,989100.0,11.91643238067627
2011-01-24,13.93000030517578,13.510000228881836,13.800000190734865,13.550000190734865,1097400.0,11.62473964691162
2011-01-25,13.579999923706055,13.140000343322756,13.579999923706055,13.300000190734865,1516300.0,11.41026210784912
2011-01-26,13.43000030517578,13.010000228881836,13.43000030517578,13.109999656677244,2008200.0,11.247258186340332
2011-01-27,13.1899995803833,12.899999618530273,13.18000030517578,13.010000228881836,1350200.0,11.161465644836426
2011-01-28,13.270000457763672,12.859999656677244,13.18000030517578,12.890000343322756,1540000.0,11.058516502380373
2011-01-31,13.18000030517578,12.90999984741211,12.989999771118164,12.979999542236328,992600.0,11.135729789733887
2011-02-01,13.869999885559082,13.09000015258789,13.09000015258789,13.779999732971193,1637400.0,11.822060585021973
2011-02-02,13.979999542236328,13.539999961853027,13.710000038146973,13.859999656677244,1965200.0,11.890695571899414
2011-02-03,13.970000267028807,13.619999885559082,13.93000030517578,13.75,769100.0,11.796324729919435
2011-02-04,13.770000457763672,13.270000457763672,13.739999771118164,13.43000030517578,1276700.0,11.52178955078125
2011-02-07,13.600000381469727,13.140000343322756,13.529999732971193,13.329999923706055,1047800.0,11.43600082397461
2011-02-08,13.739999771118164,13.289999961853027,13.380000114440918,13.539999961853027,1016400.0,11.61616039276123
2011-02-09,13.56999969482422,12.859999656677244,13.5,13.130000114440918,1467000.0,11.264416694641113
2011-02-10,12.720000267028807,12.06999969482422,12.600000381469727,12.239999771118164,4488800.0,10.500871658325195
2011-02-11,12.65999984741211,12.170000076293945,12.260000228881836,12.520000457763672,1408600.0,10.741089820861816
2011-02-14,12.81999969482422,12.5,12.59000015258789,12.68000030517578,982500.0,10.878355979919434
2011-02-15,12.989999771118164,12.699999809265135,12.710000038146973,12.75,958500.0,10.93840789794922
2011-02-16,12.920000076293945,12.619999885559082,12.850000381469727,12.869999885559082,930700.0,11.041358947753906
2011-02-17,12.979999542236328,12.760000228881836,12.880000114440918,12.90999984741211,884500.0,11.075674057006836
2011-02-18,13.010000228881836,12.770000457763672,12.93000030517578,12.869999885559082,908200.0,11.041358947753906
2011-02-22,12.949999809265135,12.670000076293945,12.779999732971193,12.81999969482422,1848900.0,10.998462677001953
2011-02-23,13.25,12.760000228881836,12.850000381469727,13.1899995803833,2766000.0,11.315890312194824
2011-02-24,13.630000114440918,13.1899995803833,13.260000228881836,13.229999542236328,1612100.0,11.350207328796387
2011-02-25,13.510000228881836,13.130000114440918,13.369999885559082,13.390000343322756,789100.0,11.487473487854006
2011-02-28,13.789999961853027,13.329999923706055,13.329999923706055,13.760000228881836,1191000.0,11.804903984069824
2011-03-01,13.880000114440918,13.489999771118164,13.869999885559082,13.520000457763672,933900.0,11.599002838134766
2011-03-02,14.300000190734865,13.609999656677244,13.710000038146973,14.0,2285400.0,12.010801315307615
2011-03-03,14.239999771118164,13.920000076293945,14.239999771118164,14.029999732971193,1758800.0,12.036539077758787
2011-03-04,14.029999732971193,13.630000114440918,14.010000228881836,13.68000030517578,1496100.0,11.736268997192385
2011-03-07,13.890000343322756,13.3100004196167,13.770000457763672,13.420000076293945,766400.0,11.51321029663086
2011-03-08,13.579999923706055,13.25,13.489999771118164,13.5,946300.0,11.5818452835083
2011-03-09,13.529999732971193,13.220000267028807,13.5,13.359999656677244,791400.0,11.461734771728516
2011-03-10,13.130000114440918,12.710000038146973,13.130000114440918,12.890000343322756,1416200.0,11.058516502380373
2011-03-11,13.079999923706055,12.75,12.90999984741211,13.010000228881836,668200.0,11.161465644836426
2011-03-14,12.90999984741211,12.399999618530273,12.90999984741211,12.65999984741211,1773800.0,10.86119556427002
2011-03-15,13.039999961853027,12.020000457763672,12.199999809265135,12.850000381469727,2779500.0,11.024199485778807
2011-03-16,12.859999656677244,12.130000114440918,12.850000381469727,12.229999542236328,2503800.0,10.49229335784912
2011-03-17,12.619999885559082,12.050000190734865,12.40999984741211,12.170000076293945,1962000.0,10.440818786621094
2011-03-18,12.600000381469727,12.170000076293945,12.329999923706055,12.399999618530273,2716000.0,10.638138771057127
2011-03-21,12.699999809265135,12.420000076293945,12.699999809265135,12.619999885559082,964100.0,10.826879501342773
2011-03-22,12.899999618530273,12.640000343322756,12.6899995803833,12.75,1009800.0,10.93840789794922
2011-03-23,12.859999656677244,12.460000038146973,12.800000190734865,12.649999618530273,972300.0,10.852617263793944
2011-03-24,12.779999732971193,12.479999542236328,12.75,12.479999542236328,1233000.0,10.70677089691162
2011-03-25,12.9399995803833,12.630000114440918,12.630000114440918,12.850000381469727,750500.0,11.024199485778807
2011-03-28,12.979999542236328,12.760000228881836,12.960000038146973,12.829999923706055,957100.0,11.007040023803713
2011-03-29,13.0,12.75,12.869999885559082,13.0,1200900.0,11.152887344360352
2011-03-30,13.140000343322756,12.729999542236328,13.029999732971193,12.869999885559082,1080700.0,11.041358947753906
2011-03-31,13.010000228881836,12.81999969482422,12.899999618530273,12.899999618530273,944400.0,11.067095756530762
2011-04-01,13.289999961853027,12.960000038146973,13.010000228881836,13.15999984741211,1355200.0,11.290155410766602
2011-04-04,13.369999885559082,13.140000343322756,13.199999809265135,13.260000228881836,720800.0,11.37594509124756
2011-04-05,13.380000114440918,13.25,13.369999885559082,13.350000381469727,1125200.0,11.453158378601074
2011-04-06,13.43000030517578,12.989999771118164,13.399999618530273,13.0600004196167,2598000.0,11.204363822937012
2011-04-07,12.869999885559082,12.300000190734865,12.869999885559082,12.40999984741211,6900100.0,10.646718978881836
2011-04-08,12.350000381469727,11.920000076293945,12.329999923706055,11.979999542236328,3445300.0,10.277812957763672
2011-04-11,12.239999771118164,11.880000114440918,12.0600004196167,12.0,1623900.0,10.294973373413086
2011-04-12,11.979999542236328,11.470000267028807,11.970000267028807,11.739999771118164,2410100.0,10.071914672851562
2011-04-13,11.84000015258789,11.449999809265135,11.789999961853027,11.649999618530273,1642200.0,9.994702339172363
2011-04-14,12.130000114440918,11.489999771118164,11.59000015258789,12.06999969482422,2024100.0,10.355026245117188
2011-04-15,12.170000076293945,11.970000267028807,12.130000114440918,12.140000343322756,1359800.0,10.415082931518556
2011-04-18,12.130000114440918,11.859999656677244,12.0,12.109999656677244,1398000.0,10.389345169067383
2011-04-19,12.18000030517578,11.949999809265135,12.119999885559082,12.100000381469727,1714200.0,10.380764961242676
2011-04-20,12.350000381469727,12.029999732971193,12.18000030517578,12.140000343322756,1414600.0,10.415082931518556
2011-04-21,12.18000030517578,11.960000038146973,12.18000030517578,11.989999771118164,595300.0,10.28639316558838
2011-04-25,12.0,11.75,11.970000267028807,11.989999771118164,828700.0,10.28639316558838
2011-04-26,12.34000015258789,11.960000038146973,12.079999923706055,12.300000190734865,1700300.0,10.552347183227539
2011-04-27,12.34000015258789,12.029999732971193,12.34000015258789,12.140000343322756,1225600.0,10.415082931518556
2011-04-28,12.380000114440918,11.90999984741211,12.100000381469727,12.369999885559082,1604800.0,10.612401962280273
2011-04-29,12.59000015258789,12.3100004196167,12.449999809265135,12.449999809265135,1181300.0,10.681034088134766
2011-05-02,12.59000015258789,12.329999923706055,12.470000267028807,12.380000114440918,1670100.0,10.620980262756348
2011-05-03,12.34000015258789,11.760000228881836,12.31999969482422,11.829999923706055,2337100.0,10.149128913879396
2011-05-04,11.859999656677244,11.510000228881836,11.8100004196167,11.649999618530273,1846400.0,9.994702339172363
2011-05-05,11.59000015258789,11.25,11.529999732971193,11.3100004196167,1663100.0,9.70301342010498
2011-05-06,11.770000457763672,11.470000267028807,11.550000190734865,11.529999732971193,847500.0,9.891753196716307
2011-05-09,11.75,11.270000457763672,11.640000343322756,11.4399995803833,1245500.0,9.814539909362793
2011-05-10,11.90999984741211,11.649999618530273,11.890000343322756,11.720000267028807,1472500.0,10.054757118225098
2011-05-11,11.649999618530273,11.350000381469727,11.619999885559082,11.489999771118164,885200.0,9.85743808746338
2011-05-12,11.380000114440918,11.020000457763672,11.369999885559082,11.25,1283100.0,9.651537895202637
2011-05-13,11.25,10.880000114440918,11.25,11.029999732971193,1238400.0,9.462794303894043
2011-05-16,11.1899995803833,10.90999984741211,11.0,11.029999732971193,2209700.0,9.462794303894043
2011-05-17,11.050000190734863,10.84000015258789,10.899999618530273,10.949999809265137,1302800.0,9.39416217803955
2011-05-18,11.020000457763672,10.81999969482422,10.970000267028807,10.93000030517578,1174200.0,9.377004623413086
2011-05-19,11.039999961853027,10.739999771118164,11.0,10.829999923706056,1061300.0,9.291213035583496
2011-05-20,11.149999618530273,10.619999885559082,10.739999771118164,10.979999542236328,1862200.0,9.419898986816406
2011-05-23,10.859999656677246,10.68000030517578,10.760000228881836,10.859999656677246,647500.0,9.316949844360352
2011-05-24,11.119999885559082,10.829999923706056,10.899999618530273,11.06999969482422,1186100.0,9.497113227844238
2011-05-25,11.449999809265135,10.989999771118164,11.050000190734863,11.40999984741211,1854000.0,9.788803100585938
2011-05-26,11.890000343322756,11.25,11.43000030517578,11.710000038146973,3021300.0,10.046177864074707
2011-05-27,11.850000381469727,11.630000114440918,11.850000381469727,11.6899995803833,854000.0,10.029019355773926
2011-05-31,11.93000030517578,11.609999656677244,11.829999923706055,11.880000114440918,2266600.0,10.192022323608398
2011-06-01,12.029999732971193,11.729999542236328,11.899999618530273,11.920000076293945,1592700.0,10.226340293884276
2011-06-02,12.350000381469727,11.850000381469727,11.979999542236328,12.270000457763672,1758100.0,10.526609420776367
2011-06-03,12.279999732971193,12.0600004196167,12.079999923706055,12.149999618530273,1169400.0,10.423660278320312
2011-06-06,12.199999809265135,11.899999618530273,12.149999618530273,12.0,1230100.0,10.294973373413086
2011-06-07,12.420000076293945,12.020000457763672,12.079999923706055,12.289999961853027,1437900.0,10.543768882751463
2011-06-08,12.4399995803833,12.18000030517578,12.220000267028807,12.25,1629700.0,10.509451866149902
2011-06-09,12.399999618530273,12.130000114440918,12.260000228881836,12.260000228881836,1191400.0,10.518030166625977
2011-06-10,12.3100004196167,11.8100004196167,12.3100004196167,11.850000381469727,1650700.0,10.166285514831543
2011-06-13,12.270000457763672,11.8100004196167,11.859999656677244,12.09000015258789,1299500.0,10.372186660766602
2011-06-14,12.380000114440918,12.130000114440918,12.149999618530273,12.31999969482422,1114000.0,10.569504737854004
2011-06-15,12.470000267028807,12.210000038146973,12.220000267028807,12.3100004196167,1749500.0,10.560927391052246
2011-06-16,12.31999969482422,12.0600004196167,12.220000267028807,12.119999885559082,1933500.0,10.39792537689209
2011-06-17,12.59000015258789,11.90999984741211,12.199999809265135,12.579999923706055,2110100.0,10.792563438415527
2011-06-20,12.539999961853027,12.220000267028807,12.5,12.279999732971193,1305900.0,10.535189628601074
2011-06-21,12.5,12.270000457763672,12.390000343322756,12.449999809265135,813600.0,10.681034088134766
2011-06-22,12.470000267028807,12.279999732971193,12.369999885559082,12.300000190734865,729700.0,10.552347183227539
2011-06-23,12.3100004196167,11.8100004196167,12.079999923706055,12.270000457763672,801800.0,10.526609420776367
2011-06-24,12.369999885559082,11.770000457763672,12.300000190734865,11.850000381469727,1354200.0,10.166285514831543
2011-06-27,11.899999618530273,11.56999969482422,11.899999618530273,11.6899995803833,1713400.0,10.029019355773926
2011-06-28,12.100000381469727,11.539999961853027,11.699999809265135,12.079999923706055,1459500.0,10.363606452941896
2011-06-29,12.300000190734865,12.0600004196167,12.100000381469727,12.229999542236328,1233900.0,10.49229335784912
2011-06-30,12.43000030517578,12.220000267028807,12.31999969482422,12.289999961853027,1067100.0,10.543768882751463
2011-07-01,12.5,11.979999542236328,12.100000381469727,12.390000343322756,1365200.0,10.629558563232422
2011-07-05,12.56999969482422,12.25,12.329999923706055,12.390000343322756,794700.0,10.629558563232422
2011-07-06,12.380000114440918,12.100000381469727,12.31999969482422,12.130000114440918,621500.0,10.406501770019533
2011-07-07,12.289999961853027,12.109999656677244,12.1899995803833,12.130000114440918,766000.0,10.406501770019533
2011-07-08,12.289999961853027,11.789999961853027,12.0,12.220000267028807,1453000.0,10.48371410369873
2011-07-11,12.1899995803833,11.90999984741211,12.100000381469727,11.979999542236328,955300.0,10.277812957763672
2011-07-12,12.170000076293945,11.869999885559082,11.93000030517578,12.09000015258789,1693600.0,10.372186660766602
2011-07-13,12.359999656677244,12.100000381469727,12.100000381469727,12.31999969482422,1133000.0,10.569504737854004
2011-07-14,12.43000030517578,12.170000076293945,12.380000114440918,12.25,1128500.0,10.509451866149902
2011-07-15,12.4399995803833,12.260000228881836,12.34000015258789,12.4399995803833,749400.0,10.672454833984377
2011-07-18,12.449999809265135,12.09000015258789,12.329999923706055,12.239999771118164,932600.0,10.500871658325195
2011-07-19,12.40999984741211,12.119999885559082,12.3100004196167,12.229999542236328,576300.0,10.49229335784912
2011-07-20,12.289999961853027,12.06999969482422,12.220000267028807,12.289999961853027,756700.0,10.543768882751463
2011-07-21,12.859999656677244,12.270000457763672,12.34000015258789,12.81999969482422,1198200.0,10.998462677001953
2011-07-22,12.869999885559082,12.649999618530273,12.789999961853027,12.8100004196167,626900.0,10.98988437652588
2011-07-25,12.880000114440918,12.539999961853027,12.729999542236328,12.779999732971193,850500.0,10.964144706726074
2011-07-26,12.829999923706055,12.600000381469727,12.760000228881836,12.670000076293945,614800.0,10.86977481842041
2011-07-27,12.6899995803833,12.1899995803833,12.619999885559082,12.34000015258789,1878300.0,10.586664199829102
2011-07-28,12.399999618530273,12.18000030517578,12.350000381469727,12.279999732971193,679900.0,10.535189628601074
2011-07-29,12.380000114440918,11.9399995803833,12.109999656677244,12.329999923706055,1116000.0,10.578084945678713
2011-08-01,12.56999969482422,12.170000076293945,12.520000457763672,12.199999809265135,831100.0,10.46655559539795
2011-08-02,12.149999618530273,11.68000030517578,12.06999969482422,11.6899995803833,1036200.0,10.029019355773926
2011-08-03,11.770000457763672,11.390000343322756,11.520000457763672,11.640000343322756,1125900.0,9.986124038696287
2011-08-04,11.399999618530273,10.699999809265137,11.390000343322756,10.75,1231400.0,9.222579002380373
2011-08-05,10.949999809265137,10.050000190734863,10.850000381469727,10.899999618530273,2775200.0,9.35126781463623
2011-08-08,10.449999809265137,9.399999618530273,10.449999809265137,9.4399995803833,2064300.0,8.098711967468263
2011-08-09,10.119999885559082,9.479999542236328,9.649999618530273,10.119999885559082,1982100.0,8.682093620300293
2011-08-10,10.270000457763672,9.710000038146973,9.890000343322754,10.0,1748000.0,8.579144477844237
2011-08-11,10.630000114440918,9.989999771118164,10.0600004196167,10.510000228881836,975900.0,9.016681671142578
2011-08-12,10.789999961853027,10.399999618530273,10.510000228881836,10.619999885559082,1093800.0,9.111051559448242
2011-08-15,11.520000457763672,10.800000190734863,10.800000190734863,11.5,2148100.0,9.866016387939453
2011-08-16,11.56999969482422,11.130000114440918,11.300000190734865,11.399999618530273,1761700.0,9.780224800109863
2011-08-17,11.93000030517578,11.470000267028807,11.470000267028807,11.920000076293945,3081000.0,10.226340293884276
2011-08-18,11.210000038146973,10.81999969482422,11.210000038146973,11.100000381469727,1360600.0,9.752760887145996
2011-08-19,11.25,10.649999618530273,10.859999656677246,10.670000076293944,1234900.0,9.37494945526123
2011-08-22,11.039999961853027,10.56999969482422,11.010000228881836,10.65999984741211,876700.0,9.366162300109863
2011-08-23,11.079999923706056,10.510000228881836,10.720000267028807,10.960000038146973,797300.0,9.629752159118652
2011-08-24,11.130000114440918,10.779999732971193,10.979999542236328,10.970000267028807,714100.0,9.638537406921387
2011-08-25,11.079999923706056,10.609999656677246,11.029999732971193,10.699999809265137,589000.0,9.401308059692383
2011-08-26,11.029999732971193,10.479999542236328,10.59000015258789,10.979999542236328,761400.0,9.647323608398438
2011-08-29,11.40999984741211,11.0600004196167,11.210000038146973,11.399999618530273,841100.0,10.016347885131836
2011-08-30,11.68000030517578,11.5,11.539999961853027,11.510000228881836,1532600.0,10.112998008728027
2011-08-31,11.68000030517578,11.479999542236328,11.640000343322756,11.65999984741211,1339800.0,10.244790077209473
2011-09-01,11.84000015258789,11.609999656677244,11.720000267028807,11.699999809265135,1480400.0,10.279934883117676
2011-09-02,11.739999771118164,11.4399995803833,11.699999809265135,11.5,1030900.0,10.10421085357666
2011-09-06,11.270000457763672,10.75,11.140000343322754,11.239999771118164,799100.0,9.875768661499023
2011-09-07,11.5,11.260000228881836,11.5,11.449999809265135,621400.0,10.060279846191406
2011-09-08,11.670000076293945,11.369999885559082,11.449999809265135,11.550000190734865,1100600.0,10.14814281463623
2011-09-09,11.390000343322756,11.15999984741211,11.300000190734865,11.31999969482422,714600.0,9.946057319641113
2011-09-12,11.289999961853027,10.960000038146973,11.100000381469727,11.210000038146973,761400.0,9.849408149719238
2011-09-13,11.210000038146973,10.920000076293944,11.199999809265137,11.09000015258789,1009100.0,9.743972778320312
2011-09-14,11.350000381469727,10.75,11.029999732971193,11.18000030517578,1026600.0,9.823050498962402
2011-09-15,11.350000381469727,11.0,11.25,11.170000076293944,1055000.0,9.814263343811037
2011-09-16,11.199999809265137,11.039999961853027,11.140000343322754,11.149999618530273,609200.0,9.796689987182617
2011-09-19,11.029999732971193,10.649999618530273,10.779999732971193,10.970000267028807,856400.0,9.638537406921387
2011-09-20,11.119999885559082,10.760000228881836,11.0,10.960000038146973,723600.0,9.629752159118652
2011-09-21,10.949999809265137,10.170000076293944,10.90999984741211,10.210000038146973,884500.0,8.970781326293945
2011-09-22,10.289999961853027,9.65999984741211,9.869999885559082,9.75,1299100.0,8.56661319732666
2011-09-23,10.010000228881836,9.649999618530273,9.720000267028807,9.899999618530273,805200.0,8.698407173156737
2011-09-26,10.289999961853027,9.699999809265137,10.010000228881836,10.260000228881836,1066700.0,9.014713287353516
2011-09-27,10.68000030517578,10.3100004196167,10.630000114440918,10.350000381469727,490600.0,9.093791007995604
2011-09-28,10.470000267028807,10.029999732971193,10.380000114440918,10.029999732971193,916500.0,8.812628746032715
2011-09-29,10.210000038146973,9.800000190734863,10.199999809265137,9.989999771118164,1182500.0,8.777483940124513
2011-09-30,9.779999732971193,9.3100004196167,9.609999656677246,9.470000267028807,1362800.0,8.320598602294924
2011-10-03,9.5,8.949999809265137,9.390000343322754,9.079999923706056,898200.0,7.977932929992676
2011-10-04,9.510000228881836,8.649999618530272,8.930000305175781,9.510000228881836,2000000.0,8.355742454528809
2011-10-05,9.90999984741211,9.43000030517578,9.550000190734863,9.609999656677246,1246100.0,8.443604469299316
2011-10-06,10.0600004196167,9.449999809265137,9.630000114440918,10.0600004196167,1164700.0,8.838987350463867
2011-10-07,10.399999618530273,9.880000114440918,10.130000114440918,9.90999984741211,1038800.0,8.707194328308105
2011-10-10,10.449999809265137,9.989999771118164,10.31999969482422,10.43000030517578,869400.0,9.164080619812012
2011-10-11,10.710000038146973,10.220000267028807,10.300000190734863,10.710000038146973,1561500.0,9.41009521484375
2011-10-12,10.899999618530273,10.640000343322754,10.760000228881836,10.760000228881836,852200.0,9.454025268554688
2011-10-13,10.920000076293944,10.649999618530273,10.6899995803833,10.84000015258789,935300.0,9.524317741394043
2011-10-14,11.170000076293944,10.920000076293944,11.079999923706056,11.010000228881836,754200.0,9.673684120178224
2011-10-17,10.989999771118164,10.699999809265137,10.850000381469727,10.699999809265137,990800.0,9.401308059692383
2011-10-18,11.170000076293944,10.729999542236328,10.75,11.100000381469727,889200.0,9.752760887145996
2011-10-19,11.699999809265135,11.09000015258789,11.140000343322754,11.600000381469727,1518800.0,10.192071914672852
2011-10-20,11.81999969482422,11.350000381469727,11.470000267028807,11.770000457763672,1196200.0,10.341440200805664
2011-10-21,11.890000343322756,11.460000038146973,11.84000015258789,11.510000228881836,1097100.0,10.112998008728027
2011-10-24,11.800000190734865,11.510000228881836,11.510000228881836,11.739999771118164,1103500.0,10.315081596374512
2011-10-25,11.789999961853027,11.260000228881836,11.760000228881836,11.399999618530273,1048000.0,10.016347885131836
2011-10-26,11.68000030517578,11.260000228881836,11.65999984741211,11.479999542236328,611700.0,10.08663845062256
2011-10-27,12.100000381469727,11.739999771118164,11.899999618530273,11.93000030517578,987600.0,10.482020378112793
2011-10-28,12.09000015258789,11.789999961853027,11.789999961853027,12.010000228881836,1050900.0,10.552310943603516
2011-10-31,12.18000030517578,11.800000190734865,11.8100004196167,12.0,1080900.0,10.543524742126463
2011-11-01,11.979999542236328,11.449999809265135,11.5600004196167,11.739999771118164,1048600.0,10.315081596374512
2011-11-02,12.0,11.739999771118164,11.989999771118164,11.789999961853027,602700.0,10.35901165008545
2011-11-03,12.020000457763672,11.729999542236328,12.0,11.880000114440918,775800.0,10.438088417053224
2011-11-04,11.859999656677244,11.710000038146973,11.84000015258789,11.81999969482422,701100.0,10.385371208190918
2011-11-07,11.899999618530273,11.630000114440918,11.800000190734865,11.779999732971193,478300.0,10.350224494934082
2011-11-08,11.9399995803833,11.720000267028807,11.800000190734865,11.899999618530273,625900.0,10.45566177368164
2011-11-09,11.770000457763672,11.31999969482422,11.539999961853027,11.359999656677244,688900.0,9.981202125549316
2011-11-10,11.890000343322756,11.510000228881836,11.850000381469727,11.600000381469727,652700.0,10.192071914672852
2011-11-11,12.029999732971193,11.710000038146973,11.710000038146973,11.949999809265135,565600.0,10.499592781066896
2011-11-14,11.989999771118164,11.760000228881836,11.979999542236328,11.9399995803833,576500.0,10.490806579589844
2011-11-15,12.050000190734865,11.699999809265135,11.81999969482422,11.899999618530273,425500.0,10.45566177368164
2011-11-16,12.0,11.68000030517578,11.75,11.75,653800.0,10.323866844177246
2011-11-17,11.81999969482422,11.25,11.720000267028807,11.329999923706055,789200.0,9.95484447479248
2011-11-18,11.550000190734865,11.239999771118164,11.399999618530273,11.449999809265135,776100.0,10.060279846191406
2011-11-21,11.350000381469727,11.039999961853027,11.239999771118164,11.239999771118164,652200.0,9.875768661499023
2011-11-22,11.619999885559082,11.170000076293944,11.170000076293944,11.4399995803833,504300.0,10.051491737365724
2011-11-23,11.279999732971193,10.880000114440918,11.279999732971193,10.899999618530273,615600.0,9.577034950256348
2011-11-25,11.109999656677246,10.75,10.869999885559082,10.75,286400.0,9.445241928100586
2011-11-28,11.31999969482422,11.0,11.09000015258789,11.270000457763672,709300.0,9.902127265930176
2011-11-29,11.359999656677244,11.0600004196167,11.270000457763672,11.3100004196167,673600.0,9.93727207183838
2011-11-30,11.8100004196167,11.390000343322756,11.630000114440918,11.770000457763672,1307300.0,10.341440200805664
2011-12-01,12.18000030517578,11.630000114440918,11.65999984741211,11.84000015258789,994300.0,10.40294361114502
2011-12-02,12.220000267028807,11.859999656677244,12.0,12.050000190734865,916800.0,10.58745574951172
2011-12-05,12.56999969482422,12.140000343322756,12.25,12.25,670700.0,10.76318073272705
2011-12-06,12.390000343322756,11.899999618530273,12.210000038146973,12.130000114440918,921200.0,10.65774631500244
2011-12-07,12.4399995803833,12.0,12.130000114440918,12.390000343322756,537700.0,10.886189460754396
2011-12-08,12.3100004196167,11.899999618530273,12.3100004196167,11.920000076293945,590100.0,10.473233222961426
2011-12-09,12.34000015258789,11.90999984741211,11.960000038146973,12.34000015258789,799300.0,10.842257499694824
2011-12-12,12.40999984741211,11.989999771118164,12.170000076293945,11.989999771118164,827400.0,10.534737586975098
2011-12-13,12.0600004196167,11.449999809265135,11.989999771118164,11.520000457763672,876000.0,10.121783256530762
2011-12-14,11.739999771118164,11.289999961853027,11.460000038146973,11.300000190734865,806600.0,9.928486824035645
2011-12-15,11.729999542236328,11.25,11.470000267028807,11.68000030517578,620500.0,10.262364387512207
2011-12-16,11.75,11.4399995803833,11.670000076293945,11.600000381469727,1312400.0,10.192071914672852
2011-12-19,11.65999984741211,11.15999984741211,11.5600004196167,11.18000030517578,1036000.0,9.823050498962402
2011-12-20,11.550000190734865,11.210000038146973,11.43000030517578,11.420000076293945,1332600.0,10.033920288085938
2011-12-21,11.40999984741211,11.199999809265137,11.390000343322756,11.369999885559082,770900.0,9.989989280700684
2011-12-22,11.34000015258789,10.970000267028807,11.239999771118164,11.029999732971193,2507400.0,9.691254615783693
2011-12-23,11.140000343322754,10.949999809265137,11.0600004196167,11.109999656677246,867500.0,9.761545181274414
2011-12-27,11.220000267028807,11.020000457763672,11.149999618530273,11.0600004196167,267700.0,9.71761417388916
2011-12-28,11.039999961853027,10.800000190734863,11.039999961853027,10.84000015258789,432900.0,9.524317741394043
2011-12-29,10.979999542236328,10.75,10.850000381469727,10.949999809265137,660500.0,9.620965003967283
2011-12-30,11.09000015258789,10.800000190734863,10.880000114440918,10.960000038146973,407000.0,9.629752159118652
2012-01-03,11.25,10.949999809265137,11.149999618530273,11.100000381469727,687900.0,9.752760887145996
2012-01-04,11.380000114440918,11.0,11.039999961853027,11.279999732971193,602500.0,9.910910606384276
2012-01-05,11.399999618530273,11.1899995803833,11.260000228881836,11.3100004196167,490200.0,9.93727207183838
2012-01-06,11.489999771118164,11.25,11.350000381469727,11.3100004196167,620000.0,9.93727207183838
2012-01-09,11.470000267028807,11.260000228881836,11.399999618530273,11.380000114440918,406800.0,9.998774528503418
2012-01-10,11.729999542236328,11.510000228881836,11.520000457763672,11.699999809265135,728700.0,10.279934883117676
2012-01-11,11.789999961853027,11.43000030517578,11.5600004196167,11.75,533700.0,10.323866844177246
2012-01-12,11.800000190734865,11.68000030517578,11.720000267028807,11.75,907900.0,10.323866844177246
2012-01-13,11.8100004196167,11.699999809265135,11.770000457763672,11.789999961853027,1142400.0,10.35901165008545
2012-01-17,12.0,11.720000267028807,11.850000381469727,11.770000457763672,1402000.0,10.341440200805664
2012-01-18,12.220000267028807,11.779999732971193,11.779999732971193,12.1899995803833,981600.0,10.710460662841797
2012-01-19,12.5,12.1899995803833,12.25,12.399999618530273,678300.0,10.894974708557127
2012-01-20,12.5600004196167,12.350000381469727,12.359999656677244,12.539999961853027,1082500.0,11.017982482910156
2012-01-23,12.789999961853027,12.390000343322756,12.529999732971193,12.710000038146973,790700.0,11.167348861694336
2012-01-24,12.739999771118164,12.5,12.630000114440918,12.68000030517578,494600.0,11.140990257263184
2012-01-25,12.899999618530273,12.529999732971193,12.600000381469727,12.869999885559082,543300.0,11.30792999267578
2012-01-26,13.119999885559082,12.8100004196167,12.890000343322756,12.920000076293945,1043600.0,11.351861000061035
2012-01-27,13.260000228881836,12.760000228881836,12.859999656677244,13.199999809265135,1123400.0,11.597875595092773
2012-01-30,13.09000015258789,12.729999542236328,12.850000381469727,13.020000457763672,718000.0,11.439723014831545
2012-01-31,13.109999656677244,12.829999923706055,13.0600004196167,12.84000015258789,860700.0,11.281571388244627
2012-02-01,13.699999809265135,13.25,13.5,13.43000030517578,1848400.0,11.799962043762207
2012-02-02,14.199999809265135,13.470000267028807,13.479999542236328,13.989999771118164,2738400.0,12.2919921875
2012-02-03,14.079999923706055,13.68000030517578,14.06999969482422,13.710000038146973,1289500.0,12.045977592468262
2012-02-06,13.729999542236328,13.529999732971193,13.5600004196167,13.640000343322756,954200.0,11.984471321105955
2012-02-07,13.970000267028807,13.5,13.609999656677244,13.869999885559082,722900.0,12.186556816101074
2012-02-08,14.140000343322756,13.869999885559082,13.949999809265135,14.039999961853027,856100.0,12.335923194885256
2012-02-09,14.130000114440918,13.960000038146973,14.119999885559082,14.0,710200.0,12.30077838897705
2012-02-10,14.050000190734865,13.710000038146973,13.789999961853027,13.989999771118164,643900.0,12.2919921875
2012-02-13,14.149999618530273,14.010000228881836,14.109999656677244,14.130000114440918,554800.0,12.415000915527346
2012-02-14,14.270000457763672,14.039999961853027,14.050000190734865,14.130000114440918,684700.0,12.415000915527346
2012-02-15,14.40999984741211,14.079999923706055,14.300000190734865,14.1899995803833,1035600.0,12.467716217041016
2012-02-16,14.420000076293945,14.06999969482422,14.170000076293945,14.350000381469727,720800.0,12.608297348022461
2012-02-17,14.479999542236328,14.31999969482422,14.369999885559082,14.380000114440918,775400.0,12.634655952453613
2012-02-21,14.5,14.279999732971193,14.470000267028807,14.380000114440918,471500.0,12.634655952453613
2012-02-22,14.380000114440918,13.460000038146973,14.260000228881836,13.460000038146973,3151500.0,11.826318740844727
2012-02-23,14.100000381469727,13.43000030517578,13.550000190734865,13.970000267028807,3080600.0,12.274418830871582
2012-02-24,14.68000030517578,14.020000457763672,14.0600004196167,14.619999885559082,2505500.0,12.845526695251465
2012-02-27,14.850000381469727,14.31999969482422,14.550000190734865,14.779999732971193,1577400.0,12.986105918884276
2012-02-28,14.850000381469727,14.529999732971193,14.739999771118164,14.800000190734865,1074700.0,13.003680229187012
2012-02-29,15.06999969482422,14.649999618530273,14.800000190734865,14.869999885559082,2383400.0,13.06518268585205
2012-03-01,14.84000015258789,14.380000114440918,14.489999771118164,14.710000038146973,1291100.0,12.924603462219238
2012-03-02,14.84000015258789,14.670000076293945,14.68000030517578,14.75,1030000.0,12.959749221801758
2012-03-05,14.710000038146973,14.4399995803833,14.710000038146973,14.609999656677244,980400.0,12.836739540100098
2012-03-06,14.4399995803833,13.970000267028807,14.4399995803833,14.050000190734865,1326300.0,12.344709396362305
2012-03-07,14.43000030517578,13.890000343322756,14.039999961853027,14.369999885559082,1694600.0,12.625871658325195
2012-03-08,14.640000343322756,14.229999542236328,14.40999984741211,14.229999542236328,1131500.0,12.50286102294922
2012-03-09,14.43000030517578,14.09000015258789,14.199999809265135,14.239999771118164,998900.0,12.511648178100586
2012-03-12,14.25,13.949999809265135,14.199999809265135,14.100000381469727,598000.0,12.388642311096193
2012-03-13,14.649999618530273,14.06999969482422,14.140000343322756,14.5600004196167,1694400.0,12.79280948638916
2012-03-14,14.579999923706055,14.329999923706055,14.489999771118164,14.529999732971193,917700.0,12.766450881958008
2012-03-15,14.989999771118164,14.520000457763672,14.56999969482422,14.920000076293945,1256500.0,13.109115600585938
2012-03-16,15.109999656677244,14.859999656677244,14.90999984741211,14.890000343322756,1797300.0,13.082756996154785
2012-03-19,15.09000015258789,14.739999771118164,14.81999969482422,14.789999961853027,866900.0,12.994893074035645
2012-03-20,14.6899995803833,14.489999771118164,14.65999984741211,14.649999618530273,906700.0,12.871885299682615
2012-03-21,14.960000038146973,14.550000190734865,14.710000038146973,14.890000343322756,748100.0,13.082756996154785
2012-03-22,14.989999771118164,14.5600004196167,14.5600004196167,14.739999771118164,1240000.0,12.95096206665039
2012-03-23,14.829999923706055,14.649999618530273,14.699999809265135,14.779999732971193,380500.0,12.986105918884276
2012-03-26,15.109999656677244,14.859999656677244,14.970000267028807,15.109999656677244,509300.0,13.276053428649902
2012-03-27,15.289999961853027,15.029999732971193,15.0600004196167,15.100000381469727,733900.0,13.267268180847168
2012-03-28,15.100000381469727,14.6899995803833,15.100000381469727,14.869999885559082,638600.0,13.06518268585205
2012-03-29,14.93000030517578,14.5,14.75,14.880000114440918,1293900.0,13.073970794677734
2012-03-30,14.960000038146973,14.510000228881836,14.90999984741211,14.850000381469727,642100.0,13.047612190246582
2012-04-02,15.18000030517578,14.640000343322756,14.770000457763672,15.050000190734865,833600.0,13.223336219787598
2012-04-03,15.289999961853027,14.890000343322756,15.050000190734865,15.170000076293945,1086800.0,13.328770637512207
2012-04-04,15.109999656677244,14.829999923706055,15.109999656677244,15.020000457763672,588300.0,13.196979522705078
2012-04-05,15.239999771118164,14.850000381469727,14.899999618530273,15.229999542236328,853300.0,13.381487846374512
2012-04-09,15.210000038146973,14.720000267028807,14.93000030517578,14.899999618530273,1190900.0,13.09154224395752
2012-04-10,14.90999984741211,14.369999885559082,14.81999969482422,14.619999885559082,1728900.0,12.845526695251465
2012-04-11,14.770000457763672,14.5,14.75,14.65999984741211,1285000.0,12.880669593811035
2012-04-12,14.619999885559082,14.079999923706055,14.619999885559082,14.140000343322756,2086300.0,12.423785209655762
2012-04-13,14.100000381469727,13.8100004196167,14.050000190734865,13.93000030517578,1326300.0,12.239273071289062
2012-04-16,14.079999923706055,13.609999656677244,14.079999923706055,13.649999618530273,1375800.0,11.993258476257324
2012-04-17,14.079999923706055,13.739999771118164,13.75,13.970000267028807,3368300.0,12.274418830871582
2012-04-18,14.300000190734865,13.68000030517578,13.81999969482422,14.18000030517578,1936700.0,12.45893096923828
2012-04-19,14.270000457763672,13.6899995803833,14.15999984741211,13.75,1419000.0,12.081121444702148
2012-04-20,13.84000015258789,13.550000190734865,13.779999732971193,13.56999969482422,1422400.0,11.922967910766602
2012-04-23,13.40999984741211,13.039999961853027,13.399999618530273,13.270000457763672,928500.0,11.659380912780762
2012-04-24,13.600000381469727,13.229999542236328,13.270000457763672,13.550000190734865,1305600.0,11.9053955078125
2012-04-25,13.6899995803833,13.520000457763672,13.59000015258789,13.630000114440918,1073500.0,11.975686073303224
2012-04-26,13.960000038146973,13.420000076293945,13.5600004196167,13.760000228881836,1578600.0,12.089906692504885
2012-04-27,13.960000038146973,13.640000343322756,13.670000076293945,13.779999732971193,899300.0,12.107481002807615
2012-04-30,13.880000114440918,13.5600004196167,13.789999961853027,13.84000015258789,522600.0,12.160197257995605
2012-05-01,14.079999923706055,13.800000190734865,13.800000190734865,13.859999656677244,404800.0,12.177769660949707
2012-05-02,13.800000190734865,13.539999961853027,13.720000267028807,13.6899995803833,482500.0,12.028403282165527
2012-05-03,13.699999809265135,13.390000343322756,13.640000343322756,13.5600004196167,1743600.0,11.91418170928955
2012-05-04,13.760000228881836,13.210000038146973,13.56999969482422,13.699999809265135,3213900.0,12.037190437316895
2012-05-07,13.8100004196167,13.510000228881836,13.649999618530273,13.59000015258789,1000000.0,11.94054126739502
2012-05-08,13.630000114440918,13.18000030517578,13.489999771118164,13.289999961853027,577500.0,11.676953315734865
2012-05-09,13.329999923706055,12.899999618530273,13.050000190734865,13.289999961853027,1013300.0,11.676953315734865
2012-05-10,13.609999656677244,13.3100004196167,13.31999969482422,13.390000343322756,649200.0,11.764815330505373
2012-05-11,13.520000457763672,13.270000457763672,13.270000457763672,13.369999885559082,378000.0,11.747241973876953
2012-05-14,13.239999771118164,12.890000343322756,13.199999809265135,12.949999809265135,899800.0,11.378218650817873
2012-05-15,13.020000457763672,12.600000381469727,12.800000190734865,12.710000038146973,750600.0,11.167348861694336
2012-05-16,12.920000076293945,12.529999732971193,12.8100004196167,12.770000457763672,1075900.0,11.220067977905273
2012-05-17,12.760000228881836,12.0600004196167,12.75,12.06999969482422,840700.0,10.60502815246582
2012-05-18,12.140000343322756,11.760000228881836,12.09000015258789,11.779999732971193,668000.0,10.350224494934082
2012-05-21,12.18000030517578,11.68000030517578,11.770000457763672,12.140000343322756,639400.0,10.666533470153807
2012-05-22,12.1899995803833,11.800000190734865,12.1899995803833,11.84000015258789,726500.0,10.40294361114502
2012-05-23,11.760000228881836,11.460000038146973,11.760000228881836,11.65999984741211,840000.0,10.244790077209473
2012-05-24,11.789999961853027,11.460000038146973,11.75,11.770000457763672,631200.0,10.341440200805664
2012-05-25,11.970000267028807,11.720000267028807,11.739999771118164,11.899999618530273,593500.0,10.45566177368164
2012-05-29,12.170000076293945,11.880000114440918,12.029999732971193,12.079999923706055,696700.0,10.613814353942873
2012-05-30,11.859999656677244,11.640000343322756,11.770000457763672,11.729999542236328,878300.0,10.306294441223145
2012-05-31,12.460000038146973,11.800000190734865,11.859999656677244,11.970000267028807,846000.0,10.517165184020996
2012-06-01,11.670000076293945,11.40999984741211,11.579999923706055,11.510000228881836,1691500.0,10.112998008728027
2012-06-04,11.529999732971193,11.329999923706055,11.4399995803833,11.420000076293945,559000.0,10.033920288085938
2012-06-05,11.779999732971193,11.390000343322756,11.390000343322756,11.619999885559082,951700.0,10.209646224975586
2012-06-06,11.989999771118164,11.68000030517578,11.760000228881836,11.789999961853027,771500.0,10.35901165008545
2012-06-07,12.039999961853027,11.5,11.93000030517578,11.5600004196167,584400.0,10.15692901611328
2012-06-08,11.6899995803833,11.390000343322756,11.510000228881836,11.619999885559082,393800.0,10.209646224975586
2012-06-11,11.84000015258789,11.270000457763672,11.84000015258789,11.289999961853027,523500.0,9.919699668884276
2012-06-12,11.550000190734865,11.34000015258789,11.380000114440918,11.520000457763672,325000.0,10.121783256530762
2012-06-13,11.9399995803833,11.470000267028807,11.470000267028807,11.68000030517578,590800.0,10.262364387512207
2012-06-14,12.09000015258789,11.670000076293945,11.68000030517578,11.829999923706055,1418200.0,10.394157409667967
2012-06-15,12.130000114440918,11.84000015258789,11.90999984741211,12.100000381469727,1107500.0,10.631386756896973
2012-06-18,12.460000038146973,11.960000038146973,11.960000038146973,12.449999809265135,1367600.0,10.938905715942383
2012-06-19,12.760000228881836,12.510000228881836,12.520000457763672,12.670000076293945,1359400.0,11.13220500946045
2012-06-20,12.75,12.390000343322756,12.640000343322756,12.550000190734865,991700.0,11.026768684387207
2012-06-21,12.619999885559082,12.100000381469727,12.619999885559082,12.140000343322756,731100.0,10.666533470153807
2012-06-22,12.279999732971193,12.020000457763672,12.25,12.079999923706055,527100.0,10.613814353942873
2012-06-25,12.0600004196167,11.699999809265135,11.93000030517578,11.779999732971193,806600.0,10.350224494934082
2012-06-26,11.850000381469727,11.59000015258789,11.779999732971193,11.739999771118164,771900.0,10.315081596374512
2012-06-27,11.979999542236328,11.670000076293945,11.760000228881836,11.90999984741211,709000.0,10.464447021484377
2012-06-28,12.079999923706055,11.800000190734865,11.859999656677244,12.020000457763672,326200.0,10.561098098754883
2012-06-29,12.710000038146973,12.199999809265135,12.3100004196167,12.6899995803833,925900.0,11.149776458740234
2012-07-02,12.880000114440918,12.529999732971193,12.68000030517578,12.779999732971193,962400.0,11.228852272033693
2012-07-03,13.130000114440918,12.770000457763672,12.81999969482422,13.0600004196167,653600.0,11.474868774414062
2012-07-05,13.359999656677244,12.890000343322756,13.279999732971193,13.130000114440918,1011400.0,11.536372184753418
2012-07-06,13.039999961853027,12.789999961853027,12.9399995803833,12.859999656677244,380200.0,11.299142837524414
2012-07-09,12.890000343322756,12.670000076293945,12.81999969482422,12.710000038146973,200200.0,11.167348861694336
2012-07-10,12.869999885559082,12.449999809265135,12.770000457763672,12.479999542236328,607700.0,10.965264320373537
2012-07-11,12.520000457763672,12.25,12.449999809265135,12.270000457763672,512800.0,10.780753135681152
2012-07-12,12.479999542236328,12.0600004196167,12.229999542236328,12.390000343322756,401100.0,10.886189460754396
2012-07-13,12.869999885559082,12.399999618530273,12.399999618530273,12.850000381469727,592800.0,11.29035758972168
2012-07-16,13.279999732971193,12.739999771118164,12.880000114440918,12.81999969482422,627600.0,11.263998031616213
2012-07-17,13.119999885559082,12.729999542236328,12.829999923706055,13.0,724400.0,11.42215061187744
2012-07-18,13.329999923706055,12.9399995803833,13.0,13.199999809265135,840800.0,11.597875595092773
2012-07-19,13.25,12.829999923706055,13.210000038146973,13.020000457763672,589700.0,11.439723014831545
2012-07-20,13.220000267028807,12.899999618530273,12.93000030517578,13.170000076293945,653600.0,11.571517944335938
2012-07-23,13.100000381469727,12.640000343322756,12.949999809265135,12.65999984741211,782500.0,11.123418807983398
2012-07-24,12.6899995803833,12.199999809265135,12.670000076293945,12.300000190734865,896000.0,10.807110786437988
2012-07-25,12.470000267028807,12.239999771118164,12.380000114440918,12.279999732971193,399300.0,10.78954029083252
2012-07-26,12.5600004196167,12.380000114440918,12.5,12.550000190734865,1117000.0,11.026768684387207
2012-07-27,12.949999809265135,12.579999923706055,12.649999618530273,12.800000190734865,2233700.0,11.246424674987793
2012-07-30,12.960000038146973,12.699999809265135,12.8100004196167,12.800000190734865,837100.0,11.246424674987793
2012-07-31,12.949999809265135,12.649999618530273,12.800000190734865,12.699999809265135,1055500.0,11.158563613891602
2012-08-01,12.850000381469727,12.550000190734865,12.779999732971193,12.75,1620800.0,11.202492713928224
2012-08-02,12.84000015258789,12.600000381469727,12.640000343322756,12.760000228881836,882000.0,11.211280822753906
2012-08-03,13.1899995803833,12.93000030517578,13.0,12.970000267028807,418500.0,11.395792007446287
2012-08-06,13.369999885559082,12.93000030517578,12.970000267028807,13.350000381469727,370600.0,11.729670524597168
2012-08-07,13.539999961853027,13.18000030517578,13.34000015258789,13.1899995803833,466700.0,11.589090347290039
2012-08-08,14.0,13.199999809265135,13.199999809265135,13.640000343322756,1074500.0,11.984471321105955
2012-08-09,13.779999732971193,13.510000228881836,13.579999923706055,13.630000114440918,2102000.0,11.975686073303224
2012-08-10,13.75,13.40999984741211,13.600000381469727,13.59000015258789,711700.0,11.94054126739502
2012-08-13,13.420000076293945,13.09000015258789,13.289999961853027,13.260000228881836,615400.0,11.650595664978027
2012-08-14,14.0,13.06999969482422,13.300000190734865,13.949999809265135,1769300.0,12.256845474243164
2012-08-15,14.09000015258789,13.609999656677244,13.800000190734865,13.84000015258789,1183600.0,12.160197257995605
2012-08-16,13.979999542236328,13.640000343322756,13.8100004196167,13.640000343322756,721200.0,11.984471321105955
2012-08-17,13.770000457763672,13.520000457763672,13.640000343322756,13.600000381469727,348800.0,11.949328422546387
2012-08-20,13.739999771118164,13.510000228881836,13.510000228881836,13.710000038146973,1633700.0,12.045977592468262
2012-08-21,14.270000457763672,13.800000190734865,13.8100004196167,14.260000228881836,1750100.0,12.52922248840332
2012-08-22,14.380000114440918,14.149999618530273,14.199999809265135,14.260000228881836,1966900.0,12.52922248840332
2012-08-23,14.31999969482422,14.100000381469727,14.270000457763672,14.18000030517578,1355200.0,12.45893096923828
2012-08-24,14.550000190734865,14.06999969482422,14.06999969482422,14.3100004196167,2296700.0,12.57315158843994
2012-08-27,14.420000076293945,14.18000030517578,14.359999656677244,14.34000015258789,1104800.0,12.59951114654541
2012-08-28,14.369999885559082,14.0600004196167,14.260000228881836,14.130000114440918,1177900.0,12.415000915527346
2012-08-29,14.170000076293945,13.770000457763672,14.170000076293945,13.84000015258789,628100.0,12.160197257995605
2012-08-30,13.979999542236328,13.729999542236328,13.789999961853027,13.920000076293945,759600.0,12.230488777160645
2012-08-31,14.18000030517578,13.890000343322756,14.029999732971193,13.93000030517578,1185100.0,12.239273071289062
2012-09-04,14.25,13.899999618530273,13.970000267028807,14.149999618530273,1398200.0,12.432570457458494
2012-09-05,14.640000343322756,14.09000015258789,14.149999618530273,14.609999656677244,3009900.0,12.836739540100098
2012-09-06,14.739999771118164,14.359999656677244,14.460000038146973,14.720000267028807,1277400.0,13.191624641418455
2012-09-07,14.84000015258789,14.5600004196167,14.5600004196167,14.789999961853027,1404200.0,13.254355430603027
2012-09-10,14.869999885559082,14.600000381469727,14.869999885559082,14.649999618530273,767100.0,13.128891944885256
2012-09-11,14.81999969482422,14.630000114440918,14.699999809265135,14.649999618530273,1616400.0,13.128891944885256
2012-09-12,15.0,14.739999771118164,14.739999771118164,14.899999618530273,1745000.0,13.352933883666992
2012-09-13,15.359999656677244,14.739999771118164,14.880000114440918,15.25,870400.0,13.66659450531006
2012-09-14,15.56999969482422,14.979999542236328,15.300000190734865,15.0,1867600.0,13.442551612854006
2012-09-17,15.18000030517578,14.770000457763672,15.029999732971193,14.779999732971193,884200.0,13.245394706726074
2012-09-18,15.050000190734865,14.880000114440918,15.0,14.989999771118164,1140300.0,13.433589935302734
2012-09-19,15.25,14.970000267028807,15.050000190734865,15.0600004196167,1324900.0,13.49632167816162
2012-09-20,15.09000015258789,14.739999771118164,15.039999961853027,14.760000228881836,2827100.0,13.22747039794922
2012-09-21,15.130000114440918,14.800000190734865,14.9399995803833,15.119999885559082,2640400.0,13.550092697143555
2012-09-24,15.140000343322756,14.93000030517578,15.130000114440918,15.020000457763672,1253400.0,13.46047592163086
2012-09-25,15.25,14.979999542236328,15.079999923706055,15.06999969482422,1507200.0,13.505284309387207
2012-09-26,15.779999732971193,14.90999984741211,15.079999923706055,15.739999771118164,3606800.0,14.105718612670898
2012-09-27,15.949999809265135,15.529999732971193,15.800000190734865,15.789999961853027,971300.0,14.15052604675293
2012-09-28,15.9399995803833,15.510000228881836,15.829999923706055,15.859999656677244,1321900.0,14.213257789611815
2012-10-01,16.120000839233402,15.729999542236328,15.90999984741211,15.789999961853027,1242600.0,14.15052604675293
2012-10-02,16.0,15.68000030517578,15.880000114440918,15.84000015258789,1692100.0,14.195334434509276
2012-10-03,15.890000343322756,15.529999732971193,15.829999923706055,15.739999771118164,1012600.0,14.105718612670898
2012-10-04,15.970000267028807,15.710000038146973,15.800000190734865,15.90999984741211,608300.0,14.25806713104248
2012-10-05,16.069999694824222,15.81999969482422,16.049999237060547,15.859999656677244,486900.0,14.213257789611815
2012-10-08,15.869999885559082,15.619999885559082,15.760000228881836,15.8100004196167,831900.0,14.168449401855467
2012-10-09,15.859999656677244,15.59000015258789,15.75,15.720000267028807,978200.0,14.087794303894045
2012-10-10,15.8100004196167,15.529999732971193,15.6899995803833,15.800000190734865,516400.0,14.159486770629885
2012-10-11,16.370000839233402,15.800000190734865,15.829999923706055,16.239999771118164,1363300.0,14.553802490234375
2012-10-12,16.239999771118164,16.09000015258789,16.219999313354492,16.180000305175778,934700.0,14.500033378601074
2012-10-15,16.139999389648438,15.420000076293945,16.139999389648438,15.5,2276000.0,13.890637397766113
2012-10-16,15.56999969482422,15.119999885559082,15.420000076293945,15.5600004196167,2437300.0,13.94440746307373
2012-10-17,16.110000610351562,15.5600004196167,15.649999618530273,15.960000038146973,1103400.0,14.302876472473145
2012-10-18,16.030000686645508,15.56999969482422,15.890000343322756,15.670000076293945,2179000.0,14.042986869812012
2012-10-19,15.920000076293945,15.550000190734865,15.760000228881836,15.850000381469727,1363800.0,14.204297065734865
2012-10-22,16.030000686645508,15.779999732971193,15.800000190734865,16.010000228881836,949900.0,14.347684860229492
2012-10-23,15.960000038146973,15.399999618530273,15.710000038146973,15.81999969482422,1183900.0,14.177410125732422
2012-10-24,15.800000190734865,15.609999656677244,15.779999732971193,15.68000030517578,573100.0,14.05194854736328
2012-10-25,15.880000114440918,15.5,15.81999969482422,15.68000030517578,575200.0,14.05194854736328
2012-10-26,16.209999084472653,15.649999618530273,15.770000457763672,16.120000839233402,960500.0,14.446263313293455
2012-10-31,16.600000381469727,16.270000457763672,16.420000076293945,16.40999984741211,972200.0,14.706151962280273
2012-11-01,16.90999984741211,16.360000610351562,16.360000610351562,16.59000015258789,1119400.0,14.86746311187744
2012-11-02,16.680000305175778,16.360000610351562,16.569999694824222,16.399999618530273,305600.0,14.697189331054688
2012-11-05,16.75,16.379999160766598,16.399999618530273,16.690000534057614,531400.0,14.957077980041506
2012-11-06,16.940000534057614,16.600000381469727,16.649999618530273,16.809999465942386,1640500.0,15.064619064331055
2012-11-07,16.829999923706055,16.510000228881836,16.729999542236328,16.809999465942386,1914000.0,15.064619064331055
2012-11-08,17.110000610351562,16.719999313354492,16.75,16.75,1111300.0,15.010848999023438
2012-11-09,17.049999237060547,16.729999542236328,16.819999694824222,16.920000076293945,513700.0,15.163198471069336
2012-11-12,17.0,16.65999984741211,16.889999389648438,16.850000381469727,374700.0,15.10046672821045
2012-11-13,16.979999542236328,16.680000305175778,16.690000534057614,16.819999694824222,843100.0,15.073582649230955
2012-11-14,16.850000381469727,16.450000762939453,16.799999237060547,16.469999313354492,887500.0,14.75992202758789
2012-11-15,16.620000839233402,16.360000610351562,16.489999771118164,16.5,390600.0,14.7868070602417
2012-11-16,16.629999160766598,16.379999160766598,16.489999771118164,16.489999771118164,1210400.0,14.777846336364744
2012-11-19,16.959999084472653,16.639999389648438,16.690000534057614,16.790000915527347,920500.0,15.046696662902832
2012-11-20,16.850000381469727,16.65999984741211,16.729999542236328,16.719999313354492,686700.0,14.983963966369627
2012-11-21,16.780000686645508,16.520000457763672,16.690000534057614,16.629999160766598,1035600.0,14.903308868408205
2012-11-23,16.809999465942386,16.629999160766598,16.700000762939453,16.639999389648438,689400.0,14.912269592285154
2012-11-26,17.030000686645508,16.360000610351562,16.870000839233402,16.379999160766598,2638100.0,14.679265975952148
2012-11-27,16.790000915527347,16.09000015258789,16.469999313354492,16.129999160766598,3568900.0,14.45522403717041
2012-11-28,16.219999313354492,15.890000343322756,16.059999465942386,16.209999084472653,1768300.0,14.526917457580565
2012-11-29,16.309999465942386,16.020000457763672,16.229999542236328,16.270000457763672,887200.0,14.580687522888185
2012-11-30,16.370000839233402,16.040000915527347,16.260000228881836,16.200000762939453,1065800.0,14.517956733703613
2012-12-03,16.129999160766598,15.609999656677244,16.129999160766598,15.630000114440918,1448600.0,14.007140159606935
2012-12-04,15.6899995803833,15.220000267028807,15.65999984741211,15.420000076293945,1089300.0,13.818943977355955
2012-12-05,15.770000457763672,15.31999969482422,15.489999771118164,15.710000038146973,925200.0,14.078831672668455
2012-12-06,16.120000839233402,15.630000114440918,15.770000457763672,15.949999809265135,890700.0,14.29391384124756
2012-12-07,16.110000610351562,15.81999969482422,15.989999771118164,15.989999771118164,441900.0,14.32975959777832
2012-12-10,16.120000839233402,15.93000030517578,15.960000038146973,16.069999694824222,553900.0,14.401453971862793
2012-12-11,16.239999771118164,15.970000267028807,16.049999237060547,16.229999542236328,646600.0,14.544841766357422
2012-12-12,16.700000762939453,16.389999389648438,16.430000305175778,16.670000076293945,843300.0,14.939154624938965
2012-12-13,16.819999694824222,16.510000228881836,16.579999923706055,16.600000381469727,842600.0,14.876425743103027
2012-12-14,16.829999923706055,16.540000915527347,16.559999465942386,16.790000915527347,838700.0,15.046696662902832
2012-12-17,16.989999771118164,16.739999771118164,16.780000686645508,16.829999923706055,745000.0,15.082542419433596
2012-12-18,17.129999160766598,16.809999465942386,16.860000610351562,16.989999771118164,1420700.0,15.225932121276855
2012-12-19,17.399999618530273,16.809999465942386,16.969999313354492,17.0,1109800.0,15.234892845153807
2012-12-20,17.34000015258789,16.940000534057614,17.120000839233402,17.0,2281100.0,15.234892845153807
2012-12-21,17.25,16.780000686645508,16.870000839233402,17.049999237060547,1612500.0,15.27969741821289
2012-12-24,17.040000915527347,16.829999923706055,17.040000915527347,16.899999618530273,148800.0,15.14527416229248
2012-12-26,17.739999771118164,17.110000610351562,17.40999984741211,17.149999618530273,924600.0,15.369317054748535
2012-12-27,17.559999465942386,17.139999389648438,17.319999694824222,17.260000228881836,707200.0,15.467894554138185
2012-12-28,17.459999084472653,17.069999694824222,17.129999160766598,17.129999160766598,924300.0,15.351393699645994
2012-12-31,17.379999160766598,17.0,17.079999923706055,17.309999465942386,344400.0,15.512703895568848
2013-01-02,17.760000228881836,17.469999313354492,17.510000228881836,17.709999084472656,361100.0,15.871173858642578
2013-01-03,17.920000076293945,17.569999694824222,17.709999084472656,17.59000015258789,490500.0,15.763631820678713
2013-01-04,17.950000762939453,17.469999313354492,17.65999984741211,17.809999465942386,482900.0,15.960786819458008
2013-01-07,18.13999938964844,17.6200008392334,17.799999237060547,17.969999313354492,664800.0,16.10417366027832
2013-01-08,18.06999969482422,17.59000015258789,17.959999084472656,17.670000076293945,835600.0,15.835326194763185
2013-01-09,17.860000610351562,17.540000915527347,17.760000228881836,17.59000015258789,1218900.0,15.763631820678713
2013-01-10,17.790000915527344,17.549999237060547,17.739999771118164,17.729999542236328,665200.0,15.88909912109375
2013-01-11,17.770000457763672,17.360000610351562,17.709999084472656,17.530000686645508,644900.0,15.709863662719727
2013-01-14,17.860000610351562,17.639999389648438,17.68000030517578,17.84000015258789,2874800.0,15.987677574157715
2013-01-15,17.959999084472656,17.780000686645508,17.860000610351562,17.850000381469727,2395800.0,15.996633529663086
2013-01-16,18.010000228881836,17.6200008392334,17.850000381469727,17.639999389648438,1279300.0,15.808439254760742
2013-01-17,17.81999969482422,17.549999237060547,17.729999542236328,17.719999313354492,1361800.0,15.880131721496582
2013-01-18,17.780000686645508,17.5,17.719999313354492,17.6299991607666,1060400.0,15.799478530883787
2013-01-22,17.760000228881836,17.540000915527347,17.670000076293945,17.610000610351562,1541400.0,15.781557083129885
2013-01-23,18.040000915527344,17.59000015258789,17.68000030517578,18.030000686645508,899600.0,16.157947540283207
2013-01-24,18.690000534057614,18.059999465942386,18.200000762939453,18.6200008392334,1861300.0,16.686687469482422
2013-01-25,18.8799991607666,18.59000015258789,18.59000015258789,18.82999992370605,803000.0,16.874883651733402
2013-01-28,19.059999465942386,18.68000030517578,18.71999931335449,18.88999938964844,979500.0,16.928653717041016
2013-01-29,19.6299991607666,18.979999542236328,19.059999465942386,19.450000762939453,1308000.0,17.430509567260742
2013-01-30,19.950000762939453,19.420000076293945,19.46999931335449,19.729999542236328,1018600.0,17.68143653869629
2013-01-31,20.049999237060547,19.549999237060547,19.729999542236328,19.670000076293945,1470000.0,17.627666473388672
2013-02-01,20.049999237060547,19.76000022888184,19.940000534057614,19.799999237060547,798600.0,17.744169235229492
2013-02-04,19.82999992370605,19.57999992370605,19.600000381469727,19.799999237060547,683100.0,17.744169235229492
2013-02-05,20.40999984741211,19.780000686645508,19.809999465942386,20.38999938964844,1536900.0,18.27290916442871
2013-02-06,20.3700008392334,19.809999465942386,20.18000030517578,20.020000457763672,1551900.0,17.94132423400879
2013-02-07,21.13999938964844,20.600000381469727,20.63999938964844,21.0,2057700.0,18.81957054138184
2013-02-08,20.940000534057614,20.440000534057614,20.770000457763672,20.549999237060547,1219900.0,18.416296005249023
2013-02-11,20.61000061035156,20.21999931335449,20.549999237060547,20.350000381469727,776700.0,18.237062454223636
2013-02-12,20.38999938964844,20.020000457763672,20.290000915527344,20.100000381469727,890300.0,18.01302146911621
2013-02-13,20.239999771118164,19.950000762939453,20.170000076293945,20.149999618530273,1464200.0,18.05782890319824
2013-02-14,20.11000061035156,19.799999237060547,20.11000061035156,20.040000915527344,1262800.0,17.959251403808594
2013-02-15,20.13999938964844,19.88999938964844,20.01000022888184,20.0,1131800.0,17.923402786254886
2013-02-19,20.5,20.0,20.059999465942386,20.440000534057614,1378000.0,18.317716598510746
2013-02-20,20.540000915527344,19.96999931335449,20.420000076293945,19.979999542236328,955200.0,17.905479431152344
2013-02-21,20.01000022888184,19.649999618530273,19.920000076293945,19.709999084472656,1424900.0,17.66351318359375
2013-02-22,20.040000915527344,19.540000915527344,19.8700008392334,19.850000381469727,1380600.0,17.788976669311523
2013-02-25,20.149999618530273,19.559999465942386,19.90999984741211,19.59000015258789,1533500.0,17.555974960327152
2013-02-26,19.799999237060547,19.46999931335449,19.63999938964844,19.6299991607666,1653700.0,17.591819763183597
2013-02-27,19.940000534057614,19.68000030517578,19.68000030517578,19.84000015258789,537800.0,17.780014038085938
2013-02-28,20.76000022888184,19.940000534057614,19.959999084472656,20.559999465942386,3083600.0,18.425256729125977
2013-03-01,20.530000686645508,20.100000381469727,20.40999984741211,20.489999771118164,1498100.0,18.362524032592773
2013-03-04,20.690000534057614,20.25,20.450000762939453,20.6299991607666,791700.0,18.48798942565918
2013-03-05,21.489999771118164,20.799999237060547,20.799999237060547,21.18000030517578,1242300.0,18.980884552001953
2013-03-06,21.3700008392334,20.82999992370605,21.209999084472656,21.11000061035156,863600.0,18.918153762817386
2013-03-07,21.1200008392334,20.57999992370605,21.1200008392334,20.649999618530273,1421300.0,18.505910873413086
2013-03-08,21.07999992370605,20.690000534057614,20.709999084472656,21.020000457763672,1274600.0,18.837495803833008
2013-03-11,21.18000030517578,20.81999969482422,21.040000915527344,20.940000534057614,790600.0,18.76580238342285
2013-03-12,21.15999984741211,20.770000457763672,20.950000762939453,21.01000022888184,876700.0,18.82853507995605
2013-03-13,21.549999237060547,21.100000381469727,21.1200008392334,21.309999465942386,1237800.0,19.097389221191406
2013-03-14,21.420000076293945,21.21999931335449,21.299999237060547,21.299999237060547,1301300.0,19.088420867919922
2013-03-15,21.26000022888184,20.65999984741211,21.21999931335449,20.93000030517578,4470900.0,18.75684356689453
2013-03-18,20.770000457763672,20.36000061035156,20.770000457763672,20.649999618530273,1645500.0,18.505910873413086
2013-03-19,20.940000534057614,20.36000061035156,20.690000534057614,20.670000076293945,1384200.0,18.523839950561523
2013-03-20,20.86000061035156,20.38999938964844,20.790000915527344,20.51000022888184,949100.0,18.380449295043945
2013-03-21,20.5,19.93000030517578,20.450000762939453,20.100000381469727,1044800.0,18.01302146911621
2013-03-22,20.190000534057614,19.57999992370605,20.09000015258789,19.65999984741211,1172500.0,17.618701934814453
2013-03-25,19.780000686645508,19.36000061035156,19.65999984741211,19.43000030517578,846000.0,17.412586212158207
2013-03-26,19.739999771118164,19.43000030517578,19.479999542236328,19.690000534057614,1178200.0,17.64558982849121
2013-03-27,19.81999969482422,19.3799991607666,19.57999992370605,19.799999237060547,982600.0,17.744169235229492
2013-03-28,19.75,19.09000015258789,19.739999771118164,19.5,1349900.0,17.475317001342773
2013-04-01,19.530000686645508,19.190000534057614,19.239999771118164,19.420000076293945,823000.0,17.40362548828125
2013-04-02,19.86000061035156,19.3700008392334,19.399999618530273,19.559999465942386,1218600.0,17.529088973999027
2013-04-03,19.489999771118164,18.8700008392334,19.459999084472656,19.200000762939453,1522800.0,17.206470489501953
2013-04-04,19.34000015258789,19.09000015258789,19.18000030517578,19.100000381469727,1035000.0,17.116849899291992
2013-04-05,19.540000915527344,18.86000061035156,18.979999542236328,19.520000457763672,1004700.0,17.493242263793945
2013-04-08,19.459999084472656,19.07999992370605,19.459999084472656,19.11000061035156,1221400.0,17.125812530517578
2013-04-09,19.56999969482422,19.030000686645508,19.13999938964844,19.32999992370605,1695100.0,17.322969436645508
2013-04-10,20.21999931335449,19.399999618530273,19.399999618530273,20.07999992370605,1167800.0,17.99509620666504
2013-04-11,20.020000457763672,19.399999618530273,20.01000022888184,19.51000022888184,1114800.0,17.48427963256836
2013-04-12,19.540000915527344,19.040000915527344,19.479999542236328,19.309999465942386,860200.0,17.305042266845707
2013-04-15,19.13999938964844,18.540000915527344,19.13999938964844,18.57999992370605,919300.0,16.650840759277347
2013-04-16,19.270000457763672,18.6200008392334,18.709999084472656,19.25,1215600.0,17.251276016235348
2013-04-17,19.09000015258789,18.559999465942386,19.07999992370605,18.75,915800.0,16.80318832397461
2013-04-18,19.299999237060547,18.700000762939453,18.739999771118164,19.149999618530273,1230500.0,17.16165542602539
2013-04-19,19.520000457763672,19.059999465942386,19.290000915527344,19.459999084472656,1030400.0,17.439470291137695
2013-04-22,19.6299991607666,19.059999465942386,19.40999984741211,19.21999931335449,1508600.0,17.224388122558597
2013-04-23,19.809999465942386,19.15999984741211,19.299999237060547,19.75,1453800.0,17.699359893798828
2013-04-24,20.549999237060547,19.799999237060547,19.8700008392334,20.3700008392334,1865800.0,18.25498580932617
2013-04-25,20.649999618530273,20.290000915527344,20.479999542236328,20.40999984741211,1163500.0,18.290830612182614
2013-04-26,20.75,20.13999938964844,20.3700008392334,20.13999938964844,1160800.0,18.048866271972656
2013-04-29,20.5,20.239999771118164,20.26000022888184,20.32999992370605,989800.0,18.21913719177246
2013-04-30,20.959999084472656,20.239999771118164,20.36000061035156,20.75,1398200.0,18.595531463623047
2013-05-01,20.75,20.18000030517578,20.65999984741211,20.21999931335449,622400.0,18.12055778503418
2013-05-02,20.709999084472656,20.299999237060547,20.36000061035156,20.649999618530273,872800.0,18.505910873413086
2013-05-03,20.899999618530273,20.63999938964844,20.850000381469727,20.75,967400.0,18.595531463623047
2013-05-06,20.75,20.57999992370605,20.709999084472656,20.6200008392334,658700.0,18.47903060913086
2013-05-07,20.899999618530273,20.65999984741211,20.729999542236328,20.700000762939453,731800.0,18.550724029541016
2013-05-08,20.809999465942386,20.489999771118164,20.790000915527344,20.65999984741211,770400.0,18.514875411987305
2013-05-09,20.75,20.229999542236328,20.65999984741211,20.25,932200.0,18.147445678710934
2013-05-10,20.399999618530273,20.09000015258789,20.25,20.3799991607666,664600.0,18.26394844055176
2013-05-13,20.399999618530273,20.149999618530273,20.399999618530273,20.229999542236328,387400.0,18.1295223236084
2013-05-14,20.5,20.15999984741211,20.25,20.489999771118164,455200.0,18.362524032592773
2013-05-15,20.450000762939453,20.06999969482422,20.40999984741211,20.450000762939453,623300.0,18.32668113708496
2013-05-16,20.440000534057614,19.90999984741211,20.309999465942386,19.940000534057614,828200.0,17.8696346282959
2013-05-17,20.57999992370605,19.90999984741211,20.0,20.540000915527344,1232500.0,18.407337188720703
2013-05-20,20.75,20.38999938964844,20.559999465942386,20.56999969482422,848600.0,18.43421936035156
2013-05-21,21.280000686645508,20.61000061035156,20.65999984741211,20.950000762939453,1471200.0,18.77476501464844
2013-05-22,21.239999771118164,20.71999931335449,20.93000030517578,20.780000686645508,718400.0,18.622413635253906
2013-05-23,20.84000015258789,20.40999984741211,20.57999992370605,20.84000015258789,571800.0,18.67618560791016
2013-05-24,20.8799991607666,20.489999771118164,20.649999618530273,20.690000534057614,769600.0,18.5417594909668
2013-05-28,20.790000915527344,20.07999992370605,20.75,20.15999984741211,960900.0,18.066789627075195
2013-05-29,20.11000061035156,19.479999542236328,20.100000381469727,19.649999618530273,1408200.0,17.6097412109375
2013-05-30,19.920000076293945,19.530000686645508,19.76000022888184,19.780000686645508,465800.0,17.72624397277832
2013-05-31,19.780000686645508,18.920000076293945,19.709999084472656,18.989999771118164,1257400.0,17.018268585205078
2013-06-03,19.15999984741211,18.739999771118164,19.059999465942386,18.84000015258789,828200.0,16.883842468261722
2013-06-04,19.06999969482422,18.770000457763672,18.86000061035156,19.0,615100.0,17.027233123779293
2013-06-05,19.1299991607666,18.59000015258789,19.0,18.68000030517578,664500.0,16.740459442138672
2013-06-06,18.520000457763672,17.719999313354492,18.420000076293945,17.8700008392334,2076100.0,16.014562606811527
2013-06-07,18.13999938964844,17.68000030517578,17.68000030517578,18.09000015258789,926200.0,16.21171760559082
2013-06-10,18.010000228881836,17.569999694824222,17.969999313354492,17.610000610351562,875700.0,15.781557083129885
2013-06-11,17.309999465942386,16.920000076293945,17.239999771118164,16.920000076293945,1323300.0,15.163198471069336
2013-06-12,17.329999923706055,17.030000686645508,17.09000015258789,17.069999694824222,1378100.0,15.297624588012695
2013-06-13,17.469999313354492,16.899999618530273,17.020000457763672,17.319999694824222,1747500.0,15.521665573120115
2013-06-14,17.540000915527347,16.989999771118164,17.329999923706055,17.020000457763672,1054000.0,15.25281810760498
2013-06-17,17.170000076293945,16.799999237060547,17.030000686645508,16.879999160766598,746200.0,15.127351760864258
2013-06-18,16.879999160766598,16.649999618530273,16.860000610351562,16.860000610351562,1123700.0,15.10942840576172
2013-06-19,16.959999084472653,16.440000534057614,16.879999160766598,16.459999084472653,846700.0,14.750958442687988
2013-06-20,16.059999465942386,15.630000114440918,16.020000457763672,15.880000114440918,1650700.0,14.231181144714355
2013-06-21,16.549999237060547,15.449999809265135,16.200000762939453,15.550000190734865,1316700.0,13.935445785522461
2013-06-24,15.529999732971193,15.06999969482422,15.34000015258789,15.34000015258789,886600.0,13.747249603271484
2013-06-25,15.8100004196167,15.34000015258789,15.449999809265135,15.760000228881836,1273200.0,14.12364101409912
2013-06-26,16.059999465942386,15.81999969482422,15.979999542236328,16.0,1248700.0,14.33872127532959
2013-06-27,16.520000457763672,16.100000381469727,16.100000381469727,16.350000381469727,1779300.0,14.65238094329834
2013-06-28,16.329999923706055,16.040000915527347,16.180000305175778,16.15999984741211,837600.0,14.48210906982422
2013-07-01,16.290000915527347,15.989999771118164,16.209999084472653,16.040000915527347,833500.0,14.374570846557615
2013-07-02,16.129999160766598,15.609999656677244,16.069999694824222,15.770000457763672,1546400.0,14.132603645324707
2013-07-03,15.9399995803833,15.56999969482422,15.68000030517578,15.84000015258789,664600.0,14.195334434509276
2013-07-05,15.970000267028807,15.43000030517578,15.829999923706055,15.649999618530273,679200.0,14.025060653686525
2013-07-08,15.850000381469727,15.609999656677244,15.779999732971193,15.699999809265135,603600.0,14.069869995117188
2013-07-09,15.989999771118164,15.720000267028807,15.760000228881836,15.81999969482422,678600.0,14.177410125732422
2013-07-10,15.829999923706055,15.449999809265135,15.789999961853027,15.460000038146973,1259800.0,13.85478973388672
2013-07-11,16.370000839233402,15.630000114440918,15.649999618530273,16.370000839233402,1342400.0,14.670306205749512
2013-07-12,16.59000015258789,16.180000305175778,16.239999771118164,16.309999465942386,1173800.0,14.616533279418945
2013-07-15,16.59000015258789,16.229999542236328,16.329999923706055,16.489999771118164,865300.0,14.777846336364744
2013-07-16,16.530000686645508,16.020000457763672,16.5,16.079999923706055,468200.0,14.41041374206543
2013-07-17,16.440000534057614,16.15999984741211,16.180000305175778,16.329999923706055,684700.0,14.634458541870115
2013-07-18,16.540000915527347,16.219999313354492,16.370000839233402,16.399999618530273,1031100.0,14.697189331054688
2013-07-19,16.389999389648438,16.149999618530273,16.290000915527347,16.15999984741211,779900.0,14.48210906982422
2013-07-22,16.360000610351562,16.079999923706055,16.129999160766598,16.260000228881836,782900.0,14.571727752685547
2013-07-23,16.780000686645508,16.319999694824222,16.420000076293945,16.760000228881836,887300.0,15.019811630249025
2013-07-24,16.889999389648438,16.520000457763672,16.780000686645508,16.579999923706055,527500.0,14.858501434326172
2013-07-25,16.670000076293945,16.219999313354492,16.540000915527347,16.239999771118164,949200.0,14.553802490234375
2013-07-26,16.270000457763672,15.9399995803833,16.149999618530273,16.110000610351562,592300.0,14.437302589416506
2013-07-29,16.100000381469727,15.81999969482422,16.020000457763672,15.93000030517578,437700.0,14.27599048614502
2013-07-30,15.949999809265135,15.65999984741211,15.920000076293945,15.859999656677244,551100.0,14.213257789611815
2013-07-31,16.200000762939453,15.710000038146973,15.850000381469727,16.079999923706055,685900.0,14.41041374206543
2013-08-01,16.149999618530273,15.609999656677244,16.079999923706055,15.800000190734865,1037400.0,14.159486770629885
2013-08-02,15.920000076293945,15.640000343322756,15.75,15.90999984741211,1794900.0,14.25806713104248
2013-08-05,15.90999984741211,15.630000114440918,15.800000190734865,15.739999771118164,614200.0,14.105718612670898
2013-08-06,15.800000190734865,15.390000343322756,15.800000190734865,15.479999542236328,1011600.0,13.872714042663574
2013-08-07,15.510000228881836,14.9399995803833,15.5,14.970000267028807,1432500.0,13.415667533874512
2013-08-08,15.18000030517578,14.899999618530273,14.949999809265135,15.100000381469727,1675700.0,13.532170295715332
2013-08-09,15.65999984741211,15.100000381469727,15.210000038146973,15.56999969482422,1330100.0,13.953369140625
2013-08-12,15.729999542236328,15.270000457763672,15.640000343322756,15.289999961853027,853200.0,13.702441215515135
2013-08-13,15.31999969482422,14.880000114440918,15.1899995803833,14.890000343322756,1076000.0,13.343974113464355
2013-08-14,15.020000457763672,14.460000038146973,14.93000030517578,14.460000038146973,1861500.0,12.95862102508545
2013-08-15,14.31999969482422,13.960000038146973,14.289999961853027,14.0,1813300.0,12.546381950378418
2013-08-16,14.06999969482422,13.829999923706055,13.949999809265135,13.890000343322756,1025900.0,12.44780445098877
2013-08-19,13.93000030517578,13.609999656677244,13.890000343322756,13.670000076293945,1306500.0,12.250645637512207
2013-08-20,14.039999961853027,13.5,13.59000015258789,13.90999984741211,1381300.0,12.465727806091307
2013-08-21,13.90999984741211,13.359999656677244,13.899999618530273,13.40999984741211,844700.0,12.017641067504885
2013-08-22,13.739999771118164,13.390000343322756,13.489999771118164,13.630000114440918,1008400.0,12.214799880981445
2013-08-23,14.020000457763672,13.479999542236328,13.729999542236328,13.9399995803833,1720700.0,12.492610931396484
2013-08-26,14.010000228881836,13.649999618530273,13.979999542236328,13.68000030517578,978400.0,12.259608268737793
2013-08-27,13.40999984741211,13.199999809265135,13.3100004196167,13.34000015258789,946700.0,12.22661304473877
2013-08-28,13.65999984741211,13.34000015258789,13.380000114440918,13.510000228881836,1282000.0,12.38242244720459
2013-08-29,13.56999969482422,13.199999809265135,13.470000267028807,13.199999809265135,1114400.0,12.098296165466307
2013-08-30,13.529999732971193,13.25,13.260000228881836,13.380000114440918,1439100.0,12.26327419281006
2013-09-03,13.710000038146973,13.390000343322756,13.5,13.460000038146973,1407600.0,12.336597442626953
2013-09-04,13.68000030517578,13.420000076293945,13.5,13.609999656677244,1359600.0,12.474076271057127
2013-09-05,13.81999969482422,13.489999771118164,13.59000015258789,13.720000267028807,745300.0,12.574896812438965
2013-09-06,13.890000343322756,13.579999923706055,13.850000381469727,13.609999656677244,1160500.0,12.474076271057127
2013-09-09,14.09000015258789,13.68000030517578,13.710000038146973,13.970000267028807,1461600.0,12.804030418395994
2013-09-10,14.369999885559082,14.010000228881836,14.079999923706055,14.329999923706055,1032400.0,13.133983612060547
2013-09-11,14.579999923706055,14.06999969482422,14.279999732971193,14.520000457763672,1181900.0,13.308125495910645
2013-09-12,14.829999923706055,14.420000076293945,14.510000228881836,14.670000076293945,1558300.0,13.44560718536377
2013-09-13,14.90999984741211,14.56999969482422,14.670000076293945,14.84000015258789,988600.0,13.601420402526855
2013-09-16,15.300000190734865,14.90999984741211,14.979999542236328,14.9399995803833,1263500.0,13.693072319030762
2013-09-17,15.0,14.609999656677244,14.949999809265135,14.770000457763672,1153600.0,13.537261009216307
2013-09-18,15.220000267028807,14.670000076293945,14.90999984741211,15.220000267028807,1555400.0,13.949701309204102
2013-09-19,15.31999969482422,14.75,15.270000457763672,15.010000228881836,1780300.0,13.757229804992676
2013-09-20,15.119999885559082,14.869999885559082,15.109999656677244,14.960000038146973,594600.0,13.711402893066404
2013-09-23,15.15999984741211,14.890000343322756,14.93000030517578,15.010000228881836,449800.0,13.757229804992676
2013-09-24,15.619999885559082,14.979999542236328,14.989999771118164,15.34000015258789,1289300.0,14.059686660766602
2013-09-25,15.56999969482422,15.1899995803833,15.289999961853027,15.550000190734865,1407000.0,14.25216007232666
2013-09-26,15.600000381469727,15.18000030517578,15.600000381469727,15.43000030517578,1634400.0,14.142175674438475
2013-09-27,15.380000114440918,15.079999923706055,15.350000381469727,15.229999542236328,636100.0,13.958866119384766
2013-09-30,15.369999885559082,15.09000015258789,15.199999809265135,15.369999885559082,1386900.0,14.087182998657227
2013-10-01,15.619999885559082,15.239999771118164,15.460000038146973,15.56999969482422,809500.0,14.270490646362305
2013-10-02,15.90999984741211,15.56999969482422,15.720000267028807,15.850000381469727,1225400.0,14.527122497558596
2013-10-03,15.789999961853027,15.40999984741211,15.779999732971193,15.65999984741211,821800.0,14.352978706359865
2013-10-04,15.65999984741211,15.380000114440918,15.579999923706055,15.5600004196167,1135600.0,14.26132583618164
2013-10-07,15.739999771118164,15.390000343322756,15.43000030517578,15.520000457763672,703000.0,14.224664688110352
2013-10-08,15.56999969482422,15.34000015258789,15.489999771118164,15.489999771118164,753500.0,14.19716739654541
2013-10-09,15.670000076293945,15.3100004196167,15.5600004196167,15.479999542236328,1441200.0,14.188002586364744
2013-10-10,15.670000076293945,15.239999771118164,15.649999618530273,15.390000343322756,1353600.0,14.105513572692873
2013-10-11,15.510000228881836,15.3100004196167,15.34000015258789,15.5,576300.0,14.206332206726074
2013-10-14,15.800000190734865,15.289999961853027,15.380000114440918,15.760000228881836,811100.0,14.444632530212402
2013-10-15,15.90999984741211,15.5600004196167,15.699999809265135,15.75,841700.0,14.435467720031738
2013-10-16,16.040000915527347,15.779999732971193,15.859999656677244,15.970000267028807,611000.0,14.637106895446776
2013-10-17,16.290000915527347,15.920000076293945,15.949999809265135,16.100000381469727,741000.0,14.75625705718994
2013-10-18,16.25,15.960000038146973,16.25,16.049999237060547,704000.0,14.710429191589355
2013-10-21,16.079999923706055,15.850000381469727,16.049999237060547,15.989999771118164,755000.0,14.655436515808105
2013-10-22,16.280000686645508,16.0,16.0,16.129999160766598,1248500.0,14.783750534057615
2013-10-23,16.209999084472653,16.040000915527347,16.110000610351562,16.069999694824222,1381800.0,14.728759765625
2013-10-24,16.069999694824222,15.699999809265135,16.010000228881836,15.81999969482422,858600.0,14.499624252319336
2013-10-25,15.850000381469727,15.600000381469727,15.829999923706055,15.699999809265135,531800.0,14.389639854431152
2013-10-28,16.190000534057614,15.729999542236328,15.760000228881836,16.100000381469727,945700.0,14.75625705718994
2013-10-29,16.260000228881836,15.989999771118164,16.149999618530273,16.069999694824222,524100.0,14.728759765625
2013-10-30,16.129999160766598,15.890000343322756,16.059999465942386,15.970000267028807,462000.0,14.637106895446776
2013-10-31,16.040000915527347,15.720000267028807,15.960000038146973,15.760000228881836,378300.0,14.444632530212402
2013-11-01,15.779999732971193,15.470000267028807,15.699999809265135,15.699999809265135,565300.0,14.389639854431152
2013-11-04,15.960000038146973,15.710000038146973,15.800000190734865,15.899999618530273,375400.0,14.572946548461914
2013-11-05,15.81999969482422,15.4399995803833,15.699999809265135,15.710000038146973,1780500.0,14.39880657196045
2013-11-06,15.550000190734865,15.210000038146973,15.460000038146973,15.40999984741211,608900.0,14.123844146728516
2013-11-07,15.630000114440918,15.229999542236328,15.510000228881836,15.3100004196167,545600.0,14.032191276550293
2013-11-08,15.199999809265135,14.93000030517578,15.199999809265135,15.050000190734865,666500.0,13.79389190673828
2013-11-11,15.09000015258789,14.789999961853027,14.979999542236328,14.890000343322756,454300.0,13.647245407104492
2013-11-12,14.8100004196167,14.640000343322756,14.75,14.720000267028807,522900.0,13.491435050964355
2013-11-13,14.75,14.56999969482422,14.630000114440918,14.699999809265135,674700.0,13.473103523254395
2013-11-14,15.079999923706055,14.729999542236328,14.75,14.9399995803833,669400.0,13.693072319030762
2013-11-15,15.0600004196167,14.84000015258789,14.989999771118164,14.859999656677244,649600.0,13.619749069213867
2013-11-18,15.170000076293945,14.880000114440918,14.979999542236328,14.960000038146973,621600.0,13.711402893066404
2013-11-19,15.100000381469727,14.710000038146973,15.010000228881836,14.710000038146973,527900.0,13.482269287109375
2013-11-20,14.75,14.380000114440918,14.699999809265135,14.420000076293945,540800.0,13.216471672058105
2013-11-21,14.59000015258789,14.380000114440918,14.479999542236328,14.529999732971193,732700.0,13.31729221343994
2013-11-22,14.739999771118164,14.5,14.56999969482422,14.550000190734865,277100.0,13.335622787475586
2013-11-25,14.90999984741211,14.630000114440918,14.770000457763672,14.779999732971193,524700.0,13.546426773071287
2013-11-26,14.850000381469727,14.630000114440918,14.829999923706055,14.84000015258789,548200.0,13.601420402526855
2013-11-27,14.8100004196167,14.529999732971193,14.800000190734865,14.770000457763672,374900.0,13.537261009216307
2013-11-29,15.039999961853027,14.789999961853027,14.859999656677244,14.979999542236328,579500.0,13.72973346710205
2013-12-02,14.850000381469727,14.369999885559082,14.81999969482422,14.40999984741211,766300.0,13.207307815551758
2013-12-03,14.260000228881836,13.960000038146973,14.199999809265135,13.970000267028807,905500.0,12.804030418395994
2013-12-04,14.1899995803833,13.739999771118164,13.880000114440918,14.149999618530273,686400.0,12.969006538391113
2013-12-05,14.079999923706055,13.859999656677244,13.979999542236328,13.970000267028807,620600.0,12.804030418395994
2013-12-06,14.34000015258789,14.079999923706055,14.140000343322756,14.3100004196167,514800.0,13.11565399169922
2013-12-09,14.470000267028807,14.300000190734865,14.3100004196167,14.359999656677244,435900.0,13.161479949951172
2013-12-10,14.619999885559082,14.369999885559082,14.40999984741211,14.529999732971193,657900.0,13.31729221343994
2013-12-11,14.40999984741211,13.9399995803833,14.40999984741211,14.109999656677244,823300.0,12.932345390319824
2013-12-12,14.170000076293945,13.729999542236328,13.829999923706055,14.119999885559082,851800.0,12.941511154174805
2013-12-13,14.199999809265135,13.859999656677244,14.130000114440918,13.979999542236328,447500.0,12.81319522857666
2013-12-16,14.34000015258789,13.880000114440918,13.989999771118164,14.09000015258789,1273900.0,12.91401481628418
2013-12-17,14.220000267028807,13.9399995803833,14.020000457763672,14.06999969482422,767000.0,12.895685195922852
2013-12-18,14.220000267028807,13.760000228881836,14.039999961853027,14.119999885559082,854800.0,12.941511154174805
2013-12-19,13.920000076293945,13.729999542236328,13.8100004196167,13.729999542236328,507700.0,12.584061622619627
2013-12-20,13.770000457763672,13.420000076293945,13.710000038146973,13.460000038146973,1965400.0,12.336597442626953
2013-12-23,13.640000343322756,13.489999771118164,13.520000457763672,13.56999969482422,529200.0,12.43741512298584
2013-12-24,13.600000381469727,13.510000228881836,13.520000457763672,13.600000381469727,322600.0,12.46491241455078
2013-12-26,13.68000030517578,13.5,13.670000076293945,13.609999656677244,235500.0,12.474076271057127
2013-12-27,13.65999984741211,13.470000267028807,13.65999984741211,13.59000015258789,706900.0,12.4557466506958
2013-12-30,13.770000457763672,13.619999885559082,13.65999984741211,13.710000038146973,829700.0,12.565731048583984
2013-12-31,13.84000015258789,13.6899995803833,13.770000457763672,13.720000267028807,382300.0,12.574896812438965
2014-01-02,13.619999885559082,12.970000267028807,13.489999771118164,13.199999809265135,1207600.0,12.098296165466307
2014-01-03,13.3100004196167,13.020000457763672,13.239999771118164,13.1899995803833,715700.0,12.089131355285645
2014-01-06,13.119999885559082,12.800000190734865,12.829999923706055,12.970000267028807,506800.0,11.887493133544922
2014-01-07,13.119999885559082,12.869999885559082,13.06999969482422,12.949999809265135,357400.0,11.869161605834961
2014-01-08,12.899999618530273,12.609999656677244,12.899999618530273,12.670000076293945,730000.0,11.612530708312988
2014-01-09,12.989999771118164,12.649999618530273,12.699999809265135,12.979999542236328,1467000.0,11.89665699005127
2014-01-10,13.670000076293945,13.0600004196167,13.09000015258789,13.539999961853027,1294500.0,12.409920692443848
2014-01-13,13.5,13.170000076293945,13.460000038146973,13.210000038146973,1388100.0,12.107461929321287
2014-01-14,13.369999885559082,13.220000267028807,13.229999542236328,13.34000015258789,1495800.0,12.22661304473877
2014-01-15,13.420000076293945,13.1899995803833,13.350000381469727,13.399999618530273,1014600.0,12.281604766845705
2014-01-16,13.4399995803833,13.1899995803833,13.43000030517578,13.300000190734865,563500.0,12.189949989318848
2014-01-17,13.270000457763672,13.100000381469727,13.260000228881836,13.140000343322756,639600.0,12.04330348968506
2014-01-21,13.199999809265135,12.90999984741211,13.15999984741211,12.949999809265135,582900.0,11.869161605834961
2014-01-22,13.020000457763672,12.8100004196167,12.979999542236328,12.960000038146973,506400.0,11.878328323364258
2014-01-23,12.920000076293945,12.5,12.90999984741211,12.710000038146973,643000.0,11.649192810058596
2014-01-24,12.5,12.079999923706055,12.489999771118164,12.34000015258789,666600.0,11.310073852539062
2014-01-27,12.460000038146973,12.130000114440918,12.40999984741211,12.220000267028807,757900.0,11.20008945465088
2014-01-28,12.40999984741211,12.06999969482422,12.40999984741211,12.220000267028807,903600.0,11.20008945465088
2014-01-29,12.170000076293945,11.890000343322756,12.0,11.960000038146973,716200.0,10.961791038513184
2014-01-30,12.029999732971193,11.619999885559082,12.0,11.640000343322756,888700.0,10.668498039245604
2014-01-31,11.6899995803833,11.34000015258789,11.420000076293945,11.5600004196167,1691500.0,10.595175743103027
2014-02-03,11.59000015258789,10.93000030517578,11.56999969482422,10.93000030517578,995400.0,10.017756462097168
2014-02-04,11.359999656677244,11.06999969482422,11.229999542236328,11.270000457763672,1775600.0,10.329378128051758
2014-02-05,11.420000076293945,11.220000267028807,11.3100004196167,11.359999656677244,667700.0,10.411867141723633
2014-02-06,11.800000190734865,11.399999618530273,11.420000076293945,11.779999732971193,1394800.0,10.796813011169434
2014-02-07,12.020000457763672,11.800000190734865,11.81999969482422,11.880000114440918,1373100.0,10.888466835021973
2014-02-10,11.970000267028807,11.710000038146973,11.770000457763672,11.899999618530273,1049300.0,10.9067964553833
2014-02-11,11.9399995803833,11.729999542236328,11.8100004196167,11.899999618530273,1018600.0,10.9067964553833
2014-02-12,12.0,11.649999618530273,11.899999618530273,11.869999885559082,1211500.0,10.879301071166992
2014-02-13,11.979999542236328,11.670000076293945,11.739999771118164,11.970000267028807,719900.0,10.970954895019533
2014-02-14,12.59000015258789,12.25,12.260000228881836,12.399999618530273,2057600.0,11.365066528320312
2014-02-18,12.399999618530273,11.800000190734865,12.260000228881836,11.869999885559082,983700.0,10.879301071166992
2014-02-19,11.600000381469727,11.279999732971193,11.420000076293945,11.43000030517578,1377800.0,10.476024627685547
2014-02-20,11.779999732971193,11.489999771118164,11.59000015258789,11.720000267028807,692200.0,10.741820335388184
2014-02-21,12.100000381469727,11.6899995803833,11.75,12.0,1260100.0,10.998452186584473
2014-02-24,12.529999732971193,12.09000015258789,12.31999969482422,12.149999618530273,1767800.0,11.135931968688963
2014-02-25,12.170000076293945,11.869999885559082,12.140000343322756,11.970000267028807,872900.0,10.970954895019533
2014-02-26,12.06999969482422,11.90999984741211,11.979999542236328,11.949999809265135,720700.0,10.952624320983887
2014-02-27,12.170000076293945,11.829999923706055,11.989999771118164,12.130000114440918,833400.0,11.11760139465332
2014-02-28,12.079999923706055,11.699999809265135,11.90999984741211,11.789999961853027,841300.0,10.80597972869873
2014-03-03,11.619999885559082,11.239999771118164,11.489999771118164,11.479999542236328,994300.0,10.521851539611816
2014-03-04,11.6899995803833,11.479999542236328,11.649999618530273,11.68000030517578,494100.0,10.705158233642578
2014-03-05,11.960000038146973,11.65999984741211,11.729999542236328,11.770000457763672,828800.0,10.78764820098877
2014-03-06,12.260000228881836,11.829999923706055,11.890000343322756,12.149999618530273,1480200.0,11.135931968688963
2014-03-07,12.270000457763672,11.710000038146973,12.010000228881836,11.829999923706055,1182300.0,10.842639923095703
2014-03-10,11.800000190734865,11.460000038146973,11.789999961853027,11.600000381469727,972000.0,10.6318359375
2014-03-11,11.779999732971193,11.460000038146973,11.640000343322756,11.539999961853027,1277200.0,10.576844215393066
2014-03-12,11.510000228881836,11.25,11.470000267028807,11.34000015258789,1083300.0,10.393536567687988
2014-03-13,11.369999885559082,11.0,11.279999732971193,11.09000015258789,1136400.0,10.164402961730957
2014-03-14,11.079999923706056,10.59000015258789,11.050000190734863,10.670000076293944,1942700.0,9.77945613861084
2014-03-17,10.789999961853027,10.5,10.670000076293944,10.619999885559082,910200.0,9.733630180358887
2014-03-18,10.800000190734863,10.59000015258789,10.600000381469727,10.720000267028807,546100.0,9.825284004211426
2014-03-19,10.779999732971193,10.460000038146973,10.68000030517578,10.550000190734863,1571200.0,9.669471740722656
2014-03-20,10.699999809265137,10.399999618530273,10.520000457763672,10.449999809265137,757500.0,9.577817916870117
2014-03-21,10.520000457763672,10.329999923706056,10.489999771118164,10.470000267028807,1926100.0,9.596149444580078
2014-03-24,10.710000038146973,10.420000076293944,10.510000228881836,10.640000343322754,2262200.0,9.751960754394533
2014-03-25,11.1899995803833,10.649999618530273,10.729999542236328,10.729999542236328,2761500.0,9.834447860717773
2014-03-26,11.0,10.710000038146973,10.829999923706056,10.8100004196167,1028700.0,9.907772064208984
2014-03-27,11.550000190734865,10.949999809265137,10.989999771118164,11.199999809265137,4004300.0,10.265220642089844
2014-03-28,11.350000381469727,11.130000114440918,11.18000030517578,11.270000457763672,3297900.0,10.329378128051758
2014-03-31,11.56999969482422,11.25,11.3100004196167,11.399999618530273,1476300.0,10.448527336120604
2014-04-01,11.5600004196167,11.199999809265137,11.399999618530273,11.529999732971193,1151700.0,10.56767749786377
2014-04-02,11.989999771118164,11.359999656677244,11.460000038146973,11.90999984741211,3469300.0,10.915963172912598
2014-04-03,11.989999771118164,11.6899995803833,11.90999984741211,11.84000015258789,1148100.0,10.851804733276367
2014-04-04,12.470000267028807,12.0600004196167,12.170000076293945,12.18000030517578,1417400.0,11.163429260253906
2014-04-07,12.420000076293945,12.210000038146973,12.239999771118164,12.350000381469727,873900.0,11.31924057006836
2014-04-08,12.8100004196167,12.130000114440918,12.609999656677244,12.199999809265135,1507700.0,11.181758880615234
2014-04-09,12.270000457763672,11.880000114440918,12.199999809265135,12.010000228881836,1514600.0,11.007616996765137
2014-04-10,12.5600004196167,12.06999969482422,12.18000030517578,12.15999984741211,1577900.0,11.145097732543944
2014-04-11,12.420000076293945,12.029999732971193,12.050000190734865,12.329999923706055,1020000.0,11.300909042358398
2014-04-14,12.56999969482422,12.34000015258789,12.479999542236328,12.40999984741211,1047500.0,11.374232292175293
2014-04-15,12.479999542236328,12.100000381469727,12.449999809265135,12.170000076293945,744400.0,11.15426254272461
2014-04-16,12.630000114440918,12.300000190734865,12.420000076293945,12.619999885559082,1304700.0,11.56670379638672
2014-04-17,12.729999542236328,12.470000267028807,12.600000381469727,12.649999618530273,3307500.0,11.594200134277346
2014-04-21,12.670000076293945,12.399999618530273,12.609999656677244,12.5,473800.0,11.456721305847168
2014-04-22,12.739999771118164,12.4399995803833,12.479999542236328,12.670000076293945,2188400.0,11.612530708312988
2014-04-23,12.710000038146973,12.5600004196167,12.630000114440918,12.6899995803833,1049000.0,11.63086223602295
2014-04-24,12.729999542236328,12.579999923706055,12.6899995803833,12.710000038146973,511100.0,11.649192810058596
2014-04-25,12.670000076293945,12.390000343322756,12.640000343322756,12.539999961853027,848000.0,11.49338150024414
2014-04-28,12.579999923706055,12.09000015258789,12.539999961853027,12.3100004196167,1877000.0,11.282578468322756
2014-04-29,12.520000457763672,12.210000038146973,12.390000343322756,12.25,1284300.0,11.227585792541504
2014-04-30,12.199999809265135,11.979999542236328,12.199999809265135,12.130000114440918,1483700.0,11.11760139465332
2014-05-01,12.149999618530273,12.0,12.119999885559082,12.0600004196167,359100.0,11.053444862365724
2014-05-02,12.260000228881836,12.050000190734865,12.130000114440918,12.140000343322756,1593900.0,11.1267671585083
2014-05-05,12.1899995803833,11.9399995803833,12.130000114440918,12.039999961853027,1168200.0,11.035113334655762
2014-05-06,12.279999732971193,12.010000228881836,12.06999969482422,12.1899995803833,928300.0,11.17259407043457
2014-05-07,12.279999732971193,12.020000457763672,12.229999542236328,12.25,1158200.0,11.227585792541504
2014-05-08,12.329999923706055,12.149999618530273,12.329999923706055,12.15999984741211,829500.0,11.145097732543944
2014-05-09,12.199999809265135,11.93000030517578,12.140000343322756,11.9399995803833,843700.0,10.943458557128906
2014-05-12,12.109999656677244,11.949999809265135,11.949999809265135,12.100000381469727,908300.0,11.090105056762695
2014-05-13,12.539999961853027,12.119999885559082,12.130000114440918,12.460000038146973,1222500.0,11.420059204101562
2014-05-14,12.989999771118164,12.420000076293945,12.609999656677244,12.43000030517578,1838000.0,11.392563819885256
2014-05-15,12.289999961853027,11.90999984741211,12.289999961853027,12.0600004196167,1205600.0,11.193018913269043
2014-05-16,12.40999984741211,12.079999923706055,12.09000015258789,12.18000030517578,2617500.0,11.30439281463623
2014-05-19,12.350000381469727,12.149999618530273,12.18000030517578,12.239999771118164,1252100.0,11.360079765319824
2014-05-20,12.31999969482422,12.100000381469727,12.260000228881836,12.130000114440918,492300.0,11.257986068725586
2014-05-21,12.18000030517578,11.899999618530273,12.119999885559082,11.920000076293945,515200.0,11.06308364868164
2014-05-22,12.100000381469727,11.859999656677244,11.920000076293945,12.039999961853027,620400.0,11.174456596374512
2014-05-23,12.239999771118164,11.960000038146973,12.050000190734865,11.979999542236328,420500.0,11.118768692016602
2014-05-27,12.350000381469727,11.970000267028807,11.970000267028807,12.039999961853027,884400.0,11.174456596374512
2014-05-28,12.449999809265135,11.920000076293945,12.020000457763672,12.40999984741211,1482900.0,11.517858505249025
2014-05-29,12.81999969482422,12.43000030517578,12.460000038146973,12.65999984741211,1599900.0,11.749884605407715
2014-05-30,12.6899995803833,12.31999969482422,12.609999656677244,12.5,1296500.0,11.601387977600098
2014-06-02,12.710000038146973,12.43000030517578,12.460000038146973,12.65999984741211,2326700.0,11.749884605407715
2014-06-03,12.6899995803833,12.449999809265135,12.579999923706055,12.59000015258789,1483600.0,11.684917449951172
2014-06-04,13.140000343322756,12.5600004196167,12.56999969482422,13.039999961853027,3784800.0,12.102567672729492
2014-06-05,13.109999656677244,12.920000076293945,13.109999656677244,12.949999809265135,1625700.0,12.019037246704102
2014-06-06,13.609999656677244,13.119999885559082,13.18000030517578,13.609999656677244,2334500.0,12.631590843200685
2014-06-09,13.989999771118164,13.630000114440918,13.649999618530273,13.90999984741211,2459200.0,12.91002368927002
2014-06-10,14.15999984741211,13.789999961853027,13.850000381469727,13.989999771118164,1896200.0,12.984272003173828
2014-06-11,14.149999618530273,13.949999809265135,14.050000190734865,13.979999542236328,1126500.0,12.974990844726562
2014-06-12,14.270000457763672,13.90999984741211,14.010000228881836,14.1899995803833,1093600.0,13.16989517211914
2014-06-13,14.279999732971193,14.029999732971193,14.170000076293945,14.079999923706055,1247100.0,13.06780242919922
2014-06-16,14.100000381469727,13.920000076293945,14.0600004196167,13.949999809265135,865000.0,12.947147369384766
2014-06-17,13.869999885559082,13.59000015258789,13.859999656677244,13.770000457763672,1016300.0,12.78009033203125
2014-06-18,13.890000343322756,13.43000030517578,13.770000457763672,13.890000343322756,1097700.0,12.89146327972412
2014-06-19,14.119999885559082,13.75,13.850000381469727,13.949999809265135,789500.0,12.947147369384766
2014-06-20,14.0,13.869999885559082,13.979999542236328,13.960000038146973,554300.0,12.956429481506348
2014-06-23,14.300000190734865,13.989999771118164,14.029999732971193,14.270000457763672,1415500.0,13.244144439697266
2014-06-24,14.489999771118164,14.15999984741211,14.229999542236328,14.229999542236328,1788100.0,13.207018852233887
2014-06-25,14.3100004196167,13.670000076293945,14.279999732971193,13.850000381469727,1380800.0,12.85433864593506
2014-06-26,13.770000457763672,13.34000015258789,13.770000457763672,13.539999961853027,1737000.0,12.56662368774414
2014-06-27,14.0,13.529999732971193,13.529999732971193,13.760000228881836,1387900.0,12.770807266235352
2014-06-30,13.800000190734865,13.40999984741211,13.75,13.5600004196167,991000.0,12.585185050964355
2014-07-01,13.699999809265135,13.239999771118164,13.5600004196167,13.34000015258789,1350000.0,12.381000518798828
2014-07-02,13.300000190734865,12.960000038146973,13.289999961853027,13.270000457763672,1456400.0,12.316033363342285
2014-07-03,13.5600004196167,13.270000457763672,13.279999732971193,13.5600004196167,748200.0,12.585185050964355
2014-07-07,13.5600004196167,13.109999656677244,13.529999732971193,13.300000190734865,968300.0,12.343875885009766
2014-07-08,13.279999732971193,13.010000228881836,13.18000030517578,13.020000457763672,1196300.0,12.084005355834961
2014-07-09,13.1899995803833,12.859999656677244,13.010000228881836,12.93000030517578,945900.0,12.00047492980957
2014-07-10,12.920000076293945,12.619999885559082,12.920000076293945,12.789999961853027,1140400.0,11.870538711547852
2014-07-11,12.800000190734865,12.600000381469727,12.760000228881836,12.75,877100.0,11.833415031433105
2014-07-14,12.949999809265135,12.729999542236328,12.859999656677244,12.859999656677244,750700.0,11.935506820678713
2014-07-15,12.949999809265135,12.710000038146973,12.8100004196167,12.890000343322756,1083300.0,11.96335220336914
2014-07-16,13.06999969482422,12.739999771118164,12.979999542236328,12.800000190734865,701600.0,11.879820823669435
2014-07-17,12.739999771118164,12.56999969482422,12.710000038146973,12.619999885559082,732600.0,11.712759017944336
2014-07-18,13.199999809265135,12.789999961853027,12.789999961853027,12.9399995803833,1003400.0,12.009756088256836
2014-07-21,13.029999732971193,12.600000381469727,12.859999656677244,12.890000343322756,962000.0,11.96335220336914
2014-07-22,13.0600004196167,12.75,12.93000030517578,12.90999984741211,983300.0,11.981912612915039
2014-07-23,12.880000114440918,12.68000030517578,12.869999885559082,12.739999771118164,749700.0,11.824132919311525
2014-07-24,12.93000030517578,12.649999618530273,12.789999961853027,12.649999618530273,860700.0,11.74060344696045
2014-07-25,12.739999771118164,12.460000038146973,12.65999984741211,12.5,609100.0,11.601387977600098
2014-07-28,12.539999961853027,12.140000343322756,12.539999961853027,12.18000030517578,896800.0,11.30439281463623
2014-07-29,12.300000190734865,11.979999542236328,12.09000015258789,12.06999969482422,933100.0,11.202300071716307
2014-07-30,12.270000457763672,11.960000038146973,12.079999923706055,12.229999542236328,1100400.0,11.350797653198242
2014-07-31,12.229999542236328,11.960000038146973,12.140000343322756,12.06999969482422,887800.0,11.202300071716307
2014-08-01,12.260000228881836,11.9399995803833,12.06999969482422,12.140000343322756,1533300.0,11.267269134521484
2014-08-04,12.270000457763672,12.020000457763672,12.140000343322756,12.149999618530273,731900.0,11.276548385620115
2014-08-05,12.350000381469727,12.09000015258789,12.100000381469727,12.149999618530273,456500.0,11.276548385620115
2014-08-06,12.270000457763672,12.079999923706055,12.119999885559082,12.199999809265135,365500.0,11.322954177856445
2014-08-07,12.289999961853027,11.93000030517578,12.199999809265135,12.020000457763672,452700.0,11.155895233154297
2014-08-08,12.010000228881836,11.770000457763672,11.979999542236328,11.920000076293945,669500.0,11.06308364868164
2014-08-11,12.18000030517578,11.9399995803833,11.960000038146973,12.09000015258789,264900.0,11.22086238861084
2014-08-12,12.149999618530273,11.970000267028807,12.039999961853027,11.979999542236328,631400.0,11.118768692016602
2014-08-13,12.0600004196167,11.59000015258789,12.039999961853027,11.640000343322756,1135400.0,10.803213119506836
2014-08-14,11.8100004196167,11.539999961853027,11.600000381469727,11.65999984741211,2019400.0,10.82177448272705
2014-08-15,11.90999984741211,11.539999961853027,11.739999771118164,11.789999961853027,685200.0,10.942428588867188
2014-08-18,12.0,11.789999961853027,11.8100004196167,11.989999771118164,591200.0,11.128049850463867
2014-08-19,12.140000343322756,11.93000030517578,11.970000267028807,12.079999923706055,1534700.0,11.211581230163574
2014-08-20,12.260000228881836,12.050000190734865,12.09000015258789,12.170000076293945,1072600.0,11.295110702514648
2014-08-21,12.350000381469727,12.1899995803833,12.210000038146973,12.210000038146973,739800.0,11.332235336303713
2014-08-22,12.289999961853027,12.079999923706055,12.170000076293945,12.1899995803833,1201600.0,11.313673973083494
2014-08-25,12.520000457763672,12.15999984741211,12.3100004196167,12.5,1139300.0,11.601387977600098
2014-08-26,12.970000267028807,12.550000190734865,12.609999656677244,12.84000015258789,1659900.0,11.91694450378418
2014-08-27,13.81999969482422,12.970000267028807,13.029999732971193,13.6899995803833,3140800.0,12.705839157104492
2014-08-28,13.93000030517578,13.619999885559082,13.670000076293945,13.880000114440918,2089400.0,12.882180213928224
2014-08-29,14.529999732971193,14.06999969482422,14.109999656677244,14.5,1614300.0,13.45761013031006
2014-09-02,14.729999542236328,14.279999732971193,14.350000381469727,14.609999656677244,3228300.0,13.559701919555664
2014-09-03,14.789999961853027,14.510000228881836,14.6899995803833,14.65999984741211,1427300.0,13.606107711791992
2014-09-04,14.720000267028807,14.390000343322756,14.600000381469727,14.40999984741211,1775800.0,13.374079704284668
2014-09-05,14.369999885559082,14.1899995803833,14.369999885559082,14.260000228881836,977700.0,13.23486328125
2014-09-08,14.31999969482422,13.6899995803833,14.270000457763672,13.760000228881836,941900.0,12.770807266235352
2014-09-09,13.600000381469727,13.289999961853027,13.59000015258789,13.390000343322756,1647000.0,12.427406311035154
2014-09-10,13.300000190734865,12.979999542236328,13.300000190734865,13.140000343322756,1036600.0,12.195379257202148
2014-09-11,13.279999732971193,12.920000076293945,13.210000038146973,13.0,1186400.0,12.065443992614744
2014-09-12,12.760000228881836,12.399999618530273,12.739999771118164,12.5600004196167,1833900.0,11.657073974609375
2014-09-15,12.539999961853027,12.260000228881836,12.510000228881836,12.350000381469727,1480600.0,11.46217155456543
2014-09-16,12.949999809265135,12.34000015258789,12.449999809265135,12.649999618530273,1674900.0,11.74060344696045
2014-09-17,12.6899995803833,12.40999984741211,12.670000076293945,12.43000030517578,932200.0,11.536420822143555
2014-09-18,12.43000030517578,12.1899995803833,12.40999984741211,12.329999923706055,841100.0,11.443608283996582
2014-09-19,12.3100004196167,11.949999809265135,12.300000190734865,12.020000457763672,841200.0,11.155895233154297
2014-09-22,11.81999969482422,11.56999969482422,11.670000076293945,11.649999618530273,1016400.0,10.812492370605467
2014-09-23,11.8100004196167,11.300000190734865,11.600000381469727,11.359999656677244,1119200.0,10.543340682983398
2014-09-24,11.670000076293945,11.0600004196167,11.359999656677244,11.4399995803833,2167800.0,10.617588996887207
2014-09-25,11.399999618530273,10.890000343322754,11.380000114440918,10.960000038146973,1260800.0,10.172096252441406
2014-09-26,11.420000076293945,10.920000076293944,11.010000228881836,11.399999618530273,1430200.0,10.580463409423828
2014-09-29,10.920000076293944,10.59000015258789,10.8100004196167,10.899999618530273,1408200.0,10.116410255432127
2014-09-30,10.880000114440918,10.59000015258789,10.869999885559082,10.760000228881836,1766300.0,9.986474990844727
2014-10-01,10.699999809265137,10.0,10.630000114440918,10.100000381469727,3020700.0,9.373920440673828
2014-10-02,10.359999656677246,10.010000228881836,10.010000228881836,10.119999885559082,2952300.0,9.392483711242676
2014-10-03,10.279999732971193,9.84000015258789,10.130000114440918,10.239999771118164,1300000.0,9.50385570526123
2014-10-06,11.239999771118164,10.600000381469727,11.15999984741211,10.760000228881836,2750100.0,9.986474990844727
2014-10-07,11.140000343322754,10.699999809265137,10.880000114440918,10.880000114440918,2619300.0,10.097848892211914
2014-10-08,11.270000457763672,10.630000114440918,10.989999771118164,11.25,1597100.0,10.441248893737793
2014-10-09,11.43000030517578,11.06999969482422,11.210000038146973,11.350000381469727,2554300.0,10.53406047821045
2014-10-10,11.380000114440918,10.81999969482422,11.149999618530273,10.81999969482422,1481700.0,10.042160987854004
2014-10-13,11.789999961853027,11.15999984741211,11.15999984741211,11.449999809265135,1494900.0,10.626869201660156
2014-10-14,11.899999618530273,11.239999771118164,11.43000030517578,11.699999809265135,1959400.0,10.858899116516113
2014-10-15,11.5600004196167,10.760000228881836,11.43000030517578,11.25,1600000.0,10.441248893737793
2014-10-16,10.920000076293944,10.539999961853027,10.81999969482422,10.619999885559082,1333900.0,9.856537818908693
2014-10-17,11.079999923706056,10.579999923706056,10.800000190734863,10.989999771118164,1088100.0,10.199938774108887
2014-10-20,10.979999542236328,10.65999984741211,10.75,10.890000343322754,843000.0,10.10713005065918
2014-10-21,10.550000190734863,10.199999809265137,10.260000228881836,10.350000381469727,1728000.0,9.605949401855467
2014-10-22,10.4399995803833,9.989999771118164,10.369999885559082,9.989999771118164,3503100.0,9.271828651428224
2014-10-23,10.020000457763672,9.649999618530273,9.84000015258789,9.770000457763672,5462500.0,9.067645072937012
2014-10-24,10.260000228881836,9.779999732971193,9.81999969482422,10.039999961853027,3784800.0,9.318233489990234
2014-10-27,9.5600004196167,9.130000114440918,9.260000228881836,9.529999732971193,2442900.0,8.844898223876953
2014-10-28,10.34000015258789,9.510000228881836,9.609999656677246,10.0600004196167,1550300.0,9.481051445007324
2014-10-29,10.369999885559082,10.0,10.15999984741211,10.119999885559082,1469300.0,9.537599563598633
2014-10-30,10.609999656677246,10.329999923706056,10.470000267028807,10.369999885559082,1632100.0,9.773211479187012
2014-10-31,10.630000114440918,10.279999732971193,10.350000381469727,10.59000015258789,1499600.0,9.980550765991213
2014-11-03,10.529999732971193,10.300000190734863,10.390000343322754,10.390000343322754,1185900.0,9.79206085205078
2014-11-04,10.579999923706056,10.279999732971193,10.460000038146973,10.489999771118164,1070800.0,9.886305809020996
2014-11-05,10.710000038146973,10.369999885559082,10.5,10.489999771118164,1175200.0,9.886305809020996
2014-11-06,10.15999984741211,9.31999969482422,10.149999618530273,9.34000015258789,3000000.0,8.802486419677734
2014-11-07,9.449999809265137,9.270000457763672,9.43000030517578,9.420000076293944,1892400.0,8.877883911132812
2014-11-10,9.630000114440918,9.25,9.520000457763672,9.270000457763672,1066400.0,8.736516952514647
2014-11-11,9.350000381469727,8.970000267028809,9.260000228881836,9.210000038146973,2061200.0,8.67996883392334
2014-11-12,9.65999984741211,9.1899995803833,9.210000038146973,9.56999969482422,1313700.0,9.019250869750977
2014-11-13,9.65999984741211,9.270000457763672,9.600000381469727,9.369999885559082,1146500.0,8.830760955810547
2014-11-14,9.18000030517578,8.90999984741211,9.010000228881836,9.0,2441500.0,8.482053756713867
2014-11-17,9.020000457763672,8.659999847412111,9.020000457763672,8.75,2294000.0,8.246440887451174
2014-11-18,8.850000381469727,8.529999732971191,8.819999694824219,8.699999809265138,2447500.0,8.199318885803223
2014-11-19,8.880000114440918,8.680000305175781,8.850000381469727,8.739999771118164,1803700.0,8.237016677856445
2014-11-20,8.960000038146973,8.600000381469728,8.960000038146973,8.770000457763674,852500.0,8.265291213989258
2014-11-21,9.579999923706056,9.029999732971193,9.029999732971193,9.520000457763672,995500.0,8.972129821777344
2014-11-24,9.729999542236328,9.4399995803833,9.520000457763672,9.649999618530273,1591200.0,9.094646453857422
2014-11-25,9.739999771118164,9.449999809265137,9.68000030517578,9.489999771118164,956100.0,8.943855285644531
2014-11-26,10.140000343322754,9.670000076293944,9.8100004196167,9.800000190734863,1464600.0,9.23601531982422
2014-11-28,9.579999923706056,9.0,9.579999923706056,9.149999618530273,1011000.0,8.623421669006348
2014-12-01,9.079999923706056,8.609999656677246,9.079999923706056,8.8100004196167,1334000.0,8.30298900604248
2014-12-02,9.140000343322754,8.75,8.8100004196167,8.779999732971191,1018000.0,8.274714469909668
2014-12-03,8.960000038146973,8.720000267028809,8.850000381469727,8.789999961853027,898600.0,8.284139633178711
2014-12-04,8.609999656677246,8.260000228881836,8.609999656677246,8.289999961853027,1481100.0,7.8129143714904785
2014-12-05,8.329999923706055,7.949999809265138,8.310000419616701,8.189999580383299,1789800.0,7.7186689376831055
2014-12-08,8.159999847412111,7.269999980926514,8.130000114440918,7.429999828338622,4400400.0,7.0024070739746085
2014-12-09,7.480000019073486,7.289999961853027,7.480000019073486,7.389999866485597,2852000.0,6.9647088050842285
2014-12-10,7.369999885559082,6.829999923706055,7.3400001525878915,7.079999923706055,4753300.0,6.672549247741699
2014-12-11,7.230000019073486,6.9099998474121085,6.940000057220459,7.039999961853027,1903300.0,6.6348509788513175
2014-12-12,7.010000228881836,6.619999885559082,7.010000228881836,6.71999979019165,1648400.0,6.333267211914063
2014-12-15,6.670000076293945,6.0999999046325675,6.6599998474121085,6.179999828338622,2900800.0,5.8243446350097665
2014-12-16,6.789999961853027,6.059999942779541,6.230000019073486,6.5999999046325675,3391300.0,6.220172882080077
2014-12-17,7.3400001525878915,6.730000019073486,6.730000019073486,7.059999942779541,1720700.0,6.653700351715088
2014-12-18,7.510000228881836,7.1599998474121085,7.25,7.329999923706055,3161900.0,6.9081621170043945
2014-12-19,7.53000020980835,7.28000020980835,7.4099998474121085,7.300000190734862,2198500.0,6.8798885345458975
2014-12-22,7.460000038146973,7.1500000953674325,7.369999885559082,7.460000038146973,924900.0,7.0306806564331055
2014-12-23,7.639999866485597,7.4000000953674325,7.460000038146973,7.429999828338622,1211600.0,7.0024070739746085
2014-12-24,7.559999942779541,7.3499999046325675,7.460000038146973,7.519999980926514,619400.0,7.087227821350098
2014-12-26,7.860000133514403,7.579999923706055,7.579999923706055,7.75,1487400.0,7.303990840911865
2014-12-29,7.9099998474121085,7.699999809265138,7.71999979019165,7.78000020980835,1679900.0,7.332264900207519
2014-12-30,7.929999828338622,7.730000019073486,7.9000000953674325,7.789999961853027,1311800.0,7.341688632965088
2014-12-31,7.820000171661378,7.579999923706055,7.760000228881836,7.75,1157800.0,7.303990840911865
2015-01-02,7.929999828338622,7.559999942779541,7.570000171661378,7.730000019073486,2057500.0,7.285141468048097
2015-01-05,7.489999771118164,7.03000020980835,7.460000038146973,7.21999979019165,1546000.0,6.804491996765138
2015-01-06,7.269999980926514,6.860000133514403,7.019999980926514,6.980000019073486,2179700.0,6.5783042907714835
2015-01-07,7.300000190734862,6.889999866485597,7.1599998474121085,6.980000019073486,1293400.0,6.5783042907714835
2015-01-08,7.239999771118164,6.9000000953674325,6.960000038146973,7.1599998474121085,1635200.0,6.7479448318481445
2015-01-09,7.190000057220459,6.889999866485597,7.1599998474121085,7.050000190734862,1393700.0,6.644275665283202
2015-01-12,6.929999828338622,6.550000190734862,6.920000076293945,6.820000171661378,2509200.0,6.427512168884277
2015-01-13,6.960000038146973,6.670000076293945,6.809999942779541,6.880000114440918,2301800.0,6.4840593338012695
2015-01-14,7.1599998474121085,6.8400001525878915,6.920000076293945,7.1599998474121085,2261800.0,6.7479448318481445
2015-01-15,7.300000190734862,7.070000171661378,7.139999866485597,7.0999999046325675,1390600.0,6.691397666931152
2015-01-16,7.329999923706055,7.079999923706055,7.199999809265138,7.269999980926514,1243200.0,6.851614952087402
2015-01-20,7.4099998474121085,7.0999999046325675,7.4000000953674325,7.190000057220459,1240200.0,6.776218891143799
2015-01-21,7.559999942779541,7.179999828338622,7.190000057220459,7.539999961853027,1338400.0,7.106077194213867
2015-01-22,7.8499999046325675,7.559999942779541,7.6500000953674325,7.800000190734862,1448700.0,7.351114273071289
2015-01-23,7.820000171661378,7.630000114440918,7.699999809265138,7.800000190734862,1718900.0,7.351114273071289
2015-01-26,7.800000190734862,7.6500000953674325,7.6599998474121085,7.71999979019165,1830700.0,7.275717258453369
2015-01-27,7.6500000953674325,7.4099998474121085,7.6500000953674325,7.489999771118164,1567900.0,7.0589542388916025
2015-01-28,7.449999809265138,7.110000133514403,7.380000114440918,7.4099998474121085,1577200.0,6.98355770111084
2015-01-29,7.360000133514403,6.989999771118164,7.3499999046325675,7.03000020980835,1824400.0,6.62542724609375
2015-01-30,6.920000076293945,6.630000114440918,6.75,6.9000000953674325,1644800.0,6.502908706665039
2015-02-02,7.019999980926514,6.820000171661378,6.8499999046325675,6.989999771118164,1204600.0,6.587728500366211
2015-02-03,7.239999771118164,7.010000228881836,7.03000020980835,7.190000057220459,1621200.0,6.776218891143799
2015-02-04,7.190000057220459,7.0900001525878915,7.110000133514403,7.119999885559082,1348200.0,6.710247039794923
2015-02-05,7.440000057220459,7.130000114440918,7.190000057220459,7.3400001525878915,996800.0,6.917586803436278
2015-02-06,7.309999942779541,7.110000133514403,7.119999885559082,7.239999771118164,1224700.0,6.823341369628906
2015-02-09,7.6500000953674325,7.239999771118164,7.239999771118164,7.519999980926514,1896600.0,7.087227821350098
2015-02-10,7.539999961853027,7.300000190734862,7.309999942779541,7.380000114440918,1483800.0,6.955284595489503
2015-02-11,7.460000038146973,7.210000038146973,7.320000171661378,7.440000057220459,1927800.0,7.011831760406494
2015-02-12,8.100000381469728,7.610000133514403,7.610000133514403,7.949999809265138,3079000.0,7.492480754852295
2015-02-13,8.079999923706055,7.789999961853027,7.960000038146973,7.8499999046325675,2860800.0,7.39823579788208
2015-02-17,8.119999885559082,7.809999942779541,7.8499999046325675,8.060000419616701,1001700.0,7.596151351928711
2015-02-18,8.069999694824219,7.869999885559082,8.060000419616701,7.880000114440918,1465700.0,7.4265098571777335
2015-02-19,7.760000228881836,7.579999923706055,7.699999809265138,7.710000038146973,1227400.0,7.266293525695801
2015-02-20,7.820000171661378,7.5900001525878915,7.5900001525878915,7.809999942779541,1938600.0,7.360538005828857
2015-02-23,7.78000020980835,7.570000171661378,7.78000020980835,7.6500000953674325,1384300.0,7.209746360778809
2015-02-24,7.829999923706055,7.610000133514403,7.6500000953674325,7.710000038146973,1523300.0,7.266293525695801
2015-02-25,7.610000133514403,7.3499999046325675,7.570000171661378,7.460000038146973,1212000.0,7.0306806564331055
2015-02-26,7.539999961853027,7.320000171661378,7.480000019073486,7.46999979019165,610200.0,7.04010534286499
2015-02-27,7.639999866485597,7.449999809265138,7.480000019073486,7.550000190734862,1194500.0,7.115500926971436
2015-03-02,7.570000171661378,7.300000190734862,7.539999961853027,7.3400001525878915,815900.0,6.917586803436278
2015-03-03,7.380000114440918,7.1599998474121085,7.320000171661378,7.170000076293945,1105000.0,6.757369995117188
2015-03-04,7.190000057220459,6.940000057220459,7.139999866485597,7.03000020980835,1601200.0,6.62542724609375
2015-03-05,7.050000190734862,6.800000190734862,7.03000020980835,7.050000190734862,1227000.0,6.644275665283202
2015-03-06,7.039999961853027,6.789999961853027,7.0,6.800000190734862,801200.0,6.408663749694824
2015-03-09,6.820000171661378,6.579999923706055,6.75,6.71999979019165,2035800.0,6.333267211914063
2015-03-10,6.679999828338622,6.449999809265138,6.6599998474121085,6.539999961853027,1105300.0,6.163626194000244
2015-03-11,6.670000076293945,6.4099998474121085,6.519999980926514,6.639999866485597,988800.0,6.257871150970459
2015-03-12,6.96999979019165,6.6599998474121085,6.800000190734862,6.670000076293945,1134900.0,6.286144733428955
2015-03-13,6.5900001525878915,6.199999809265138,6.510000228881836,6.320000171661378,2094600.0,5.956286907196045
2015-03-16,6.3499999046325675,6.070000171661378,6.3400001525878915,6.289999961853027,1390100.0,5.9280128479003915
2015-03-17,6.46999979019165,6.230000019073486,6.230000019073486,6.460000038146973,1194300.0,6.0882301330566415
2015-03-18,6.820000171661378,6.300000190734862,6.420000076293945,6.699999809265138,2010400.0,6.314418315887451
2015-03-19,6.710000038146973,6.190000057220459,6.610000133514403,6.21999979019165,1161000.0,5.86204195022583
2015-03-20,6.639999866485597,6.269999980926514,6.300000190734862,6.550000190734862,1397200.0,6.173050403594972
2015-03-23,6.929999828338622,6.619999885559082,6.619999885559082,6.75,1496600.0,6.361541271209718
2015-03-24,6.860000133514403,6.570000171661378,6.809999942779541,6.730000019073486,706000.0,6.342691898345947
2015-03-25,6.889999866485597,6.760000228881836,6.789999961853027,6.769999980926514,1221200.0,6.380390167236327
2015-03-26,6.9000000953674325,6.550000190734862,6.800000190734862,6.630000114440918,528100.0,6.248446941375732
2015-03-27,6.53000020980835,6.239999771118164,6.519999980926514,6.289999961853027,795600.0,5.9280128479003915
2015-03-30,6.420000076293945,6.119999885559082,6.28000020980835,6.369999885559082,1321700.0,6.003408908843994
2015-03-31,6.53000020980835,6.309999942779541,6.360000133514403,6.329999923706055,963200.0,5.965711116790772
2015-04-01,6.929999828338622,6.480000019073486,6.579999923706055,6.800000190734862,2491400.0,6.408663749694824
2015-04-02,7.0900001525878915,6.809999942779541,6.829999923706055,6.989999771118164,1602700.0,6.587728500366211
2015-04-06,7.260000228881836,7.039999961853027,7.079999923706055,7.199999809265138,928400.0,6.785643100738525
2015-04-07,7.25,7.0999999046325675,7.21999979019165,7.119999885559082,1365000.0,6.710247039794923
2015-04-08,7.369999885559082,7.139999866485597,7.269999980926514,7.309999942779541,1139100.0,6.889313220977782
2015-04-09,7.460000038146973,7.300000190734862,7.3400001525878915,7.300000190734862,918700.0,6.8798885345458975
2015-04-10,7.3400001525878915,7.190000057220459,7.28000020980835,7.300000190734862,1234200.0,6.8798885345458975
2015-04-13,7.429999828338622,7.230000019073486,7.230000019073486,7.360000133514403,2018800.0,6.936436176300049
2015-04-14,7.5900001525878915,7.380000114440918,7.389999866485597,7.480000019073486,1053000.0,7.049530029296875
2015-04-15,7.820000171661378,7.449999809265138,7.46999979019165,7.699999809265138,1573100.0,7.256868362426758
2015-04-16,7.75,7.46999979019165,7.71999979019165,7.5999999046325675,1109400.0,7.162623882293701
2015-04-17,7.559999942779541,7.369999885559082,7.489999771118164,7.53000020980835,903300.0,7.0966529846191415
2015-04-20,7.550000190734862,7.3400001525878915,7.550000190734862,7.510000228881836,1129100.0,7.077803611755371
2015-04-21,7.539999961853027,7.380000114440918,7.510000228881836,7.420000076293945,793700.0,6.992983341217041
2015-04-22,7.550000190734862,7.389999866485597,7.460000038146973,7.489999771118164,750500.0,7.0589542388916025
2015-04-23,7.610000133514403,7.449999809265138,7.460000038146973,7.480000019073486,975300.0,7.049530029296875
2015-04-24,7.579999923706055,7.260000228881836,7.510000228881836,7.28000020980835,1016700.0,6.861039161682129
2015-04-27,7.460000038146973,7.199999809265138,7.3400001525878915,7.320000171661378,885000.0,6.89873743057251
2015-04-28,7.460000038146973,7.25,7.3499999046325675,7.320000171661378,909400.0,6.89873743057251
2015-04-29,7.4000000953674325,7.1500000953674325,7.269999980926514,7.190000057220459,991500.0,6.776218891143799
2015-04-30,7.269999980926514,7.010000228881836,7.179999828338622,7.260000228881836,1425600.0,6.842190742492676
2015-05-01,7.550000190734862,7.320000171661378,7.329999923706055,7.4000000953674325,1139000.0,6.974133968353272
2015-05-04,7.420000076293945,7.199999809265138,7.300000190734862,7.239999771118164,1274000.0,6.823341369628906
2015-05-05,7.489999771118164,7.170000076293945,7.289999961853027,7.199999809265138,1486900.0,6.785643100738525
2015-05-06,7.4000000953674325,7.03000020980835,7.260000228881836,7.130000114440918,1648200.0,6.719672203063965
2015-05-07,7.170000076293945,6.800000190734862,7.119999885559082,7.079999923706055,1025800.0,6.672549247741699
2015-05-08,7.369999885559082,7.050000190734862,7.110000133514403,7.3400001525878915,718400.0,6.917586803436278
2015-05-11,7.360000133514403,6.920000076293945,7.3499999046325675,6.980000019073486,1452300.0,6.5783042907714835
2015-05-12,7.179999828338622,6.980000019073486,7.03000020980835,7.059999942779541,1444100.0,6.653700351715088
2015-05-13,7.139999866485597,6.940000057220459,7.070000171661378,6.989999771118164,757500.0,6.587728500366211
2015-05-14,7.130000114440918,6.929999828338622,7.070000171661378,6.940000057220459,667400.0,6.540606021881104
2015-05-15,7.130000114440918,6.860000133514403,6.949999809265138,7.0900001525878915,728000.0,6.681974411010742
2015-05-18,7.039999961853027,6.800000190734862,7.03000020980835,6.880000114440918,756800.0,6.4840593338012695
2015-05-19,6.8499999046325675,6.670000076293945,6.8400001525878915,6.75,742400.0,6.361541271209718
2015-05-20,6.820000171661378,6.699999809265138,6.789999961853027,6.71999979019165,426100.0,6.333267211914063
2015-05-21,6.880000114440918,6.679999828338622,6.679999828338622,6.78000020980835,349800.0,6.389814376831055
2015-05-22,6.8499999046325675,6.5999999046325675,6.78000020980835,6.6500000953674325,823400.0,6.2672953605651855
2015-05-26,6.570000171661378,6.3499999046325675,6.570000171661378,6.5,993900.0,6.1259284019470215
2015-05-27,6.480000019073486,6.269999980926514,6.460000038146973,6.440000057220459,1379700.0,6.069381237030028
2015-05-28,6.420000076293945,6.1599998474121085,6.3400001525878915,6.4099998474121085,870500.0,6.041107654571532
2015-05-29,6.4099998474121085,6.1599998474121085,6.4099998474121085,6.210000038146973,972700.0,5.852617740631104
2015-06-01,6.260000228881836,5.960000038146973,6.21999979019165,6.110000133514403,1060900.0,5.7583723068237305
2015-06-02,6.289999961853027,6.119999885559082,6.130000114440918,6.230000019073486,2399800.0,5.871466636657715
2015-06-03,6.309999942779541,6.130000114440918,6.1599998474121085,6.210000038146973,928100.0,5.95975923538208
2015-06-04,6.25,6.0,6.179999828338622,6.010000228881836,489800.0,5.7678184509277335
2015-06-05,6.139999866485597,5.940000057220459,6.0,6.03000020980835,598200.0,5.787013053894043
2015-06-08,6.170000076293945,6.0,6.0999999046325675,6.0999999046325675,785400.0,5.854191780090332
2015-06-09,6.380000114440918,6.1500000953674325,6.260000228881836,6.179999828338622,664600.0,5.930968284606934
2015-06-10,6.449999809265138,6.190000057220459,6.260000228881836,6.369999885559082,1325100.0,6.113311767578125
2015-06-11,6.480000019073486,6.329999923706055,6.3400001525878915,6.449999809265138,506300.0,6.1900877952575675
2015-06-12,6.510000228881836,6.420000076293945,6.420000076293945,6.449999809265138,480500.0,6.1900877952575675
2015-06-15,6.4000000953674325,6.260000228881836,6.4000000953674325,6.309999942779541,611200.0,6.055729866027832
2015-06-16,6.3400001525878915,6.210000038146973,6.329999923706055,6.28000020980835,1183200.0,6.0269389152526855
2015-06-17,6.380000114440918,6.260000228881836,6.28000020980835,6.309999942779541,569200.0,6.055729866027832
2015-06-18,6.420000076293945,6.28000020980835,6.369999885559082,6.3400001525878915,385800.0,6.084521293640138
2015-06-19,6.4099998474121085,6.269999980926514,6.269999980926514,6.4000000953674325,882000.0,6.14210319519043
2015-06-22,6.619999885559082,6.420000076293945,6.449999809265138,6.5,535300.0,6.2380733489990225
2015-06-23,6.5999999046325675,6.489999771118164,6.519999980926514,6.5900001525878915,744200.0,6.324446201324463
2015-06-24,6.610000133514403,6.5,6.5900001525878915,6.570000171661378,787800.0,6.305252552032472
2015-06-25,6.5999999046325675,6.53000020980835,6.559999942779541,6.559999942779541,1097800.0,6.295655250549316
2015-06-26,6.699999809265138,6.519999980926514,6.5999999046325675,6.6500000953674325,1249500.0,6.382028579711914
2015-06-29,6.53000020980835,6.050000190734862,6.53000020980835,6.0999999046325675,1685000.0,5.854191780090332
2015-06-30,6.179999828338622,6.019999980926514,6.059999942779541,6.1599998474121085,3263800.0,5.911774158477782
2015-07-01,6.230000019073486,6.050000190734862,6.199999809265138,6.079999923706055,1021000.0,5.8349976539611825
2015-07-02,6.210000038146973,6.079999923706055,6.110000133514403,6.119999885559082,796800.0,5.8733863830566415
2015-07-06,6.03000020980835,5.699999809265138,5.980000019073486,5.730000019073486,1300400.0,5.499101638793945
2015-07-07,5.699999809265138,5.309999942779541,5.699999809265138,5.53000020980835,2240500.0,5.3071608543396
2015-07-08,5.5,5.25,5.449999809265137,5.4099998474121085,1707900.0,5.191996574401856
2015-07-09,5.670000076293945,5.489999771118164,5.53000020980835,5.510000228881836,2390300.0,5.2879672050476065
2015-07-10,5.6599998474121085,5.429999828338623,5.579999923706055,5.619999885559082,1010800.0,5.393533706665039
2015-07-13,5.760000228881836,5.579999923706055,5.6599998474121085,5.710000038146973,495100.0,5.479907512664795
2015-07-14,5.9099998474121085,5.710000038146973,5.71999979019165,5.730000019073486,773500.0,5.499101638793945
2015-07-15,5.75,5.320000171661377,5.710000038146973,5.389999866485597,1179700.0,5.172802925109863
2015-07-16,5.46999979019165,5.179999828338623,5.460000038146973,5.230000019073486,1455100.0,5.01924991607666
2015-07-17,5.28000020980835,4.989999771118164,5.139999866485597,4.989999771118164,1272300.0,4.788920879364014
2015-07-20,5.0,4.730000019073486,4.989999771118164,4.860000133514403,1625400.0,4.664159774780273
2015-07-21,5.1599998474121085,4.78000020980835,4.809999942779541,4.980000019073486,1162800.0,4.7793240547180185
2015-07-22,4.929999828338623,4.75,4.929999828338623,4.800000190734863,1143800.0,4.6065778732299805
2015-07-23,4.860000133514403,4.579999923706055,4.730000019073486,4.599999904632568,2041500.0,4.414636135101318
2015-07-24,4.579999923706055,4.349999904632568,4.550000190734863,4.4099998474121085,2495500.0,4.232292652130127
2015-07-27,4.630000114440918,4.269999980926514,4.360000133514403,4.550000190734863,1158200.0,4.366651535034181
2015-07-28,4.670000076293945,4.440000057220459,4.5900001525878915,4.610000133514403,1313700.0,4.424233913421631
2015-07-29,4.829999923706055,4.5900001525878915,4.610000133514403,4.710000038146973,1645200.0,4.520204067230225
2015-07-30,4.789999961853027,4.570000171661377,4.699999809265137,4.610000133514403,1308400.0,4.424233913421631
2015-07-31,4.769999980926514,4.619999885559082,4.630000114440918,4.699999809265137,1272700.0,4.51060676574707
2015-08-03,4.71999979019165,4.400000095367432,4.710000038146973,4.440000057220459,835100.0,4.261084079742432
2015-08-04,4.53000020980835,4.380000114440918,4.449999809265137,4.489999771118164,1141200.0,4.3090691566467285
2015-08-05,4.579999923706055,4.2800002098083505,4.489999771118164,4.400000095367432,1657200.0,4.2226953506469735
2015-08-06,4.400000095367432,4.199999809265137,4.3400001525878915,4.329999923706056,1751400.0,4.155516624450684
2015-08-07,4.449999809265137,4.130000114440918,4.309999942779541,4.1599998474121085,892500.0,3.992366790771485
2015-08-10,4.349999904632568,4.110000133514403,4.1599998474121085,4.3400001525878915,934200.0,4.165113449096681
2015-08-11,4.329999923706056,4.179999828338623,4.230000019073486,4.2199997901916495,637800.0,4.0499486923217765
2015-08-12,4.190000057220459,3.910000085830689,4.190000057220459,4.0300002098083505,2567500.0,3.8676056861877437
2015-08-13,4.199999809265137,3.900000095367432,4.1599998474121085,3.910000085830689,1937200.0,3.7524411678314213
2015-08-14,4.0300002098083505,3.910000085830689,3.9600000381469727,3.9500000476837163,955100.0,3.7908294200897217
2015-08-17,3.9700000286102295,3.900000095367432,3.9500000476837163,3.920000076293945,1020300.0,3.762038230895996
2015-08-18,3.990000009536743,3.869999885559082,3.910000085830689,3.9700000286102295,617400.0,3.810023069381714
2015-08-19,3.9600000381469727,3.7999999523162837,3.940000057220459,3.900000095367432,849000.0,3.742844343185425
2015-08-20,3.920000076293945,3.740000009536743,3.859999895095825,3.869999885559082,1477100.0,3.71405291557312
2015-08-21,3.900000095367432,3.7200000286102295,3.809999942779541,3.829999923706055,1817000.0,3.6756646633148193
2015-08-24,3.7699999809265137,3.119999885559082,3.559999942779541,3.4500000476837163,1897800.0,3.3109774589538574
2015-08-25,3.9500000476837163,3.5799999237060547,3.619999885559082,3.5999999046325684,2120500.0,3.454932451248169
2015-08-26,3.7300000190734863,3.380000114440918,3.660000085830689,3.7000000476837163,1884300.0,3.5509033203125
2015-08-27,3.910000085830689,3.690000057220459,3.7300000190734863,3.880000114440918,2634500.0,3.7236499786376953
2015-08-28,3.990000009536743,3.7200000286102295,3.8199999332427983,3.7799999713897705,1762800.0,3.6276795864105225
2015-08-31,3.7799999713897705,3.559999942779541,3.630000114440918,3.7300000190734863,1774300.0,3.5796945095062256
2015-09-01,3.619999885559082,3.369999885559082,3.5699999332427983,3.380000114440918,2921400.0,3.24379825592041
2015-09-02,3.470000028610229,3.1700000762939453,3.4300000667572017,3.2799999713897705,3100100.0,3.147827625274658
2015-09-03,3.4300000667572017,3.25,3.25,3.400000095367432,1292800.0,3.2629923820495605
2015-09-04,3.4600000381469727,3.369999885559082,3.4300000667572017,3.4200000762939453,1106400.0,3.282186269760132
2015-09-08,3.5299999713897705,3.380000114440918,3.5199999809265137,3.400000095367432,1271600.0,3.2629923820495605
2015-09-09,3.609999895095825,3.380000114440918,3.470000028610229,3.380000114440918,862100.0,3.24379825592041
2015-09-10,3.3499999046325684,3.2000000476837163,3.289999961853028,3.289999961853028,907100.0,3.1574249267578125
2015-09-11,3.3499999046325684,3.240000009536743,3.259999990463257,3.25,3222200.0,3.119036674499512
2015-09-14,3.4100000858306885,3.140000104904175,3.25,3.400000095367432,1837600.0,3.2629923820495605
2015-09-15,3.5199999809265137,3.3199999332427983,3.369999885559082,3.4500000476837163,2182900.0,3.3109774589538574
2015-09-16,3.609999895095825,3.3499999046325684,3.5199999809265137,3.4600000381469727,2075100.0,3.3205745220184326
2015-09-17,3.5199999809265137,3.2799999713897705,3.400000095367432,3.4600000381469727,2381000.0,3.3205745220184326
2015-09-18,3.470000028610229,3.3199999332427983,3.4100000858306885,3.400000095367432,4919200.0,3.2629923820495605
2015-09-21,3.4100000858306885,3.1800000667572017,3.380000114440918,3.190000057220459,743200.0,3.06145453453064
2015-09-22,3.140000104904175,2.970000028610229,3.130000114440918,3.009999990463257,1579300.0,2.8887078762054443
2015-09-23,3.039999961853028,2.690000057220459,3.0199999809265137,2.75,1874200.0,2.6391847133636475
2015-09-24,2.9600000381469727,2.5899999141693115,2.5999999046325684,2.9500000476837163,2631800.0,2.831125497817993
2015-09-25,3.059999942779541,2.8399999141693115,2.9500000476837163,3.059999942779541,1782500.0,2.9366931915283203
2015-09-28,2.990000009536743,2.700000047683716,2.9300000667572017,2.7799999713897705,1302500.0,2.667975902557373
2015-09-29,2.8299999237060547,2.7300000190734863,2.75,2.8199999332427983,804100.0,2.7063639163970947
2015-09-30,3.0499999523162837,2.809999942779541,2.9500000476837163,2.890000104904175,4138200.0,2.7735435962677
2015-10-01,2.970000028610229,2.809999942779541,2.9200000762939453,2.900000095367432,1866500.0,2.7831404209136963
2015-10-02,3.190000057220459,2.8199999332427983,2.8299999237060547,3.1600000858306885,1612800.0,3.032663583755493
2015-10-05,3.2999999523162837,3.130000114440918,3.2000000476837163,3.150000095367432,1313300.0,3.023066520690918
2015-10-06,3.400000095367432,3.1600000858306885,3.1800000667572017,3.3399999141693115,806500.0,3.2054100036621094
2015-10-07,3.670000076293945,3.4200000762939453,3.4200000762939453,3.5899999141693115,1961900.0,3.4453356266021733
2015-10-08,3.690000057220459,3.5499999523162837,3.559999942779541,3.690000057220459,1144700.0,3.541306495666504
2015-10-09,3.809999942779541,3.609999895095825,3.7200000286102295,3.7999999523162837,1158700.0,3.6468734741210938
2015-10-12,3.809999942779541,3.630000114440918,3.809999942779541,3.670000076293945,857100.0,3.522112369537353
2015-10-13,3.619999885559082,3.3499999046325684,3.5699999332427983,3.359999895095825,1173500.0,3.2246038913726807
2015-10-14,3.440000057220459,3.2999999523162837,3.3399999141693115,3.380000114440918,1592400.0,3.24379825592041
2015-10-15,3.4200000762939453,3.220000028610229,3.400000095367432,3.359999895095825,1377500.0,3.2246038913726807
2015-10-16,3.369999885559082,3.220000028610229,3.359999895095825,3.3199999332427983,1445400.0,3.186215877532959
2015-10-19,3.369999885559082,3.240000009536743,3.240000009536743,3.259999990463257,591100.0,3.128633975982666
2015-10-20,3.4800000190734863,3.240000009536743,3.2799999713897705,3.400000095367432,796200.0,3.2629923820495605
2015-10-21,3.400000095367432,3.25,3.390000104904175,3.259999990463257,692800.0,3.128633975982666
2015-10-22,3.4500000476837163,3.2999999523162837,3.3399999141693115,3.369999885559082,722900.0,3.2342009544372563
2015-10-23,3.5499999523162837,3.400000095367432,3.400000095367432,3.4500000476837163,617400.0,3.3109774589538574
2015-10-26,3.4800000190734863,3.369999885559082,3.470000028610229,3.4100000858306885,291100.0,3.2725892066955566
2015-10-27,3.369999885559082,3.240000009536743,3.369999885559082,3.25,649200.0,3.119036674499512
2015-10-28,3.490000009536743,3.2799999713897705,3.2799999713897705,3.400000095367432,901300.0,3.2629923820495605
2015-10-29,3.509999990463257,3.3299999237060547,3.3299999237060547,3.4300000667572017,498200.0,3.291783571243286
2015-10-30,3.5499999523162837,3.3299999237060547,3.4300000667572017,3.5,842700.0,3.3589625358581543
2015-11-02,3.690000057220459,3.490000009536743,3.490000009536743,3.640000104904175,1210500.0,3.493321180343628
2015-11-03,3.7799999713897705,3.650000095367432,3.660000085830689,3.759999990463257,960200.0,3.608485460281372
2015-11-04,3.839999914169312,3.7000000476837163,3.759999990463257,3.740000009536743,920900.0,3.5892915725708012
2015-11-05,3.7999999523162837,3.670000076293945,3.759999990463257,3.740000009536743,771400.0,3.5892915725708012
2015-11-06,3.75,3.5499999523162837,3.670000076293945,3.6800000667572017,660300.0,3.5317091941833496
2015-11-09,3.7000000476837163,3.509999990463257,3.640000104904175,3.5699999332427983,940200.0,3.4261415004730225
2015-11-10,3.7899999618530273,3.5499999523162837,3.559999942779541,3.7200000286102295,958500.0,3.570097684860229
2015-11-11,3.8199999332427983,3.650000095367432,3.75,3.670000076293945,1523300.0,3.522112369537353
2015-11-12,3.910000085830689,3.559999942779541,3.609999895095825,3.759999990463257,1813700.0,3.608485460281372
2015-11-13,3.7999999523162837,3.609999895095825,3.7799999713897705,3.640000104904175,604800.0,3.493321180343628
2015-11-16,3.809999942779541,3.660000085830689,3.6800000667572017,3.7999999523162837,916600.0,3.6468734741210938
2015-11-17,3.829999923706055,3.660000085830689,3.7999999523162837,3.690000057220459,1415300.0,3.541306495666504
2015-11-18,3.839999914169312,3.670000076293945,3.740000009536743,3.8199999332427983,961800.0,3.6660678386688232
2015-11-19,3.890000104904175,3.740000009536743,3.7699999809265137,3.839999914169312,1348600.0,3.6852619647979736
2015-11-20,3.940000057220459,3.7699999809265137,3.849999904632568,3.8199999332427983,605500.0,3.6660678386688232
2015-11-23,3.920000076293945,3.7899999618530273,3.7899999618530273,3.900000095367432,848600.0,3.742844343185425
2015-11-24,4.070000171661377,3.900000095367432,3.900000095367432,3.9800000190734863,998300.0,3.819620370864868
2015-11-25,3.890000104904175,3.759999990463257,3.849999904632568,3.859999895095825,651900.0,3.7044556140899663
2015-11-27,3.880000114440918,3.740000009536743,3.829999923706055,3.7699999809265137,996800.0,3.6180825233459473
2015-11-30,3.839999914169312,3.650000095367432,3.6800000667572017,3.7999999523162837,1502400.0,3.6468734741210938
2015-12-01,3.9500000476837163,3.7300000190734863,3.7899999618530273,3.9300000667572017,1286000.0,3.7716352939605713
2015-12-02,4.070000171661377,3.880000114440918,3.9300000667572017,4.010000228881837,1469700.0,3.8484117984771733
2015-12-03,4.199999809265137,4.019999980926514,4.099999904632568,4.070000171661377,1023800.0,3.905993938446045
2015-12-04,4.0900001525878915,3.920000076293945,4.070000171661377,3.990000009536743,1296000.0,3.829217195510864
2015-12-07,3.9700000286102295,3.809999942779541,3.9500000476837163,3.839999914169312,1151000.0,3.6852619647979736
2015-12-08,3.829999923706055,3.5799999237060547,3.75,3.690000057220459,2708700.0,3.541306495666504
2015-12-09,3.920000076293945,3.7300000190734863,3.7799999713897705,3.759999990463257,1732900.0,3.608485460281372
2015-12-10,3.990000009536743,3.7000000476837163,3.7000000476837163,3.7999999523162837,3027300.0,3.6468734741210938
2015-12-11,3.75,3.640000104904175,3.740000009536743,3.6800000667572017,605900.0,3.5317091941833496
2015-12-14,3.670000076293945,3.4200000762939453,3.640000104904175,3.490000009536743,1166400.0,3.3493654727935787
2015-12-15,3.670000076293945,3.5299999713897705,3.559999942779541,3.5899999141693115,925600.0,3.4453356266021733
2015-12-16,3.829999923706055,3.539999961853028,3.5499999523162837,3.75,1010500.0,3.5988886356353764
2015-12-17,3.7899999618530273,3.609999895095825,3.7899999618530273,3.619999885559082,407700.0,3.4741268157958984
2015-12-18,3.5799999237060547,3.4200000762939453,3.559999942779541,3.440000057220459,1845700.0,3.3013803958892822
2015-12-21,3.539999961853028,3.2799999713897705,3.470000028610229,3.3299999237060547,702700.0,3.195812702178955
2015-12-22,3.509999990463257,3.309999942779541,3.359999895095825,3.4800000190734863,619500.0,3.339768409729004
2015-12-23,3.650000095367432,3.490000009536743,3.5199999809265137,3.609999895095825,771400.0,3.4645297527313232
2015-12-24,3.7799999713897705,3.630000114440918,3.630000114440918,3.7000000476837163,449700.0,3.5509033203125
2015-12-28,3.7000000476837163,3.539999961853028,3.670000076293945,3.609999895095825,336500.0,3.4645297527313232
2015-12-29,3.7200000286102295,3.5799999237060547,3.640000104904175,3.6800000667572017,687500.0,3.5317091941833496
2015-12-30,3.640000104904175,3.5699999332427983,3.630000114440918,3.5999999046325684,672700.0,3.454932451248169
2015-12-31,3.7000000476837163,3.5499999523162837,3.5499999523162837,3.690000057220459,348500.0,3.541306495666504
2016-01-04,3.6800000667572017,3.4800000190734863,3.5899999141693115,3.509999990463257,711000.0,3.3685593605041504
2016-01-05,3.5499999523162837,3.3399999141693115,3.5499999523162837,3.359999895095825,949300.0,3.2246038913726807
2016-01-06,3.3299999237060547,3.2300000190734863,3.3299999237060547,3.259999990463257,1207200.0,3.128633975982666
2016-01-07,3.0999999046325684,2.990000009536743,3.0899999141693115,3.0,2002000.0,2.8791108131408687
2016-01-08,3.109999895095825,2.900000095367432,3.0499999523162837,2.9500000476837163,994000.0,2.831125497817993
2016-01-11,3.0,2.75,2.9800000190734863,2.75,1219400.0,2.6391847133636475
2016-01-12,2.880000114440918,2.7300000190734863,2.799999952316284,2.7699999809265137,1001700.0,2.6583788394927983
2016-01-13,2.940000057220459,2.8199999332427983,2.8199999332427983,2.900000095367432,630000.0,2.7831404209136963
2016-01-14,3.059999942779541,2.789999961853028,2.880000114440918,2.990000009536743,1053700.0,2.869513511657715
2016-01-15,2.9200000762939453,2.740000009536743,2.869999885559082,2.7699999809265137,468400.0,2.6583788394927983
2016-01-19,2.799999952316284,2.5899999141693115,2.789999961853028,2.5999999046325684,820000.0,2.495229482650757
2016-01-20,2.7699999809265137,2.470000028610229,2.5999999046325684,2.6700000762939453,1664800.0,2.562408447265625
2016-01-21,2.759999990463257,2.619999885559082,2.650000095367432,2.6600000858306885,510400.0,2.552811622619629
2016-01-22,3.0,2.740000009536743,2.75,3.0,1095300.0,2.8791108131408687
2016-01-25,3.059999942779541,2.859999895095825,2.9800000190734863,2.869999885559082,491600.0,2.7543492317199707
2016-01-26,2.9300000667572017,2.8299999237060547,2.880000114440918,2.869999885559082,476300.0,2.7543492317199707
2016-01-27,2.9600000381469727,2.8399999141693115,2.859999895095825,2.880000114440918,559000.0,2.763946533203125
2016-01-28,3.039999961853028,2.8499999046325684,2.9500000476837163,3.039999961853028,693600.0,2.9174988269805913
2016-01-29,3.259999990463257,3.059999942779541,3.059999942779541,3.240000009536743,1008300.0,3.1094396114349365
2016-02-01,3.259999990463257,2.8499999046325684,3.190000057220459,3.220000028610229,1715300.0,3.090245485305786
2016-02-02,3.119999885559082,2.9500000476837163,3.119999885559082,2.990000009536743,389600.0,2.869513511657715
2016-02-03,3.2100000381469727,2.9300000667572017,3.0499999523162837,3.0899999141693115,1012800.0,2.965484142303467
2016-02-04,3.2300000190734863,3.009999990463257,3.130000114440918,3.140000104904175,617600.0,3.0134694576263428
2016-02-05,3.1700000762939453,3.059999942779541,3.0999999046325684,3.140000104904175,796400.0,3.0134694576263428
2016-02-08,3.0499999523162837,2.900000095367432,3.0499999523162837,2.970000028610229,408800.0,2.8503198623657227
2016-02-09,2.8499999046325684,2.6700000762939453,2.8499999046325684,2.7699999809265137,454800.0,2.6583788394927983
2016-02-10,2.880000114440918,2.700000047683716,2.8199999332427983,2.789999961853028,556400.0,2.677572965621948
2016-02-11,2.700000047683716,2.549999952316284,2.690000057220459,2.6600000858306885,656700.0,2.552811622619629
2016-02-12,3.009999990463257,2.6600000858306885,2.690000057220459,2.970000028610229,668000.0,2.8503198623657227
2016-02-16,3.0499999523162837,2.8499999046325684,2.990000009536743,3.0,632500.0,2.8791108131408687
2016-02-17,3.1600000858306885,3.0199999809265137,3.0299999713897705,3.0999999046325684,780800.0,2.975080966949463
2016-02-18,3.150000095367432,3.0199999809265137,3.119999885559082,3.130000114440918,321900.0,3.003872394561768
2016-02-19,3.2000000476837163,3.039999961853028,3.109999895095825,3.1600000858306885,310900.0,3.032663583755493
2016-02-22,3.490000009536743,3.220000028610229,3.2300000190734863,3.4500000476837163,1015700.0,3.3109774589538574
2016-02-23,3.4800000190734863,3.390000104904175,3.4300000667572017,3.4300000667572017,967000.0,3.291783571243286
2016-02-24,3.4300000667572017,3.289999961853028,3.3499999046325684,3.4300000667572017,774700.0,3.291783571243286
2016-02-25,3.490000009536743,3.369999885559082,3.4200000762939453,3.4300000667572017,434800.0,3.291783571243286
2016-02-26,3.539999961853028,3.4200000762939453,3.4800000190734863,3.470000028610229,644000.0,3.3301713466644287
2016-02-29,3.5799999237060547,3.4500000476837163,3.490000009536743,3.559999942779541,463200.0,3.4165446758270264
2016-03-01,3.6800000667572017,3.5,3.559999942779541,3.619999885559082,598700.0,3.4741268157958984
2016-03-02,3.7799999713897705,3.5999999046325684,3.609999895095825,3.7300000190734863,964400.0,3.5796945095062256
2016-03-03,3.829999923706055,3.690000057220459,3.7699999809265137,3.75,1414700.0,3.5988886356353764
2016-03-04,4.099999904632568,3.7799999713897705,3.7799999713897705,4.0900001525878915,1506300.0,3.9251880645751953
2016-03-07,4.1599998474121085,3.890000104904175,4.119999885559082,4.0,1284500.0,3.8388144969940186
2016-03-08,4.0,3.8199999332427983,3.9600000381469727,3.9600000381469727,923300.0,3.8004262447357178
2016-03-09,4.179999828338623,4.0,4.010000228881837,4.099999904632568,2144800.0,3.934784650802612
2016-03-10,4.25,4.019999980926514,4.0900001525878915,4.230000019073486,853900.0,4.059546947479248
2016-03-11,4.400000095367432,4.2800002098083505,4.300000190734863,4.349999904632568,1009600.0,4.174710750579834
2016-03-14,4.309999942779541,4.119999885559082,4.300000190734863,4.260000228881837,889000.0,4.0883378982543945
2016-03-15,4.199999809265137,3.940000057220459,4.199999809265137,4.0,999300.0,3.8388144969940186
2016-03-16,4.130000114440918,3.9500000476837163,3.9500000476837163,4.110000133514403,501600.0,3.944382429122925
2016-03-17,4.4099998474121085,4.199999809265137,4.199999809265137,4.369999885559082,934700.0,4.193904399871826
2016-03-18,4.519999980926514,4.349999904632568,4.400000095367432,4.510000228881836,1582100.0,4.328263282775879
2016-03-21,4.650000095367432,4.480000019073486,4.480000019073486,4.550000190734863,989800.0,4.366651535034181
2016-03-22,4.599999904632568,4.519999980926514,4.550000190734863,4.5900001525878915,1060900.0,4.405039310455322
2016-03-23,4.699999809265137,4.3400001525878915,4.630000114440918,4.380000114440918,1075600.0,4.2035017013549805
2016-03-24,4.389999866485597,4.25,4.2800002098083505,4.389999866485597,490900.0,4.2130985260009775
2016-03-28,4.619999885559082,4.429999828338623,4.489999771118164,4.619999885559082,1005800.0,4.433830738067627
2016-03-29,4.800000190734863,4.539999961853027,4.539999961853027,4.78000020980835,926000.0,4.58738374710083
2016-03-30,5.099999904632568,4.8400001525878915,4.869999885559082,4.860000133514403,1536900.0,4.664159774780273
2016-03-31,5.0,4.8400001525878915,4.860000133514403,4.920000076293945,617900.0,4.721741676330566
2016-04-01,5.03000020980835,4.78000020980835,4.829999923706055,4.920000076293945,736300.0,4.721741676330566
2016-04-04,4.920000076293945,4.610000133514403,4.920000076293945,4.650000095367432,941700.0,4.462622165679932
2016-04-05,4.6599998474121085,4.5,4.579999923706055,4.599999904632568,702500.0,4.414636135101318
2016-04-06,4.639999866485597,4.489999771118164,4.5900001525878915,4.550000190734863,475300.0,4.366651535034181
2016-04-07,4.5900001525878915,4.46999979019165,4.5,4.5900001525878915,392000.0,4.405039310455322
2016-04-08,4.929999828338623,4.690000057220459,4.699999809265137,4.869999885559082,641500.0,4.6737565994262695
2016-04-11,5.079999923706055,4.889999866485597,4.96999979019165,4.920000076293945,1040800.0,4.721741676330566
2016-04-12,5.150000095367432,4.889999866485597,4.920000076293945,5.119999885559082,1480200.0,4.913681983947754
2016-04-13,5.3400001525878915,5.1599998474121085,5.199999809265137,5.210000038146973,1382700.0,5.00005578994751
2016-04-14,5.239999771118164,5.059999942779541,5.210000038146973,5.1599998474121085,612400.0,4.952070236206055
2016-04-15,5.420000076293945,5.130000114440918,5.130000114440918,5.349999904632568,1449000.0,5.134414196014403
2016-04-18,5.449999809265137,5.099999904632568,5.28000020980835,5.199999809265137,1565900.0,4.990458965301514
2016-04-19,5.480000019073486,5.300000190734863,5.300000190734863,5.3400001525878915,1367100.0,5.12481689453125
2016-04-20,5.420000076293945,5.300000190734863,5.329999923706055,5.320000171661377,980400.0,5.105623245239258
2016-04-21,5.489999771118164,5.269999980926514,5.300000190734863,5.289999961853027,600700.0,5.076831817626953
2016-04-22,5.400000095367432,5.260000228881836,5.289999961853027,5.369999885559082,783300.0,5.153608322143555
2016-04-25,5.420000076293945,5.230000019073486,5.369999885559082,5.28000020980835,662300.0,5.067234992980957
2016-04-26,5.369999885559082,5.269999980926514,5.309999942779541,5.360000133514403,964300.0,5.144011974334717
2016-04-27,5.5,5.400000095367432,5.420000076293945,5.460000038146973,1451300.0,5.239981174468994
2016-04-28,5.519999980926514,5.400000095367432,5.449999809265137,5.4099998474121085,1011800.0,5.191996574401856
2016-04-29,5.53000020980835,5.289999961853027,5.440000057220459,5.380000114440918,1032600.0,5.163205623626709
2016-05-02,5.369999885559082,5.199999809265137,5.369999885559082,5.230000019073486,642300.0,5.01924991607666
2016-05-03,5.139999866485597,4.980000019073486,5.139999866485597,5.039999961853027,1256600.0,4.836905956268311
2016-05-04,5.349999904632568,5.0,5.0,5.25,1176200.0,5.038443565368652
2016-05-05,5.489999771118164,5.110000133514403,5.329999923706055,5.139999866485597,613400.0,4.932876110076903
2016-05-06,5.25,5.050000190734863,5.099999904632568,5.150000095367432,1138700.0,4.942473411560059
2016-05-09,5.130000114440918,4.75,5.099999904632568,4.889999866485597,1050200.0,4.692950248718262
2016-05-10,5.190000057220459,5.0,5.019999980926514,5.150000095367432,1225600.0,4.942473411560059
2016-05-11,5.400000095367432,5.0900001525878915,5.199999809265137,5.329999923706055,1310800.0,5.115219593048097
2016-05-12,5.519999980926514,5.300000190734863,5.400000095367432,5.449999809265137,1659800.0,5.230384826660156
2016-05-13,5.619999885559082,5.329999923706055,5.429999828338623,5.539999961853027,1216900.0,5.316757678985597
2016-05-16,5.679999828338622,5.53000020980835,5.610000133514403,5.570000171661377,771300.0,5.345549583435059
2016-05-17,5.739999771118164,5.599999904632568,5.599999904632568,5.699999809265138,1066900.0,5.4703102111816415
2016-05-18,5.71999979019165,5.480000019073486,5.619999885559082,5.5,878800.0,5.278369426727295
2016-05-19,5.489999771118164,5.28000020980835,5.380000114440918,5.460000038146973,886800.0,5.239981174468994
2016-05-20,5.739999771118164,5.480000019073486,5.53000020980835,5.690000057220459,1875300.0,5.4607133865356445
2016-05-23,5.75,5.550000190734863,5.5900001525878915,5.619999885559082,2426900.0,5.481194496154785
2016-05-24,5.6599998474121085,5.360000133514403,5.6599998474121085,5.460000038146973,1659800.0,5.325146675109863
2016-05-25,5.550000190734863,5.440000057220459,5.519999980926514,5.460000038146973,833000.0,5.325146675109863
2016-05-26,5.539999961853027,5.380000114440918,5.5,5.449999809265137,661400.0,5.315393924713135
2016-05-27,5.510000228881836,5.300000190734863,5.420000076293945,5.460000038146973,1200900.0,5.325146675109863
2016-05-31,5.550000190734863,5.369999885559082,5.46999979019165,5.4099998474121085,1290300.0,5.276381492614746
2016-06-01,5.550000190734863,5.28000020980835,5.389999866485597,5.480000019073486,2633400.0,5.344652652740479
2016-06-02,5.46999979019165,5.329999923706055,5.46999979019165,5.389999866485597,1317700.0,5.256875991821289
2016-06-03,5.8400001525878915,5.489999771118164,5.5,5.820000171661378,2789200.0,5.676255226135254
2016-06-06,6.190000057220459,5.860000133514403,5.860000133514403,6.0,3122000.0,5.851809501647949
2016-06-07,6.289999961853027,5.929999828338622,6.0,6.21999979019165,1992400.0,6.066375732421875
2016-06-08,6.510000228881836,6.300000190734862,6.3499999046325675,6.320000171661378,1473600.0,6.1639060974121085
2016-06-09,6.320000171661378,5.989999771118164,6.28000020980835,6.070000171661378,2070200.0,5.9200806617736825
2016-06-10,6.079999923706055,5.889999866485597,5.960000038146973,6.03000020980835,1034700.0,5.881068706512451
2016-06-13,5.9000000953674325,5.78000020980835,5.869999885559082,5.789999961853027,747100.0,5.64699649810791
2016-06-14,5.860000133514403,5.639999866485597,5.739999771118164,5.690000057220459,820000.0,5.549466133117676
2016-06-15,5.960000038146973,5.690000057220459,5.739999771118164,5.9000000953674325,1076500.0,5.754279136657715
2016-06-16,5.980000019073486,5.75,5.820000171661378,5.920000076293945,1280600.0,5.77378511428833
2016-06-17,6.190000057220459,5.980000019073486,6.0,6.190000057220459,2448400.0,6.037116527557372
2016-06-20,6.489999771118164,6.260000228881836,6.320000171661378,6.3499999046325675,1618800.0,6.193164825439452
2016-06-21,6.420000076293945,6.0900001525878915,6.4099998474121085,6.230000019073486,1789000.0,6.076128959655763
2016-06-22,6.489999771118164,6.199999809265138,6.28000020980835,6.230000019073486,1010300.0,6.076128959655763
2016-06-23,6.460000038146973,6.039999961853027,6.360000133514403,6.449999809265138,1692100.0,6.290694713592528
2016-06-24,6.179999828338622,5.96999979019165,6.170000076293945,6.0,1254900.0,5.851809501647949
2016-06-27,6.0,5.71999979019165,5.980000019073486,5.789999961853027,929000.0,5.64699649810791
2016-06-28,6.260000228881836,5.889999866485597,5.9000000953674325,6.190000057220459,897500.0,6.037116527557372
2016-06-29,6.559999942779541,6.269999980926514,6.28000020980835,6.5,1752600.0,6.339460372924805
2016-06-30,6.550000190734862,6.329999923706055,6.5,6.510000228881836,1060800.0,6.349213600158691
2016-07-01,6.789999961853027,6.5,6.550000190734862,6.760000228881836,969600.0,6.593039035797119
2016-07-05,6.710000038146973,6.360000133514403,6.699999809265138,6.460000038146973,783600.0,6.300448417663574
2016-07-06,6.360000133514403,6.0999999046325675,6.360000133514403,6.230000019073486,1387400.0,6.076128959655763
2016-07-07,6.449999809265138,6.1599998474121085,6.289999961853027,6.3499999046325675,905900.0,6.193164825439452
2016-07-08,6.539999961853027,6.420000076293945,6.489999771118164,6.510000228881836,910200.0,6.349213600158691
2016-07-11,6.75,6.570000171661378,6.5999999046325675,6.5999999046325675,650400.0,6.436990261077881
2016-07-12,6.8400001525878915,6.690000057220459,6.78000020980835,6.690000057220459,894600.0,6.524767875671388
2016-07-13,6.789999961853027,6.460000038146973,6.730000019073486,6.539999961853027,753300.0,6.378472328186035
2016-07-14,6.760000228881836,6.559999942779541,6.75,6.670000076293945,724200.0,6.505261898040772
2016-07-15,6.710000038146973,6.579999923706055,6.6500000953674325,6.6599998474121085,608200.0,6.4955081939697275
2016-07-18,6.78000020980835,6.539999961853027,6.6500000953674325,6.760000228881836,363700.0,6.593039035797119
2016-07-19,6.75,6.5900001525878915,6.639999866485597,6.6500000953674325,657700.0,6.485755443572997
2016-07-20,6.699999809265138,6.519999980926514,6.639999866485597,6.679999828338622,1707500.0,6.515014171600343
2016-07-21,6.78000020980835,6.6500000953674325,6.690000057220459,6.71999979019165,620600.0,6.5540266036987305
2016-07-22,6.739999771118164,6.519999980926514,6.730000019073486,6.559999942779541,522600.0,6.39797830581665
2016-07-25,6.550000190734862,6.369999885559082,6.550000190734862,6.420000076293945,781900.0,6.261436462402344
2016-07-26,6.579999923706055,6.329999923706055,6.4000000953674325,6.510000228881836,360000.0,6.349213600158691
2016-07-27,6.579999923706055,6.389999866485597,6.579999923706055,6.46999979019165,607500.0,6.3102006912231445
2016-07-28,6.46999979019165,6.3499999046325675,6.440000057220459,6.440000057220459,521200.0,6.280942440032959
2016-07-29,6.699999809265138,6.329999923706055,6.449999809265138,6.679999828338622,1334200.0,6.515014171600343
2016-08-01,6.639999866485597,6.369999885559082,6.630000114440918,6.389999866485597,777800.0,6.232176780700684
2016-08-02,6.5900001525878915,6.199999809265138,6.389999866485597,6.21999979019165,1016000.0,6.066375732421875
2016-08-03,6.440000057220459,6.1500000953674325,6.21999979019165,6.429999828338622,736000.0,6.271189212799072
2016-08-04,6.570000171661378,6.380000114440918,6.440000057220459,6.46999979019165,999900.0,6.3102006912231445
2016-08-05,6.6500000953674325,6.489999771118164,6.519999980926514,6.519999980926514,913900.0,6.35896635055542
2016-08-08,6.6599998474121085,6.489999771118164,6.519999980926514,6.53000020980835,734400.0,6.3687191009521475
2016-08-09,6.619999885559082,6.53000020980835,6.559999942779541,6.5900001525878915,463900.0,6.427237033843994
2016-08-10,6.670000076293945,6.440000057220459,6.639999866485597,6.510000228881836,600000.0,6.349213600158691
2016-08-11,6.6500000953674325,6.4000000953674325,6.440000057220459,6.579999923706055,903500.0,6.417484760284424
2016-08-12,6.6500000953674325,6.4000000953674325,6.610000133514403,6.440000057220459,1030200.0,6.280942440032959
2016-08-15,6.5999999046325675,6.46999979019165,6.5,6.519999980926514,1179500.0,6.35896635055542
2016-08-16,6.570000171661378,6.449999809265138,6.550000190734862,6.480000019073486,481600.0,6.3199543952941895
2016-08-17,6.539999961853027,6.380000114440918,6.480000019073486,6.489999771118164,1049100.0,6.329707145690918
2016-08-18,6.889999866485597,6.53000020980835,6.570000171661378,6.739999771118164,1490100.0,6.573532104492188
2016-08-19,6.949999809265138,6.699999809265138,6.75,6.920000076293945,1145800.0,6.749087333679199
2016-08-22,6.920000076293945,6.75,6.880000114440918,6.880000114440918,611300.0,6.7100749015808105
2016-08-23,7.03000020980835,6.769999980926514,6.940000057220459,6.8499999046325675,1020400.0,6.680816173553468
2016-08-24,6.980000019073486,6.75,6.829999923706055,6.869999885559082,688700.0,6.700321674346924
2016-08-25,6.960000038146973,6.869999885559082,6.9000000953674325,6.960000038146973,634400.0,6.788098812103272
2016-08-26,7.1500000953674325,6.9099998474121085,6.980000019073486,6.949999809265138,1128400.0,6.778346061706543
2016-08-29,7.110000133514403,6.9099998474121085,6.9099998474121085,7.0900001525878915,965100.0,6.914888381958008
2016-08-30,7.179999828338622,7.0,7.079999923706055,7.179999828338622,1245700.0,7.002665042877197
2016-08-31,7.230000019073486,6.920000076293945,7.179999828338622,7.039999961853027,1029500.0,6.8661231994628915
2016-09-01,7.199999809265138,7.059999942779541,7.139999866485597,7.170000076293945,815100.0,6.992912292480469
2016-09-02,7.4000000953674325,7.21999979019165,7.25,7.28000020980835,1335200.0,7.1001954078674325
2016-09-06,7.389999866485597,7.179999828338622,7.360000133514403,7.300000190734862,1221100.0,7.119701385498048
2016-09-07,7.460000038146973,7.260000228881836,7.3499999046325675,7.380000114440918,826100.0,7.197726249694824
2016-09-08,7.5,7.320000171661378,7.420000076293945,7.460000038146973,1477100.0,7.275750160217285
2016-09-09,7.360000133514403,6.989999771118164,7.3400001525878915,7.059999942779541,1422200.0,6.885629177093506
2016-09-12,7.059999942779541,6.829999923706055,7.03000020980835,7.0,1096300.0,6.827110767364503
2016-09-13,7.059999942779541,6.760000228881836,6.9000000953674325,6.769999980926514,1507300.0,6.602791786193848
2016-09-14,6.889999866485597,6.610000133514403,6.75,6.710000038146973,971200.0,6.544273853302003
2016-09-15,6.940000057220459,6.71999979019165,6.78000020980835,6.809999942779541,855800.0,6.641803741455077
2016-09-16,6.75,6.630000114440918,6.730000019073486,6.690000057220459,1114500.0,6.524767875671388
2016-09-19,6.800000190734862,6.670000076293945,6.71999979019165,6.739999771118164,1698600.0,6.573532104492188
2016-09-20,6.869999885559082,6.670000076293945,6.78000020980835,6.679999828338622,4260100.0,6.515014171600343
2016-09-21,6.789999961853027,6.699999809265138,6.75,6.75,4656900.0,6.583285808563232
2016-09-22,6.940000057220459,6.800000190734862,6.880000114440918,6.929999828338622,4169600.0,6.7588396072387695
2016-09-23,7.019999980926514,6.800000190734862,6.889999866485597,6.889999866485597,4753400.0,6.719828128814697
2016-09-26,6.940000057220459,6.8400001525878915,6.889999866485597,6.9000000953674325,2405100.0,6.729580879211426
2016-09-27,6.989999771118164,6.860000133514403,6.880000114440918,6.889999866485597,1773000.0,6.719828128814697
2016-09-28,7.199999809265138,6.820000171661378,6.940000057220459,7.170000076293945,3868500.0,6.992912292480469
2016-09-29,7.21999979019165,6.949999809265138,7.199999809265138,7.059999942779541,2123700.0,6.885629177093506
2016-09-30,7.210000038146973,7.050000190734862,7.139999866485597,7.1500000953674325,1777700.0,6.9734063148498535
2016-10-03,7.46999979019165,7.079999923706055,7.1500000953674325,7.440000057220459,2076700.0,7.25624418258667
2016-10-04,7.46999979019165,7.269999980926514,7.440000057220459,7.309999942779541,3480100.0,7.129454612731934
2016-10-05,7.630000114440918,7.3400001525878915,7.369999885559082,7.539999961853027,4763900.0,7.353774070739746
2016-10-06,7.960000038146973,7.539999961853027,7.570000171661378,7.8499999046325675,4734900.0,7.656116962432861
2016-10-07,8.090000152587889,7.809999942779541,7.949999809265138,8.0,3945400.0,7.802412509918213
2016-10-10,8.159999847412111,7.889999866485597,8.039999961853027,7.960000038146973,2264000.0,7.7634010314941415
2016-10-11,8.020000457763674,7.880000114440918,7.940000057220459,7.929999828338622,1860400.0,7.73414134979248
2016-10-12,8.149999618530272,7.860000133514403,7.920000076293945,8.060000419616701,2435000.0,7.860930919647218
2016-10-13,8.300000190734862,7.9099998474121085,8.0,8.279999732971191,2443400.0,8.075497627258299
2016-10-14,8.409999847412111,8.260000228881836,8.329999923706055,8.380000114440918,2353700.0,8.173027992248535
2016-10-17,8.659999847412111,8.380000114440918,8.380000114440918,8.489999771118164,3387900.0,8.28031063079834
2016-10-18,8.649999618530272,8.539999961853027,8.619999885559082,8.630000114440918,2246900.0,8.416852951049805
2016-10-19,8.84000015258789,8.659999847412111,8.680000305175781,8.760000228881836,3165100.0,8.543642044067383
2016-10-20,8.960000038146973,8.720000267028809,8.720000267028809,8.949999809265137,2524700.0,8.728949546813965
2016-10-21,9.369999885559082,8.84000015258789,8.930000305175781,9.289999961853027,3347900.0,9.060551643371582
2016-10-24,9.5,9.119999885559082,9.369999885559082,9.279999732971193,2346000.0,9.05079746246338
2016-10-25,9.300000190734863,9.050000190734863,9.239999771118164,9.109999656677246,2699400.0,8.884997367858887
2016-10-26,9.1899995803833,8.869999885559082,8.989999771118164,9.050000190734863,2419700.0,8.8264799118042
2016-10-27,9.270000457763672,9.029999732971193,9.18000030517578,9.039999961853027,1302800.0,8.816725730895996
2016-10-28,9.130000114440918,8.819999694824219,9.0,8.920000076293945,2324800.0,8.699689865112305
2016-10-31,8.989999771118164,8.779999732971191,8.960000038146973,8.899999618530273,3201700.0,8.680183410644531
2016-11-01,8.949999809265137,8.569999694824219,8.90999984741211,8.640000343322754,2595300.0,8.426606178283691
2016-11-02,8.539999961853027,8.310000419616701,8.5,8.489999771118164,2316600.0,8.28031063079834
2016-11-03,8.659999847412111,8.350000381469728,8.489999771118164,8.380000114440918,1539400.0,8.173027992248535
2016-11-04,8.529999732971191,8.210000038146973,8.359999656677246,8.340000152587889,1527900.0,8.134016036987305
2016-11-07,8.640000343322754,8.470000267028809,8.539999961853027,8.5,2953700.0,8.290063858032228
2016-11-08,8.710000038146973,8.470000267028809,8.5,8.550000190734862,4422700.0,8.338828086853027
2016-11-09,8.550000190734862,7.880000114440918,8.109999656677246,8.300000190734862,2627300.0,8.095003128051758
2016-11-10,8.189999580383299,7.1500000953674325,8.060000419616701,7.1599998474121085,5025300.0,6.983159065246582
2016-11-11,7.210000038146973,6.9099998474121085,7.179999828338622,7.139999866485597,4895500.0,6.963652610778809
2016-11-14,7.139999866485597,6.8400001525878915,6.96999979019165,7.139999866485597,5192600.0,6.963652610778809
2016-11-15,7.309999942779541,7.0900001525878915,7.230000019073486,7.1599998474121085,2131300.0,6.983159065246582
2016-11-16,7.1599998474121085,6.980000019073486,6.989999771118164,7.079999923706055,2394100.0,6.905134677886963
2016-11-17,7.079999923706055,6.940000057220459,7.019999980926514,6.980000019073486,2483500.0,6.807605266571045
2016-11-18,7.179999828338622,6.949999809265138,7.010000228881836,7.050000190734862,1793700.0,6.875876426696777
2016-11-21,7.289999961853027,7.050000190734862,7.190000057220459,7.0900001525878915,1848200.0,6.914888381958008
2016-11-22,7.559999942779541,7.179999828338622,7.25,7.21999979019165,3536800.0,7.041676998138428
2016-11-23,7.21999979019165,7.039999961853027,7.079999923706055,7.199999809265138,1806200.0,7.0221710205078125
2016-11-25,7.230000019073486,7.110000133514403,7.179999828338622,7.1500000953674325,927800.0,6.9734063148498535
2016-11-28,7.329999923706055,7.0999999046325675,7.210000038146973,7.199999809265138,1386100.0,7.0221710205078125
2016-11-29,7.1599998474121085,6.949999809265138,7.1599998474121085,7.010000228881836,1963300.0,6.836864471435548
2016-11-30,7.360000133514403,7.170000076293945,7.21999979019165,7.190000057220459,1963100.0,7.012418746948242
2016-12-01,7.25,6.869999885559082,7.1500000953674325,6.920000076293945,3297100.0,6.749087333679199
2016-12-02,7.139999866485597,6.920000076293945,6.920000076293945,7.110000133514403,2882500.0,6.934394359588622
2016-12-05,7.480000019073486,7.1500000953674325,7.170000076293945,7.300000190734862,4494400.0,7.119701385498048
2016-12-06,7.539999961853027,7.269999980926514,7.289999961853027,7.510000228881836,1265400.0,7.324514865875244
2016-12-07,7.760000228881836,7.579999923706055,7.579999923706055,7.670000076293945,1532200.0,7.480563163757324
2016-12-08,7.760000228881836,7.5,7.699999809265138,7.739999771118164,1819600.0,7.5488343238830575
2016-12-09,7.940000057220459,7.699999809265138,7.71999979019165,7.800000190734862,2155900.0,7.6073527336120605
2016-12-12,8.029999732971191,7.6500000953674325,7.980000019073486,7.710000038146973,2380300.0,7.519575119018555
2016-12-13,7.989999771118164,7.690000057220459,7.699999809265138,7.829999923706055,3122800.0,7.636611461639403
2016-12-14,7.920000076293945,7.570000171661378,7.78000020980835,7.5900001525878915,1589800.0,7.402539253234862
2016-12-15,7.739999771118164,7.510000228881836,7.510000228881836,7.690000057220459,1201400.0,7.5000691413879395
2016-12-16,7.820000171661378,7.579999923706055,7.710000038146973,7.809999942779541,2361200.0,7.617105007171631
2016-12-19,7.8400001525878915,7.710000038146973,7.820000171661378,7.75,1415000.0,7.558587074279785
2016-12-20,7.769999980926514,7.420000076293945,7.730000019073486,7.510000228881836,1205100.0,7.324514865875244
2016-12-21,7.630000114440918,7.28000020980835,7.630000114440918,7.460000038146973,1067800.0,7.275750160217285
2016-12-22,7.539999961853027,7.329999923706055,7.440000057220459,7.539999961853027,1840900.0,7.353774070739746
2016-12-23,7.5999999046325675,7.480000019073486,7.5999999046325675,7.559999942779541,698700.0,7.373280048370361
2016-12-27,7.619999885559082,7.510000228881836,7.539999961853027,7.53000020980835,503300.0,7.344021320343018
2016-12-28,7.730000019073486,7.519999980926514,7.519999980926514,7.639999866485597,880600.0,7.451303958892822
2016-12-29,7.730000019073486,7.550000190734862,7.639999866485597,7.619999885559082,658900.0,7.431798458099365
2016-12-30,7.6599998474121085,7.480000019073486,7.630000114440918,7.510000228881836,529900.0,7.324514865875244
2017-01-03,8.039999961853027,7.6500000953674325,7.6500000953674325,7.860000133514403,1222400.0,7.665870666503906
2017-01-04,8.029999732971191,7.730000019073486,7.940000057220459,7.940000057220459,1219100.0,7.743894577026367
2017-01-05,8.159999847412111,7.860000133514403,8.140000343322754,7.929999828338622,802000.0,7.73414134979248
2017-01-06,7.949999809265138,7.730000019073486,7.920000076293945,7.730000019073486,632800.0,7.53908109664917
2017-01-09,7.829999923706055,7.679999828338622,7.829999923706055,7.75,416800.0,7.558587074279785
2017-01-10,7.889999866485597,7.690000057220459,7.809999942779541,7.789999961853027,749000.0,7.5975990295410165
2017-01-11,7.8400001525878915,7.670000076293945,7.78000020980835,7.829999923706055,855800.0,7.636611461639403
2017-01-12,7.949999809265138,7.739999771118164,7.929999828338622,7.739999771118164,1142700.0,7.5488343238830575
2017-01-13,8.039999961853027,7.730000019073486,7.760000228881836,8.0,1598400.0,7.802412509918213
2017-01-17,8.199999809265138,7.949999809265138,8.020000457763674,8.130000114440918,1113700.0,7.929202079772949
2017-01-18,8.270000457763674,8.069999694824219,8.090000152587889,8.229999542236326,1150000.0,8.026730537414549
2017-01-19,8.439999580383299,8.260000228881836,8.279999732971191,8.310000419616701,1198700.0,8.104756355285645
2017-01-20,8.5,8.340000152587889,8.380000114440918,8.460000038146973,1035900.0,8.251051902770996
2017-01-23,8.729999542236326,8.430000305175781,8.489999771118164,8.560000419616701,3141500.0,8.34858226776123
2017-01-24,8.779999732971191,8.600000381469728,8.609999656677246,8.649999618530272,3086100.0,8.436357498168945
2017-01-25,8.779999732971191,8.600000381469728,8.699999809265138,8.680000305175781,1258700.0,8.465618133544924
2017-01-26,8.699999809265138,8.439999580383299,8.670000076293945,8.449999809265138,1554300.0,8.241298675537111
2017-01-27,8.520000457763674,8.270000457763674,8.439999580383299,8.289999961853027,1163000.0,8.085249900817871
2017-01-30,8.319999694824219,8.020000457763674,8.279999732971191,8.069999694824219,1509700.0,7.870683670043945
2017-01-31,8.319999694824219,8.039999961853027,8.050000190734862,8.180000305175781,1360500.0,7.977967739105225
2017-02-01,8.260000228881836,8.140000343322754,8.239999771118164,8.229999542236326,901900.0,8.026730537414549
2017-02-02,8.539999961853027,8.210000038146973,8.279999732971191,8.5,4486100.0,8.290063858032228
2017-02-03,8.869999885559082,8.529999732971191,8.560000419616701,8.770000457763674,1994800.0,8.553396224975586
2017-02-06,8.859999656677246,8.619999885559082,8.850000381469727,8.649999618530272,958800.0,8.436357498168945
2017-02-07,8.739999771118164,8.479999542236326,8.710000038146973,8.479999542236326,953500.0,8.270556449890138
2017-02-08,8.600000381469728,8.369999885559082,8.470000267028809,8.539999961853027,787300.0,8.329075813293457
2017-02-09,8.699999809265138,8.539999961853027,8.539999961853027,8.680000305175781,679000.0,8.465618133544924
2017-02-10,8.8100004196167,8.649999618530272,8.710000038146973,8.760000228881836,870300.0,8.543642044067383
2017-02-13,8.970000267028809,8.770000457763674,8.800000190734863,8.960000038146973,1067900.0,8.738701820373535
2017-02-14,9.010000228881836,8.770000457763674,8.979999542236328,8.90999984741211,1050000.0,8.689937591552733
2017-02-15,9.170000076293944,8.84000015258789,8.930000305175781,9.039999961853027,1293000.0,8.816725730895996
2017-02-16,9.18000030517578,9.0,9.050000190734863,9.09000015258789,1334300.0,8.865490913391113
2017-02-17,9.09000015258789,8.970000267028809,9.0600004196167,9.029999732971193,994600.0,8.806973457336426
2017-02-21,9.34000015258789,9.050000190734863,9.079999923706056,9.329999923706056,1442300.0,9.099563598632812
2017-02-22,9.399999618530273,9.170000076293944,9.260000228881836,9.289999961853027,1284200.0,9.060551643371582
2017-02-23,9.449999809265137,9.210000038146973,9.359999656677246,9.260000228881836,1547100.0,9.031293869018556
2017-02-24,9.050000190734863,8.479999542236326,9.050000190734863,8.689999580383299,3508200.0,8.475370407104492
2017-02-27,8.680000305175781,8.479999542236326,8.640000343322754,8.479999542236326,1955600.0,8.270556449890138
2017-02-28,8.640000343322754,8.319999694824219,8.529999732971191,8.340000152587889,1016300.0,8.134016036987305
2017-03-01,8.600000381469728,8.390000343322754,8.390000343322754,8.489999771118164,1381400.0,8.28031063079834
2017-03-02,8.560000419616701,8.409999847412111,8.420000076293945,8.430000305175781,2228600.0,8.221792221069336
2017-03-03,8.510000228881836,8.319999694824219,8.479999542236326,8.470000267028809,1767500.0,8.260804176330566
2017-03-06,8.399999618530272,8.220000267028809,8.390000343322754,8.279999732971191,1308500.0,8.075497627258299
2017-03-07,8.359999656677246,8.090000152587889,8.279999732971191,8.199999809265138,1741400.0,7.9974727630615225
2017-03-08,8.210000038146973,7.9099998474121085,8.109999656677246,7.940000057220459,1522900.0,7.743894577026367
2017-03-09,8.119999885559082,7.860000133514403,7.9000000953674325,7.940000057220459,1072000.0,7.743894577026367
2017-03-10,8.079999923706055,7.889999866485597,8.069999694824219,7.949999809265138,712200.0,7.753647327423097
2017-03-13,8.189999580383299,7.980000019073486,8.0,8.159999847412111,630600.0,7.958461284637451
2017-03-14,8.159999847412111,7.829999923706055,8.109999656677246,7.829999923706055,1749000.0,7.636611461639403
2017-03-15,8.090000152587889,7.730000019073486,7.9000000953674325,8.079999923706055,1562600.0,7.880436897277832
2017-03-16,8.420000076293945,8.119999885559082,8.119999885559082,8.300000190734862,1366800.0,8.095003128051758
2017-03-17,8.479999542236326,8.25,8.359999656677246,8.420000076293945,2599000.0,8.212039947509767
2017-03-20,8.520000457763674,8.369999885559082,8.420000076293945,8.430000305175781,834700.0,8.221792221069336
2017-03-21,8.439999580383299,7.96999979019165,8.420000076293945,8.060000419616701,1229500.0,7.860930919647218
2017-03-22,8.199999809265138,8.0,8.079999923706055,8.199999809265138,962300.0,7.9974727630615225
2017-03-23,8.220000267028809,7.929999828338622,8.069999694824219,8.140000343322754,867700.0,7.938955783843994
2017-03-24,8.289999961853027,8.159999847412111,8.180000305175781,8.239999771118164,571900.0,8.036484718322754
2017-03-27,8.310000419616701,8.010000228881836,8.130000114440918,8.289999961853027,1060500.0,8.085249900817871
2017-03-28,8.789999961853027,8.329999923706055,8.329999923706055,8.760000228881836,1748500.0,8.543642044067383
2017-03-29,8.829999923706055,8.680000305175781,8.760000228881836,8.739999771118164,2044800.0,8.524135589599611
2017-03-30,8.739999771118164,8.460000038146973,8.739999771118164,8.489999771118164,1651000.0,8.28031063079834
2017-03-31,8.630000114440918,8.399999618530272,8.510000228881836,8.539999961853027,1507500.0,8.329075813293457
2017-04-03,8.84000015258789,8.550000190734862,8.579999923706055,8.779999732971191,1484300.0,8.56314754486084
2017-04-04,9.100000381469727,8.630000114440918,8.739999771118164,9.029999732971193,2791100.0,8.806973457336426
2017-04-05,9.289999961853027,8.890000343322754,9.079999923706056,8.890000343322754,1716100.0,8.670432090759277
2017-04-06,8.989999771118164,8.710000038146973,8.890000343322754,8.739999771118164,1031000.0,8.524135589599611
2017-04-07,8.890000343322754,8.579999923706055,8.75,8.600000381469728,585100.0,8.387593269348145
2017-04-10,8.8100004196167,8.520000457763674,8.590000152587889,8.8100004196167,795200.0,8.5924072265625
2017-04-11,8.869999885559082,8.659999847412111,8.729999542236326,8.699999809265138,1222200.0,8.485124588012695
2017-04-12,8.649999618530272,8.399999618530272,8.649999618530272,8.409999847412111,1008400.0,8.202285766601562
2017-04-13,8.489999771118164,8.149999618530272,8.399999618530272,8.170000076293945,967800.0,7.96821403503418
2017-04-17,8.270000457763674,8.159999847412111,8.229999542236326,8.25,772800.0,8.046237945556639
2017-04-18,8.279999732971191,8.079999923706055,8.220000267028809,8.090000152587889,841800.0,7.890190124511719
2017-04-19,8.149999618530272,7.949999809265138,8.119999885559082,8.0,817400.0,7.802412509918213
2017-04-20,8.050000190734862,7.860000133514403,8.029999732971191,7.980000019073486,1821700.0,7.782906532287598
2017-04-21,8.039999961853027,7.8499999046325675,7.960000038146973,7.860000133514403,1113400.0,7.665870666503906
2017-04-24,8.079999923706055,7.949999809265138,8.0,7.96999979019165,1081300.0,7.773153305053711
2017-04-25,8.020000457763674,7.9099998474121085,7.96999979019165,7.980000019073486,1125900.0,7.782906532287598
2017-04-26,8.069999694824219,7.730000019073486,7.949999809265138,7.739999771118164,1158800.0,7.5488343238830575
2017-04-27,7.739999771118164,7.519999980926514,7.730000019073486,7.539999961853027,1413800.0,7.353774070739746
2017-04-28,7.75,7.429999828338622,7.519999980926514,7.690000057220459,1392100.0,7.5000691413879395
2017-05-01,7.78000020980835,7.6599998474121085,7.710000038146973,7.739999771118164,1070600.0,7.5488343238830575
2017-05-02,7.889999866485597,7.75,7.75,7.8499999046325675,1389100.0,7.656116962432861
2017-05-03,7.9099998474121085,7.610000133514403,7.880000114440918,7.860000133514403,1782300.0,7.665870666503906
2017-05-04,7.800000190734862,7.480000019073486,7.800000190734862,7.539999961853027,1581200.0,7.353774070739746
2017-05-05,7.75,7.519999980926514,7.559999942779541,7.739999771118164,833100.0,7.5488343238830575
2017-05-08,7.800000190734862,7.539999961853027,7.760000228881836,7.699999809265138,1007700.0,7.509821891784668
2017-05-09,7.809999942779541,7.6500000953674325,7.75,7.789999961853027,1097100.0,7.5975990295410165
2017-05-10,8.090000152587889,7.8499999046325675,7.869999885559082,7.980000019073486,1236800.0,7.782906532287598
2017-05-11,8.100000381469728,7.760000228881836,7.880000114440918,8.050000190734862,1605300.0,7.851178169250487
2017-05-12,8.199999809265138,8.039999961853027,8.140000343322754,8.149999618530272,1013500.0,7.948707580566406
2017-05-15,8.319999694824219,8.189999580383299,8.25,8.279999732971191,865800.0,8.075497627258299
2017-05-16,8.460000038146973,8.180000305175781,8.260000228881836,8.439999580383299,1236600.0,8.30780029296875
2017-05-17,8.399999618530272,8.069999694824219,8.369999885559082,8.079999923706055,1585300.0,7.953439712524414
2017-05-18,7.239999771118164,6.690000057220459,7.119999885559082,6.760000228881836,3304600.0,6.654115676879883
2017-05-19,7.480000019073486,6.920000076293945,6.949999809265138,7.380000114440918,1315300.0,7.264403820037843
2017-05-22,7.269999980926514,7.0,7.199999809265138,7.119999885559082,1046000.0,7.008476257324219
2017-05-23,7.230000019073486,7.0999999046325675,7.1500000953674325,7.179999828338622,1270800.0,7.0675368309021
2017-05-24,7.309999942779541,7.119999885559082,7.260000228881836,7.25,1337300.0,7.1364402770996085
2017-05-25,7.429999828338622,7.079999923706055,7.260000228881836,7.0999999046325675,863800.0,6.9887895584106445
2017-05-26,7.4000000953674325,7.0900001525878915,7.139999866485597,7.28000020980835,901900.0,7.165970325469972
2017-05-30,7.329999923706055,7.119999885559082,7.289999961853027,7.139999866485597,1382000.0,7.028162956237793
2017-05-31,7.1500000953674325,6.96999979019165,7.1500000953674325,7.079999923706055,1084100.0,6.96910285949707
2017-06-01,7.5,7.110000133514403,7.139999866485597,7.119999885559082,1113300.0,7.008476257324219
2017-06-02,7.1500000953674325,6.940000057220459,7.130000114440918,6.980000019073486,1620000.0,6.870669364929199
2017-06-05,6.989999771118164,6.5900001525878915,6.920000076293945,6.730000019073486,2526400.0,6.624585151672362
2017-06-06,6.789999961853027,6.610000133514403,6.699999809265138,6.630000114440918,1367800.0,6.526151657104492
2017-06-07,6.730000019073486,6.46999979019165,6.6599998474121085,6.510000228881836,2316200.0,6.408030986785889
2017-06-08,6.539999961853027,6.289999961853027,6.429999828338622,6.519999980926514,1410000.0,6.417874336242676
2017-06-09,6.579999923706055,6.369999885559082,6.53000020980835,6.389999866485597,843400.0,6.2899107933044425
2017-06-12,6.420000076293945,6.239999771118164,6.360000133514403,6.289999961853027,1562800.0,6.191476821899414
2017-06-13,6.289999961853027,6.070000171661378,6.289999961853027,6.1500000953674325,2758100.0,6.0536699295043945
2017-06-14,6.309999942779541,6.070000171661378,6.179999828338622,6.0999999046325675,1571400.0,6.004452705383301
2017-06-15,6.130000114440918,5.960000038146973,6.03000020980835,6.130000114440918,2730200.0,6.03398323059082
2017-06-16,6.1599998474121085,6.050000190734862,6.119999885559082,6.1599998474121085,1176500.0,6.0635132789611825
2017-06-19,6.25,6.119999885559082,6.119999885559082,6.179999828338622,875500.0,6.083199977874756
2017-06-20,6.170000076293945,5.880000114440918,6.139999866485597,5.889999866485597,1365300.0,5.797742366790772
2017-06-21,5.989999771118164,5.679999828338622,5.920000076293945,5.690000057220459,1315300.0,5.600875377655028
2017-06-22,5.9000000953674325,5.630000114440918,5.690000057220459,5.860000133514403,1375000.0,5.76821231842041
2017-06-23,6.03000020980835,5.8400001525878915,5.860000133514403,6.019999980926514,1906900.0,5.925706386566162
2017-06-26,6.3400001525878915,6.0900001525878915,6.0999999046325675,6.269999980926514,1512800.0,6.17179012298584
2017-06-27,6.320000171661378,6.1500000953674325,6.239999771118164,6.300000190734862,1662000.0,6.2013206481933585
2017-06-28,6.4099998474121085,6.28000020980835,6.360000133514403,6.320000171661378,1240000.0,6.221007347106934
2017-06-29,6.4000000953674325,6.239999771118164,6.3400001525878915,6.300000190734862,1222600.0,6.2013206481933585
2017-06-30,6.440000057220459,6.28000020980835,6.300000190734862,6.4099998474121085,965900.0,6.309597492218018
2017-07-03,6.539999961853027,6.380000114440918,6.440000057220459,6.389999866485597,530300.0,6.2899107933044425
2017-07-05,6.449999809265138,6.260000228881836,6.4000000953674325,6.420000076293945,1105300.0,6.319440841674805
2017-07-06,6.449999809265138,6.300000190734862,6.4099998474121085,6.420000076293945,878500.0,6.319440841674805
2017-07-07,6.449999809265138,6.309999942779541,6.449999809265138,6.320000171661378,845900.0,6.221007347106934
2017-07-10,6.5,6.329999923706055,6.3400001525878915,6.4000000953674325,1193100.0,6.299754142761231
2017-07-11,6.46999979019165,6.3400001525878915,6.429999828338622,6.4099998474121085,2412900.0,6.309597492218018
2017-07-12,6.9000000953674325,6.53000020980835,6.53000020980835,6.760000228881836,1880900.0,6.654115676879883
2017-07-13,6.96999979019165,6.789999961853027,6.789999961853027,6.949999809265138,1108900.0,6.841139316558838
2017-07-14,7.039999961853027,6.9000000953674325,7.0,6.9099998474121085,727400.0,6.801765441894531
2017-07-17,6.96999979019165,6.860000133514403,6.940000057220459,6.869999885559082,1499200.0,6.762392044067383
2017-07-18,7.0999999046325675,6.800000190734862,6.9099998474121085,7.070000171661378,1305500.0,6.959259510040282
2017-07-19,7.190000057220459,7.0,7.119999885559082,7.1500000953674325,1665500.0,7.038006782531737
2017-07-20,7.260000228881836,7.0999999046325675,7.179999828338622,7.170000076293945,899800.0,7.057693004608153
2017-07-21,7.199999809265138,7.059999942779541,7.190000057220459,7.0900001525878915,783300.0,6.9789466857910165
2017-07-24,7.210000038146973,7.070000171661378,7.139999866485597,7.079999923706055,665500.0,6.96910285949707
2017-07-25,7.269999980926514,7.130000114440918,7.130000114440918,7.230000019073486,1097300.0,7.116753578186035
2017-07-26,7.300000190734862,7.190000057220459,7.25,7.269999980926514,1377800.0,7.156126976013184
2017-07-27,7.3400001525878915,7.21999979019165,7.289999961853027,7.260000228881836,2364500.0,7.1462836265563965
2017-07-28,7.300000190734862,7.1599998474121085,7.230000019073486,7.230000019073486,580100.0,7.116753578186035
2017-07-31,7.360000133514403,7.110000133514403,7.230000019073486,7.320000171661378,823600.0,7.205344200134277
2017-08-01,7.3499999046325675,7.21999979019165,7.309999942779541,7.329999923706055,859300.0,7.215187072753906
2017-08-02,7.380000114440918,7.230000019073486,7.3400001525878915,7.3499999046325675,661300.0,7.23487377166748
2017-08-03,7.4000000953674325,7.190000057220459,7.320000171661378,7.21999979019165,693100.0,7.106910228729247
2017-08-04,7.360000133514403,7.230000019073486,7.239999771118164,7.320000171661378,707400.0,7.205344200134277
2017-08-07,7.539999961853027,7.28000020980835,7.28000020980835,7.489999771118164,631300.0,7.3726806640625
2017-08-08,7.539999961853027,7.369999885559082,7.46999979019165,7.4099998474121085,692600.0,7.293933868408202
2017-08-09,7.46999979019165,7.199999809265138,7.360000133514403,7.239999771118164,605200.0,7.126596450805664
2017-08-10,7.230000019073486,7.0999999046325675,7.190000057220459,7.119999885559082,1046300.0,7.008476257324219
2017-08-11,7.110000133514403,6.929999828338622,6.96999979019165,7.039999961853027,871400.0,6.929729461669923
2017-08-14,7.269999980926514,7.079999923706055,7.0900001525878915,7.179999828338622,701100.0,7.0675368309021
2017-08-15,7.329999923706055,7.119999885559082,7.239999771118164,7.309999942779541,626300.0,7.195499897003174
2017-08-16,7.380000114440918,7.269999980926514,7.380000114440918,7.329999923706055,585600.0,7.215187072753906
2017-08-17,7.329999923706055,7.070000171661378,7.25,7.0900001525878915,751100.0,6.9789466857910165
2017-08-18,7.559999942779541,7.139999866485597,7.139999866485597,7.320000171661378,1320900.0,7.205344200134277
2017-08-21,7.3400001525878915,7.230000019073486,7.289999961853027,7.28000020980835,811900.0,7.165970325469972
2017-08-22,7.4099998474121085,7.260000228881836,7.329999923706055,7.289999961853027,540300.0,7.175813674926758
2017-08-23,7.46999979019165,7.28000020980835,7.28000020980835,7.4000000953674325,456000.0,7.284090518951416
2017-08-24,7.630000114440918,7.440000057220459,7.440000057220459,7.570000171661378,1000000.0,7.451427936553955
2017-08-25,7.869999885559082,7.619999885559082,7.639999866485597,7.8499999046325675,2183000.0,7.727042198181152
2017-08-28,8.039999961853027,7.800000190734862,7.8400001525878915,8.020000457763674,1714700.0,7.89438009262085
2017-08-29,8.189999580383299,7.809999942779541,7.949999809265138,8.159999847412111,1693700.0,8.032186508178711
2017-08-30,8.119999885559082,7.989999771118164,8.119999885559082,8.029999732971191,808400.0,7.90422248840332
2017-08-31,8.199999809265138,8.020000457763674,8.050000190734862,8.199999809265138,1224600.0,8.071558952331543
2017-09-01,8.390000343322754,8.220000267028809,8.239999771118164,8.329999923706055,1017000.0,8.199522972106934
2017-09-05,8.489999771118164,8.079999923706055,8.430000305175781,8.149999618530272,1015900.0,8.022342681884767
2017-09-06,8.260000228881836,7.880000114440918,8.220000267028809,8.069999694824219,3143100.0,7.943596363067628
2017-09-07,8.220000267028809,8.090000152587889,8.119999885559082,8.140000343322754,665000.0,8.012500762939451
2017-09-08,8.130000114440918,7.880000114440918,8.100000381469728,7.96999979019165,972900.0,7.845162391662598
2017-09-11,8.149999618530272,7.980000019073486,8.039999961853027,8.130000114440918,1455400.0,8.002655982971191
2017-09-12,8.140000343322754,8.0,8.119999885559082,8.050000190734862,924300.0,7.9239091873168945
2017-09-13,8.090000152587889,7.96999979019165,8.060000419616701,8.079999923706055,649500.0,7.953439712524414
2017-09-14,8.140000343322754,7.96999979019165,8.079999923706055,8.050000190734862,669500.0,7.9239091873168945
2017-09-15,8.180000305175781,8.010000228881836,8.109999656677246,8.159999847412111,908100.0,8.032186508178711
2017-09-18,8.340000152587889,8.210000038146973,8.210000038146973,8.300000190734862,993700.0,8.16999340057373
2017-09-19,8.420000076293945,8.270000457763674,8.359999656677246,8.409999847412111,1465600.0,8.278270721435549
2017-09-20,8.489999771118164,8.380000114440918,8.399999618530272,8.409999847412111,588600.0,8.278270721435549
2017-09-21,8.470000267028809,8.279999732971191,8.439999580383299,8.300000190734862,945800.0,8.16999340057373
2017-09-22,8.350000381469728,8.159999847412111,8.289999961853027,8.289999961853027,750500.0,8.160150527954103
2017-09-25,8.359999656677246,8.180000305175781,8.289999961853027,8.220000267028809,550800.0,8.09124755859375
2017-09-26,8.300000190734862,8.140000343322754,8.239999771118164,8.170000076293945,853100.0,8.04202938079834
2017-09-27,8.170000076293945,7.949999809265138,8.149999618530272,8.0,1142100.0,7.874692440032959
2017-09-28,8.060000419616701,7.929999828338622,7.960000038146973,8.039999961853027,861200.0,7.914065837860107
2017-09-29,8.159999847412111,8.0,8.079999923706055,8.130000114440918,908300.0,8.002655982971191
2017-10-02,8.300000190734862,8.079999923706055,8.119999885559082,8.289999961853027,659200.0,8.160150527954103
2017-10-03,8.630000114440918,8.310000419616701,8.310000419616701,8.619999885559082,1177100.0,8.484981536865233
2017-10-04,8.949999809265137,8.630000114440918,8.699999809265138,8.850000381469727,2101700.0,8.711379051208496
2017-10-05,9.119999885559082,8.829999923706055,8.850000381469727,9.039999961853027,3050300.0,8.898402214050293
2017-10-06,9.100000381469727,8.520000457763674,8.729999542236326,8.90999984741211,2314800.0,8.770438194274902
2017-10-09,8.930000305175781,8.619999885559082,8.90999984741211,8.689999580383299,1406500.0,8.553884506225586
2017-10-10,9.0600004196167,8.819999694824219,8.829999923706055,9.020000457763672,1065500.0,8.878716468811035
2017-10-11,9.09000015258789,8.779999732971191,9.029999732971193,8.949999809265137,1154600.0,8.809812545776367
2017-10-12,8.9399995803833,8.640000343322754,8.84000015258789,8.689999580383299,555600.0,8.553884506225586
2017-10-13,8.970000267028809,8.770000457763674,8.779999732971191,8.949999809265137,1586400.0,8.809812545776367
2017-10-16,9.31999969482422,8.90999984741211,8.949999809265137,9.199999809265137,2920800.0,9.055895805358887
2017-10-17,9.199999809265137,9.020000457763672,9.109999656677246,9.140000343322754,893800.0,8.99683666229248
2017-10-18,9.199999809265137,9.029999732971193,9.170000076293944,9.119999885559082,1903300.0,8.97714900970459
2017-10-19,9.199999809265137,8.949999809265137,9.029999732971193,9.130000114440918,729500.0,8.986992835998535
2017-10-20,9.260000228881836,9.109999656677246,9.199999809265137,9.149999618530273,845500.0,9.00667953491211
2017-10-23,9.220000267028807,9.010000228881836,9.170000076293944,9.149999618530273,1215200.0,9.00667953491211
2017-10-24,9.220000267028807,9.020000457763672,9.149999618530273,9.079999923706056,638600.0,8.937776565551758
2017-10-25,9.18000030517578,8.8100004196167,9.100000381469727,8.930000305175781,730900.0,8.790125846862793
2017-10-26,9.010000228881836,8.75,8.979999542236328,8.779999732971191,668300.0,8.642475128173826
2017-10-27,8.880000114440918,8.729999542236326,8.789999961853027,8.859999656677246,498900.0,8.721220970153809
2017-10-30,8.819999694824219,8.590000152587889,8.789999961853027,8.680000305175781,903300.0,8.544041633605957
2017-10-31,8.75,8.590000152587889,8.689999580383299,8.689999580383299,783400.0,8.553884506225586
2017-11-01,8.9399995803833,8.649999618530272,8.710000038146973,8.729999542236326,1115400.0,8.593257904052733
2017-11-02,8.739999771118164,8.409999847412111,8.729999542236326,8.590000152587889,1551700.0,8.455451011657715
2017-11-03,8.619999885559082,8.279999732971191,8.560000419616701,8.390000343322754,885100.0,8.258584022521973
2017-11-06,8.630000114440918,8.390000343322754,8.399999618530272,8.529999732971191,2650000.0,8.396389961242676
2017-11-07,8.579999923706055,8.279999732971191,8.579999923706055,8.430000305175781,1036200.0,8.297957420349121
2017-11-08,8.569999694824219,8.390000343322754,8.529999732971191,8.520000457763674,2203700.0,8.386548042297362
2017-11-09,8.569999694824219,8.420000076293945,8.470000267028809,8.430000305175781,873600.0,8.297957420349121
2017-11-10,8.390000343322754,8.170000076293945,8.340000152587889,8.170000076293945,936200.0,8.04202938079834
2017-11-13,8.270000457763674,8.069999694824219,8.220000267028809,8.090000152587889,888500.0,7.963283061981201
2017-11-14,8.159999847412111,7.860000133514403,8.119999885559082,7.869999885559082,909500.0,7.7467288970947275
2017-11-15,7.960000038146973,7.610000133514403,7.809999942779541,7.949999809265138,736400.0,7.8254756927490225
2017-11-16,8.149999618530272,8.010000228881836,8.079999923706055,8.119999885559082,464200.0,7.992812633514403
2017-11-17,8.430000305175781,8.140000343322754,8.170000076293945,8.390000343322754,955900.0,8.258584022521973
2017-11-20,9.239999771118164,8.630000114440918,9.06999969482422,9.140000343322754,1927000.0,8.99683666229248
2017-11-21,9.529999732971193,9.079999923706056,9.079999923706056,9.289999961853027,2494300.0,9.144487380981444
2017-11-22,9.5,9.3100004196167,9.3100004196167,9.34000015258789,907600.0,9.193704605102539
2017-11-24,9.5,9.359999656677246,9.369999885559082,9.40999984741211,1107700.0,9.26260757446289
2017-11-27,9.449999809265137,9.289999961853027,9.399999618530273,9.40999984741211,887300.0,9.26260757446289
2017-11-28,9.529999732971193,9.369999885559082,9.470000267028807,9.390000343322754,1008700.0,9.242920875549316
2017-11-29,9.529999732971193,9.31999969482422,9.420000076293944,9.4399995803833,1237300.0,9.292137145996094
2017-11-30,9.40999984741211,9.199999809265137,9.229999542236328,9.260000228881836,1667100.0,9.114956855773926
2017-12-01,9.350000381469727,9.130000114440918,9.300000190734863,9.270000457763672,1608800.0,9.124799728393556
2017-12-04,9.510000228881836,9.289999961853027,9.390000343322754,9.399999618530273,1345200.0,9.252762794494627
2017-12-05,9.4399995803833,9.210000038146973,9.40999984741211,9.279999732971193,1996300.0,9.1346435546875
2017-12-06,9.329999923706056,9.199999809265137,9.270000457763672,9.289999961853027,1722100.0,9.144487380981444
2017-12-07,9.34000015258789,9.06999969482422,9.079999923706056,9.239999771118164,2245200.0,9.095270156860352
2017-12-08,9.31999969482422,9.140000343322754,9.300000190734863,9.199999809265137,1706100.0,9.055895805358887
2017-12-11,9.300000190734863,9.15999984741211,9.25,9.239999771118164,2673500.0,9.095270156860352
2017-12-12,9.300000190734863,9.119999885559082,9.25,9.229999542236328,3811600.0,9.085426330566406
2017-12-13,9.699999809265137,9.369999885559082,9.369999885559082,9.609999656677246,4057200.0,9.459474563598633
2017-12-14,9.6899995803833,9.4399995803833,9.550000190734863,9.460000038146973,995600.0,9.311823844909668
2017-12-15,9.579999923706056,9.43000030517578,9.520000457763672,9.520000457763672,2280900.0,9.370884895324707
2017-12-18,9.56999969482422,9.399999618530273,9.520000457763672,9.489999771118164,1369700.0,9.341354370117188
2017-12-19,9.520000457763672,9.399999618530273,9.489999771118164,9.40999984741211,1185000.0,9.26260757446289
2017-12-20,9.81999969482422,9.489999771118164,9.5,9.81999969482422,2409200.0,9.66618537902832
2017-12-21,10.0,9.609999656677246,9.699999809265137,9.890000343322754,1473100.0,9.735089302062988
2017-12-22,9.960000038146973,9.770000457763672,9.84000015258789,9.789999961853027,1640100.0,9.6366548538208
2017-12-26,10.25,9.81999969482422,9.850000381469727,10.130000114440918,1171600.0,9.97132968902588
2017-12-27,10.149999618530273,9.920000076293944,10.130000114440918,9.970000267028807,700100.0,9.813836097717283
2017-12-28,10.029999732971193,9.6899995803833,10.029999732971193,9.75,1245600.0,9.597282409667967
2017-12-29,9.81999969482422,9.65999984741211,9.81999969482422,9.699999809265137,635400.0,9.54806423187256
2018-01-02,10.239999771118164,9.6899995803833,9.8100004196167,10.210000038146973,1221100.0,10.050076484680176
2018-01-03,10.289999961853027,10.0600004196167,10.220000267028807,10.09000015258789,568200.0,9.93195629119873
2018-01-04,10.279999732971193,10.06999969482422,10.09000015258789,10.18000030517578,930900.0,10.020546913146973
2018-01-05,10.539999961853027,10.149999618530273,10.220000267028807,10.470000267028807,2031700.0,10.30600357055664
2018-01-08,10.470000267028807,10.279999732971193,10.460000038146973,10.359999656677246,550800.0,10.19772720336914
2018-01-09,10.34000015258789,10.140000343322754,10.329999923706056,10.210000038146973,662600.0,10.050076484680176
2018-01-10,10.329999923706056,10.119999885559082,10.199999809265137,10.130000114440918,718900.0,9.97132968902588
2018-01-11,10.390000343322754,10.140000343322754,10.18000030517578,10.359999656677246,625400.0,10.19772720336914
2018-01-12,10.550000190734863,10.3100004196167,10.31999969482422,10.399999618530273,1115400.0,10.237099647521973
2018-01-16,10.619999885559082,10.40999984741211,10.40999984741211,10.420000076293944,1044900.0,10.256787300109863
2018-01-17,10.65999984741211,10.43000030517578,10.43000030517578,10.4399995803833,499100.0,10.27647304534912
2018-01-18,10.5600004196167,10.390000343322754,10.520000457763672,10.550000190734863,753100.0,10.384751319885254
2018-01-19,10.710000038146973,10.56999969482422,10.579999923706056,10.600000381469727,726000.0,10.433967590332033
2018-01-22,10.720000267028807,10.550000190734863,10.65999984741211,10.59000015258789,580300.0,10.424124717712402
2018-01-23,10.56999969482422,10.31999969482422,10.520000457763672,10.4399995803833,613500.0,10.27647304534912
2018-01-24,10.989999771118164,10.510000228881836,10.789999961853027,10.899999618530273,1074300.0,10.729268074035645
2018-01-25,11.149999618530273,10.890000343322754,10.949999809265137,11.130000114440918,826600.0,10.955665588378906
2018-01-26,11.550000190734865,11.050000190734863,11.100000381469727,11.529999732971193,744000.0,11.349400520324707
2018-01-29,11.65999984741211,11.199999809265137,11.4399995803833,11.25,1145100.0,11.073786735534668
2018-01-30,11.210000038146973,10.850000381469727,11.199999809265137,11.149999618530273,1041700.0,10.975353240966797
2018-01-31,11.470000267028807,11.25,11.34000015258789,11.460000038146973,1128400.0,11.280496597290039
2018-02-01,11.720000267028807,11.390000343322756,11.390000343322756,11.609999656677244,992200.0,11.428147315979006
2018-02-02,11.43000030517578,11.039999961853027,11.43000030517578,11.1899995803833,1313500.0,11.014725685119627
2018-02-05,11.460000038146973,10.93000030517578,11.100000381469727,11.050000190734863,1190400.0,10.876919746398926
2018-02-06,11.479999542236328,10.399999618530273,10.5,11.31999969482422,1298200.0,11.14268970489502
2018-02-07,11.31999969482422,11.0,11.229999542236328,11.0,848700.0,10.827701568603516
2018-02-08,11.010000228881836,10.510000228881836,10.989999771118164,10.510000228881836,1762700.0,10.345377922058104
2018-02-09,10.84000015258789,10.300000190734863,10.68000030517578,10.789999961853027,1157400.0,10.620991706848145
2018-02-12,11.0,10.68000030517578,10.960000038146973,10.789999961853027,484800.0,10.620991706848145
2018-02-13,10.880000114440918,10.640000343322754,10.710000038146973,10.710000038146973,294300.0,10.542244911193848
2018-02-14,11.010000228881836,10.520000457763672,10.579999923706056,10.960000038146973,618900.0,10.788329124450684
2018-02-15,11.020000457763672,10.800000190734863,11.020000457763672,10.899999618530273,624800.0,10.729268074035645
2018-02-16,10.989999771118164,10.770000457763672,10.869999885559082,10.84000015258789,418000.0,10.670208930969238
2018-02-20,11.460000038146973,10.670000076293944,10.670000076293944,11.34000015258789,1962200.0,11.162376403808594
2018-02-21,11.890000343322756,11.350000381469727,11.43000030517578,11.68000030517578,1837900.0,11.497051239013672
2018-02-22,11.710000038146973,11.369999885559082,11.699999809265135,11.539999961853027,1276600.0,11.359243392944336
2018-02-23,11.68000030517578,11.260000228881836,11.489999771118164,11.3100004196167,1727200.0,11.13284683227539
2018-02-26,11.770000457763672,11.380000114440918,11.399999618530273,11.720000267028807,1840700.0,11.53642463684082
2018-02-27,11.84000015258789,11.550000190734865,11.75,11.609999656677244,977000.0,11.428147315979006
2018-02-28,11.710000038146973,11.039999961853027,11.630000114440918,11.220000267028807,2647100.0,11.044257164001463
2018-03-01,11.600000381469727,11.270000457763672,11.300000190734865,11.40999984741211,1898100.0,11.231279373168944
2018-03-02,11.670000076293945,11.130000114440918,11.31999969482422,11.550000190734865,1237100.0,11.369088172912598
2018-03-05,11.720000267028807,11.380000114440918,11.5600004196167,11.5,938600.0,11.319870948791506
2018-03-06,11.880000114440918,11.5600004196167,11.619999885559082,11.760000228881836,1225200.0,11.575798988342285
2018-03-07,11.729999542236328,11.369999885559082,11.68000030517578,11.520000457763672,1070600.0,11.339557647705078
2018-03-08,11.579999923706055,11.329999923706055,11.539999961853027,11.550000190734865,786000.0,11.369088172912598
2018-03-09,11.6899995803833,11.4399995803833,11.6899995803833,11.640000343322756,993100.0,11.457677841186525
2018-03-12,11.619999885559082,11.270000457763672,11.600000381469727,11.399999618530273,965900.0,11.221436500549316
2018-03-13,11.449999809265135,11.210000038146973,11.43000030517578,11.289999961853027,868300.0,11.113160133361816
2018-03-14,11.359999656677244,11.18000030517578,11.359999656677244,11.210000038146973,697200.0,11.034412384033203
2018-03-15,11.170000076293944,10.729999542236328,11.149999618530273,10.800000190734863,1307100.0,10.630834579467773
2018-03-16,11.0,10.68000030517578,10.869999885559082,10.899999618530273,1424200.0,10.729268074035645
2018-03-19,10.899999618530273,10.699999809265137,10.789999961853027,10.890000343322754,857500.0,10.719426155090332
2018-03-20,11.0,10.779999732971193,10.90999984741211,10.93000030517578,752600.0,10.758798599243164
2018-03-21,11.239999771118164,10.850000381469727,10.970000267028807,11.210000038146973,1077300.0,11.034412384033203
2018-03-22,11.220000267028807,10.960000038146973,11.100000381469727,10.970000267028807,1250400.0,10.798172950744627
2018-03-23,11.079999923706056,10.75,11.0,10.760000228881836,639000.0,10.59146213531494
2018-03-26,11.050000190734863,10.699999809265137,10.949999809265137,10.899999618530273,723300.0,10.729268074035645
2018-03-27,10.850000381469727,10.4399995803833,10.850000381469727,10.479999542236328,706200.0,10.315847396850586
2018-03-28,10.449999809265137,10.119999885559082,10.4399995803833,10.1899995803833,1181200.0,10.030388832092283
2018-03-29,10.460000038146973,10.140000343322754,10.199999809265137,10.390000343322754,1017800.0,10.227256774902344
2018-04-02,10.43000030517578,10.109999656677246,10.390000343322754,10.220000267028807,555000.0,10.05992031097412
2018-04-03,10.350000381469727,10.06999969482422,10.300000190734863,10.140000343322754,715600.0,9.981172561645508
2018-04-04,10.15999984741211,9.800000190734863,9.989999771118164,10.15999984741211,731400.0,10.000859260559082
2018-04-05,10.75,10.329999923706056,10.329999923706056,10.600000381469727,1263000.0,10.433967590332033
2018-04-06,10.579999923706056,10.40999984741211,10.460000038146973,10.510000228881836,1197600.0,10.345377922058104
2018-04-09,10.6899995803833,10.5,10.510000228881836,10.5600004196167,1250300.0,10.3945951461792
2018-04-10,10.720000267028807,10.470000267028807,10.65999984741211,10.520000457763672,875500.0,10.355220794677734
2018-04-11,10.880000114440918,10.380000114440918,10.420000076293944,10.779999732971193,972500.0,10.6111478805542
2018-04-12,10.960000038146973,10.649999618530273,10.8100004196167,10.670000076293944,1605300.0,10.502870559692383
2018-04-13,10.68000030517578,10.369999885559082,10.68000030517578,10.369999885559082,572500.0,10.20757007598877
2018-04-16,10.40999984741211,10.1899995803833,10.399999618530273,10.260000228881836,749900.0,10.099292755126953
2018-04-17,10.390000343322754,10.1899995803833,10.260000228881836,10.279999732971193,744500.0,10.118980407714844
2018-04-18,10.720000267028807,10.420000076293944,10.449999809265137,10.5600004196167,959500.0,10.3945951461792
2018-04-19,10.65999984741211,10.380000114440918,10.640000343322754,10.390000343322754,562900.0,10.227256774902344
2018-04-20,10.399999618530273,10.09000015258789,10.399999618530273,10.130000114440918,1067800.0,9.97132968902588
2018-04-23,10.130000114440918,9.8100004196167,10.079999923706056,9.829999923706056,732400.0,9.67602825164795
2018-04-24,10.15999984741211,9.880000114440918,9.979999542236328,10.050000190734863,1446200.0,9.892582893371582
2018-04-25,10.109999656677246,9.8100004196167,9.850000381469727,10.050000190734863,834000.0,9.892582893371582
2018-04-26,10.15999984741211,9.970000267028807,10.109999656677246,10.130000114440918,513500.0,9.97132968902588
2018-04-27,10.25,9.989999771118164,10.130000114440918,10.06999969482422,536000.0,9.91226863861084
2018-04-30,10.15999984741211,9.960000038146973,10.050000190734863,10.079999923706056,500800.0,9.922113418579102
2018-05-01,10.079999923706056,9.850000381469727,10.039999961853027,9.899999618530273,725600.0,9.744932174682617
2018-05-02,10.0,9.81999969482422,9.880000114440918,9.890000343322754,1139300.0,9.735089302062988
2018-05-03,9.869999885559082,9.529999732971193,9.829999923706056,9.550000190734863,986500.0,9.40041446685791
2018-05-04,9.640000343322754,9.5,9.520000457763672,9.550000190734863,704000.0,9.40041446685791
2018-05-07,9.699999809265137,9.399999618530273,9.399999618530273,9.56999969482422,579300.0,9.501686096191406
2018-05-08,9.6899995803833,9.3100004196167,9.479999542236328,9.65999984741211,878300.0,9.591043472290039
2018-05-09,9.779999732971193,9.640000343322754,9.720000267028807,9.729999542236328,580400.0,9.660543441772461
2018-05-10,9.960000038146973,9.729999542236328,9.84000015258789,9.84000015258789,692800.0,9.76975917816162
2018-05-11,10.029999732971193,9.529999732971193,9.880000114440918,9.739999771118164,1394600.0,9.670472145080566
2018-05-14,9.890000343322754,9.65999984741211,9.779999732971193,9.800000190734863,624400.0,9.7300443649292
2018-05-15,9.899999618530273,9.5600004196167,9.600000381469727,9.829999923706056,1082400.0,9.759830474853516
2018-05-16,9.970000267028807,9.640000343322754,9.829999923706056,9.800000190734863,1290900.0,9.7300443649292
2018-05-17,9.960000038146973,9.630000114440918,9.770000457763672,9.68000030517578,1153600.0,9.610901832580566
2018-05-18,9.640000343322754,9.449999809265137,9.5,9.630000114440918,1865700.0,9.561258316040039
2018-05-21,9.949999809265137,9.6899995803833,9.729999542236328,9.739999771118164,853700.0,9.670472145080566
2018-05-22,10.140000343322754,9.8100004196167,9.850000381469727,10.0600004196167,951500.0,9.988188743591307
2018-05-23,10.119999885559082,9.75,9.75,10.039999961853027,1039800.0,9.968331336975098
2018-05-24,9.829999923706056,9.5,9.800000190734863,9.670000076293944,1107000.0,9.600972175598145
2018-05-25,9.75,9.520000457763672,9.649999618530273,9.579999923706056,1144700.0,9.511614799499512
2018-05-29,9.43000030517578,9.039999961853027,9.18000030517578,9.0600004196167,1432900.0,8.99532699584961
2018-05-30,9.15999984741211,8.890000343322754,9.130000114440918,8.920000076293945,1892600.0,8.85632610321045
2018-05-31,8.989999771118164,8.789999961853027,8.90999984741211,8.850000381469727,1002300.0,8.786826133728027
2018-06-01,9.09000015258789,8.760000228881836,9.010000228881836,8.9399995803833,974000.0,8.87618350982666
2018-06-04,9.06999969482422,8.800000190734863,9.039999961853027,8.890000343322754,804000.0,8.82654094696045
2018-06-05,8.930000305175781,8.760000228881836,8.770000457763674,8.819999694824219,1183900.0,8.757040023803711
2018-06-06,8.859999656677246,8.649999618530272,8.800000190734863,8.699999809265138,1352400.0,8.637896537780763
2018-06-07,8.75,8.039999961853027,8.619999885559082,8.229999542236326,2776700.0,8.17125129699707
2018-06-08,8.460000038146973,8.140000343322754,8.420000076293945,8.340000152587889,3462500.0,8.28046703338623
2018-06-11,8.430000305175781,8.279999732971191,8.329999923706055,8.289999961853027,1425800.0,8.230823516845701
2018-06-12,8.550000190734862,8.199999809265138,8.300000190734862,8.510000228881836,2143100.0,8.449253082275389
2018-06-13,8.470000267028809,8.189999580383299,8.470000267028809,8.289999961853027,1538000.0,8.230823516845701
2018-06-14,8.310000419616701,8.020000457763674,8.310000419616701,8.020000457763674,1210900.0,7.962751388549805
2018-06-15,8.029999732971191,7.809999942779541,8.029999732971191,7.860000133514403,1766600.0,7.803893089294434
2018-06-18,8.079999923706055,7.769999980926514,7.800000190734862,7.869999885559082,1083700.0,7.813821315765381
2018-06-19,7.949999809265138,7.6599998474121085,7.760000228881836,7.920000076293945,1284100.0,7.863464832305907
2018-06-20,8.0,7.78000020980835,8.0,7.920000076293945,723400.0,7.863464832305907
2018-06-21,7.940000057220459,7.690000057220459,7.940000057220459,7.730000019073486,903600.0,7.674820899963379
2018-06-22,8.100000381469728,7.800000190734862,7.809999942779541,7.96999979019165,943600.0,7.913107395172119
2018-06-25,7.980000019073486,7.699999809265138,7.960000038146973,7.889999866485597,1198700.0,7.833678722381593
2018-06-26,7.949999809265138,7.739999771118164,7.9099998474121085,7.940000057220459,924500.0,7.883321762084961
2018-06-27,8.039999961853027,7.730000019073486,7.8400001525878915,7.739999771118164,607200.0,7.684749126434326
2018-06-28,7.789999961853027,7.610000133514403,7.789999961853027,7.679999828338622,727300.0,7.6251773834228525
2018-06-29,7.739999771118164,7.619999885559082,7.710000038146973,7.630000114440918,653900.0,7.5755348205566415
2018-07-02,7.699999809265138,7.5,7.53000020980835,7.5999999046325675,911900.0,7.545748710632324
2018-07-03,7.829999923706055,7.5999999046325675,7.670000076293945,7.699999809265138,352800.0,7.6450347900390625
2018-07-05,7.71999979019165,7.429999828338622,7.5999999046325675,7.5,856000.0,7.446462631225586
2018-07-06,7.78000020980835,7.429999828338622,7.449999809265138,7.679999828338622,761300.0,7.6251773834228525
2018-07-09,7.889999866485597,7.730000019073486,7.730000019073486,7.829999923706055,514100.0,7.774106979370117
2018-07-10,7.8400001525878915,7.579999923706055,7.820000171661378,7.75,1657800.0,7.69467830657959
2018-07-11,7.96999979019165,7.619999885559082,7.679999828338622,7.9000000953674325,1131200.0,7.843607425689697
2018-07-12,8.119999885559082,7.820000171661378,7.960000038146973,8.069999694824219,1126000.0,8.012393951416017
2018-07-13,8.270000457763674,8.010000228881836,8.039999961853027,8.210000038146973,975800.0,8.151394844055176
2018-07-16,8.260000228881836,7.9099998474121085,8.199999809265138,7.980000019073486,595500.0,7.923036098480225
2018-07-17,8.279999732971191,7.9099998474121085,8.0,8.260000228881836,1258500.0,8.201037406921388
2018-07-18,8.310000419616701,8.069999694824219,8.239999771118164,8.199999809265138,657100.0,8.141465187072754
2018-07-19,8.229999542236326,8.029999732971191,8.140000343322754,8.210000038146973,779900.0,8.151394844055176
2018-07-20,8.529999732971191,8.25,8.350000381469728,8.319999694824219,904300.0,8.260608673095701
2018-07-23,8.319999694824219,7.78000020980835,8.270000457763674,8.109999656677246,1101500.0,8.052107810974121
2018-07-24,8.420000076293945,8.119999885559082,8.210000038146973,8.340000152587889,932100.0,8.28046703338623
2018-07-25,8.539999961853027,8.300000190734862,8.350000381469728,8.520000457763674,798700.0,8.459181785583496
2018-07-26,8.569999694824219,8.369999885559082,8.550000190734862,8.430000305175781,565100.0,8.369824409484862
2018-07-27,8.489999771118164,8.210000038146973,8.449999809265138,8.270000457763674,904200.0,8.210967063903809
2018-07-30,8.5,8.300000190734862,8.300000190734862,8.489999771118164,610900.0,8.42939567565918
2018-07-31,8.359999656677246,8.060000419616701,8.300000190734862,8.079999923706055,1055100.0,8.022322654724121
2018-08-01,8.229999542236326,8.0,8.050000190734862,8.079999923706055,647600.0,8.022322654724121
2018-08-02,8.149999618530272,7.96999979019165,8.050000190734862,8.100000381469728,871900.0,8.042180061340332
2018-08-03,8.479999542236326,8.109999656677246,8.130000114440918,8.460000038146973,922400.0,8.399609565734862
2018-08-06,8.569999694824219,8.239999771118164,8.430000305175781,8.260000228881836,638800.0,8.201037406921388
2018-08-07,8.520000457763674,8.239999771118164,8.279999732971191,8.279999732971191,673200.0,8.220894813537598
2018-08-08,8.359999656677246,8.119999885559082,8.289999961853027,8.210000038146973,488600.0,8.151394844055176
2018-08-09,8.189999580383299,7.579999923706055,8.189999580383299,7.78000020980835,1930100.0,7.724463939666747
2018-08-10,7.679999828338622,7.4000000953674325,7.5900001525878915,7.440000057220459,1632000.0,7.386890888214111
2018-08-13,7.369999885559082,7.059999942779541,7.3499999046325675,7.239999771118164,2139800.0,7.1883182525634775
2018-08-14,7.46999979019165,7.239999771118164,7.309999942779541,7.360000133514403,837100.0,7.307462215423584
2018-08-15,7.309999942779541,7.059999942779541,7.260000228881836,7.1599998474121085,828600.0,7.108889579772949
2018-08-16,7.329999923706055,7.0999999046325675,7.21999979019165,7.0999999046325675,814400.0,7.049317836761475
2018-08-17,7.0999999046325675,6.9000000953674325,7.050000190734862,6.940000057220459,623500.0,6.890460014343263
2018-08-20,7.059999942779541,6.889999866485597,6.920000076293945,7.0,527200.0,6.950031757354736
2018-08-21,7.130000114440918,6.880000114440918,6.980000019073486,6.889999866485597,804600.0,6.840816974639893
2018-08-22,6.96999979019165,6.6599998474121085,6.880000114440918,6.940000057220459,1382400.0,6.890460014343263
2018-08-23,6.940000057220459,6.579999923706055,6.940000057220459,6.679999828338622,1766700.0,6.632316112518311
2018-08-24,6.820000171661378,6.5900001525878915,6.730000019073486,6.639999866485597,1269300.0,6.592601299285889
2018-08-27,6.96999979019165,6.699999809265138,6.699999809265138,6.8400001525878915,1104000.0,6.7911739349365225
2018-08-28,6.820000171661378,6.6599998474121085,6.809999942779541,6.679999828338622,725800.0,6.632316112518311
2018-08-29,6.880000114440918,6.5900001525878915,6.679999828338622,6.860000133514403,852100.0,6.8110313415527335
2018-08-30,6.829999923706055,6.550000190734862,6.829999923706055,6.559999942779541,675300.0,6.513172626495361
2018-08-31,6.730000019073486,6.5,6.559999942779541,6.610000133514403,903500.0,6.5628156661987305
2018-09-04,6.550000190734862,6.429999828338622,6.550000190734862,6.480000019073486,1279400.0,6.433743953704834
2018-09-05,6.539999961853027,6.3499999046325675,6.420000076293945,6.510000228881836,1380300.0,6.463529586791992
2018-09-06,6.570000171661378,6.3400001525878915,6.510000228881836,6.53000020980835,1494100.0,6.483386993408202
2018-09-07,6.610000133514403,6.4000000953674325,6.519999980926514,6.550000190734862,1233400.0,6.503244400024414
2018-09-10,6.5900001525878915,6.360000133514403,6.53000020980835,6.380000114440918,1374600.0,6.334457874298097
2018-09-11,6.3499999046325675,6.210000038146973,6.320000171661378,6.260000228881836,1122300.0,6.2153143882751465
2018-09-12,6.5999999046325675,6.300000190734862,6.329999923706055,6.3400001525878915,824500.0,6.294743061065674
2018-09-13,6.4000000953674325,6.25,6.369999885559082,6.260000228881836,1040400.0,6.2153143882751465
2018-09-14,6.429999828338622,6.210000038146973,6.289999961853027,6.4000000953674325,1064800.0,6.3543148040771475
2018-09-17,6.8400001525878915,6.3499999046325675,6.360000133514403,6.5999999046325675,2539000.0,6.552886962890625
2018-09-18,6.78000020980835,6.550000190734862,6.5999999046325675,6.769999980926514,1021900.0,6.7216734886169425
2018-09-19,6.96999979019165,6.78000020980835,6.78000020980835,6.880000114440918,774600.0,6.830888748168945
2018-09-20,7.130000114440918,6.9099998474121085,6.9099998474121085,7.070000171661378,869700.0,7.019532203674316
2018-09-21,7.190000057220459,7.019999980926514,7.0999999046325675,7.130000114440918,1003300.0,7.079103946685791
2018-09-24,7.28000020980835,7.039999961853027,7.1500000953674325,7.070000171661378,863500.0,7.019532203674316
2018-09-25,7.0999999046325675,6.9000000953674325,7.03000020980835,7.050000190734862,622600.0,6.999675273895264
2018-09-26,7.230000019073486,7.0,7.070000171661378,7.0,774100.0,6.950031757354736
2018-09-27,7.070000171661378,6.949999809265138,7.019999980926514,6.96999979019165,795200.0,6.92024564743042
2018-09-28,6.949999809265138,6.71999979019165,6.9000000953674325,6.730000019073486,992300.0,6.68195915222168
2018-10-01,6.860000133514403,6.679999828338622,6.769999980926514,6.699999809265138,516200.0,6.652173042297362
2018-10-02,7.1500000953674325,6.789999961853027,6.789999961853027,7.119999885559082,865800.0,7.0691752433776855
2018-10-03,7.510000228881836,7.179999828338622,7.380000114440918,7.25,930600.0,7.19824743270874
2018-10-04,7.230000019073486,7.019999980926514,7.230000019073486,7.130000114440918,777900.0,7.079103946685791
2018-10-05,7.289999961853027,7.039999961853027,7.130000114440918,7.21999979019165,1103500.0,7.168461322784424
2018-10-08,7.78000020980835,7.329999923706055,7.5,7.670000076293945,1705500.0,7.615249156951903
2018-10-09,7.78000020980835,7.559999942779541,7.639999866485597,7.769999980926514,1944800.0,7.714535236358643
2018-10-10,7.71999979019165,7.559999942779541,7.679999828338622,7.559999942779541,1597900.0,7.506034374237059
2018-10-11,7.690000057220459,7.329999923706055,7.5900001525878915,7.360000133514403,912600.0,7.307462215423584
2018-10-12,7.5,7.190000057220459,7.449999809265138,7.21999979019165,1274500.0,7.168461322784424
2018-10-15,7.429999828338622,7.110000133514403,7.199999809265138,7.3400001525878915,750500.0,7.287604808807372
2018-10-16,7.579999923706055,7.360000133514403,7.449999809265138,7.559999942779541,709900.0,7.506034374237059
2018-10-17,7.8499999046325675,7.46999979019165,7.5,7.78000020980835,1043700.0,7.724463939666747
2018-10-18,8.079999923706055,7.690000057220459,7.730000019073486,7.960000038146973,1403700.0,7.903179168701173
2018-10-19,8.229999542236326,7.9000000953674325,7.980000019073486,8.149999618530272,1705400.0,8.091822624206543
2018-10-22,8.340000152587889,8.029999732971191,8.239999771118164,8.25,1051700.0,8.191108703613281
2018-10-23,8.260000228881836,8.010000228881836,8.149999618530272,8.180000305175781,1043100.0,8.121608734130861
2018-10-24,8.579999923706055,8.149999618530272,8.210000038146973,8.210000038146973,2044700.0,8.151394844055176
2018-10-25,8.359999656677246,8.180000305175781,8.239999771118164,8.25,795000.0,8.191108703613281
2018-10-26,8.529999732971191,8.109999656677246,8.270000457763674,8.449999809265138,1310000.0,8.389680862426758
2018-10-29,8.649999618530272,8.060000419616701,8.619999885559082,8.130000114440918,917700.0,8.071965217590332
2018-10-30,8.399999618530272,8.029999732971191,8.170000076293945,8.279999732971191,626900.0,8.220894813537598
2018-10-31,8.409999847412111,8.170000076293945,8.329999923706055,8.350000381469728,1290300.0,8.290395736694336
2018-11-01,8.579999923706055,8.310000419616701,8.420000076293945,8.550000190734862,1290500.0,8.488967895507812
2018-11-02,8.640000343322754,8.310000419616701,8.579999923706055,8.590000152587889,2422700.0,8.528681755065918
2018-11-05,8.949999809265137,8.550000190734862,8.619999885559082,8.800000190734863,1683000.0,8.7371826171875
2018-11-06,8.90999984741211,8.489999771118164,8.75,8.720000267028809,998700.0,8.657753944396973
2018-11-07,8.770000457763674,8.409999847412111,8.720000267028809,8.539999961853027,1095100.0,8.479039192199707
2018-11-08,8.340000152587889,7.880000114440918,8.029999732971191,8.100000381469728,2193900.0,8.042180061340332
2018-11-09,8.119999885559082,7.75,8.079999923706055,8.020000457763674,2667700.0,7.962751388549805
2018-11-12,8.100000381469728,7.739999771118164,8.0,7.760000228881836,967100.0,7.704607009887695
2018-11-13,7.75,7.440000057220459,7.699999809265138,7.559999942779541,2052600.0,7.506034374237059
2018-11-14,7.9000000953674325,7.5999999046325675,7.6599998474121085,7.78000020980835,1208500.0,7.724463939666747
2018-11-15,7.920000076293945,7.679999828338622,7.739999771118164,7.789999961853027,501700.0,7.734392642974853
2018-11-16,8.010000228881836,7.769999980926514,7.809999942779541,7.929999828338622,2462200.0,7.873393058776855
2018-11-19,7.949999809265138,7.6599998474121085,7.880000114440918,7.739999771118164,504700.0,7.684749126434326
2018-11-20,7.679999828338622,7.4000000953674325,7.679999828338622,7.420000076293945,707000.0,7.367033958435059
2018-11-21,7.820000171661378,7.440000057220459,7.510000228881836,7.789999961853027,1456400.0,7.734392642974853
2018-11-23,7.809999942779541,7.610000133514403,7.670000076293945,7.690000057220459,772200.0,7.635106563568115
2018-11-26,7.670000076293945,7.260000228881836,7.670000076293945,7.380000114440918,1215500.0,7.327319145202638
2018-11-27,7.75,7.449999809265138,7.449999809265138,7.690000057220459,847700.0,7.635106563568115
2018-11-28,7.929999828338622,7.610000133514403,7.730000019073486,7.920000076293945,1203200.0,7.863464832305907
2018-11-29,8.159999847412111,7.860000133514403,7.9000000953674325,8.090000152587889,1454900.0,8.032251358032228
2018-11-30,9.0,8.640000343322754,8.920000076293945,8.890000343322754,3285900.0,8.82654094696045
2018-12-03,8.970000267028809,8.670000076293945,8.960000038146973,8.869999885559082,2799900.0,8.806682586669922
2018-12-04,8.989999771118164,8.649999618530272,8.869999885559082,8.670000076293945,1532400.0,8.608111381530763
2018-12-06,8.720000267028809,8.239999771118164,8.609999656677246,8.710000038146973,1747100.0,8.647825241088867
2018-12-07,8.90999984741211,8.460000038146973,8.760000228881836,8.510000228881836,1138500.0,8.449253082275389
2018-12-10,8.560000419616701,8.310000419616701,8.430000305175781,8.380000114440918,959000.0,8.320180892944336
2018-12-11,8.539999961853027,8.210000038146973,8.479999542236326,8.449999809265138,1275900.0,8.389680862426758
2018-12-12,8.649999618530272,8.470000267028809,8.539999961853027,8.550000190734862,1051300.0,8.488967895507812
2018-12-13,8.590000152587889,8.470000267028809,8.510000228881836,8.550000190734862,815300.0,8.488967895507812
2018-12-14,8.539999961853027,8.359999656677246,8.449999809265138,8.399999618530272,941200.0,8.34003734588623
2018-12-17,8.560000419616701,8.189999580383299,8.420000076293945,8.199999809265138,1477700.0,8.141465187072754
2018-12-18,8.390000343322754,8.199999809265138,8.199999809265138,8.239999771118164,1077800.0,8.181180000305176
2018-12-19,8.539999961853027,8.25,8.300000190734862,8.289999961853027,2638700.0,8.230823516845701
2018-12-20,8.430000305175781,8.039999961853027,8.359999656677246,8.130000114440918,2293800.0,8.071965217590332
2018-12-21,8.350000381469728,8.100000381469728,8.149999618530272,8.180000305175781,2203400.0,8.121608734130861
2018-12-24,8.279999732971191,8.050000190734862,8.149999618530272,8.180000305175781,438000.0,8.121608734130861
2018-12-26,8.649999618530272,8.210000038146973,8.210000038146973,8.470000267028809,1427700.0,8.409539222717285
2018-12-27,8.800000190734863,8.369999885559082,8.369999885559082,8.710000038146973,2380200.0,8.647825241088867
2018-12-28,8.960000038146973,8.739999771118164,8.760000228881836,8.949999809265137,2160000.0,8.886112213134766
2018-12-31,8.829999923706055,8.640000343322754,8.819999694824219,8.800000190734863,1789400.0,8.7371826171875
2019-01-02,9.289999961853027,8.84000015258789,8.84000015258789,9.18000030517578,2460900.0,9.11447048187256
2019-01-03,9.329999923706056,8.960000038146973,9.229999542236328,9.329999923706056,2005800.0,9.263399124145508
2019-01-04,9.789999961853027,9.3100004196167,9.380000114440918,9.760000228881836,2286500.0,9.690330505371094
2019-01-07,9.970000267028807,9.06999969482422,9.760000228881836,9.289999961853027,3414600.0,9.223685264587402
2019-01-08,9.5,9.270000457763672,9.329999923706056,9.449999809265137,2143400.0,9.382542610168457
2019-01-09,10.010000228881836,9.460000038146973,9.529999732971193,9.979999542236328,2900000.0,9.908759117126463
2019-01-10,9.9399995803833,9.68000030517578,9.93000030517578,9.93000030517578,2211100.0,9.859116554260254
2019-01-11,10.1899995803833,9.8100004196167,9.84000015258789,10.109999656677246,2357000.0,10.03783130645752
2019-01-14,10.220000267028807,10.0,10.06999969482422,10.09000015258789,1209000.0,10.017974853515623
2019-01-15,10.149999618530273,9.800000190734863,10.050000190734863,9.859999656677246,1269900.0,9.789615631103516
2019-01-16,10.739999771118164,10.079999923706056,10.140000343322754,10.579999923706056,2973500.0,10.504476547241213
2019-01-17,10.56999969482422,10.239999771118164,10.5,10.479999542236328,1882600.0,10.405190467834473
2019-01-18,10.600000381469727,10.390000343322754,10.5600004196167,10.539999961853027,1151900.0,10.464761734008787
2019-01-22,10.8100004196167,10.359999656677246,10.489999771118164,10.460000038146973,2014800.0,10.385333061218262
2019-01-23,10.729999542236328,10.479999542236328,10.550000190734863,10.649999618530273,1203500.0,10.573976516723633
2019-01-24,10.890000343322754,10.550000190734863,10.56999969482422,10.84000015258789,1047300.0,10.76262092590332
2019-01-25,10.9399995803833,10.8100004196167,10.84000015258789,10.859999656677246,729900.0,10.782477378845217
2019-01-28,10.710000038146973,10.449999809265137,10.670000076293944,10.510000228881836,930600.0,10.434976577758787
2019-01-29,10.729999542236328,10.5,10.68000030517578,10.640000343322754,870600.0,10.564048767089844
2019-01-30,10.90999984741211,10.420000076293944,10.859999656677246,10.75,1034800.0,10.673263549804688
2019-01-31,11.079999923706056,10.670000076293944,10.899999618530273,11.029999732971193,1858400.0,10.951264381408693
2019-02-01,11.020000457763672,10.789999961853027,10.920000076293944,10.979999542236328,845700.0,10.901620864868164
2019-02-04,11.109999656677246,10.770000457763672,10.869999885559082,11.06999969482422,752800.0,10.990978240966797
2019-02-05,11.149999618530273,10.9399995803833,11.029999732971193,11.079999923706056,993700.0,11.00090789794922
2019-02-06,11.039999961853027,10.880000114440918,10.970000267028807,10.899999618530273,546100.0,10.822192192077637
2019-02-07,10.979999542236328,10.729999542236328,10.899999618530273,10.93000030517578,888500.0,10.851978302001953
2019-02-08,10.960000038146973,10.770000457763672,10.899999618530273,10.949999809265137,572600.0,10.871835708618164
2019-02-11,10.949999809265137,10.8100004196167,10.949999809265137,10.84000015258789,414200.0,10.76262092590332
2019-02-12,10.960000038146973,10.850000381469727,10.960000038146973,10.920000076293944,723200.0,10.842049598693848
2019-02-13,10.960000038146973,10.789999961853027,10.899999618530273,10.859999656677246,712300.0,10.782477378845217
2019-02-14,10.960000038146973,10.65999984741211,10.75,10.9399995803833,1207600.0,10.861906051635742
2019-02-15,11.279999732971193,10.93000030517578,10.93000030517578,11.239999771118164,1224000.0,11.159765243530273
2019-02-19,11.789999961853027,11.229999542236328,11.350000381469727,11.729999542236328,1589100.0,11.64626693725586
2019-02-20,11.890000343322756,11.59000015258789,11.710000038146973,11.640000343322756,1379100.0,11.556910514831545
2019-02-21,11.600000381469727,11.199999809265137,11.600000381469727,11.399999618530273,980900.0,11.318622589111328
2019-02-22,11.65999984741211,11.300000190734865,11.40999984741211,11.630000114440918,596500.0,11.546981811523438
2019-02-25,11.670000076293945,11.479999542236328,11.630000114440918,11.510000228881836,459300.0,11.427838325500488
2019-02-26,11.59000015258789,11.449999809265135,11.479999542236328,11.550000190734865,482000.0,11.46755313873291
2019-02-27,11.68000030517578,11.43000030517578,11.5,11.600000381469727,603600.0,11.51719570159912
2019-02-28,11.600000381469727,11.4399995803833,11.579999923706055,11.479999542236328,521900.0,11.398051261901855
2019-03-01,11.489999771118164,11.0,11.470000267028807,11.079999923706056,687500.0,11.00090789794922
2019-03-04,11.239999771118164,11.0600004196167,11.06999969482422,11.229999542236328,967100.0,11.149836540222168
2019-03-05,11.390000343322756,11.119999885559082,11.239999771118164,11.300000190734865,847900.0,11.219337463378906
2019-03-06,11.359999656677244,10.90999984741211,11.279999732971193,10.949999809265137,610600.0,10.871835708618164
2019-03-07,10.899999618530273,10.619999885559082,10.899999618530273,10.850000381469727,1267900.0,10.772549629211426
2019-03-08,10.920000076293944,10.710000038146973,10.789999961853027,10.869999885559082,849000.0,10.79240608215332
2019-03-11,11.5600004196167,10.949999809265137,10.949999809265137,11.539999961853027,937100.0,11.457623481750488
2019-03-12,11.75,11.550000190734865,11.640000343322756,11.59000015258789,915100.0,11.507266998291016
2019-03-13,11.670000076293945,11.359999656677244,11.609999656677244,11.369999885559082,714000.0,11.288837432861328
2019-03-14,11.5600004196167,11.329999923706055,11.359999656677244,11.369999885559082,954800.0,11.288837432861328
2019-03-15,11.640000343322756,11.31999969482422,11.390000343322756,11.640000343322756,2922300.0,11.556910514831545
2019-03-18,12.15999984741211,11.640000343322756,11.670000076293945,12.130000114440918,1460200.0,12.043412208557127
2019-03-19,12.460000038146973,12.130000114440918,12.130000114440918,12.399999618530273,1450000.0,12.311484336853027
2019-03-20,13.09000015258789,12.43000030517578,12.449999809265135,12.880000114440918,2029700.0,12.788058280944824
2019-03-21,13.18000030517578,12.829999923706055,12.899999618530273,13.029999732971193,1649500.0,12.93698787689209
2019-03-22,12.880000114440918,11.979999542236328,12.65999984741211,12.0600004196167,1326400.0,11.973912239074707
2019-03-25,12.149999618530273,11.880000114440918,12.010000228881836,12.039999961853027,915400.0,11.954054832458494
2019-03-26,12.220000267028807,11.84000015258789,12.15999984741211,11.890000343322756,760800.0,11.805126190185547
2019-03-27,11.829999923706055,11.40999984741211,11.68000030517578,11.43000030517578,836900.0,11.348409652709961
2019-03-28,11.619999885559082,11.15999984741211,11.359999656677244,11.4399995803833,1548800.0,11.35833740234375
2019-03-29,11.779999732971193,11.539999961853027,11.550000190734865,11.59000015258789,1377900.0,11.507266998291016
2019-04-01,11.850000381469727,11.56999969482422,11.75,11.670000076293945,1467500.0,11.586695671081545
2019-04-02,11.699999809265135,11.5,11.699999809265135,11.59000015258789,1029300.0,11.507266998291016
2019-04-03,11.93000030517578,11.59000015258789,11.65999984741211,11.789999961853027,817200.0,11.705839157104492
2019-04-04,12.380000114440918,11.760000228881836,11.760000228881836,12.350000381469727,1194900.0,12.261841773986815
2019-04-05,12.640000343322756,12.279999732971193,12.3100004196167,12.539999961853027,888300.0,12.450485229492188
2019-04-08,12.720000267028807,12.300000190734865,12.550000190734865,12.640000343322756,777000.0,12.549772262573242
2019-04-09,12.630000114440918,12.390000343322756,12.529999732971193,12.529999732971193,579500.0,12.440556526184082
2019-04-10,12.739999771118164,12.43000030517578,12.529999732971193,12.720000267028807,618900.0,12.62920093536377
2019-04-11,12.699999809265135,12.25,12.649999618530273,12.5,582100.0,12.410771369934082
2019-04-12,12.529999732971193,12.140000343322756,12.43000030517578,12.170000076293945,777200.0,12.08312702178955
2019-04-15,12.289999961853027,12.130000114440918,12.229999542236328,12.25,369800.0,12.162555694580078
2019-04-16,12.4399995803833,12.119999885559082,12.210000038146973,12.359999656677244,541800.0,12.271770477294922
2019-04-17,12.539999961853027,12.109999656677244,12.460000038146973,12.220000267028807,908900.0,12.132770538330078
2019-04-18,12.449999809265135,12.239999771118164,12.25,12.34000015258789,670100.0,12.251913070678713
2019-04-22,12.489999771118164,12.239999771118164,12.369999885559082,12.279999732971193,1093100.0,12.192340850830078
2019-04-23,12.479999542236328,12.18000030517578,12.329999923706055,12.25,549700.0,12.162555694580078
2019-04-24,12.279999732971193,11.710000038146973,12.270000457763672,11.920000076293945,1085900.0,11.834911346435547
2019-04-25,12.210000038146973,11.739999771118164,11.850000381469727,12.079999923706055,532300.0,11.993768692016602
2019-04-26,12.199999809265135,11.90999984741211,12.06999969482422,12.15999984741211,541500.0,12.073198318481445
2019-04-29,12.369999885559082,12.130000114440918,12.229999542236328,12.25,294700.0,12.162555694580078
2019-04-30,12.34000015258789,12.130000114440918,12.239999771118164,12.220000267028807,618000.0,12.132770538330078
2019-05-01,12.31999969482422,11.84000015258789,12.220000267028807,11.859999656677244,510000.0,11.775339126586914
2019-05-02,12.100000381469727,11.670000076293945,11.81999969482422,12.010000228881836,440200.0,11.92426872253418
2019-05-03,12.25,12.020000457763672,12.079999923706055,12.1899995803833,268900.0,12.102983474731445
2019-05-06,12.289999961853027,11.970000267028807,12.039999961853027,11.989999771118164,326200.0,11.904411315917967
2019-05-07,11.890000343322756,11.670000076293945,11.779999732971193,11.720000267028807,520600.0,11.63633918762207
2019-05-08,11.899999618530273,11.760000228881836,11.84000015258789,11.81999969482422,1250700.0,11.735625267028807
2019-05-09,11.81999969482422,11.390000343322756,11.68000030517578,11.789999961853027,734700.0,11.705839157104492
2019-05-10,11.960000038146973,11.619999885559082,11.829999923706055,11.760000228881836,400600.0,11.676054000854492
2019-05-13,11.670000076293945,11.1899995803833,11.520000457763672,11.369999885559082,423100.0,11.288837432861328
2019-05-14,11.800000190734865,11.350000381469727,11.390000343322756,11.65999984741211,936800.0,11.576766967773438
2019-05-15,11.619999885559082,11.279999732971193,11.399999618530273,11.5600004196167,332300.0,11.477481842041016
2019-05-16,11.789999961853027,11.369999885559082,11.539999961853027,11.369999885559082,750700.0,11.288837432861328
2019-05-17,11.449999809265135,10.90999984741211,11.220000267028807,10.970000267028807,854900.0,10.891693115234377
2019-05-20,11.18000030517578,10.829999923706056,10.90999984741211,10.989999771118164,1027000.0,10.91154956817627
2019-05-21,11.449999809265135,10.970000267028807,11.039999961853027,11.399999618530273,895700.0,11.318622589111328
2019-05-22,11.81999969482422,11.390000343322756,11.43000030517578,11.65999984741211,714900.0,11.576766967773438
2019-05-23,11.81999969482422,11.489999771118164,11.489999771118164,11.68000030517578,602400.0,11.596624374389648
2019-05-24,11.880000114440918,11.600000381469727,11.779999732971193,11.65999984741211,522300.0,11.576766967773438
2019-05-28,11.829999923706055,11.520000457763672,11.710000038146973,11.710000038146973,422800.0,11.626410484313965
2019-05-29,12.270000457763672,11.640000343322756,11.710000038146973,12.25,632900.0,12.162555694580078
2019-05-30,12.619999885559082,12.229999542236328,12.260000228881836,12.600000381469727,777700.0,12.51005744934082
2019-05-31,12.979999542236328,12.529999732971193,12.529999732971193,12.630000114440918,819900.0,12.539843559265135
2019-06-03,12.989999771118164,12.56999969482422,12.75,12.630000114440918,1417900.0,12.539843559265135
2019-06-04,13.09000015258789,12.529999732971193,12.529999732971193,12.949999809265135,1493800.0,12.857558250427244
2019-06-05,13.100000381469727,12.630000114440918,12.920000076293945,12.75,560700.0,12.65898609161377
2019-06-06,12.949999809265135,12.670000076293945,12.829999923706055,12.81999969482422,1191000.0,12.728487014770508
2019-06-07,13.399999618530273,12.779999732971193,12.81999969482422,13.18000030517578,1113200.0,13.085917472839355
2019-06-10,13.270000457763672,12.949999809265135,13.18000030517578,13.0600004196167,754300.0,12.966773986816404
2019-06-11,13.260000228881836,12.90999984741211,13.15999984741211,13.140000343322756,883100.0,13.046202659606935
2019-06-12,13.1899995803833,12.850000381469727,13.0600004196167,12.899999618530273,347100.0,12.807915687561035
2019-06-13,13.170000076293945,12.9399995803833,12.9399995803833,12.960000038146973,730500.0,12.867487907409668
2019-06-14,13.3100004196167,12.729999542236328,12.949999809265135,13.170000076293945,963000.0,13.07598876953125
2019-06-17,13.420000076293945,13.039999961853027,13.1899995803833,13.119999885559082,542000.0,13.026345252990724
2019-06-18,13.489999771118164,12.199999809265135,13.300000190734865,12.920000076293945,1948400.0,12.827773094177244
2019-06-19,13.109999656677244,12.789999961853027,12.949999809265135,12.890000343322756,1037800.0,12.797987937927244
2019-06-20,13.300000190734865,13.029999732971193,13.09000015258789,13.220000267028807,344200.0,13.125631332397461
2019-06-21,13.279999732971193,12.899999618530273,13.210000038146973,12.93000030517578,1129700.0,12.837701797485352
2019-06-24,13.350000381469727,12.93000030517578,12.970000267028807,13.239999771118164,601900.0,13.145488739013672
2019-06-25,13.3100004196167,13.0,13.18000030517578,13.130000114440918,544500.0,13.036273956298828
2019-06-26,13.380000114440918,13.029999732971193,13.210000038146973,13.06999969482422,493700.0,12.976701736450195
2019-06-27,13.220000267028807,12.789999961853027,13.0600004196167,13.119999885559082,311200.0,13.026345252990724
2019-06-28,13.420000076293945,13.119999885559082,13.119999885559082,13.359999656677244,690700.0,13.26463222503662
2019-07-01,13.739999771118164,13.25,13.489999771118164,13.350000381469727,1220600.0,13.254703521728516
2019-07-02,13.510000228881836,13.239999771118164,13.31999969482422,13.460000038146973,720800.0,13.36391830444336
2019-07-03,13.579999923706055,13.199999809265135,13.510000228881836,13.25,342600.0,13.155417442321776
2019-07-05,13.989999771118164,13.329999923706055,13.369999885559082,13.829999923706055,1230800.0,13.731277465820312
2019-07-08,14.0,13.739999771118164,13.850000381469727,13.84000015258789,636700.0,13.741206169128418
2019-07-09,14.15999984741211,13.65999984741211,13.760000228881836,14.029999732971193,1212800.0,13.929849624633787
2019-07-10,14.529999732971193,14.06999969482422,14.170000076293945,14.399999618530273,1392400.0,14.297207832336426
2019-07-11,14.649999618530273,14.260000228881836,14.460000038146973,14.40999984741211,982600.0,14.307136535644533
2019-07-12,14.779999732971193,14.420000076293945,14.420000076293945,14.520000457763672,535000.0,14.416352272033693
2019-07-15,14.649999618530273,14.210000038146973,14.59000015258789,14.43000030517578,436200.0,14.32699489593506
2019-07-16,14.5,14.119999885559082,14.4399995803833,14.25,503300.0,14.148279190063475
2019-07-17,14.270000457763672,13.989999771118164,14.270000457763672,14.18000030517578,584200.0,14.078779220581055
2019-07-18,14.539999961853027,14.1899995803833,14.210000038146973,14.420000076293945,738000.0,14.317065238952635
2019-07-19,14.479999542236328,14.279999732971193,14.40999984741211,14.390000343322756,597900.0,14.287280082702635
2019-07-22,14.670000076293945,14.43000030517578,14.489999771118164,14.539999961853027,567900.0,14.436208724975586
2019-07-23,14.649999618530273,14.420000076293945,14.649999618530273,14.510000228881836,527300.0,14.406423568725586
2019-07-24,14.720000267028807,14.279999732971193,14.449999809265135,14.6899995803833,679300.0,14.585137367248535
2019-07-25,14.710000038146973,14.06999969482422,14.710000038146973,14.260000228881836,554200.0,14.158207893371582
2019-07-26,14.649999618530273,14.119999885559082,14.270000457763672,14.609999656677244,457400.0,14.505708694458008
2019-07-29,14.609999656677244,14.149999618530273,14.5600004196167,14.4399995803833,832800.0,14.336922645568848
2019-07-30,14.710000038146973,14.359999656677244,14.40999984741211,14.65999984741211,406300.0,14.555352210998535
2019-07-31,14.800000190734865,14.369999885559082,14.68000030517578,14.670000076293945,1008500.0,14.56528091430664
2019-08-01,14.989999771118164,14.449999809265135,14.619999885559082,14.479999542236328,787300.0,14.376636505126953
2019-08-02,14.539999961853027,14.039999961853027,14.460000038146973,14.289999961853027,677800.0,14.187993049621582
2019-08-05,14.010000228881836,13.31999969482422,14.010000228881836,13.520000457763672,1052100.0,13.423490524291992
2019-08-06,13.789999961853027,13.529999732971193,13.609999656677244,13.65999984741211,838600.0,13.562490463256836
2019-08-07,14.109999656677244,13.34000015258789,13.5,13.890000343322756,1340300.0,13.790848731994627
2019-08-08,14.619999885559082,13.90999984741211,14.050000190734865,14.390000343322756,1898600.0,14.287280082702635
2019-08-09,14.619999885559082,14.06999969482422,14.270000457763672,14.229999542236328,484700.0,14.128421783447266
2019-08-12,14.039999961853027,13.420000076293945,14.039999961853027,13.75,913600.0,13.651847839355467
2019-08-13,14.100000381469727,13.390000343322756,13.75,13.899999618530273,1553400.0,13.800777435302734
2019-08-14,13.609999656677244,13.15999984741211,13.550000190734865,13.34000015258789,1000100.0,13.24477481842041
2019-08-15,13.31999969482422,12.539999961853027,13.300000190734865,13.06999969482422,1193200.0,12.976701736450195
2019-08-16,13.619999885559082,13.100000381469727,13.109999656677244,13.579999923706055,695600.0,13.483061790466307
2019-08-19,13.960000038146973,12.539999961853027,13.739999771118164,13.770000457763672,825900.0,13.671706199645994
2019-08-20,13.93000030517578,13.710000038146973,13.770000457763672,13.850000381469727,920600.0,13.751134872436525
2019-08-21,14.220000267028807,13.800000190734865,13.970000267028807,14.1899995803833,757300.0,14.088706970214846
2019-08-22,14.199999809265135,13.40999984741211,14.199999809265135,13.670000076293945,856800.0,13.57241916656494
2019-08-23,13.630000114440918,13.229999542236328,13.5600004196167,13.300000190734865,662000.0,13.205060958862305
2019-08-26,13.4399995803833,12.800000190734865,13.369999885559082,12.850000381469727,606700.0,12.758273124694824
2019-08-27,13.18000030517578,12.539999961853027,12.960000038146973,12.81999969482422,1134000.0,12.728487014770508
2019-08-28,13.84000015258789,13.3100004196167,13.84000015258789,13.59000015258789,2271000.0,13.492990493774414
2019-08-29,13.75,13.380000114440918,13.619999885559082,13.59000015258789,1330500.0,13.492990493774414
2019-08-30,14.09000015258789,13.649999618530273,13.75,14.020000457763672,1901600.0,13.919920921325685
2019-09-03,14.229999542236328,13.890000343322756,13.93000030517578,14.0600004196167,1106200.0,13.959635734558105
2019-09-04,14.489999771118164,14.09000015258789,14.25,14.470000267028807,880900.0,14.366708755493164
2019-09-05,14.729999542236328,14.359999656677244,14.59000015258789,14.470000267028807,544500.0,14.366708755493164
2019-09-06,14.670000076293945,14.31999969482422,14.529999732971193,14.609999656677244,480500.0,14.505708694458008
2019-09-09,14.710000038146973,14.399999618530273,14.600000381469727,14.529999732971193,733200.0,14.42628002166748
2019-09-10,14.6899995803833,14.300000190734865,14.479999542236328,14.420000076293945,632800.0,14.317065238952635
2019-09-11,15.079999923706055,14.390000343322756,14.510000228881836,15.029999732971193,989100.0,14.922711372375488
2019-09-12,15.670000076293945,15.109999656677244,15.270000457763672,15.31999969482422,1342600.0,15.210640907287598
2019-09-13,15.479999542236328,15.130000114440918,15.40999984741211,15.239999771118164,1298000.0,15.13121223449707
2019-09-16,15.510000228881836,14.949999809265135,15.130000114440918,15.289999961853027,1026400.0,15.18085479736328
2019-09-17,15.350000381469727,15.109999656677244,15.220000267028807,15.199999809265135,875600.0,15.091497421264648
2019-09-18,15.1899995803833,14.640000343322756,15.140000343322756,14.800000190734865,1384000.0,14.694353103637695
2019-09-19,15.100000381469727,14.850000381469727,14.859999656677244,14.960000038146973,873600.0,14.85321044921875
2019-09-20,15.020000457763672,14.68000030517578,14.739999771118164,14.890000343322756,1453300.0,14.783710479736328
2019-09-23,15.239999771118164,14.75,14.75,15.100000381469727,1801100.0,14.992212295532227
2019-09-24,15.390000343322756,15.100000381469727,15.149999618530273,15.329999923706055,1637200.0,15.220569610595705
2019-09-25,15.449999809265135,15.25,15.3100004196167,15.399999618530273,2339600.0,15.290069580078125
2019-09-26,16.049999237060547,15.420000076293945,15.520000457763672,15.5,1423200.0,15.38935661315918
2019-09-27,15.520000457763672,15.010000228881836,15.520000457763672,15.06999969482422,511900.0,14.962425231933596
2019-09-30,15.119999885559082,14.5,15.039999961853027,14.899999618530273,912200.0,14.793639183044435
2019-10-01,14.93000030517578,14.65999984741211,14.880000114440918,14.84000015258789,1142300.0,14.734067916870115
2019-10-02,14.8100004196167,14.520000457763672,14.75,14.630000114440918,741000.0,14.525567054748535
2019-10-03,14.979999542236328,14.289999961853027,14.760000228881836,14.970000267028807,1075200.0,14.863140106201172
2019-10-04,15.0,14.649999618530273,14.979999542236328,14.81999969482422,899700.0,14.71420955657959
2019-10-07,15.0,14.600000381469727,14.670000076293945,14.760000228881836,1122400.0,14.654638290405273
2019-10-08,15.0,14.600000381469727,14.75,14.619999885559082,1027900.0,14.515637397766113
2019-10-09,14.800000190734865,14.529999732971193,14.770000457763672,14.699999809265135,726300.0,14.595067024230955
2019-10-10,15.0,14.619999885559082,14.670000076293945,15.0,1031000.0,14.892925262451172
2019-10-11,15.529999732971193,14.800000190734865,15.039999961853027,15.4399995803833,1824000.0,15.329784393310547
2019-10-14,15.9399995803833,15.4399995803833,15.4399995803833,15.75,761100.0,15.637571334838867
2019-10-15,15.970000267028807,15.6899995803833,15.84000015258789,15.899999618530273,1214200.0,15.786500930786133
2019-10-16,15.989999771118164,15.5600004196167,15.859999656677244,15.899999618530273,680000.0,15.786500930786133
2019-10-17,16.020000457763672,15.68000030517578,16.0,15.699999809265135,881600.0,15.587928771972654
2019-10-18,16.069999694824222,15.59000015258789,15.68000030517578,16.010000228881836,692500.0,15.895715713500975
2019-10-21,16.399999618530273,16.049999237060547,16.079999923706055,16.350000381469727,856300.0,16.23328971862793
2019-10-22,16.809999465942386,16.270000457763672,16.420000076293945,16.280000686645508,1179300.0,16.163789749145508
2019-10-23,16.690000534057614,16.260000228881836,16.280000686645508,16.440000534057614,919000.0,16.322647094726562
2019-10-24,16.610000610351562,16.09000015258789,16.579999923706055,16.190000534057614,463300.0,16.074430465698242
2019-10-25,16.450000762939453,16.120000839233402,16.170000076293945,16.299999237060547,548200.0,16.183645248413086
2019-10-28,16.690000534057614,16.319999694824222,16.389999389648438,16.489999771118164,570600.0,16.372289657592773
2019-10-29,17.049999237060547,16.40999984741211,16.40999984741211,16.979999542236328,826400.0,16.85879135131836
2019-10-30,17.020000457763672,16.700000762939453,17.0,16.920000076293945,425000.0,16.799219131469727
2019-10-31,16.90999984741211,16.639999389648438,16.879999160766598,16.819999694824222,540500.0,16.699934005737305
2019-11-01,17.389999389648438,16.850000381469727,16.889999389648438,17.379999160766598,879700.0,17.255935668945312
2019-11-04,17.649999618530273,17.049999237060547,17.479999542236328,17.239999771118164,625300.0,17.116935729980472
2019-11-05,17.489999771118164,17.190000534057614,17.299999237060547,17.34000015258789,610300.0,17.216222763061527
2019-11-06,17.40999984741211,16.84000015258789,17.229999542236328,17.0,711400.0,16.87864875793457
2019-11-07,17.139999389648438,16.600000381469727,17.09000015258789,16.959999084472653,736600.0,16.838933944702152
2019-11-08,17.170000076293945,16.770000457763672,16.770000457763672,16.989999771118164,547000.0,16.868719100952152
2019-11-11,17.270000457763672,16.75,16.799999237060547,17.129999160766598,791900.0,17.007719039916992
2019-11-12,17.040000915527347,16.069999694824222,17.0,16.389999389648438,1229300.0,16.273002624511722
2019-11-13,16.34000015258789,16.079999923706055,16.219999313354492,16.149999618530273,981900.0,16.03471565246582
2019-11-14,16.760000228881836,15.869999885559082,16.129999160766598,16.680000305175778,826100.0,16.56093406677246
2019-11-15,16.930000305175778,16.629999160766598,16.790000915527347,16.870000839233402,381300.0,16.749576568603516
2019-11-18,16.950000762939453,16.610000610351562,16.889999389648438,16.649999618530273,695400.0,16.531147003173828
2019-11-19,16.969999313354492,16.600000381469727,16.700000762939453,16.930000305175778,955600.0,16.809148788452152
2019-11-20,17.290000915527347,16.959999084472653,16.959999084472653,17.180000305175778,618400.0,17.057363510131836
2019-11-21,17.420000076293945,17.129999160766598,17.200000762939453,17.34000015258789,920800.0,17.216222763061527
2019-11-22,17.479999542236328,17.079999923706055,17.399999618530273,17.15999984741211,1027300.0,17.037506103515625
2019-11-25,17.209999084472653,16.75,17.139999389648438,17.069999694824222,542100.0,16.948148727416992
2019-11-26,16.959999084472653,16.40999984741211,16.959999084472653,16.920000076293945,861300.0,16.799219131469727
2019-11-27,17.350000381469727,16.860000610351562,16.979999542236328,17.350000381469727,853600.0,17.226150512695312
2019-11-29,17.639999389648438,17.329999923706055,17.370000839233402,17.489999771118164,601600.0,17.365150451660153
2019-12-02,17.8799991607666,17.469999313354492,17.579999923706055,17.639999389648438,1235000.0,17.514080047607422
2019-12-03,17.729999542236328,17.149999618530273,17.510000228881836,17.59000015258789,744200.0,17.46443748474121
2019-12-04,18.13999938964844,17.639999389648438,17.81999969482422,18.09000015258789,694800.0,17.96086883544922
2019-12-05,18.65999984741211,18.020000457763672,18.149999618530273,18.6299991607666,886200.0,18.497013092041016
2019-12-06,18.90999984741211,18.46999931335449,18.700000762939453,18.71999931335449,1026100.0,18.58637046813965
2019-12-09,19.13999938964844,18.739999771118164,18.739999771118164,18.850000381469727,879600.0,18.715442657470703
2019-12-10,19.299999237060547,18.780000686645508,18.850000381469727,19.209999084472656,767800.0,19.072872161865234
2019-12-11,19.979999542236328,19.299999237060547,19.299999237060547,19.979999542236328,1050300.0,19.83737564086914
2019-12-12,20.309999465942386,19.8700008392334,20.0,20.229999542236328,1762500.0,20.08559226989746
2019-12-13,21.149999618530273,20.170000076293945,20.18000030517578,20.739999771118164,1290900.0,20.591951370239254
2019-12-16,21.38999938964844,20.81999969482422,20.8700008392334,21.040000915527344,1355200.0,20.88981056213379
2019-12-17,21.170000076293945,20.68000030517578,21.06999969482422,20.93000030517578,1681600.0,20.780595779418945
2019-12-18,21.670000076293945,20.489999771118164,21.049999237060547,21.63999938964844,2230400.0,21.48552703857422
2019-12-19,21.90999984741211,21.26000022888184,21.809999465942386,21.649999618530273,1278900.0,21.495454788208008
2019-12-20,22.3799991607666,21.700000762939453,21.75,21.84000015258789,1644400.0,21.68409919738769
2019-12-23,22.239999771118164,21.700000762939453,22.190000534057614,22.18000030517578,1167200.0,22.02167320251465
2019-12-24,23.1200008392334,22.25,22.25,23.03000068664551,401600.0,22.8656063079834
2019-12-26,23.440000534057614,22.899999618530273,23.229999542236328,23.270000457763672,1016000.0,23.103891372680664
2019-12-27,23.520000457763672,22.65999984741211,23.45000076293945,22.8799991607666,881900.0,22.7166748046875
2019-12-30,23.040000915527344,22.709999084472656,22.940000534057614,22.790000915527344,727800.0,22.6273193359375
2019-12-31,22.88999938964844,22.71999931335449,22.739999771118164,22.84000015258789,464000.0,22.67696189880371
2020-01-02,23.28000068664551,22.899999618530273,22.93000030517578,23.270000457763672,1135100.0,23.103891372680664
2020-01-03,23.70000076293945,23.01000022888184,23.20000076293945,23.46999931335449,604300.0,23.30246353149414
2020-01-06,23.46999931335449,22.95000076293945,23.36000061035156,23.290000915527344,804600.0,23.123748779296875
2020-01-07,23.229999542236328,22.709999084472656,23.1200008392334,22.85000038146973,1048500.0,22.6868896484375
2020-01-08,22.770000457763672,21.07999992370605,22.76000022888184,22.09000015258789,1829800.0,21.932313919067386
2020-01-09,22.440000534057614,21.86000061035156,22.13999938964844,22.3700008392334,1244400.0,22.210317611694336
2020-01-10,22.90999984741211,22.43000030517578,22.5,22.790000915527344,993600.0,22.6273193359375
2020-01-13,23.06999969482422,22.540000915527344,22.86000061035156,22.88999938964844,642900.0,22.72660255432129
2020-01-14,22.96999931335449,22.559999465942386,22.790000915527344,22.76000022888184,514700.0,22.59753227233887
2020-01-15,22.76000022888184,22.32999992370605,22.70000076293945,22.61000061035156,672500.0,22.4486026763916
2020-01-16,22.770000457763672,22.25,22.709999084472656,22.53000068664551,818700.0,22.36917495727539
2020-01-17,22.65999984741211,22.26000022888184,22.520000457763672,22.59000015258789,567500.0,22.42874526977539
2020-01-21,22.95000076293945,22.36000061035156,22.3799991607666,22.81999969482422,1142700.0,22.65710258483887
2020-01-22,23.28000068664551,22.86000061035156,22.920000076293945,23.07999992370605,893200.0,22.915246963500977
2020-01-23,23.020000457763672,22.43000030517578,23.0,22.809999465942386,691100.0,22.647174835205078
2020-01-24,22.79999923706055,22.46999931335449,22.75,22.70000076293945,912900.0,22.53796195983887
2020-01-27,22.299999237060547,21.149999618530273,22.18000030517578,21.479999542236328,1022400.0,21.32666778564453
2020-01-28,22.299999237060547,21.43000030517578,21.57999992370605,22.26000022888184,489900.0,22.10110092163086
2020-01-29,23.07999992370605,22.46999931335449,22.51000022888184,22.57999992370605,1223500.0,22.4188175201416
2020-01-30,22.709999084472656,21.899999618530273,22.38999938964844,22.70000076293945,870600.0,22.53796195983887
2020-01-31,22.59000015258789,21.90999984741211,22.540000915527344,22.09000015258789,1029800.0,21.932313919067386
2020-02-03,22.90999984741211,22.1299991607666,22.190000534057614,22.54999923706055,687400.0,22.38903045654297
2020-02-04,22.899999618530273,22.049999237060547,22.8700008392334,22.18000030517578,768000.0,22.02167320251465
2020-02-05,22.84000015258789,22.11000061035156,22.559999465942386,22.25,765900.0,22.09117317199707
2020-02-06,22.5,22.18000030517578,22.40999984741211,22.459999084472656,482400.0,22.299673080444336
2020-02-07,22.68000030517578,21.739999771118164,22.54999923706055,21.88999938964844,804100.0,21.733741760253906
2020-02-10,21.850000381469727,21.25,21.799999237060547,21.6200008392334,563100.0,21.465669631958008
2020-02-11,22.57999992370605,21.790000915527344,21.920000076293945,22.450000762939453,876900.0,22.289745330810547
2020-02-12,23.01000022888184,22.450000762939453,22.489999771118164,22.770000457763672,1085000.0,22.60746192932129
2020-02-13,22.809999465942386,22.049999237060547,22.63999938964844,22.40999984741211,622700.0,22.250030517578125
2020-02-14,22.709999084472656,22.190000534057614,22.59000015258789,22.57999992370605,538000.0,22.4188175201416
2020-02-18,22.3799991607666,21.270000457763672,22.31999969482422,21.32999992370605,792000.0,21.1777400970459
2020-02-19,22.200000762939453,21.40999984741211,21.549999237060547,22.059999465942386,1142200.0,21.902528762817386
2020-02-20,22.0,20.8799991607666,21.950000762939453,21.07999992370605,1200300.0,20.929523468017575
2020-02-21,21.239999771118164,20.32999992370605,20.979999542236328,20.57999992370605,711000.0,20.433094024658203
2020-02-24,20.0,19.350000381469727,19.84000015258789,19.850000381469727,1000000.0,19.70830535888672
2020-02-25,20.1299991607666,19.420000076293945,20.020000457763672,19.649999618530273,1298800.0,19.50973129272461
2020-02-26,19.729999542236328,18.780000686645508,19.63999938964844,19.06999969482422,981700.0,18.93387222290039
2020-02-27,18.56999969482422,16.829999923706055,18.51000022888184,17.989999771118164,2302000.0,17.861581802368164
2020-02-28,18.32999992370605,17.149999618530273,17.40999984741211,18.26000022888184,1465300.0,18.129653930664066
2020-03-02,19.68000030517578,17.81999969482422,18.34000015258789,19.6299991607666,1593300.0,19.4898738861084
2020-03-03,20.020000457763672,18.770000457763672,19.549999237060547,19.030000686645508,949900.0,18.8941593170166
2020-03-04,19.489999771118164,18.51000022888184,19.459999084472656,18.850000381469727,1216500.0,18.715442657470703
2020-03-05,18.31999969482422,17.579999923706055,18.26000022888184,17.670000076293945,1258200.0,17.543865203857422
2020-03-06,16.959999084472653,16.360000610351562,16.940000534057614,16.850000381469727,1278400.0,16.729719161987305
2020-03-09,15.59000015258789,12.020000457763672,15.59000015258789,14.760000228881836,2652700.0,14.654638290405273
2020-03-10,16.129999160766598,14.65999984741211,15.1899995803833,16.120000839233402,2575100.0,16.00493049621582
2020-03-11,15.880000114440918,14.289999961853027,15.460000038146973,14.75,2438200.0,14.644709587097168
2020-03-12,13.18000030517578,11.289999961853027,12.859999656677244,11.59000015258789,1373200.0,11.507266998291016
2020-03-13,14.399999618530273,11.960000038146973,12.5600004196167,14.399999618530273,2635300.0,14.297207832336426
2020-03-16,12.4399995803833,10.93000030517578,12.390000343322756,11.0,1904000.0,10.921478271484377
2020-03-17,11.800000190734865,10.18000030517578,11.34000015258789,11.199999809265137,1709800.0,11.120050430297852
2020-03-18,10.380000114440918,8.670000076293945,10.020000457763672,9.619999885559082,1858900.0,9.551329612731934
2020-03-19,11.850000381469727,8.560000419616701,9.420000076293944,11.06999969482422,1703200.0,10.990978240966797
2020-03-20,12.470000267028807,11.270000457763672,11.470000267028807,12.170000076293945,1680000.0,12.08312702178955
2020-03-23,12.0,10.380000114440918,11.920000076293945,11.43000030517578,1781300.0,11.348409652709961
2020-03-24,12.949999809265135,12.1899995803833,12.529999732971193,12.56999969482422,836400.0,12.480271339416506
2020-03-25,14.0,12.020000457763672,12.520000457763672,13.210000038146973,1158700.0,13.115702629089355
2020-03-26,14.279999732971193,12.5,13.359999656677244,14.18000030517578,1120300.0,14.078779220581055
2020-03-27,13.460000038146973,12.079999923706055,13.289999961853027,12.279999732971193,636100.0,12.192340850830078
2020-03-30,12.329999923706055,11.43000030517578,12.289999961853027,12.0,865700.0,11.914340019226074
2020-03-31,12.449999809265135,11.729999542236328,12.109999656677244,12.300000190734865,1423800.0,12.212199211120605
2020-04-01,11.850000381469727,11.119999885559082,11.710000038146973,11.359999656677244,1424000.0,11.278908729553224
2020-04-02,12.170000076293945,10.920000076293944,11.68000030517578,11.4399995803833,735300.0,11.35833740234375
2020-04-03,11.609999656677244,10.609999656677246,11.470000267028807,11.050000190734863,801500.0,10.971121788024902
2020-04-06,12.329999923706055,11.329999923706055,11.460000038146973,11.960000038146973,784100.0,11.874626159667967
2020-04-07,13.140000343322756,11.010000228881836,12.59000015258789,11.43000030517578,1015800.0,11.348409652709961
2020-04-08,12.050000190734865,11.039999961853027,11.600000381469727,12.010000228881836,1018400.0,11.92426872253418
2020-04-09,12.640000343322756,11.329999923706055,12.399999618530273,11.470000267028807,1073300.0,11.388123512268065
2020-04-13,12.170000076293945,11.18000030517578,11.550000190734865,11.949999809265135,995400.0,11.864697456359865
2020-04-14,12.68000030517578,11.960000038146973,12.100000381469727,12.329999923706055,907700.0,12.241984367370605
2020-04-15,12.59000015258789,11.56999969482422,11.899999618530273,12.43000030517578,1476500.0,12.34127140045166
2020-04-16,12.699999809265135,11.579999923706055,12.5600004196167,12.100000381469727,1149600.0,12.013627052307127
2020-04-17,12.59000015258789,11.630000114440918,12.510000228881836,11.829999923706055,1003100.0,11.745553970336914
2020-04-20,12.630000114440918,11.260000228881836,11.510000228881836,12.420000076293945,3518500.0,12.331342697143555
2020-04-21,12.369999885559082,11.760000228881836,11.899999618530273,12.199999809265135,999900.0,12.11291217803955
2020-04-22,13.359999656677244,12.390000343322756,12.699999809265135,13.210000038146973,1772700.0,13.115702629089355
2020-04-23,13.59000015258789,12.859999656677244,13.420000076293945,13.210000038146973,1079700.0,13.115702629089355
2020-04-24,13.25,11.720000267028807,13.09000015258789,11.8100004196167,809500.0,11.725696563720705
2020-04-27,12.81999969482422,11.829999923706055,11.989999771118164,12.640000343322756,1884500.0,12.549772262573242
2020-04-28,13.34000015258789,12.59000015258789,12.899999618530273,13.199999809265135,567800.0,13.10577392578125
2020-04-29,14.140000343322756,13.399999618530273,13.56999969482422,14.039999961853027,836500.0,13.939778327941895
2020-04-30,13.890000343322756,13.18000030517578,13.890000343322756,13.34000015258789,1032700.0,13.24477481842041
2020-05-01,12.989999771118164,12.229999542236328,12.920000076293945,12.4399995803833,460300.0,12.35119915008545
2020-05-04,12.8100004196167,12.010000228881836,12.170000076293945,12.399999618530273,466100.0,12.311484336853027
2020-05-05,12.9399995803833,12.010000228881836,12.710000038146973,12.050000190734865,604000.0,11.963983535766602
2020-05-06,12.25,11.739999771118164,12.09000015258789,11.75,461300.0,11.666125297546387
2020-05-07,11.920000076293945,11.270000457763672,11.729999542236328,11.380000114440918,1070900.0,11.298766136169435
2020-05-08,12.020000457763672,11.529999732971193,11.579999923706055,11.859999656677244,739700.0,11.775339126586914
2020-05-11,11.859999656677244,11.43000030517578,11.720000267028807,11.470000267028807,359100.0,11.388123512268065
2020-05-12,11.520000457763672,10.90999984741211,11.479999542236328,10.93000030517578,997700.0,10.851978302001953
2020-05-13,11.140000343322754,10.350000381469727,10.970000267028807,10.609999656677246,1399000.0,10.534261703491213
2020-05-14,11.15999984741211,10.039999961853027,10.31999969482422,11.0600004196167,1290500.0,10.981050491333008
2020-05-15,11.220000267028807,10.609999656677246,11.050000190734863,10.720000267028807,638300.0,10.643477439880373
2020-05-18,11.510000228881836,11.0,11.170000076293944,11.31999969482422,1750000.0,11.2391939163208
2020-05-19,11.869999885559082,11.140000343322754,11.449999809265135,11.720000267028807,1267200.0,11.63633918762207
2020-05-20,11.779999732971193,11.3100004196167,11.3100004196167,11.5,1673900.0,11.417909622192385
2020-05-21,12.56999969482422,11.529999732971193,11.59000015258789,12.539999961853027,1619800.0,12.450485229492188
2020-05-22,12.630000114440918,12.25,12.56999969482422,12.3100004196167,505600.0,12.222127914428713
2020-05-26,13.25,12.369999885559082,12.949999809265135,12.5600004196167,1014000.0,12.470343589782715
2020-05-27,13.710000038146973,12.380000114440918,12.479999542236328,13.649999618530273,1337000.0,13.55256175994873
2020-05-28,13.899999618530273,12.520000457763672,13.84000015258789,13.050000190734865,1867200.0,12.9568452835083
2020-05-29,12.970000267028807,12.43000030517578,12.9399995803833,12.779999732971193,845400.0,12.688772201538086
2020-06-01,14.0600004196167,12.710000038146973,12.81999969482422,13.720000267028807,1259800.0,13.622062683105467
2020-06-02,14.720000267028807,13.630000114440918,13.920000076293945,14.630000114440918,1059500.0,14.525567054748535
2020-06-03,15.619999885559082,14.699999809265135,15.0,15.0,1415200.0,14.892925262451172
2020-06-04,15.1899995803833,14.739999771118164,14.81999969482422,14.920000076293945,545700.0,14.813496589660645
2020-06-05,16.329999923706055,14.880000114440918,15.760000228881836,15.15999984741211,818100.0,15.051782608032227
2020-06-08,15.850000381469727,15.1899995803833,15.449999809265135,15.84000015258789,1244500.0,15.726929664611815
2020-06-09,15.630000114440918,15.130000114440918,15.390000343322756,15.579999923706055,330100.0,15.468785285949707
2020-06-10,15.640000343322756,14.59000015258789,15.640000343322756,14.8100004196167,596800.0,14.7042818069458
2020-06-11,13.90999984741211,13.15999984741211,13.779999732971193,13.449999809265135,489300.0,13.353989601135256
2020-06-12,14.640000343322756,13.920000076293945,14.039999961853027,14.539999961853027,779700.0,14.436208724975586
2020-06-15,14.65999984741211,13.520000457763672,13.779999732971193,14.600000381469727,2318900.0,14.49578094482422
2020-06-16,15.56999969482422,14.699999809265135,15.109999656677244,14.9399995803833,1428800.0,14.833353042602539
2020-06-17,15.9399995803833,14.93000030517578,14.9399995803833,15.6899995803833,1200700.0,15.577999114990234
2020-06-18,15.960000038146973,15.220000267028807,15.3100004196167,15.420000076293945,893800.0,15.420000076293945
2020-06-19,15.850000381469727,15.130000114440918,15.699999809265135,15.300000190734865,1143900.0,15.300000190734865
2020-06-22,15.779999732971193,15.300000190734865,15.4399995803833,15.56999969482422,628200.0,15.56999969482422
2020-06-23,15.880000114440918,15.18000030517578,15.8100004196167,15.270000457763672,984200.0,15.270000457763672
2020-06-24,15.140000343322756,14.300000190734865,15.0,14.899999618530273,1030900.0,14.899999618530273
2020-06-25,15.399999618530273,14.84000015258789,15.039999961853027,15.390000343322756,732800.0,15.390000343322756
2020-06-26,15.140000343322756,14.460000038146973,15.140000343322756,14.829999923706055,729800.0,14.829999923706055
2020-06-29,15.119999885559082,14.649999618530273,15.010000228881836,14.989999771118164,756400.0,14.989999771118164
2020-06-30,15.1899995803833,14.5600004196167,14.800000190734865,15.0600004196167,544300.0,15.0600004196167
2020-07-01,16.110000610351562,15.260000228881836,15.390000343322756,16.0,963500.0,16.0
2020-07-02,16.290000915527347,15.460000038146973,16.200000762939453,15.579999923706055,1226700.0,15.579999923706055
2020-07-06,18.86000061035156,16.5,16.680000305175778,17.81999969482422,6030000.0,17.81999969482422
2020-07-07,18.059999465942386,17.040000915527347,17.569999694824222,17.270000457763672,2171800.0,17.270000457763672
2020-07-08,17.850000381469727,16.780000686645508,17.469999313354492,17.559999465942386,2511700.0,17.559999465942386
2020-07-09,17.739999771118164,16.649999618530273,17.600000381469727,17.120000839233402,1779300.0,17.120000839233402
2020-07-10,17.139999389648438,16.75,17.040000915527347,16.889999389648438,1539000.0,16.889999389648438
2020-07-13,17.319999694824222,16.530000686645508,16.889999389648438,16.610000610351562,1709700.0,16.610000610351562
2020-07-14,17.049999237060547,16.209999084472653,16.430000305175778,17.010000228881836,1603500.0,17.010000228881836
2020-07-15,17.729999542236328,16.950000762939453,17.450000762939453,17.190000534057614,991000.0,17.190000534057614
2020-07-16,17.120000839233402,16.809999465942386,17.040000915527347,16.959999084472653,665400.0,16.959999084472653
2020-07-17,17.940000534057614,16.90999984741211,17.030000686645508,17.790000915527344,1069900.0,17.790000915527344
2020-07-20,18.65999984741211,17.549999237060547,17.81999969482422,18.479999542236328,1152200.0,18.479999542236328
2020-07-21,18.84000015258789,18.280000686645508,18.63999938964844,18.399999618530273,1971300.0,18.399999618530273
2020-07-22,19.40999984741211,18.25,18.51000022888184,18.989999771118164,1321400.0,18.989999771118164
2020-07-23,19.21999931335449,18.59000015258789,18.799999237060547,18.790000915527344,1434600.0,18.790000915527344
2020-07-24,18.71999931335449,18.049999237060547,18.489999771118164,18.31999969482422,1103000.0,18.31999969482422
2020-07-27,18.809999465942386,18.40999984741211,18.489999771118164,18.739999771118164,1268200.0,18.739999771118164
2020-07-28,18.75,18.18000030517578,18.440000534057614,18.65999984741211,796600.0,18.65999984741211
2020-07-29,19.299999237060547,18.690000534057614,18.76000022888184,19.149999618530273,894100.0,19.149999618530273
2020-07-30,20.649999618530273,18.68000030517578,18.81999969482422,20.43000030517578,1912900.0,20.43000030517578
2020-07-31,20.40999984741211,19.440000534057614,20.3799991607666,20.200000762939453,2162800.0,20.200000762939453
2020-08-03,20.170000076293945,19.440000534057614,20.170000076293945,19.57999992370605,906500.0,19.57999992370605
2020-08-04,19.65999984741211,18.459999084472656,19.350000381469727,18.739999771118164,1231500.0,18.739999771118164
2020-08-05,19.440000534057614,18.790000915527344,18.989999771118164,19.18000030517578,547600.0,19.18000030517578
2020-08-06,19.32999992370605,18.5,18.5,18.799999237060547,1028500.0,18.799999237060547
2020-08-07,18.799999237060547,18.350000381469727,18.68000030517578,18.700000762939453,474100.0,18.700000762939453
2020-08-10,19.049999237060547,18.290000915527344,18.81999969482422,18.59000015258789,479200.0,18.59000015258789
2020-08-11,18.81999969482422,18.020000457763672,18.399999618530273,18.190000534057614,906000.0,18.190000534057614
2020-08-12,18.81999969482422,18.299999237060547,18.57999992370605,18.65999984741211,806300.0,18.65999984741211
2020-08-13,19.1200008392334,18.309999465942386,18.780000686645508,18.459999084472656,986700.0,18.459999084472656
2020-08-14,18.790000915527344,18.31999969482422,18.6299991607666,18.420000076293945,450700.0,18.420000076293945
2020-08-17,18.34000015258789,17.34000015258789,18.239999771118164,17.610000610351562,1003900.0,17.610000610351562
2020-08-18,18.3799991607666,17.790000915527344,17.790000915527344,18.13999938964844,726100.0,18.13999938964844
2020-08-19,18.209999084472656,17.75,18.13999938964844,17.770000457763672,532000.0,17.770000457763672
2020-08-20,18.100000381469727,17.010000228881836,17.430000305175778,18.030000686645508,949900.0,18.030000686645508
2020-08-21,18.06999969482422,17.639999389648438,17.969999313354492,17.93000030517578,782100.0,17.93000030517578
2020-08-24,18.86000061035156,17.809999465942386,18.010000228881836,18.51000022888184,1943700.0,18.51000022888184
2020-08-25,18.700000762939453,18.059999465942386,18.479999542236328,18.670000076293945,717700.0,18.670000076293945
2020-08-26,18.809999465942386,17.989999771118164,18.809999465942386,18.299999237060547,636300.0,18.299999237060547
2020-08-27,18.489999771118164,17.719999313354492,18.489999771118164,18.34000015258789,692900.0,18.34000015258789
2020-08-28,19.190000534057614,18.270000457763672,18.56999969482422,19.170000076293945,939000.0,19.170000076293945
2020-08-31,19.030000686645508,18.1299991607666,19.030000686645508,18.15999984741211,745600.0,18.15999984741211
2020-09-01,18.84000015258789,18.149999618530273,18.399999618530273,18.420000076293945,1347400.0,18.420000076293945
2020-09-02,18.3799991607666,17.309999465942386,18.3799991607666,17.559999465942386,1431700.0,17.559999465942386
2020-09-03,18.06999969482422,16.680000305175778,17.59000015258789,17.350000381469727,1919100.0,17.350000381469727
2020-09-04,17.68000030517578,16.639999389648438,17.569999694824222,17.540000915527347,936100.0,17.540000915527347
2020-09-08,17.129999160766598,16.309999465942386,17.059999465942386,16.59000015258789,1469700.0,16.59000015258789
2020-09-09,17.899999618530273,16.84000015258789,16.84000015258789,17.540000915527347,1185200.0,17.540000915527347
2020-09-10,17.809999465942386,17.149999618530273,17.489999771118164,17.25,708100.0,17.25
2020-09-11,17.649999618530273,16.65999984741211,17.399999618530273,16.809999465942386,675000.0,16.809999465942386
2020-09-14,17.149999618530273,16.629999160766598,17.079999923706055,17.0,582100.0,17.0
2020-09-15,17.319999694824222,16.780000686645508,17.040000915527347,17.280000686645508,759000.0,17.280000686645508
2020-09-16,17.6299991607666,17.110000610351562,17.379999160766598,17.260000228881836,679200.0,17.260000228881836
2020-09-17,17.459999084472653,16.709999084472653,16.850000381469727,17.40999984741211,661300.0,17.40999984741211
2020-09-18,17.469999313354492,16.729999542236328,17.399999618530273,16.84000015258789,988200.0,16.84000015258789
2020-09-21,16.569999694824222,16.020000457763672,16.559999465942386,16.280000686645508,635300.0,16.280000686645508
2020-09-22,16.600000381469727,15.789999961853027,16.329999923706055,16.0,408700.0,16.0
2020-09-23,16.079999923706055,15.350000381469727,15.989999771118164,15.369999885559082,1471900.0,15.369999885559082
2020-09-24,15.68000030517578,14.93000030517578,15.279999732971193,15.520000457763672,952900.0,15.520000457763672
2020-09-25,15.329999923706055,14.899999618530273,15.039999961853027,15.140000343322756,673600.0,15.140000343322756
2020-09-28,15.510000228881836,14.670000076293945,15.399999618530273,14.770000457763672,793800.0,14.770000457763672
2020-09-29,14.75,13.979999542236328,14.670000076293945,14.279999732971193,858700.0,14.279999732971193
2020-09-30,15.079999923706055,14.329999923706055,14.359999656677244,14.850000381469727,958400.0,14.850000381469727
2020-10-01,15.279999732971193,14.350000381469727,14.710000038146973,15.09000015258789,936200.0,15.09000015258789
2020-10-02,15.100000381469727,14.329999923706055,14.8100004196167,14.619999885559082,579600.0,14.619999885559082
2020-10-05,15.050000190734865,14.550000190734865,14.699999809265135,15.039999961853027,543100.0,15.039999961853027
2020-10-06,15.300000190734865,14.550000190734865,15.229999542236328,14.65999984741211,665800.0,14.65999984741211
2020-10-07,14.699999809265135,14.1899995803833,14.640000343322756,14.470000267028807,494700.0,14.470000267028807
2020-10-08,14.93000030517578,14.359999656677244,14.579999923706055,14.869999885559082,582100.0,14.869999885559082
2020-10-09,15.1899995803833,14.270000457763672,15.010000228881836,14.670000076293945,1604300.0,14.670000076293945
2020-10-12,14.899999618530273,14.4399995803833,14.81999969482422,14.800000190734865,252600.0,14.800000190734865
2020-10-13,14.739999771118164,14.119999885559082,14.539999961853027,14.31999969482422,603200.0,14.31999969482422
2020-10-14,14.979999542236328,14.199999809265135,14.34000015258789,14.829999923706055,585800.0,14.829999923706055
2020-10-15,15.18000030517578,14.510000228881836,14.6899995803833,14.9399995803833,870200.0,14.9399995803833
2020-10-16,15.06999969482422,14.420000076293945,14.81999969482422,14.770000457763672,1468700.0,14.770000457763672
2020-10-19,15.460000038146973,14.829999923706055,14.93000030517578,15.109999656677244,525300.0,15.109999656677244
2020-10-20,15.43000030517578,14.800000190734865,15.270000457763672,15.260000228881836,763200.0,15.260000228881836
2020-10-21,15.270000457763672,14.760000228881836,15.079999923706055,15.1899995803833,927600.0,15.1899995803833
2020-10-22,15.56999969482422,14.859999656677244,15.31999969482422,15.229999542236328,651900.0,15.229999542236328
2020-10-23,15.390000343322756,14.68000030517578,15.289999961853027,14.899999618530273,601800.0,14.899999618530273
2020-10-26,14.8100004196167,14.31999969482422,14.699999809265135,14.779999732971193,662700.0,14.779999732971193
2020-10-27,14.979999542236328,14.640000343322756,14.829999923706055,14.970000267028807,560600.0,14.970000267028807
2020-10-28,14.6899995803833,14.15999984741211,14.510000228881836,14.210000038146973,490000.0,14.210000038146973
2020-10-29,14.239999771118164,13.619999885559082,14.100000381469727,14.15999984741211,1060700.0,14.15999984741211
2020-10-30,14.18000030517578,13.43000030517578,14.119999885559082,13.729999542236328,909800.0,13.729999542236328
2020-11-02,14.09000015258789,13.630000114440918,13.9399995803833,13.760000228881836,291200.0,13.760000228881836
2020-11-03,14.119999885559082,13.470000267028807,14.010000228881836,13.9399995803833,722700.0,13.9399995803833
2020-11-04,14.600000381469727,13.979999542236328,14.050000190734865,14.289999961853027,649200.0,14.289999961853027
2020-11-05,15.760000228881836,14.869999885559082,14.9399995803833,15.760000228881836,1289200.0,15.760000228881836
2020-11-06,16.180000305175778,15.18000030517578,15.65999984741211,16.139999389648438,870400.0,16.139999389648438
2020-11-09,17.139999389648438,16.430000305175778,16.790000915527347,16.469999313354492,1032100.0,16.469999313354492
2020-11-10,17.709999084472656,16.399999618530273,16.579999923706055,17.350000381469727,847800.0,17.350000381469727
2020-11-11,17.559999465942386,16.950000762939453,17.450000762939453,17.190000534057614,394600.0,17.190000534057614
2020-11-12,17.239999771118164,16.59000015258789,17.069999694824222,16.819999694824222,826900.0,16.819999694824222
2020-11-13,17.760000228881836,16.879999160766598,16.879999160766598,17.329999923706055,968563.0,17.329999923706055
