Date,High,Low,Open,Close,Volume,Adj Close
2009-07-24,0.10000000149011612,0.05000000074505806,0.05000000074505806,0.05000000074505806,1080283.0,0.05000000074505806
2009-07-27,0.05000000074505806,0.05000000074505806,0.05000000074505806,0.05000000074505806,52400.0,0.05000000074505806
2009-07-28,0.05000000074505806,0.05000000074505806,0.05000000074505806,0.05000000074505806,3000.0,0.05000000074505806
2009-07-29,0.05000000074505806,0.05000000074505806,0.05000000074505806,0.05000000074505806,18000.0,0.05000000074505806
2009-07-30,0.05000000074505806,0.05000000074505806,0.05000000074505806,0.05000000074505806,0.0,0.05000000074505806
2009-08-03,0.05000000074505806,0.05000000074505806,0.05000000074505806,0.05000000074505806,226612.0,0.05000000074505806
2009-08-04,0.05000000074505806,0.05000000074505806,0.05000000074505806,0.05000000074505806,179626.0,0.05000000074505806
2009-08-05,0.05000000074505806,0.05000000074505806,0.05000000074505806,0.05000000074505806,26000.0,0.05000000074505806
2009-08-07,0.05000000074505806,0.05000000074505806,0.05000000074505806,0.05000000074505806,445169.0,0.05000000074505806
2009-08-10,0.05000000074505806,0.05000000074505806,0.05000000074505806,0.05000000074505806,12600.0,0.05000000074505806
2009-08-12,0.05000000074505806,0.05000000074505806,0.05000000074505806,0.05000000074505806,17036.0,0.05000000074505806
2009-08-13,0.05000000074505806,0.05000000074505806,0.05000000074505806,0.05000000074505806,21802.0,0.05000000074505806
2009-08-14,0.05000000074505806,0.05000000074505806,0.05000000074505806,0.05000000074505806,15420.0,0.05000000074505806
2009-08-17,0.05000000074505806,0.05000000074505806,0.05000000074505806,0.05000000074505806,54340.0,0.05000000074505806
2009-08-18,0.05000000074505806,0.05000000074505806,0.05000000074505806,0.05000000074505806,9010.0,0.05000000074505806
2009-08-19,0.05000000074505806,0.05000000074505806,0.05000000074505806,0.05000000074505806,10000.0,0.05000000074505806
2009-08-20,0.05000000074505806,0.05000000074505806,0.05000000074505806,0.05000000074505806,0.0,0.05000000074505806
2009-08-24,0.05000000074505806,0.05000000074505806,0.05000000074505806,0.05000000074505806,64200.0,0.05000000074505806
2009-08-25,0.10000000149011612,0.05000000074505806,0.05000000074505806,0.05000000074505806,1424784.0,0.05000000074505806
2009-08-26,0.05000000074505806,0.05000000074505806,0.05000000074505806,0.05000000074505806,146360.0,0.05000000074505806
2009-08-27,0.05000000074505806,0.05000000074505806,0.05000000074505806,0.05000000074505806,2180.0,0.05000000074505806
2009-08-28,0.05000000074505806,0.05000000074505806,0.05000000074505806,0.05000000074505806,2400.0,0.05000000074505806
2009-08-31,0.05000000074505806,0.05000000074505806,0.05000000074505806,0.05000000074505806,0.0,0.05000000074505806
2009-09-02,0.05000000074505806,0.05000000074505806,0.05000000074505806,0.05000000074505806,19000.0,0.05000000074505806
2009-09-04,0.10000000149011612,0.05000000074505806,0.05000000074505806,0.05000000074505806,689164.0,0.05000000074505806
2009-09-08,0.10000000149011612,0.05000000074505806,0.05000000074505806,0.10000000149011612,132484.0,0.10000000149011612
2009-09-09,0.10000000149011612,0.05000000074505806,0.10000000149011612,0.10000000149011612,188100.0,0.10000000149011612
2009-09-10,0.10000000149011612,0.05000000074505806,0.05000000074505806,0.10000000149011612,78440.0,0.10000000149011612
2009-09-11,0.05000000074505806,0.05000000074505806,0.05000000074505806,0.05000000074505806,103311.0,0.05000000074505806
2009-09-14,0.05000000074505806,0.05000000074505806,0.05000000074505806,0.05000000074505806,94152.0,0.05000000074505806
2009-09-15,0.10000000149011612,0.05000000074505806,0.05000000074505806,0.10000000149011612,1487386.0,0.10000000149011612
2009-09-16,0.10000000149011612,0.05000000074505806,0.10000000149011612,0.05000000074505806,827073.0,0.05000000074505806
2009-09-17,0.05000000074505806,0.05000000074505806,0.05000000074505806,0.05000000074505806,230660.0,0.05000000074505806
2009-09-18,0.05000000074505806,0.05000000074505806,0.05000000074505806,0.05000000074505806,5200.0,0.05000000074505806
2009-09-21,0.05000000074505806,0.05000000074505806,0.05000000074505806,0.05000000074505806,6260.0,0.05000000074505806
2009-09-23,0.05000000074505806,0.05000000074505806,0.05000000074505806,0.05000000074505806,70.0,0.05000000074505806
2009-09-28,0.05000000074505806,0.05000000074505806,0.05000000074505806,0.05000000074505806,4400.0,0.05000000074505806
2009-09-29,0.05000000074505806,0.05000000074505806,0.05000000074505806,0.05000000074505806,4047.0,0.05000000074505806
2009-09-30,0.05000000074505806,0.05000000074505806,0.05000000074505806,0.05000000074505806,3337.0,0.05000000074505806
2009-10-01,0.05000000074505806,0.05000000074505806,0.05000000074505806,0.05000000074505806,155113.0,0.05000000074505806
2009-10-02,0.05000000074505806,0.05000000074505806,0.05000000074505806,0.05000000074505806,17020.0,0.05000000074505806
2009-10-05,0.05000000074505806,0.05000000074505806,0.05000000074505806,0.05000000074505806,26600.0,0.05000000074505806
2009-10-06,0.05000000074505806,0.05000000074505806,0.05000000074505806,0.05000000074505806,12400.0,0.05000000074505806
2009-10-07,0.05000000074505806,0.05000000074505806,0.05000000074505806,0.05000000074505806,7620.0,0.05000000074505806
2009-10-09,0.05000000074505806,0.05000000074505806,0.05000000074505806,0.05000000074505806,9000.0,0.05000000074505806
2009-10-13,0.05000000074505806,0.05000000074505806,0.05000000074505806,0.05000000074505806,21000.0,0.05000000074505806
2009-10-23,0.05000000074505806,0.05000000074505806,0.05000000074505806,0.05000000074505806,13000.0,0.05000000074505806
2009-10-29,0.05000000074505806,0.05000000074505806,0.05000000074505806,0.05000000074505806,25200.0,0.05000000074505806
2009-11-03,0.05000000074505806,0.05000000074505806,0.05000000074505806,0.05000000074505806,44200.0,0.05000000074505806
2009-11-04,0.05000000074505806,0.05000000074505806,0.05000000074505806,0.05000000074505806,8440.0,0.05000000074505806
2009-11-09,0.05000000074505806,0.05000000074505806,0.05000000074505806,0.05000000074505806,2000.0,0.05000000074505806
2009-11-11,0.05000000074505806,0.05000000074505806,0.05000000074505806,0.05000000074505806,200.0,0.05000000074505806
2009-11-12,0.05000000074505806,0.05000000074505806,0.05000000074505806,0.05000000074505806,14300.0,0.05000000074505806
2009-11-13,0.05000000074505806,0.05000000074505806,0.05000000074505806,0.05000000074505806,14020.0,0.05000000074505806
2009-11-16,0.05000000074505806,0.05000000074505806,0.05000000074505806,0.05000000074505806,16000.0,0.05000000074505806
2009-11-17,0.10000000149011612,0.05000000074505806,0.05000000074505806,0.05000000074505806,2855088.0,0.05000000074505806
2009-11-18,0.20000000298023224,0.05000000074505806,0.10000000149011612,0.20000000298023224,2630688.0,0.20000000298023224
2009-11-19,0.30000001192092896,0.10000000149011612,0.20000000298023224,0.10000000149011612,3035451.0,0.10000000149011612
2009-11-20,0.20000000298023224,0.10000000149011612,0.15000000596046448,0.15000000596046448,1118813.0,0.15000000596046448
2009-11-23,0.20000000298023224,0.10000000149011612,0.15000000596046448,0.10000000149011612,711449.0,0.10000000149011612
2009-11-24,0.15000000596046448,0.05000000074505806,0.10000000149011612,0.15000000596046448,635985.0,0.15000000596046448
2009-11-25,0.15000000596046448,0.10000000149011612,0.15000000596046448,0.15000000596046448,727364.0,0.15000000596046448
2009-11-27,0.15000000596046448,0.05000000074505806,0.10000000149011612,0.15000000596046448,1669286.0,0.15000000596046448
2009-11-30,0.15000000596046448,0.10000000149011612,0.15000000596046448,0.15000000596046448,315254.0,0.15000000596046448
2009-12-01,0.15000000596046448,0.10000000149011612,0.10000000149011612,0.15000000596046448,181254.0,0.15000000596046448
2009-12-02,0.15000000596046448,0.10000000149011612,0.10000000149011612,0.15000000596046448,151641.0,0.15000000596046448
2009-12-03,0.15000000596046448,0.05000000074505806,0.10000000149011612,0.05000000074505806,544498.0,0.05000000074505806
2009-12-04,0.10000000149011612,0.05000000074505806,0.05000000074505806,0.10000000149011612,271516.0,0.10000000149011612
2009-12-07,0.10000000149011612,0.05000000074505806,0.10000000149011612,0.05000000074505806,79394.0,0.05000000074505806
2009-12-08,0.10000000149011612,0.05000000074505806,0.05000000074505806,0.10000000149011612,675602.0,0.10000000149011612
2009-12-09,0.10000000149011612,0.05000000074505806,0.10000000149011612,0.10000000149011612,117380.0,0.10000000149011612
2009-12-10,0.10000000149011612,0.05000000074505806,0.05000000074505806,0.05000000074505806,498995.0,0.05000000074505806
2009-12-11,0.10000000149011612,0.05000000074505806,0.05000000074505806,0.10000000149011612,65672.0,0.10000000149011612
2009-12-14,0.10000000149011612,0.05000000074505806,0.05000000074505806,0.10000000149011612,48803.0,0.10000000149011612
2009-12-15,0.10000000149011612,0.05000000074505806,0.05000000074505806,0.05000000074505806,12900.0,0.05000000074505806
2009-12-16,0.10000000149011612,0.05000000074505806,0.05000000074505806,0.10000000149011612,102864.0,0.10000000149011612
2009-12-17,0.10000000149011612,0.05000000074505806,0.10000000149011612,0.10000000149011612,36583.0,0.10000000149011612
2009-12-18,0.10000000149011612,0.05000000074505806,0.10000000149011612,0.10000000149011612,38880.0,0.10000000149011612
2009-12-21,0.10000000149011612,0.05000000074505806,0.05000000074505806,0.10000000149011612,91957.0,0.10000000149011612
2009-12-22,0.10000000149011612,0.05000000074505806,0.10000000149011612,0.10000000149011612,91930.0,0.10000000149011612
2009-12-23,0.10000000149011612,0.05000000074505806,0.10000000149011612,0.05000000074505806,144771.0,0.05000000074505806
2009-12-24,0.10000000149011612,0.05000000074505806,0.05000000074505806,0.10000000149011612,22600.0,0.10000000149011612
2009-12-28,0.10000000149011612,0.05000000074505806,0.05000000074505806,0.05000000074505806,59035.0,0.05000000074505806
2009-12-29,0.10000000149011612,0.05000000074505806,0.05000000074505806,0.05000000074505806,152971.0,0.05000000074505806
2009-12-30,0.05000000074505806,0.05000000074505806,0.05000000074505806,0.05000000074505806,34970.0,0.05000000074505806
2009-12-31,0.10000000149011612,0.05000000074505806,0.05000000074505806,0.10000000149011612,40502.0,0.10000000149011612
2010-01-04,0.10000000149011612,0.05000000074505806,0.05000000074505806,0.10000000149011612,182335.0,0.10000000149011612
2010-01-05,0.10000000149011612,0.05000000074505806,0.10000000149011612,0.10000000149011612,50450.0,0.10000000149011612
2010-01-06,0.10000000149011612,0.05000000074505806,0.10000000149011612,0.10000000149011612,32400.0,0.10000000149011612
2010-01-07,0.10000000149011612,0.05000000074505806,0.05000000074505806,0.10000000149011612,8401.0,0.10000000149011612
2010-01-08,0.10000000149011612,0.05000000074505806,0.05000000074505806,0.05000000074505806,71630.0,0.05000000074505806
2010-01-11,0.10000000149011612,0.05000000074505806,0.05000000074505806,0.05000000074505806,80732.0,0.05000000074505806
2010-01-12,0.10000000149011612,0.05000000074505806,0.05000000074505806,0.05000000074505806,122163.0,0.05000000074505806
2010-01-13,0.05000000074505806,0.05000000074505806,0.05000000074505806,0.05000000074505806,134411.0,0.05000000074505806
2010-01-14,0.10000000149011612,0.05000000074505806,0.10000000149011612,0.05000000074505806,15400.0,0.05000000074505806
2010-01-15,0.10000000149011612,0.05000000074505806,0.05000000074505806,0.05000000074505806,28334.0,0.05000000074505806
2010-01-19,0.05000000074505806,0.05000000074505806,0.05000000074505806,0.05000000074505806,238041.0,0.05000000074505806
2010-01-20,0.05000000074505806,0.05000000074505806,0.05000000074505806,0.05000000074505806,751257.0,0.05000000074505806
2010-01-21,0.10000000149011612,0.05000000074505806,0.10000000149011612,0.05000000074505806,78929.0,0.05000000074505806
2010-01-22,0.10000000149011612,0.05000000074505806,0.05000000074505806,0.05000000074505806,114530.0,0.05000000074505806
2010-01-25,0.10000000149011612,0.05000000074505806,0.05000000074505806,0.05000000074505806,130254.0,0.05000000074505806
2010-01-26,0.10000000149011612,0.05000000074505806,0.10000000149011612,0.10000000149011612,498953.0,0.10000000149011612
2010-01-27,0.10000000149011612,0.05000000074505806,0.10000000149011612,0.10000000149011612,76642.0,0.10000000149011612
2010-01-28,0.10000000149011612,0.05000000074505806,0.10000000149011612,0.10000000149011612,35130.0,0.10000000149011612
2010-01-29,0.10000000149011612,0.05000000074505806,0.10000000149011612,0.10000000149011612,33260.0,0.10000000149011612
2010-02-01,0.10000000149011612,0.05000000074505806,0.10000000149011612,0.10000000149011612,72010.0,0.10000000149011612
2010-02-02,0.10000000149011612,0.05000000074505806,0.10000000149011612,0.10000000149011612,93600.0,0.10000000149011612
2010-02-03,0.10000000149011612,0.05000000074505806,0.10000000149011612,0.10000000149011612,141397.0,0.10000000149011612
2010-02-04,0.10000000149011612,0.05000000074505806,0.10000000149011612,0.10000000149011612,1126527.0,0.10000000149011612
2010-02-05,0.10000000149011612,0.05000000074505806,0.05000000074505806,0.05000000074505806,323950.0,0.05000000074505806
2010-02-08,0.10000000149011612,0.05000000074505806,0.10000000149011612,0.10000000149011612,55573.0,0.10000000149011612
2010-02-09,0.10000000149011612,0.05000000074505806,0.05000000074505806,0.10000000149011612,88866.0,0.10000000149011612
2010-02-10,0.10000000149011612,0.05000000074505806,0.10000000149011612,0.05000000074505806,10001.0,0.05000000074505806
2010-02-11,0.05000000074505806,0.05000000074505806,0.05000000074505806,0.05000000074505806,43600.0,0.05000000074505806
2010-02-12,0.10000000149011612,0.05000000074505806,0.05000000074505806,0.05000000074505806,242140.0,0.05000000074505806
2010-02-16,0.05000000074505806,0.05000000074505806,0.05000000074505806,0.05000000074505806,228210.0,0.05000000074505806
2010-02-17,0.05000000074505806,0.05000000074505806,0.05000000074505806,0.05000000074505806,55421.0,0.05000000074505806
2010-02-18,0.05000000074505806,0.05000000074505806,0.05000000074505806,0.05000000074505806,140260.0,0.05000000074505806
2010-02-19,0.05000000074505806,0.05000000074505806,0.05000000074505806,0.05000000074505806,79400.0,0.05000000074505806
2010-02-22,0.05000000074505806,0.05000000074505806,0.05000000074505806,0.05000000074505806,531210.0,0.05000000074505806
2010-02-23,0.10000000149011612,0.05000000074505806,0.05000000074505806,0.05000000074505806,1526693.0,0.05000000074505806
2010-02-24,0.10000000149011612,0.05000000074505806,0.05000000074505806,0.10000000149011612,133193.0,0.10000000149011612
2010-02-25,0.10000000149011612,0.05000000074505806,0.05000000074505806,0.05000000074505806,69629.0,0.05000000074505806
2010-02-26,0.05000000074505806,0.05000000074505806,0.05000000074505806,0.05000000074505806,399207.0,0.05000000074505806
2010-03-01,0.05000000074505806,0.05000000074505806,0.05000000074505806,0.05000000074505806,236370.0,0.05000000074505806
2010-03-02,0.05000000074505806,0.05000000074505806,0.05000000074505806,0.05000000074505806,86004.0,0.05000000074505806
2010-03-03,0.10000000149011612,0.05000000074505806,0.05000000074505806,0.10000000149011612,753584.0,0.10000000149011612
2010-03-04,0.10000000149011612,0.05000000074505806,0.05000000074505806,0.05000000074505806,814604.0,0.05000000074505806
2010-03-05,0.05000000074505806,0.05000000074505806,0.05000000074505806,0.05000000074505806,127883.0,0.05000000074505806
2010-03-08,0.05000000074505806,0.05000000074505806,0.05000000074505806,0.05000000074505806,323490.0,0.05000000074505806
2010-03-09,0.05000000074505806,0.05000000074505806,0.05000000074505806,0.05000000074505806,100700.0,0.05000000074505806
2010-03-10,0.05000000074505806,0.05000000074505806,0.05000000074505806,0.05000000074505806,27213.0,0.05000000074505806
2010-03-11,0.05000000074505806,0.05000000074505806,0.05000000074505806,0.05000000074505806,19010.0,0.05000000074505806
2010-03-12,0.05000000074505806,0.05000000074505806,0.05000000074505806,0.05000000074505806,11810.0,0.05000000074505806
2010-03-15,0.05000000074505806,0.05000000074505806,0.05000000074505806,0.05000000074505806,82000.0,0.05000000074505806
2010-03-16,0.05000000074505806,0.05000000074505806,0.05000000074505806,0.05000000074505806,16000.0,0.05000000074505806
2010-03-17,0.05000000074505806,0.05000000074505806,0.05000000074505806,0.05000000074505806,117401.0,0.05000000074505806
2010-03-18,0.05000000074505806,0.05000000074505806,0.05000000074505806,0.05000000074505806,10910.0,0.05000000074505806
2010-03-19,0.05000000074505806,0.05000000074505806,0.05000000074505806,0.05000000074505806,52000.0,0.05000000074505806
2010-03-22,0.05000000074505806,0.05000000074505806,0.05000000074505806,0.05000000074505806,43008.0,0.05000000074505806
2010-03-23,0.05000000074505806,0.05000000074505806,0.05000000074505806,0.05000000074505806,60000.0,0.05000000074505806
2010-03-24,0.05000000074505806,0.05000000074505806,0.05000000074505806,0.05000000074505806,34400.0,0.05000000074505806
2010-03-25,0.05000000074505806,0.05000000074505806,0.05000000074505806,0.05000000074505806,10600.0,0.05000000074505806
2010-03-26,0.05000000074505806,0.05000000074505806,0.05000000074505806,0.05000000074505806,6000.0,0.05000000074505806
2010-03-29,0.05000000074505806,0.05000000074505806,0.05000000074505806,0.05000000074505806,10000.0,0.05000000074505806
2010-03-30,0.05000000074505806,0.05000000074505806,0.05000000074505806,0.05000000074505806,37400.0,0.05000000074505806
2010-03-31,0.05000000074505806,0.05000000074505806,0.05000000074505806,0.05000000074505806,18965.0,0.05000000074505806
2010-04-01,0.10000000149011612,0.05000000074505806,0.05000000074505806,0.10000000149011612,1420384.0,0.10000000149011612
2010-04-05,0.10000000149011612,0.05000000074505806,0.05000000074505806,0.10000000149011612,898234.0,0.10000000149011612
2010-04-06,0.10000000149011612,0.05000000074505806,0.05000000074505806,0.10000000149011612,986574.0,0.10000000149011612
2010-04-07,0.10000000149011612,0.05000000074505806,0.05000000074505806,0.05000000074505806,128080.0,0.05000000074505806
2010-04-08,0.10000000149011612,0.05000000074505806,0.05000000074505806,0.05000000074505806,86310.0,0.05000000074505806
2010-04-09,0.10000000149011612,0.05000000074505806,0.05000000074505806,0.10000000149011612,106624.0,0.10000000149011612
2010-04-12,0.10000000149011612,0.05000000074505806,0.10000000149011612,0.05000000074505806,17340.0,0.05000000074505806
2010-04-13,0.10000000149011612,0.05000000074505806,0.05000000074505806,0.10000000149011612,231705.0,0.10000000149011612
2010-04-14,0.10000000149011612,0.05000000074505806,0.05000000074505806,0.10000000149011612,142379.0,0.10000000149011612
2010-04-15,0.10000000149011612,0.05000000074505806,0.05000000074505806,0.10000000149011612,1022112.0,0.10000000149011612
2010-04-16,0.10000000149011612,0.05000000074505806,0.10000000149011612,0.10000000149011612,70179.0,0.10000000149011612
2010-04-19,0.10000000149011612,0.05000000074505806,0.05000000074505806,0.05000000074505806,241016.0,0.05000000074505806
2010-04-20,0.10000000149011612,0.05000000074505806,0.05000000074505806,0.05000000074505806,277310.0,0.05000000074505806
2010-04-21,0.05000000074505806,0.05000000074505806,0.05000000074505806,0.05000000074505806,78307.0,0.05000000074505806
2010-04-22,0.05000000074505806,0.05000000074505806,0.05000000074505806,0.05000000074505806,960301.0,0.05000000074505806
2010-04-23,0.10000000149011612,0.05000000074505806,0.05000000074505806,0.10000000149011612,503981.0,0.10000000149011612
2010-04-26,0.10000000149011612,0.05000000074505806,0.05000000074505806,0.05000000074505806,87558.0,0.05000000074505806
2010-04-27,0.05000000074505806,0.05000000074505806,0.05000000074505806,0.05000000074505806,126079.0,0.05000000074505806
2010-04-28,0.05000000074505806,0.05000000074505806,0.05000000074505806,0.05000000074505806,50530.0,0.05000000074505806
2010-04-29,0.05000000074505806,0.05000000074505806,0.05000000074505806,0.05000000074505806,26900.0,0.05000000074505806
2010-04-30,0.05000000074505806,0.05000000074505806,0.05000000074505806,0.05000000074505806,22600.0,0.05000000074505806
2010-05-03,0.10000000149011612,0.05000000074505806,0.05000000074505806,0.05000000074505806,93552.0,0.05000000074505806
2010-05-04,0.10000000149011612,0.05000000074505806,0.05000000074505806,0.05000000074505806,49560.0,0.05000000074505806
2010-05-05,0.10000000149011612,0.05000000074505806,0.05000000074505806,0.05000000074505806,6866.0,0.05000000074505806
2010-05-06,0.05000000074505806,0.05000000074505806,0.05000000074505806,0.05000000074505806,72554.0,0.05000000074505806
2010-05-07,0.10000000149011612,0.05000000074505806,0.05000000074505806,0.10000000149011612,46071.0,0.10000000149011612
2010-05-10,0.10000000149011612,0.05000000074505806,0.05000000074505806,0.05000000074505806,88020.0,0.05000000074505806
2010-05-11,0.05000000074505806,0.05000000074505806,0.05000000074505806,0.05000000074505806,18280.0,0.05000000074505806
2010-05-12,0.05000000074505806,0.05000000074505806,0.05000000074505806,0.05000000074505806,23092.0,0.05000000074505806
2010-05-13,0.05000000074505806,0.05000000074505806,0.05000000074505806,0.05000000074505806,113121.0,0.05000000074505806
2010-05-14,0.05000000074505806,0.05000000074505806,0.05000000074505806,0.05000000074505806,10500.0,0.05000000074505806
2010-05-17,0.05000000074505806,0.05000000074505806,0.05000000074505806,0.05000000074505806,11977.0,0.05000000074505806
2010-05-18,0.05000000074505806,0.05000000074505806,0.05000000074505806,0.05000000074505806,2800.0,0.05000000074505806
2010-05-19,0.05000000074505806,0.05000000074505806,0.05000000074505806,0.05000000074505806,38740.0,0.05000000074505806
2010-05-20,0.05000000074505806,0.05000000074505806,0.05000000074505806,0.05000000074505806,52543.0,0.05000000074505806
2010-05-21,0.05000000074505806,0.05000000074505806,0.05000000074505806,0.05000000074505806,277580.0,0.05000000074505806
2010-05-24,0.05000000074505806,0.05000000074505806,0.05000000074505806,0.05000000074505806,30868.0,0.05000000074505806
2010-05-25,0.10000000149011612,0.05000000074505806,0.05000000074505806,0.05000000074505806,112193.0,0.05000000074505806
2010-05-26,0.10000000149011612,0.05000000074505806,0.05000000074505806,0.05000000074505806,136265.0,0.05000000074505806
2010-05-27,0.05000000074505806,0.05000000074505806,0.05000000074505806,0.05000000074505806,182807.0,0.05000000074505806
2010-05-28,0.10000000149011612,0.05000000074505806,0.05000000074505806,0.10000000149011612,119605.0,0.10000000149011612
2010-06-01,0.10000000149011612,0.05000000074505806,0.05000000074505806,0.05000000074505806,70367.0,0.05000000074505806
2010-06-02,0.10000000149011612,0.05000000074505806,0.05000000074505806,0.05000000074505806,96514.0,0.05000000074505806
2010-06-03,0.10000000149011612,0.05000000074505806,0.05000000074505806,0.05000000074505806,54930.0,0.05000000074505806
2010-06-04,0.10000000149011612,0.05000000074505806,0.05000000074505806,0.10000000149011612,12380.0,0.10000000149011612
2010-06-07,0.10000000149011612,0.05000000074505806,0.05000000074505806,0.05000000074505806,36380.0,0.05000000074505806
2010-06-08,0.10000000149011612,0.05000000074505806,0.05000000074505806,0.05000000074505806,175470.0,0.05000000074505806
2010-06-09,0.10000000149011612,0.05000000074505806,0.05000000074505806,0.05000000074505806,1629487.0,0.05000000074505806
2010-06-10,0.05000000074505806,0.05000000074505806,0.05000000074505806,0.05000000074505806,270570.0,0.05000000074505806
2010-06-11,0.05000000074505806,0.05000000074505806,0.05000000074505806,0.05000000074505806,4200.0,0.05000000074505806
2010-06-14,0.05000000074505806,0.05000000074505806,0.05000000074505806,0.05000000074505806,4000.0,0.05000000074505806
2010-06-15,0.05000000074505806,0.05000000074505806,0.05000000074505806,0.05000000074505806,2020.0,0.05000000074505806
2010-06-21,0.05000000074505806,0.05000000074505806,0.05000000074505806,0.05000000074505806,40.0,0.05000000074505806
2010-06-22,0.05000000074505806,0.05000000074505806,0.05000000074505806,0.05000000074505806,280.0,0.05000000074505806
2010-06-23,0.05000000074505806,0.05000000074505806,0.05000000074505806,0.05000000074505806,4000.0,0.05000000074505806
2010-06-24,0.05000000074505806,0.05000000074505806,0.05000000074505806,0.05000000074505806,1020.0,0.05000000074505806
2010-07-29,0.05000000074505806,0.05000000074505806,0.05000000074505806,0.05000000074505806,2000.0,0.05000000074505806
2010-08-31,0.05000000074505806,0.05000000074505806,0.05000000074505806,0.05000000074505806,200.0,0.05000000074505806
2010-09-10,0.05000000074505806,0.05000000074505806,0.05000000074505806,0.05000000074505806,6400.0,0.05000000074505806
2010-09-14,0.023000000044703484,0.009200000204145908,0.023000000044703484,0.009999999776482582,104900.0,0.009999999776482582
2010-09-15,0.017000000923871994,0.004999999888241291,0.004999999888241291,0.017000000923871994,108500.0,0.017000000923871994
2010-09-16,0.012500000186264515,0.004999999888241291,0.012500000186264515,0.004999999888241291,75574.0,0.004999999888241291
2010-09-17,0.009999999776482582,0.004999999888241291,0.009999999776482582,0.004999999888241291,191950.0,0.004999999888241291
2010-09-20,0.00989999994635582,0.004999999888241291,0.004999999888241291,0.004999999888241291,543467.0,0.004999999888241291
2010-09-21,0.00800000037997961,0.004999999888241291,0.004999999888241291,0.00800000037997961,45900.0,0.00800000037997961
2010-09-22,0.00800000037997961,0.004999999888241291,0.004999999888241291,0.004999999888241291,45236.0,0.004999999888241291
2010-09-23,0.004999999888241291,0.0020000000949949026,0.004999999888241291,0.0020000000949949026,33278.0,0.0020000000949949026
2010-09-24,0.007300000172108412,0.003000000026077032,0.004800000227987766,0.007300000172108412,180140.0,0.007300000172108412
2010-09-27,0.008999999612569809,0.007400000002235174,0.008999999612569809,0.007400000002235174,209700.0,0.007400000002235174
2010-09-28,0.007400000002235174,0.004000000189989805,0.004999999888241291,0.005100000184029341,404000.0,0.005100000184029341
2010-09-29,0.005400000140070915,0.0052999998442828655,0.0052999998442828655,0.005400000140070915,55950.0,0.005400000140070915
2010-09-30,0.004999999888241291,0.004000000189989805,0.004000000189989805,0.004999999888241291,266600.0,0.004999999888241291
2010-10-01,0.006000000052154064,0.0044999998062849045,0.0044999998062849045,0.006000000052154064,187311.0,0.006000000052154064
2010-10-04,0.003000000026077032,0.003000000026077032,0.003000000026077032,0.003000000026077032,600.0,0.003000000026077032
2010-10-05,0.008999999612569809,0.007000000216066837,0.007000000216066837,0.008999999612569809,333091.0,0.008999999612569809
2010-10-06,0.010999999940395355,0.005499999970197678,0.005499999970197678,0.010999999940395355,52999.0,0.010999999940395355
2010-10-07,0.010999999940395355,0.006500000134110451,0.010999999940395355,0.006500000134110451,13450.0,0.006500000134110451
2010-10-08,0.019999999552965164,0.0035000001080334187,0.0035000001080334187,0.019999999552965164,168044.0,0.019999999552965164
2010-12-16,0.004000000189989805,0.004000000189989805,0.004000000189989805,0.004000000189989805,6138.0,0.004000000189989805
2010-12-17,0.007400000002235174,0.006500000134110451,0.007400000002235174,0.006500000134110451,124065.0,0.006500000134110451
2011-11-17,0.006500000134110451,0.006500000134110451,0.006500000134110451,0.006500000134110451,0.0,0.006500000134110451
2011-11-18,0.006500000134110451,0.006500000134110451,0.006500000134110451,0.006500000134110451,0.0,0.006500000134110451
2011-11-21,0.006500000134110451,0.006500000134110451,0.006500000134110451,0.006500000134110451,0.0,0.006500000134110451
2011-11-22,0.006500000134110451,0.006500000134110451,0.006500000134110451,0.006500000134110451,0.0,0.006500000134110451
2011-11-23,0.006500000134110451,0.006500000134110451,0.006500000134110451,0.006500000134110451,0.0,0.006500000134110451
2011-11-25,0.006500000134110451,0.006500000134110451,0.006500000134110451,0.006500000134110451,0.0,0.006500000134110451
2011-11-28,0.006500000134110451,0.006500000134110451,0.006500000134110451,0.006500000134110451,0.0,0.006500000134110451
2011-11-29,0.006500000134110451,0.006500000134110451,0.006500000134110451,0.006500000134110451,0.0,0.006500000134110451
2011-11-30,0.006500000134110451,0.006500000134110451,0.006500000134110451,0.006500000134110451,0.0,0.006500000134110451
2011-12-01,0.006500000134110451,0.006500000134110451,0.006500000134110451,0.006500000134110451,0.0,0.006500000134110451
2011-12-02,0.006500000134110451,0.006500000134110451,0.006500000134110451,0.006500000134110451,0.0,0.006500000134110451
2011-12-05,0.006500000134110451,0.006500000134110451,0.006500000134110451,0.006500000134110451,0.0,0.006500000134110451
2011-12-06,0.006500000134110451,0.006500000134110451,0.006500000134110451,0.006500000134110451,0.0,0.006500000134110451
2011-12-07,0.006500000134110451,0.006500000134110451,0.006500000134110451,0.006500000134110451,0.0,0.006500000134110451
2011-12-08,0.006500000134110451,0.006500000134110451,0.006500000134110451,0.006500000134110451,0.0,0.006500000134110451
2011-12-09,0.006500000134110451,0.006500000134110451,0.006500000134110451,0.006500000134110451,0.0,0.006500000134110451
2011-12-12,0.006500000134110451,0.006500000134110451,0.006500000134110451,0.006500000134110451,0.0,0.006500000134110451
2011-12-13,0.006500000134110451,0.006500000134110451,0.006500000134110451,0.006500000134110451,0.0,0.006500000134110451
2011-12-14,0.006500000134110451,0.006500000134110451,0.006500000134110451,0.006500000134110451,0.0,0.006500000134110451
2011-12-15,0.006500000134110451,0.006500000134110451,0.006500000134110451,0.006500000134110451,0.0,0.006500000134110451
2011-12-16,0.006500000134110451,0.006500000134110451,0.006500000134110451,0.006500000134110451,0.0,0.006500000134110451
2011-12-19,0.006500000134110451,0.006500000134110451,0.006500000134110451,0.006500000134110451,0.0,0.006500000134110451
2011-12-20,0.006500000134110451,0.006500000134110451,0.006500000134110451,0.006500000134110451,0.0,0.006500000134110451
2011-12-21,0.006500000134110451,0.006500000134110451,0.006500000134110451,0.006500000134110451,0.0,0.006500000134110451
2011-12-22,0.006500000134110451,0.006500000134110451,0.006500000134110451,0.006500000134110451,0.0,0.006500000134110451
2011-12-23,0.006500000134110451,0.006500000134110451,0.006500000134110451,0.006500000134110451,0.0,0.006500000134110451
2011-12-27,0.006500000134110451,0.006500000134110451,0.006500000134110451,0.006500000134110451,0.0,0.006500000134110451
2011-12-28,0.006500000134110451,0.006500000134110451,0.006500000134110451,0.006500000134110451,0.0,0.006500000134110451
2011-12-29,0.006500000134110451,0.006500000134110451,0.006500000134110451,0.006500000134110451,0.0,0.006500000134110451
2011-12-30,0.006500000134110451,0.006500000134110451,0.006500000134110451,0.006500000134110451,0.0,0.006500000134110451
2012-01-03,0.006500000134110451,0.006500000134110451,0.006500000134110451,0.006500000134110451,0.0,0.006500000134110451
2012-01-04,0.006500000134110451,0.006500000134110451,0.006500000134110451,0.006500000134110451,0.0,0.006500000134110451
2012-01-05,0.006500000134110451,0.006500000134110451,0.006500000134110451,0.006500000134110451,0.0,0.006500000134110451
2012-01-06,0.006500000134110451,0.006500000134110451,0.006500000134110451,0.006500000134110451,0.0,0.006500000134110451
2012-01-09,0.006500000134110451,0.006500000134110451,0.006500000134110451,0.006500000134110451,0.0,0.006500000134110451
2012-01-10,0.006500000134110451,0.006500000134110451,0.006500000134110451,0.006500000134110451,0.0,0.006500000134110451
2012-01-11,0.006500000134110451,0.006500000134110451,0.006500000134110451,0.006500000134110451,0.0,0.006500000134110451
2012-01-12,0.006500000134110451,0.006500000134110451,0.006500000134110451,0.006500000134110451,0.0,0.006500000134110451
2012-01-13,0.006500000134110451,0.006500000134110451,0.006500000134110451,0.006500000134110451,0.0,0.006500000134110451
2012-01-17,0.006500000134110451,0.006500000134110451,0.006500000134110451,0.006500000134110451,0.0,0.006500000134110451
2012-01-18,0.006500000134110451,0.006500000134110451,0.006500000134110451,0.006500000134110451,0.0,0.006500000134110451
2012-01-19,0.006500000134110451,0.006500000134110451,0.006500000134110451,0.006500000134110451,0.0,0.006500000134110451
2012-01-20,0.006500000134110451,0.006500000134110451,0.006500000134110451,0.006500000134110451,0.0,0.006500000134110451
2012-01-23,0.006500000134110451,0.006500000134110451,0.006500000134110451,0.006500000134110451,0.0,0.006500000134110451
2012-01-24,0.006500000134110451,0.006500000134110451,0.006500000134110451,0.006500000134110451,0.0,0.006500000134110451
2012-01-25,0.006500000134110451,0.006500000134110451,0.006500000134110451,0.006500000134110451,0.0,0.006500000134110451
2012-01-26,0.006500000134110451,0.006500000134110451,0.006500000134110451,0.006500000134110451,0.0,0.006500000134110451
2012-01-27,0.006500000134110451,0.006500000134110451,0.006500000134110451,0.006500000134110451,0.0,0.006500000134110451
2012-01-30,0.006500000134110451,0.006500000134110451,0.006500000134110451,0.006500000134110451,0.0,0.006500000134110451
2012-01-31,0.006500000134110451,0.006500000134110451,0.006500000134110451,0.006500000134110451,0.0,0.006500000134110451
2012-02-01,0.006500000134110451,0.006500000134110451,0.006500000134110451,0.006500000134110451,0.0,0.006500000134110451
2012-02-02,0.006500000134110451,0.006500000134110451,0.006500000134110451,0.006500000134110451,0.0,0.006500000134110451
2012-02-03,0.006500000134110451,0.006500000134110451,0.006500000134110451,0.006500000134110451,0.0,0.006500000134110451
2012-02-06,0.006500000134110451,0.006500000134110451,0.006500000134110451,0.006500000134110451,0.0,0.006500000134110451
2012-02-07,0.006500000134110451,0.006500000134110451,0.006500000134110451,0.006500000134110451,0.0,0.006500000134110451
2012-02-08,0.006500000134110451,0.006500000134110451,0.006500000134110451,0.006500000134110451,0.0,0.006500000134110451
2012-02-09,0.006500000134110451,0.006500000134110451,0.006500000134110451,0.006500000134110451,0.0,0.006500000134110451
2012-02-10,0.006500000134110451,0.006500000134110451,0.006500000134110451,0.006500000134110451,0.0,0.006500000134110451
2012-02-13,0.006500000134110451,0.006500000134110451,0.006500000134110451,0.006500000134110451,0.0,0.006500000134110451
2012-02-14,0.006500000134110451,0.006500000134110451,0.006500000134110451,0.006500000134110451,0.0,0.006500000134110451
2012-02-15,0.006500000134110451,0.006500000134110451,0.006500000134110451,0.006500000134110451,0.0,0.006500000134110451
2012-02-16,0.006500000134110451,0.006500000134110451,0.006500000134110451,0.006500000134110451,0.0,0.006500000134110451
2012-02-17,0.006500000134110451,0.006500000134110451,0.006500000134110451,0.006500000134110451,0.0,0.006500000134110451
2012-02-21,0.006500000134110451,0.006500000134110451,0.006500000134110451,0.006500000134110451,0.0,0.006500000134110451
2012-02-22,0.006500000134110451,0.006500000134110451,0.006500000134110451,0.006500000134110451,0.0,0.006500000134110451
2012-02-23,0.006500000134110451,0.006500000134110451,0.006500000134110451,0.006500000134110451,0.0,0.006500000134110451
2012-02-24,0.006500000134110451,0.006500000134110451,0.006500000134110451,0.006500000134110451,0.0,0.006500000134110451
2012-02-27,0.006500000134110451,0.006500000134110451,0.006500000134110451,0.006500000134110451,0.0,0.006500000134110451
2012-02-28,0.006500000134110451,0.006500000134110451,0.006500000134110451,0.006500000134110451,0.0,0.006500000134110451
2012-02-29,0.006500000134110451,0.006500000134110451,0.006500000134110451,0.006500000134110451,0.0,0.006500000134110451
2012-03-01,0.006500000134110451,0.006500000134110451,0.006500000134110451,0.006500000134110451,0.0,0.006500000134110451
2012-03-02,0.006500000134110451,0.006500000134110451,0.006500000134110451,0.006500000134110451,0.0,0.006500000134110451
2012-03-05,0.006500000134110451,0.006500000134110451,0.006500000134110451,0.006500000134110451,0.0,0.006500000134110451
2012-03-06,0.006500000134110451,0.006500000134110451,0.006500000134110451,0.006500000134110451,0.0,0.006500000134110451
2012-03-07,0.006500000134110451,0.006500000134110451,0.006500000134110451,0.006500000134110451,0.0,0.006500000134110451
2012-03-08,0.006500000134110451,0.006500000134110451,0.006500000134110451,0.006500000134110451,0.0,0.006500000134110451
2012-03-09,0.006500000134110451,0.006500000134110451,0.006500000134110451,0.006500000134110451,0.0,0.006500000134110451
2012-03-12,0.006500000134110451,0.006500000134110451,0.006500000134110451,0.006500000134110451,0.0,0.006500000134110451
2012-03-13,0.006500000134110451,0.006500000134110451,0.006500000134110451,0.006500000134110451,0.0,0.006500000134110451
2012-03-14,0.006500000134110451,0.006500000134110451,0.006500000134110451,0.006500000134110451,0.0,0.006500000134110451
2012-03-15,0.006500000134110451,0.006500000134110451,0.006500000134110451,0.006500000134110451,0.0,0.006500000134110451
2012-03-16,0.006500000134110451,0.006500000134110451,0.006500000134110451,0.006500000134110451,0.0,0.006500000134110451
2012-03-19,0.006500000134110451,0.006500000134110451,0.006500000134110451,0.006500000134110451,0.0,0.006500000134110451
2012-03-20,0.006500000134110451,0.006500000134110451,0.006500000134110451,0.006500000134110451,0.0,0.006500000134110451
2012-03-21,0.006500000134110451,0.006500000134110451,0.006500000134110451,0.006500000134110451,0.0,0.006500000134110451
2012-03-22,0.006500000134110451,0.006500000134110451,0.006500000134110451,0.006500000134110451,0.0,0.006500000134110451
2012-03-23,0.006500000134110451,0.006500000134110451,0.006500000134110451,0.006500000134110451,0.0,0.006500000134110451
2012-03-26,0.006500000134110451,0.006500000134110451,0.006500000134110451,0.006500000134110451,0.0,0.006500000134110451
2012-03-27,0.006500000134110451,0.006500000134110451,0.006500000134110451,0.006500000134110451,0.0,0.006500000134110451
2012-03-28,0.006500000134110451,0.006500000134110451,0.006500000134110451,0.006500000134110451,0.0,0.006500000134110451
2012-03-29,0.006500000134110451,0.006500000134110451,0.006500000134110451,0.006500000134110451,0.0,0.006500000134110451
2012-03-30,0.006500000134110451,0.006500000134110451,0.006500000134110451,0.006500000134110451,0.0,0.006500000134110451
2012-04-02,0.006500000134110451,0.006500000134110451,0.006500000134110451,0.006500000134110451,0.0,0.006500000134110451
2012-04-03,0.006500000134110451,0.006500000134110451,0.006500000134110451,0.006500000134110451,0.0,0.006500000134110451
2012-04-04,0.006500000134110451,0.006500000134110451,0.006500000134110451,0.006500000134110451,0.0,0.006500000134110451
2012-04-05,0.006500000134110451,0.006500000134110451,0.006500000134110451,0.006500000134110451,0.0,0.006500000134110451
2012-04-09,0.006500000134110451,0.006500000134110451,0.006500000134110451,0.006500000134110451,0.0,0.006500000134110451
2012-04-10,0.006500000134110451,0.006500000134110451,0.006500000134110451,0.006500000134110451,0.0,0.006500000134110451
2012-04-11,0.006500000134110451,0.006500000134110451,0.006500000134110451,0.006500000134110451,0.0,0.006500000134110451
2012-04-12,0.006500000134110451,0.006500000134110451,0.006500000134110451,0.006500000134110451,0.0,0.006500000134110451
2012-04-13,0.006500000134110451,0.006500000134110451,0.006500000134110451,0.006500000134110451,0.0,0.006500000134110451
2012-04-16,0.006500000134110451,0.006500000134110451,0.006500000134110451,0.006500000134110451,0.0,0.006500000134110451
2012-04-17,0.006500000134110451,0.006500000134110451,0.006500000134110451,0.006500000134110451,0.0,0.006500000134110451
2012-04-18,0.006500000134110451,0.006500000134110451,0.006500000134110451,0.006500000134110451,0.0,0.006500000134110451
2012-04-19,0.006500000134110451,0.006500000134110451,0.006500000134110451,0.006500000134110451,0.0,0.006500000134110451
2012-04-20,0.006500000134110451,0.006500000134110451,0.006500000134110451,0.006500000134110451,0.0,0.006500000134110451
2012-04-23,0.006500000134110451,0.006500000134110451,0.006500000134110451,0.006500000134110451,0.0,0.006500000134110451
2012-04-24,0.006500000134110451,0.006500000134110451,0.006500000134110451,0.006500000134110451,0.0,0.006500000134110451
2012-04-25,0.006500000134110451,0.006500000134110451,0.006500000134110451,0.006500000134110451,0.0,0.006500000134110451
2012-04-26,0.006500000134110451,0.006500000134110451,0.006500000134110451,0.006500000134110451,0.0,0.006500000134110451
2012-04-27,0.006500000134110451,0.006500000134110451,0.006500000134110451,0.006500000134110451,0.0,0.006500000134110451
2012-04-30,0.006500000134110451,0.006500000134110451,0.006500000134110451,0.006500000134110451,0.0,0.006500000134110451
2012-05-01,0.006500000134110451,0.006500000134110451,0.006500000134110451,0.006500000134110451,0.0,0.006500000134110451
2012-05-02,0.006500000134110451,0.006500000134110451,0.006500000134110451,0.006500000134110451,0.0,0.006500000134110451
2012-05-03,0.006500000134110451,0.006500000134110451,0.006500000134110451,0.006500000134110451,0.0,0.006500000134110451
2012-05-04,0.006500000134110451,0.006500000134110451,0.006500000134110451,0.006500000134110451,0.0,0.006500000134110451
2012-05-07,0.006500000134110451,0.006500000134110451,0.006500000134110451,0.006500000134110451,0.0,0.006500000134110451
2012-05-08,0.006500000134110451,0.006500000134110451,0.006500000134110451,0.006500000134110451,0.0,0.006500000134110451
2012-05-09,0.006500000134110451,0.006500000134110451,0.006500000134110451,0.006500000134110451,0.0,0.006500000134110451
2012-05-10,0.006500000134110451,0.006500000134110451,0.006500000134110451,0.006500000134110451,0.0,0.006500000134110451
2012-05-11,0.006500000134110451,0.006500000134110451,0.006500000134110451,0.006500000134110451,0.0,0.006500000134110451
2012-05-14,0.006500000134110451,0.006500000134110451,0.006500000134110451,0.006500000134110451,0.0,0.006500000134110451
2012-05-15,0.006500000134110451,0.006500000134110451,0.006500000134110451,0.006500000134110451,0.0,0.006500000134110451
2012-05-16,0.006500000134110451,0.006500000134110451,0.006500000134110451,0.006500000134110451,0.0,0.006500000134110451
2012-05-17,0.006500000134110451,0.006500000134110451,0.006500000134110451,0.006500000134110451,0.0,0.006500000134110451
2012-05-18,0.006500000134110451,0.006500000134110451,0.006500000134110451,0.006500000134110451,0.0,0.006500000134110451
2012-05-21,0.006500000134110451,0.006500000134110451,0.006500000134110451,0.006500000134110451,0.0,0.006500000134110451
2012-05-22,0.006500000134110451,0.006500000134110451,0.006500000134110451,0.006500000134110451,0.0,0.006500000134110451
2012-05-23,0.006500000134110451,0.006500000134110451,0.006500000134110451,0.006500000134110451,0.0,0.006500000134110451
2012-05-24,0.006500000134110451,0.006500000134110451,0.006500000134110451,0.006500000134110451,0.0,0.006500000134110451
2012-05-25,0.006500000134110451,0.006500000134110451,0.006500000134110451,0.006500000134110451,0.0,0.006500000134110451
2012-05-29,0.006500000134110451,0.006500000134110451,0.006500000134110451,0.006500000134110451,0.0,0.006500000134110451
2012-05-31,0.006500000134110451,0.006500000134110451,0.006500000134110451,0.006500000134110451,0.0,0.006500000134110451
2012-06-01,0.006500000134110451,0.006500000134110451,0.006500000134110451,0.006500000134110451,0.0,0.006500000134110451
2012-06-04,0.006500000134110451,0.006500000134110451,0.006500000134110451,0.006500000134110451,0.0,0.006500000134110451
2012-06-05,0.006500000134110451,0.006500000134110451,0.006500000134110451,0.006500000134110451,0.0,0.006500000134110451
2012-06-06,0.006500000134110451,0.006500000134110451,0.006500000134110451,0.006500000134110451,0.0,0.006500000134110451
2012-06-07,0.006500000134110451,0.006500000134110451,0.006500000134110451,0.006500000134110451,0.0,0.006500000134110451
2012-06-08,0.006500000134110451,0.006500000134110451,0.006500000134110451,0.006500000134110451,0.0,0.006500000134110451
2012-06-11,0.006500000134110451,0.006500000134110451,0.006500000134110451,0.006500000134110451,0.0,0.006500000134110451
2012-06-12,0.006500000134110451,0.006500000134110451,0.006500000134110451,0.006500000134110451,0.0,0.006500000134110451
2012-06-13,0.006500000134110451,0.006500000134110451,0.006500000134110451,0.006500000134110451,0.0,0.006500000134110451
2012-06-14,0.006500000134110451,0.006500000134110451,0.006500000134110451,0.006500000134110451,0.0,0.006500000134110451
2012-06-15,0.006500000134110451,0.006500000134110451,0.006500000134110451,0.006500000134110451,0.0,0.006500000134110451
2012-06-18,0.006500000134110451,0.006500000134110451,0.006500000134110451,0.006500000134110451,0.0,0.006500000134110451
2012-06-19,0.006500000134110451,0.006500000134110451,0.006500000134110451,0.006500000134110451,0.0,0.006500000134110451
2012-06-20,0.006500000134110451,0.006500000134110451,0.006500000134110451,0.006500000134110451,0.0,0.006500000134110451
2012-06-21,0.006500000134110451,0.006500000134110451,0.006500000134110451,0.006500000134110451,0.0,0.006500000134110451
2012-06-22,0.006500000134110451,0.006500000134110451,0.006500000134110451,0.006500000134110451,0.0,0.006500000134110451
2012-06-25,0.006500000134110451,0.006500000134110451,0.006500000134110451,0.006500000134110451,0.0,0.006500000134110451
2012-06-26,0.006500000134110451,0.006500000134110451,0.006500000134110451,0.006500000134110451,0.0,0.006500000134110451
2012-06-27,0.006500000134110451,0.006500000134110451,0.006500000134110451,0.006500000134110451,0.0,0.006500000134110451
2012-06-28,0.006500000134110451,0.006500000134110451,0.006500000134110451,0.006500000134110451,0.0,0.006500000134110451
2012-06-29,0.006500000134110451,0.006500000134110451,0.006500000134110451,0.006500000134110451,0.0,0.006500000134110451
2012-07-02,0.006500000134110451,0.006500000134110451,0.006500000134110451,0.006500000134110451,0.0,0.006500000134110451
2012-07-03,0.006500000134110451,0.006500000134110451,0.006500000134110451,0.006500000134110451,0.0,0.006500000134110451
2012-07-05,0.006500000134110451,0.006500000134110451,0.006500000134110451,0.006500000134110451,0.0,0.006500000134110451
2012-07-06,0.006500000134110451,0.006500000134110451,0.006500000134110451,0.006500000134110451,0.0,0.006500000134110451
2012-07-09,0.006500000134110451,0.006500000134110451,0.006500000134110451,0.006500000134110451,0.0,0.006500000134110451
2012-07-10,0.006500000134110451,0.006500000134110451,0.006500000134110451,0.006500000134110451,0.0,0.006500000134110451
2012-07-11,0.006500000134110451,0.006500000134110451,0.006500000134110451,0.006500000134110451,0.0,0.006500000134110451
2012-07-12,0.006500000134110451,0.006500000134110451,0.006500000134110451,0.006500000134110451,0.0,0.006500000134110451
2012-07-13,0.006500000134110451,0.006500000134110451,0.006500000134110451,0.006500000134110451,0.0,0.006500000134110451
2012-07-16,0.006500000134110451,0.006500000134110451,0.006500000134110451,0.006500000134110451,0.0,0.006500000134110451
2012-07-17,0.006500000134110451,0.006500000134110451,0.006500000134110451,0.006500000134110451,0.0,0.006500000134110451
2012-07-18,0.006500000134110451,0.006500000134110451,0.006500000134110451,0.006500000134110451,0.0,0.006500000134110451
2012-07-19,0.006500000134110451,0.006500000134110451,0.006500000134110451,0.006500000134110451,0.0,0.006500000134110451
2012-07-20,0.006500000134110451,0.006500000134110451,0.006500000134110451,0.006500000134110451,0.0,0.006500000134110451
2012-07-23,0.006500000134110451,0.006500000134110451,0.006500000134110451,0.006500000134110451,0.0,0.006500000134110451
2012-07-24,0.006500000134110451,0.006500000134110451,0.006500000134110451,0.006500000134110451,0.0,0.006500000134110451
2012-07-25,0.006500000134110451,0.006500000134110451,0.006500000134110451,0.006500000134110451,0.0,0.006500000134110451
2012-07-26,0.006500000134110451,0.006500000134110451,0.006500000134110451,0.006500000134110451,0.0,0.006500000134110451
2012-07-27,0.006500000134110451,0.006500000134110451,0.006500000134110451,0.006500000134110451,0.0,0.006500000134110451
2012-07-30,0.006500000134110451,0.006500000134110451,0.006500000134110451,0.006500000134110451,0.0,0.006500000134110451
2012-07-31,0.006500000134110451,0.006500000134110451,0.006500000134110451,0.006500000134110451,0.0,0.006500000134110451
2012-08-01,0.006500000134110451,0.006500000134110451,0.006500000134110451,0.006500000134110451,0.0,0.006500000134110451
2012-08-02,0.006500000134110451,0.006500000134110451,0.006500000134110451,0.006500000134110451,0.0,0.006500000134110451
2012-08-03,0.006500000134110451,0.006500000134110451,0.006500000134110451,0.006500000134110451,0.0,0.006500000134110451
2012-08-06,0.006500000134110451,0.006500000134110451,0.006500000134110451,0.006500000134110451,0.0,0.006500000134110451
2012-08-07,0.006500000134110451,0.006500000134110451,0.006500000134110451,0.006500000134110451,0.0,0.006500000134110451
2012-08-08,0.006500000134110451,0.006500000134110451,0.006500000134110451,0.006500000134110451,0.0,0.006500000134110451
2012-08-09,0.006500000134110451,0.006500000134110451,0.006500000134110451,0.006500000134110451,0.0,0.006500000134110451
2012-08-10,0.006500000134110451,0.006500000134110451,0.006500000134110451,0.006500000134110451,0.0,0.006500000134110451
2012-08-13,0.006500000134110451,0.006500000134110451,0.006500000134110451,0.006500000134110451,0.0,0.006500000134110451
2012-08-14,0.006500000134110451,0.006500000134110451,0.006500000134110451,0.006500000134110451,0.0,0.006500000134110451
2012-08-15,0.006500000134110451,0.006500000134110451,0.006500000134110451,0.006500000134110451,0.0,0.006500000134110451
2012-08-16,0.006500000134110451,0.006500000134110451,0.006500000134110451,0.006500000134110451,0.0,0.006500000134110451
2012-08-17,0.006500000134110451,0.006500000134110451,0.006500000134110451,0.006500000134110451,0.0,0.006500000134110451
2012-08-20,0.006500000134110451,0.006500000134110451,0.006500000134110451,0.006500000134110451,0.0,0.006500000134110451
2012-08-21,0.006500000134110451,0.006500000134110451,0.006500000134110451,0.006500000134110451,0.0,0.006500000134110451
2012-08-22,0.006500000134110451,0.006500000134110451,0.006500000134110451,0.006500000134110451,0.0,0.006500000134110451
2012-08-23,0.006500000134110451,0.006500000134110451,0.006500000134110451,0.006500000134110451,0.0,0.006500000134110451
2012-08-24,0.006500000134110451,0.006500000134110451,0.006500000134110451,0.006500000134110451,0.0,0.006500000134110451
2012-08-27,0.006500000134110451,0.006500000134110451,0.006500000134110451,0.006500000134110451,0.0,0.006500000134110451
2012-08-28,0.006500000134110451,0.006500000134110451,0.006500000134110451,0.006500000134110451,0.0,0.006500000134110451
2012-08-29,0.006500000134110451,0.006500000134110451,0.006500000134110451,0.006500000134110451,0.0,0.006500000134110451
2012-08-30,0.006500000134110451,0.006500000134110451,0.006500000134110451,0.006500000134110451,0.0,0.006500000134110451
2012-08-31,0.006500000134110451,0.006500000134110451,0.006500000134110451,0.006500000134110451,0.0,0.006500000134110451
2012-09-04,0.006500000134110451,0.006500000134110451,0.006500000134110451,0.006500000134110451,0.0,0.006500000134110451
2012-09-05,0.006500000134110451,0.006500000134110451,0.006500000134110451,0.006500000134110451,0.0,0.006500000134110451
2012-09-06,0.006500000134110451,0.006500000134110451,0.006500000134110451,0.006500000134110451,0.0,0.006500000134110451
2012-09-07,0.006500000134110451,0.006500000134110451,0.006500000134110451,0.006500000134110451,0.0,0.006500000134110451
2012-09-10,0.006500000134110451,0.006500000134110451,0.006500000134110451,0.006500000134110451,0.0,0.006500000134110451
2012-09-11,0.006500000134110451,0.006500000134110451,0.006500000134110451,0.006500000134110451,0.0,0.006500000134110451
2012-09-12,0.006500000134110451,0.006500000134110451,0.006500000134110451,0.006500000134110451,0.0,0.006500000134110451
2012-09-13,0.006500000134110451,0.006500000134110451,0.006500000134110451,0.006500000134110451,0.0,0.006500000134110451
2012-09-14,0.006500000134110451,0.006500000134110451,0.006500000134110451,0.006500000134110451,0.0,0.006500000134110451
2012-09-17,0.006500000134110451,0.006500000134110451,0.006500000134110451,0.006500000134110451,0.0,0.006500000134110451
2012-09-18,0.006500000134110451,0.006500000134110451,0.006500000134110451,0.006500000134110451,0.0,0.006500000134110451
2012-09-19,0.006500000134110451,0.006500000134110451,0.006500000134110451,0.006500000134110451,0.0,0.006500000134110451
2012-09-20,0.006500000134110451,0.006500000134110451,0.006500000134110451,0.006500000134110451,0.0,0.006500000134110451
2012-09-21,0.006500000134110451,0.006500000134110451,0.006500000134110451,0.006500000134110451,0.0,0.006500000134110451
2012-09-24,0.006500000134110451,0.006500000134110451,0.006500000134110451,0.006500000134110451,0.0,0.006500000134110451
2012-09-25,0.006500000134110451,0.006500000134110451,0.006500000134110451,0.006500000134110451,0.0,0.006500000134110451
2012-09-26,0.006500000134110451,0.006500000134110451,0.006500000134110451,0.006500000134110451,0.0,0.006500000134110451
2012-09-27,0.006500000134110451,0.006500000134110451,0.006500000134110451,0.006500000134110451,0.0,0.006500000134110451
2012-09-28,0.006500000134110451,0.006500000134110451,0.006500000134110451,0.006500000134110451,0.0,0.006500000134110451
2012-10-01,0.006500000134110451,0.006500000134110451,0.006500000134110451,0.006500000134110451,0.0,0.006500000134110451
2012-10-02,0.006500000134110451,0.006500000134110451,0.006500000134110451,0.006500000134110451,0.0,0.006500000134110451
2012-10-03,0.006500000134110451,0.006500000134110451,0.006500000134110451,0.006500000134110451,0.0,0.006500000134110451
2012-10-04,0.006500000134110451,0.006500000134110451,0.006500000134110451,0.006500000134110451,0.0,0.006500000134110451
2012-10-05,0.006500000134110451,0.006500000134110451,0.006500000134110451,0.006500000134110451,0.0,0.006500000134110451
2012-10-08,0.006500000134110451,0.006500000134110451,0.006500000134110451,0.006500000134110451,0.0,0.006500000134110451
2012-10-09,0.006500000134110451,0.006500000134110451,0.006500000134110451,0.006500000134110451,0.0,0.006500000134110451
2012-10-10,0.006500000134110451,0.006500000134110451,0.006500000134110451,0.006500000134110451,0.0,0.006500000134110451
2012-10-11,0.006500000134110451,0.006500000134110451,0.006500000134110451,0.006500000134110451,0.0,0.006500000134110451
2012-10-12,0.006500000134110451,0.006500000134110451,0.006500000134110451,0.006500000134110451,0.0,0.006500000134110451
2012-10-15,0.006500000134110451,0.006500000134110451,0.006500000134110451,0.006500000134110451,0.0,0.006500000134110451
2012-10-16,0.006500000134110451,0.006500000134110451,0.006500000134110451,0.006500000134110451,0.0,0.006500000134110451
2012-10-17,0.006500000134110451,0.006500000134110451,0.006500000134110451,0.006500000134110451,0.0,0.006500000134110451
2012-10-18,0.006500000134110451,0.006500000134110451,0.006500000134110451,0.006500000134110451,0.0,0.006500000134110451
2012-10-19,0.006500000134110451,0.006500000134110451,0.006500000134110451,0.006500000134110451,0.0,0.006500000134110451
2012-10-22,0.006500000134110451,0.006500000134110451,0.006500000134110451,0.006500000134110451,0.0,0.006500000134110451
2012-10-23,0.006500000134110451,0.006500000134110451,0.006500000134110451,0.006500000134110451,0.0,0.006500000134110451
2012-10-24,0.006500000134110451,0.006500000134110451,0.006500000134110451,0.006500000134110451,0.0,0.006500000134110451
2012-10-25,0.006500000134110451,0.006500000134110451,0.006500000134110451,0.006500000134110451,0.0,0.006500000134110451
2012-10-26,0.006500000134110451,0.006500000134110451,0.006500000134110451,0.006500000134110451,0.0,0.006500000134110451
2012-10-31,0.006500000134110451,0.006500000134110451,0.006500000134110451,0.006500000134110451,0.0,0.006500000134110451
2012-11-01,0.006500000134110451,0.006500000134110451,0.006500000134110451,0.006500000134110451,0.0,0.006500000134110451
2012-11-02,0.006500000134110451,0.006500000134110451,0.006500000134110451,0.006500000134110451,0.0,0.006500000134110451
2012-11-05,0.006500000134110451,0.006500000134110451,0.006500000134110451,0.006500000134110451,0.0,0.006500000134110451
2012-11-06,0.006500000134110451,0.006500000134110451,0.006500000134110451,0.006500000134110451,0.0,0.006500000134110451
2012-11-07,0.006500000134110451,0.006500000134110451,0.006500000134110451,0.006500000134110451,0.0,0.006500000134110451
2012-11-08,0.006500000134110451,0.006500000134110451,0.006500000134110451,0.006500000134110451,0.0,0.006500000134110451
2012-11-09,0.006500000134110451,0.006500000134110451,0.006500000134110451,0.006500000134110451,0.0,0.006500000134110451
2012-11-12,0.006500000134110451,0.006500000134110451,0.006500000134110451,0.006500000134110451,0.0,0.006500000134110451
2012-11-13,0.006500000134110451,0.006500000134110451,0.006500000134110451,0.006500000134110451,0.0,0.006500000134110451
2012-11-14,0.006500000134110451,0.006500000134110451,0.006500000134110451,0.006500000134110451,0.0,0.006500000134110451
2012-11-15,0.006500000134110451,0.006500000134110451,0.006500000134110451,0.006500000134110451,0.0,0.006500000134110451
2012-11-16,0.006500000134110451,0.006500000134110451,0.006500000134110451,0.006500000134110451,0.0,0.006500000134110451
2012-11-19,0.006500000134110451,0.006500000134110451,0.006500000134110451,0.006500000134110451,0.0,0.006500000134110451
2012-11-20,0.006500000134110451,0.006500000134110451,0.006500000134110451,0.006500000134110451,0.0,0.006500000134110451
2012-11-21,0.006500000134110451,0.006500000134110451,0.006500000134110451,0.006500000134110451,0.0,0.006500000134110451
2012-11-23,0.006500000134110451,0.006500000134110451,0.006500000134110451,0.006500000134110451,0.0,0.006500000134110451
2012-11-26,0.006500000134110451,0.006500000134110451,0.006500000134110451,0.006500000134110451,0.0,0.006500000134110451
2012-11-27,0.006500000134110451,0.006500000134110451,0.006500000134110451,0.006500000134110451,0.0,0.006500000134110451
2012-11-28,0.006500000134110451,0.006500000134110451,0.006500000134110451,0.006500000134110451,0.0,0.006500000134110451
2012-11-29,0.006500000134110451,0.006500000134110451,0.006500000134110451,0.006500000134110451,0.0,0.006500000134110451
2012-11-30,0.006500000134110451,0.006500000134110451,0.006500000134110451,0.006500000134110451,0.0,0.006500000134110451
2012-12-03,0.006500000134110451,0.006500000134110451,0.006500000134110451,0.006500000134110451,0.0,0.006500000134110451
2012-12-04,0.006500000134110451,0.006500000134110451,0.006500000134110451,0.006500000134110451,0.0,0.006500000134110451
2012-12-05,0.006500000134110451,0.006500000134110451,0.006500000134110451,0.006500000134110451,0.0,0.006500000134110451
2012-12-06,0.006500000134110451,0.006500000134110451,0.006500000134110451,0.006500000134110451,0.0,0.006500000134110451
2012-12-07,0.006500000134110451,0.006500000134110451,0.006500000134110451,0.006500000134110451,0.0,0.006500000134110451
2012-12-10,0.006500000134110451,0.006500000134110451,0.006500000134110451,0.006500000134110451,0.0,0.006500000134110451
2012-12-11,0.006500000134110451,0.006500000134110451,0.006500000134110451,0.006500000134110451,0.0,0.006500000134110451
2012-12-12,0.006500000134110451,0.006500000134110451,0.006500000134110451,0.006500000134110451,0.0,0.006500000134110451
2012-12-13,0.006500000134110451,0.006500000134110451,0.006500000134110451,0.006500000134110451,0.0,0.006500000134110451
2012-12-14,0.006500000134110451,0.006500000134110451,0.006500000134110451,0.006500000134110451,0.0,0.006500000134110451
2012-12-17,0.006500000134110451,0.006500000134110451,0.006500000134110451,0.006500000134110451,0.0,0.006500000134110451
2012-12-18,0.006500000134110451,0.006500000134110451,0.006500000134110451,0.006500000134110451,0.0,0.006500000134110451
2012-12-19,0.006500000134110451,0.006500000134110451,0.006500000134110451,0.006500000134110451,0.0,0.006500000134110451
2012-12-20,0.006500000134110451,0.006500000134110451,0.006500000134110451,0.006500000134110451,0.0,0.006500000134110451
2012-12-21,0.006500000134110451,0.006500000134110451,0.006500000134110451,0.006500000134110451,0.0,0.006500000134110451
2012-12-24,0.006500000134110451,0.006500000134110451,0.006500000134110451,0.006500000134110451,0.0,0.006500000134110451
2012-12-26,0.006500000134110451,0.006500000134110451,0.006500000134110451,0.006500000134110451,0.0,0.006500000134110451
2012-12-27,0.006500000134110451,0.006500000134110451,0.006500000134110451,0.006500000134110451,0.0,0.006500000134110451
2012-12-28,0.006500000134110451,0.006500000134110451,0.006500000134110451,0.006500000134110451,0.0,0.006500000134110451
2012-12-31,0.006500000134110451,0.006500000134110451,0.006500000134110451,0.006500000134110451,0.0,0.006500000134110451
2013-01-02,0.006500000134110451,0.006500000134110451,0.006500000134110451,0.006500000134110451,0.0,0.006500000134110451
2013-01-03,0.006500000134110451,0.006500000134110451,0.006500000134110451,0.006500000134110451,0.0,0.006500000134110451
2013-01-04,0.006500000134110451,0.006500000134110451,0.006500000134110451,0.006500000134110451,0.0,0.006500000134110451
2013-01-07,0.006500000134110451,0.006500000134110451,0.006500000134110451,0.006500000134110451,0.0,0.006500000134110451
2013-01-08,0.006500000134110451,0.006500000134110451,0.006500000134110451,0.006500000134110451,0.0,0.006500000134110451
2013-01-09,0.006500000134110451,0.006500000134110451,0.006500000134110451,0.006500000134110451,0.0,0.006500000134110451
2013-01-10,0.006500000134110451,0.006500000134110451,0.006500000134110451,0.006500000134110451,0.0,0.006500000134110451
2013-01-11,0.006500000134110451,0.006500000134110451,0.006500000134110451,0.006500000134110451,0.0,0.006500000134110451
2013-01-14,0.006500000134110451,0.006500000134110451,0.006500000134110451,0.006500000134110451,0.0,0.006500000134110451
2013-01-15,0.006500000134110451,0.006500000134110451,0.006500000134110451,0.006500000134110451,0.0,0.006500000134110451
2013-01-16,0.006500000134110451,0.006500000134110451,0.006500000134110451,0.006500000134110451,0.0,0.006500000134110451
2013-01-17,0.006500000134110451,0.006500000134110451,0.006500000134110451,0.006500000134110451,0.0,0.006500000134110451
2013-01-18,0.006500000134110451,0.006500000134110451,0.006500000134110451,0.006500000134110451,0.0,0.006500000134110451
2013-01-22,0.006500000134110451,0.006500000134110451,0.006500000134110451,0.006500000134110451,0.0,0.006500000134110451
2013-01-23,0.006500000134110451,0.006500000134110451,0.006500000134110451,0.006500000134110451,0.0,0.006500000134110451
2013-01-24,0.006500000134110451,0.006500000134110451,0.006500000134110451,0.006500000134110451,0.0,0.006500000134110451
2013-01-25,0.006500000134110451,0.006500000134110451,0.006500000134110451,0.006500000134110451,0.0,0.006500000134110451
2013-01-28,0.006500000134110451,0.006500000134110451,0.006500000134110451,0.006500000134110451,0.0,0.006500000134110451
2013-01-29,0.006500000134110451,0.006500000134110451,0.006500000134110451,0.006500000134110451,0.0,0.006500000134110451
2013-01-30,0.006500000134110451,0.006500000134110451,0.006500000134110451,0.006500000134110451,0.0,0.006500000134110451
2013-01-31,0.006500000134110451,0.006500000134110451,0.006500000134110451,0.006500000134110451,0.0,0.006500000134110451
2013-02-01,0.006500000134110451,0.006500000134110451,0.006500000134110451,0.006500000134110451,0.0,0.006500000134110451
2013-02-04,0.006500000134110451,0.006500000134110451,0.006500000134110451,0.006500000134110451,0.0,0.006500000134110451
2013-02-05,0.006500000134110451,0.006500000134110451,0.006500000134110451,0.006500000134110451,0.0,0.006500000134110451
2013-02-06,0.006500000134110451,0.006500000134110451,0.006500000134110451,0.006500000134110451,0.0,0.006500000134110451
2013-02-07,0.006500000134110451,0.006500000134110451,0.006500000134110451,0.006500000134110451,0.0,0.006500000134110451
2013-02-08,0.006500000134110451,0.006500000134110451,0.006500000134110451,0.006500000134110451,0.0,0.006500000134110451
2013-02-11,0.006500000134110451,0.006500000134110451,0.006500000134110451,0.006500000134110451,0.0,0.006500000134110451
2013-02-12,0.006500000134110451,0.006500000134110451,0.006500000134110451,0.006500000134110451,0.0,0.006500000134110451
2013-02-13,0.006500000134110451,0.006500000134110451,0.006500000134110451,0.006500000134110451,0.0,0.006500000134110451
2013-02-14,0.006500000134110451,0.006500000134110451,0.006500000134110451,0.006500000134110451,0.0,0.006500000134110451
2013-02-15,0.006500000134110451,0.006500000134110451,0.006500000134110451,0.006500000134110451,0.0,0.006500000134110451
2013-02-19,0.006500000134110451,0.006500000134110451,0.006500000134110451,0.006500000134110451,0.0,0.006500000134110451
2013-02-20,0.006500000134110451,0.006500000134110451,0.006500000134110451,0.006500000134110451,0.0,0.006500000134110451
2013-02-21,0.006500000134110451,0.006500000134110451,0.006500000134110451,0.006500000134110451,0.0,0.006500000134110451
2013-02-22,0.006500000134110451,0.006500000134110451,0.006500000134110451,0.006500000134110451,0.0,0.006500000134110451
2013-02-25,0.006500000134110451,0.006500000134110451,0.006500000134110451,0.006500000134110451,0.0,0.006500000134110451
2013-02-26,0.006500000134110451,0.006500000134110451,0.006500000134110451,0.006500000134110451,0.0,0.006500000134110451
2013-02-27,0.006500000134110451,0.006500000134110451,0.006500000134110451,0.006500000134110451,0.0,0.006500000134110451
2013-02-28,0.006500000134110451,0.006500000134110451,0.006500000134110451,0.006500000134110451,0.0,0.006500000134110451
2013-03-01,0.006500000134110451,0.006500000134110451,0.006500000134110451,0.006500000134110451,0.0,0.006500000134110451
2013-03-04,0.006500000134110451,0.006500000134110451,0.006500000134110451,0.006500000134110451,0.0,0.006500000134110451
2013-03-05,0.006500000134110451,0.006500000134110451,0.006500000134110451,0.006500000134110451,0.0,0.006500000134110451
2013-03-06,0.006500000134110451,0.006500000134110451,0.006500000134110451,0.006500000134110451,0.0,0.006500000134110451
2013-03-07,0.006500000134110451,0.006500000134110451,0.006500000134110451,0.006500000134110451,0.0,0.006500000134110451
2013-03-08,0.006500000134110451,0.006500000134110451,0.006500000134110451,0.006500000134110451,0.0,0.006500000134110451
2013-03-11,0.006500000134110451,0.006500000134110451,0.006500000134110451,0.006500000134110451,0.0,0.006500000134110451
2013-03-12,0.006500000134110451,0.006500000134110451,0.006500000134110451,0.006500000134110451,0.0,0.006500000134110451
2013-03-13,0.006500000134110451,0.006500000134110451,0.006500000134110451,0.006500000134110451,0.0,0.006500000134110451
2013-03-14,0.006500000134110451,0.006500000134110451,0.006500000134110451,0.006500000134110451,0.0,0.006500000134110451
2013-03-15,0.006500000134110451,0.006500000134110451,0.006500000134110451,0.006500000134110451,0.0,0.006500000134110451
2013-03-18,0.006500000134110451,0.006500000134110451,0.006500000134110451,0.006500000134110451,0.0,0.006500000134110451
2013-03-19,0.006500000134110451,0.006500000134110451,0.006500000134110451,0.006500000134110451,0.0,0.006500000134110451
2013-03-20,0.006500000134110451,0.006500000134110451,0.006500000134110451,0.006500000134110451,0.0,0.006500000134110451
2013-03-21,0.006500000134110451,0.006500000134110451,0.006500000134110451,0.006500000134110451,0.0,0.006500000134110451
2013-03-22,0.006500000134110451,0.006500000134110451,0.006500000134110451,0.006500000134110451,0.0,0.006500000134110451
2013-03-25,0.006500000134110451,0.006500000134110451,0.006500000134110451,0.006500000134110451,0.0,0.006500000134110451
2013-03-26,0.006500000134110451,0.006500000134110451,0.006500000134110451,0.006500000134110451,0.0,0.006500000134110451
2013-03-27,0.006500000134110451,0.006500000134110451,0.006500000134110451,0.006500000134110451,0.0,0.006500000134110451
2013-03-28,0.006500000134110451,0.006500000134110451,0.006500000134110451,0.006500000134110451,0.0,0.006500000134110451
2013-04-01,0.006500000134110451,0.006500000134110451,0.006500000134110451,0.006500000134110451,0.0,0.006500000134110451
2013-04-02,0.006500000134110451,0.006500000134110451,0.006500000134110451,0.006500000134110451,0.0,0.006500000134110451
2013-04-03,0.006500000134110451,0.006500000134110451,0.006500000134110451,0.006500000134110451,0.0,0.006500000134110451
2013-04-04,0.006500000134110451,0.006500000134110451,0.006500000134110451,0.006500000134110451,0.0,0.006500000134110451
2013-04-05,0.006500000134110451,0.006500000134110451,0.006500000134110451,0.006500000134110451,0.0,0.006500000134110451
2013-04-08,0.006500000134110451,0.006500000134110451,0.006500000134110451,0.006500000134110451,0.0,0.006500000134110451
2013-04-09,0.006500000134110451,0.006500000134110451,0.006500000134110451,0.006500000134110451,0.0,0.006500000134110451
2013-04-10,0.006500000134110451,0.006500000134110451,0.006500000134110451,0.006500000134110451,0.0,0.006500000134110451
2013-04-11,0.006500000134110451,0.006500000134110451,0.006500000134110451,0.006500000134110451,0.0,0.006500000134110451
2013-04-12,0.006500000134110451,0.006500000134110451,0.006500000134110451,0.006500000134110451,0.0,0.006500000134110451
2013-04-15,0.006500000134110451,0.006500000134110451,0.006500000134110451,0.006500000134110451,0.0,0.006500000134110451
2013-04-16,0.006500000134110451,0.006500000134110451,0.006500000134110451,0.006500000134110451,0.0,0.006500000134110451
2013-04-17,0.006500000134110451,0.006500000134110451,0.006500000134110451,0.006500000134110451,0.0,0.006500000134110451
2013-04-18,0.006500000134110451,0.006500000134110451,0.006500000134110451,0.006500000134110451,0.0,0.006500000134110451
2013-04-19,0.006500000134110451,0.006500000134110451,0.006500000134110451,0.006500000134110451,0.0,0.006500000134110451
2013-04-22,0.006500000134110451,0.006500000134110451,0.006500000134110451,0.006500000134110451,0.0,0.006500000134110451
2013-04-23,0.006500000134110451,0.006500000134110451,0.006500000134110451,0.006500000134110451,0.0,0.006500000134110451
2013-04-24,0.006500000134110451,0.006500000134110451,0.006500000134110451,0.006500000134110451,0.0,0.006500000134110451
2013-04-25,0.006500000134110451,0.006500000134110451,0.006500000134110451,0.006500000134110451,0.0,0.006500000134110451
2013-04-26,0.006500000134110451,0.006500000134110451,0.006500000134110451,0.006500000134110451,0.0,0.006500000134110451
2013-04-29,0.006500000134110451,0.006500000134110451,0.006500000134110451,0.006500000134110451,0.0,0.006500000134110451
2013-04-30,0.006500000134110451,0.006500000134110451,0.006500000134110451,0.006500000134110451,0.0,0.006500000134110451
2013-05-01,0.006500000134110451,0.006500000134110451,0.006500000134110451,0.006500000134110451,0.0,0.006500000134110451
2013-05-02,0.006500000134110451,0.006500000134110451,0.006500000134110451,0.006500000134110451,0.0,0.006500000134110451
2013-05-03,0.006500000134110451,0.006500000134110451,0.006500000134110451,0.006500000134110451,0.0,0.006500000134110451
2013-05-06,0.006500000134110451,0.006500000134110451,0.006500000134110451,0.006500000134110451,0.0,0.006500000134110451
2013-05-07,0.006500000134110451,0.006500000134110451,0.006500000134110451,0.006500000134110451,0.0,0.006500000134110451
2013-05-08,0.006500000134110451,0.006500000134110451,0.006500000134110451,0.006500000134110451,0.0,0.006500000134110451
2013-05-09,0.006500000134110451,0.006500000134110451,0.006500000134110451,0.006500000134110451,0.0,0.006500000134110451
2013-05-10,0.006500000134110451,0.006500000134110451,0.006500000134110451,0.006500000134110451,0.0,0.006500000134110451
2013-05-13,0.006500000134110451,0.006500000134110451,0.006500000134110451,0.006500000134110451,0.0,0.006500000134110451
2013-05-14,0.006500000134110451,0.006500000134110451,0.006500000134110451,0.006500000134110451,0.0,0.006500000134110451
2013-05-15,0.006500000134110451,0.006500000134110451,0.006500000134110451,0.006500000134110451,0.0,0.006500000134110451
2013-05-16,0.006500000134110451,0.006500000134110451,0.006500000134110451,0.006500000134110451,0.0,0.006500000134110451
2013-05-17,0.006500000134110451,0.006500000134110451,0.006500000134110451,0.006500000134110451,0.0,0.006500000134110451
2013-05-20,0.006500000134110451,0.006500000134110451,0.006500000134110451,0.006500000134110451,0.0,0.006500000134110451
2013-05-21,0.006500000134110451,0.006500000134110451,0.006500000134110451,0.006500000134110451,0.0,0.006500000134110451
2013-05-22,0.006500000134110451,0.006500000134110451,0.006500000134110451,0.006500000134110451,0.0,0.006500000134110451
2013-05-23,0.006500000134110451,0.006500000134110451,0.006500000134110451,0.006500000134110451,0.0,0.006500000134110451
2013-05-24,0.006500000134110451,0.006500000134110451,0.006500000134110451,0.006500000134110451,0.0,0.006500000134110451
2013-05-28,0.006500000134110451,0.006500000134110451,0.006500000134110451,0.006500000134110451,0.0,0.006500000134110451
2013-05-29,0.006500000134110451,0.006500000134110451,0.006500000134110451,0.006500000134110451,0.0,0.006500000134110451
2013-05-30,0.006500000134110451,0.006500000134110451,0.006500000134110451,0.006500000134110451,0.0,0.006500000134110451
2013-05-31,0.006500000134110451,0.006500000134110451,0.006500000134110451,0.006500000134110451,0.0,0.006500000134110451
2013-06-03,0.006500000134110451,0.006500000134110451,0.006500000134110451,0.006500000134110451,0.0,0.006500000134110451
2013-06-04,0.006500000134110451,0.006500000134110451,0.006500000134110451,0.006500000134110451,0.0,0.006500000134110451
2013-06-05,0.006500000134110451,0.006500000134110451,0.006500000134110451,0.006500000134110451,0.0,0.006500000134110451
2013-06-06,0.006500000134110451,0.006500000134110451,0.006500000134110451,0.006500000134110451,0.0,0.006500000134110451
2013-06-07,0.006500000134110451,0.006500000134110451,0.006500000134110451,0.006500000134110451,0.0,0.006500000134110451
2013-06-10,0.006500000134110451,0.006500000134110451,0.006500000134110451,0.006500000134110451,0.0,0.006500000134110451
2013-06-11,0.006500000134110451,0.006500000134110451,0.006500000134110451,0.006500000134110451,0.0,0.006500000134110451
2013-06-12,0.006500000134110451,0.006500000134110451,0.006500000134110451,0.006500000134110451,0.0,0.006500000134110451
2013-06-13,0.006500000134110451,0.006500000134110451,0.006500000134110451,0.006500000134110451,0.0,0.006500000134110451
2013-06-14,0.006500000134110451,0.006500000134110451,0.006500000134110451,0.006500000134110451,0.0,0.006500000134110451
2013-06-17,0.006500000134110451,0.006500000134110451,0.006500000134110451,0.006500000134110451,0.0,0.006500000134110451
2013-06-18,0.006500000134110451,0.006500000134110451,0.006500000134110451,0.006500000134110451,0.0,0.006500000134110451
2013-06-19,0.006500000134110451,0.006500000134110451,0.006500000134110451,0.006500000134110451,0.0,0.006500000134110451
2013-06-20,0.006500000134110451,0.006500000134110451,0.006500000134110451,0.006500000134110451,0.0,0.006500000134110451
2013-06-21,0.006500000134110451,0.006500000134110451,0.006500000134110451,0.006500000134110451,0.0,0.006500000134110451
2013-06-24,0.006500000134110451,0.006500000134110451,0.006500000134110451,0.006500000134110451,0.0,0.006500000134110451
2013-06-25,0.006500000134110451,0.006500000134110451,0.006500000134110451,0.006500000134110451,0.0,0.006500000134110451
2013-06-26,0.006500000134110451,0.006500000134110451,0.006500000134110451,0.006500000134110451,0.0,0.006500000134110451
2013-06-27,0.006500000134110451,0.006500000134110451,0.006500000134110451,0.006500000134110451,0.0,0.006500000134110451
2013-06-28,0.006500000134110451,0.006500000134110451,0.006500000134110451,0.006500000134110451,0.0,0.006500000134110451
2013-07-01,0.006500000134110451,0.006500000134110451,0.006500000134110451,0.006500000134110451,0.0,0.006500000134110451
2013-07-02,0.006500000134110451,0.006500000134110451,0.006500000134110451,0.006500000134110451,0.0,0.006500000134110451
2013-07-03,0.006500000134110451,0.006500000134110451,0.006500000134110451,0.006500000134110451,0.0,0.006500000134110451
2013-07-05,0.006500000134110451,0.006500000134110451,0.006500000134110451,0.006500000134110451,0.0,0.006500000134110451
2013-07-08,0.006500000134110451,0.006500000134110451,0.006500000134110451,0.006500000134110451,0.0,0.006500000134110451
2013-07-09,0.006500000134110451,0.006500000134110451,0.006500000134110451,0.006500000134110451,0.0,0.006500000134110451
2013-07-10,0.006500000134110451,0.006500000134110451,0.006500000134110451,0.006500000134110451,0.0,0.006500000134110451
2013-07-11,0.006500000134110451,0.006500000134110451,0.006500000134110451,0.006500000134110451,0.0,0.006500000134110451
2013-07-12,0.006500000134110451,0.006500000134110451,0.006500000134110451,0.006500000134110451,0.0,0.006500000134110451
2013-07-15,0.006500000134110451,0.006500000134110451,0.006500000134110451,0.006500000134110451,0.0,0.006500000134110451
2013-07-16,0.006500000134110451,0.006500000134110451,0.006500000134110451,0.006500000134110451,0.0,0.006500000134110451
2013-07-17,0.006500000134110451,0.006500000134110451,0.006500000134110451,0.006500000134110451,0.0,0.006500000134110451
2013-07-18,0.006500000134110451,0.006500000134110451,0.006500000134110451,0.006500000134110451,0.0,0.006500000134110451
2013-07-19,0.006500000134110451,0.006500000134110451,0.006500000134110451,0.006500000134110451,0.0,0.006500000134110451
2013-07-22,0.006500000134110451,0.006500000134110451,0.006500000134110451,0.006500000134110451,0.0,0.006500000134110451
2013-07-23,0.006500000134110451,0.006500000134110451,0.006500000134110451,0.006500000134110451,0.0,0.006500000134110451
2013-07-24,0.006500000134110451,0.006500000134110451,0.006500000134110451,0.006500000134110451,0.0,0.006500000134110451
2013-07-25,0.006500000134110451,0.006500000134110451,0.006500000134110451,0.006500000134110451,0.0,0.006500000134110451
2013-07-26,0.006500000134110451,0.006500000134110451,0.006500000134110451,0.006500000134110451,0.0,0.006500000134110451
2013-07-29,0.006500000134110451,0.006500000134110451,0.006500000134110451,0.006500000134110451,0.0,0.006500000134110451
2013-07-30,0.006500000134110451,0.006500000134110451,0.006500000134110451,0.006500000134110451,0.0,0.006500000134110451
2013-07-31,0.006500000134110451,0.006500000134110451,0.006500000134110451,0.006500000134110451,0.0,0.006500000134110451
2013-08-01,0.006500000134110451,0.006500000134110451,0.006500000134110451,0.006500000134110451,0.0,0.006500000134110451
2013-08-02,0.006500000134110451,0.006500000134110451,0.006500000134110451,0.006500000134110451,0.0,0.006500000134110451
2013-08-05,0.006500000134110451,0.006500000134110451,0.006500000134110451,0.006500000134110451,0.0,0.006500000134110451
2013-08-06,0.006500000134110451,0.006500000134110451,0.006500000134110451,0.006500000134110451,0.0,0.006500000134110451
2013-08-07,0.006500000134110451,0.006500000134110451,0.006500000134110451,0.006500000134110451,0.0,0.006500000134110451
2013-08-08,0.006500000134110451,0.006500000134110451,0.006500000134110451,0.006500000134110451,0.0,0.006500000134110451
2013-08-09,0.006500000134110451,0.006500000134110451,0.006500000134110451,0.006500000134110451,0.0,0.006500000134110451
2013-08-12,0.006500000134110451,0.006500000134110451,0.006500000134110451,0.006500000134110451,0.0,0.006500000134110451
2013-08-13,0.006500000134110451,0.006500000134110451,0.006500000134110451,0.006500000134110451,0.0,0.006500000134110451
2013-08-14,0.006500000134110451,0.006500000134110451,0.006500000134110451,0.006500000134110451,0.0,0.006500000134110451
2013-08-15,0.006500000134110451,0.006500000134110451,0.006500000134110451,0.006500000134110451,0.0,0.006500000134110451
2013-08-16,0.006500000134110451,0.006500000134110451,0.006500000134110451,0.006500000134110451,0.0,0.006500000134110451
2013-08-19,0.006500000134110451,0.006500000134110451,0.006500000134110451,0.006500000134110451,0.0,0.006500000134110451
2013-08-20,0.006500000134110451,0.006500000134110451,0.006500000134110451,0.006500000134110451,0.0,0.006500000134110451
2013-08-21,0.006500000134110451,0.006500000134110451,0.006500000134110451,0.006500000134110451,0.0,0.006500000134110451
2013-08-22,0.006500000134110451,0.006500000134110451,0.006500000134110451,0.006500000134110451,0.0,0.006500000134110451
2013-08-23,0.006500000134110451,0.006500000134110451,0.006500000134110451,0.006500000134110451,0.0,0.006500000134110451
2013-08-26,0.006500000134110451,0.006500000134110451,0.006500000134110451,0.006500000134110451,0.0,0.006500000134110451
2013-08-27,0.006500000134110451,0.006500000134110451,0.006500000134110451,0.006500000134110451,0.0,0.006500000134110451
2013-08-28,0.006500000134110451,0.006500000134110451,0.006500000134110451,0.006500000134110451,0.0,0.006500000134110451
2013-08-29,0.006500000134110451,0.006500000134110451,0.006500000134110451,0.006500000134110451,0.0,0.006500000134110451
2013-08-30,0.006500000134110451,0.006500000134110451,0.006500000134110451,0.006500000134110451,0.0,0.006500000134110451
2013-09-03,0.006500000134110451,0.006500000134110451,0.006500000134110451,0.006500000134110451,0.0,0.006500000134110451
2013-09-04,0.006500000134110451,0.006500000134110451,0.006500000134110451,0.006500000134110451,0.0,0.006500000134110451
2013-09-05,0.006500000134110451,0.006500000134110451,0.006500000134110451,0.006500000134110451,0.0,0.006500000134110451
2013-09-06,0.006500000134110451,0.006500000134110451,0.006500000134110451,0.006500000134110451,0.0,0.006500000134110451
2013-09-09,0.006500000134110451,0.006500000134110451,0.006500000134110451,0.006500000134110451,0.0,0.006500000134110451
2013-09-10,0.006500000134110451,0.006500000134110451,0.006500000134110451,0.006500000134110451,0.0,0.006500000134110451
2013-09-11,0.006500000134110451,0.006500000134110451,0.006500000134110451,0.006500000134110451,0.0,0.006500000134110451
2013-09-12,0.006500000134110451,0.006500000134110451,0.006500000134110451,0.006500000134110451,0.0,0.006500000134110451
2013-09-13,0.006500000134110451,0.006500000134110451,0.006500000134110451,0.006500000134110451,0.0,0.006500000134110451
2013-09-16,0.006500000134110451,0.006500000134110451,0.006500000134110451,0.006500000134110451,0.0,0.006500000134110451
2013-09-17,0.006500000134110451,0.006500000134110451,0.006500000134110451,0.006500000134110451,0.0,0.006500000134110451
2013-09-18,0.006500000134110451,0.006500000134110451,0.006500000134110451,0.006500000134110451,0.0,0.006500000134110451
2013-09-19,0.006500000134110451,0.006500000134110451,0.006500000134110451,0.006500000134110451,0.0,0.006500000134110451
2013-09-20,0.006500000134110451,0.006500000134110451,0.006500000134110451,0.006500000134110451,0.0,0.006500000134110451
2013-09-23,0.006500000134110451,0.006500000134110451,0.006500000134110451,0.006500000134110451,0.0,0.006500000134110451
2013-09-24,0.006500000134110451,0.006500000134110451,0.006500000134110451,0.006500000134110451,0.0,0.006500000134110451
2013-09-25,0.006500000134110451,0.006500000134110451,0.006500000134110451,0.006500000134110451,0.0,0.006500000134110451
2013-09-26,0.006500000134110451,0.006500000134110451,0.006500000134110451,0.006500000134110451,0.0,0.006500000134110451
2013-09-27,0.006500000134110451,0.006500000134110451,0.006500000134110451,0.006500000134110451,0.0,0.006500000134110451
2013-09-30,0.006500000134110451,0.006500000134110451,0.006500000134110451,0.006500000134110451,0.0,0.006500000134110451
2013-10-01,0.006500000134110451,0.006500000134110451,0.006500000134110451,0.006500000134110451,0.0,0.006500000134110451
2013-10-02,0.006500000134110451,0.006500000134110451,0.006500000134110451,0.006500000134110451,0.0,0.006500000134110451
2013-10-03,0.006500000134110451,0.006500000134110451,0.006500000134110451,0.006500000134110451,0.0,0.006500000134110451
2013-10-04,0.006500000134110451,0.006500000134110451,0.006500000134110451,0.006500000134110451,0.0,0.006500000134110451
2013-10-07,0.006500000134110451,0.006500000134110451,0.006500000134110451,0.006500000134110451,0.0,0.006500000134110451
2013-10-08,0.006500000134110451,0.006500000134110451,0.006500000134110451,0.006500000134110451,0.0,0.006500000134110451
2013-10-09,0.006500000134110451,0.006500000134110451,0.006500000134110451,0.006500000134110451,0.0,0.006500000134110451
2013-10-10,0.006500000134110451,0.006500000134110451,0.006500000134110451,0.006500000134110451,0.0,0.006500000134110451
2013-10-11,0.006500000134110451,0.006500000134110451,0.006500000134110451,0.006500000134110451,0.0,0.006500000134110451
2013-10-14,0.006500000134110451,0.006500000134110451,0.006500000134110451,0.006500000134110451,0.0,0.006500000134110451
2013-10-15,0.006500000134110451,0.006500000134110451,0.006500000134110451,0.006500000134110451,0.0,0.006500000134110451
2013-10-16,0.006500000134110451,0.006500000134110451,0.006500000134110451,0.006500000134110451,0.0,0.006500000134110451
2013-10-17,0.006500000134110451,0.006500000134110451,0.006500000134110451,0.006500000134110451,0.0,0.006500000134110451
2013-10-18,0.006500000134110451,0.006500000134110451,0.006500000134110451,0.006500000134110451,0.0,0.006500000134110451
2013-10-21,0.006500000134110451,0.006500000134110451,0.006500000134110451,0.006500000134110451,0.0,0.006500000134110451
2013-10-22,0.006500000134110451,0.006500000134110451,0.006500000134110451,0.006500000134110451,0.0,0.006500000134110451
2013-10-23,0.006500000134110451,0.006500000134110451,0.006500000134110451,0.006500000134110451,0.0,0.006500000134110451
2013-10-24,0.006500000134110451,0.006500000134110451,0.006500000134110451,0.006500000134110451,0.0,0.006500000134110451
2013-10-25,0.006500000134110451,0.006500000134110451,0.006500000134110451,0.006500000134110451,0.0,0.006500000134110451
2013-10-28,0.006500000134110451,0.006500000134110451,0.006500000134110451,0.006500000134110451,0.0,0.006500000134110451
2013-10-29,0.006500000134110451,0.006500000134110451,0.006500000134110451,0.006500000134110451,0.0,0.006500000134110451
2013-10-30,0.006500000134110451,0.006500000134110451,0.006500000134110451,0.006500000134110451,0.0,0.006500000134110451
2013-10-31,0.006500000134110451,0.006500000134110451,0.006500000134110451,0.006500000134110451,0.0,0.006500000134110451
2013-11-01,0.006500000134110451,0.006500000134110451,0.006500000134110451,0.006500000134110451,0.0,0.006500000134110451
2013-11-04,0.006500000134110451,0.006500000134110451,0.006500000134110451,0.006500000134110451,0.0,0.006500000134110451
2013-11-05,0.006500000134110451,0.006500000134110451,0.006500000134110451,0.006500000134110451,0.0,0.006500000134110451
2013-11-06,0.006500000134110451,0.006500000134110451,0.006500000134110451,0.006500000134110451,0.0,0.006500000134110451
2013-11-07,0.006500000134110451,0.006500000134110451,0.006500000134110451,0.006500000134110451,0.0,0.006500000134110451
2013-11-08,0.007000000216066837,0.00139999995008111,0.00139999995008111,0.007000000216066837,6019.0,0.007000000216066837
2013-11-11,0.007000000216066837,0.007000000216066837,0.007000000216066837,0.007000000216066837,0.0,0.007000000216066837
2013-11-12,0.012500000186264515,0.012500000186264515,0.012500000186264515,0.012500000186264515,5000.0,0.012500000186264515
2013-11-13,0.00139999995008111,0.00139999995008111,0.00139999995008111,0.00139999995008111,1000.0,0.00139999995008111
2013-11-14,0.00139999995008111,0.00139999995008111,0.00139999995008111,0.00139999995008111,0.0,0.00139999995008111
2013-11-15,0.00139999995008111,0.00139999995008111,0.00139999995008111,0.00139999995008111,0.0,0.00139999995008111
2013-11-18,0.00139999995008111,0.00139999995008111,0.00139999995008111,0.00139999995008111,1999.0,0.00139999995008111
2013-11-19,0.00139999995008111,0.00139999995008111,0.00139999995008111,0.00139999995008111,0.0,0.00139999995008111
2013-11-20,0.00139999995008111,0.00139999995008111,0.00139999995008111,0.00139999995008111,0.0,0.00139999995008111
2013-11-21,0.00139999995008111,0.00139999995008111,0.00139999995008111,0.00139999995008111,0.0,0.00139999995008111
2013-11-22,0.00139999995008111,0.00139999995008111,0.00139999995008111,0.00139999995008111,0.0,0.00139999995008111
2013-11-25,0.00139999995008111,0.00139999995008111,0.00139999995008111,0.00139999995008111,0.0,0.00139999995008111
2013-11-26,0.00139999995008111,0.00139999995008111,0.00139999995008111,0.00139999995008111,0.0,0.00139999995008111
2013-11-27,0.00139999995008111,0.00139999995008111,0.00139999995008111,0.00139999995008111,0.0,0.00139999995008111
2013-11-29,0.00139999995008111,0.00139999995008111,0.00139999995008111,0.00139999995008111,0.0,0.00139999995008111
2013-12-02,0.00139999995008111,0.00139999995008111,0.00139999995008111,0.00139999995008111,0.0,0.00139999995008111
2013-12-03,0.00139999995008111,0.00139999995008111,0.00139999995008111,0.00139999995008111,0.0,0.00139999995008111
2013-12-04,0.00139999995008111,0.00139999995008111,0.00139999995008111,0.00139999995008111,0.0,0.00139999995008111
2013-12-05,0.00139999995008111,0.00139999995008111,0.00139999995008111,0.00139999995008111,0.0,0.00139999995008111
2013-12-06,0.00139999995008111,0.00139999995008111,0.00139999995008111,0.00139999995008111,0.0,0.00139999995008111
2013-12-09,0.012000000104308128,0.00139999995008111,0.00139999995008111,0.012000000104308128,27000.0,0.012000000104308128
2013-12-10,0.012000000104308128,0.012000000104308128,0.012000000104308128,0.012000000104308128,0.0,0.012000000104308128
2013-12-11,0.012000000104308128,0.012000000104308128,0.012000000104308128,0.012000000104308128,0.0,0.012000000104308128
2013-12-12,0.012000000104308128,0.012000000104308128,0.012000000104308128,0.012000000104308128,0.0,0.012000000104308128
2013-12-13,0.012000000104308128,0.012000000104308128,0.012000000104308128,0.012000000104308128,0.0,0.012000000104308128
2013-12-16,0.012000000104308128,0.012000000104308128,0.012000000104308128,0.012000000104308128,0.0,0.012000000104308128
2013-12-17,0.012000000104308128,0.012000000104308128,0.012000000104308128,0.012000000104308128,0.0,0.012000000104308128
2013-12-18,0.012000000104308128,0.012000000104308128,0.012000000104308128,0.012000000104308128,0.0,0.012000000104308128
2013-12-19,0.00139999995008111,0.00139999995008111,0.00139999995008111,0.00139999995008111,4000.0,0.00139999995008111
2013-12-20,0.00139999995008111,0.00139999995008111,0.00139999995008111,0.00139999995008111,0.0,0.00139999995008111
2013-12-23,0.00139999995008111,0.00139999995008111,0.00139999995008111,0.00139999995008111,0.0,0.00139999995008111
2013-12-24,0.00139999995008111,0.00139999995008111,0.00139999995008111,0.00139999995008111,0.0,0.00139999995008111
2013-12-26,0.00139999995008111,0.00139999995008111,0.00139999995008111,0.00139999995008111,2000.0,0.00139999995008111
2013-12-27,0.00139999995008111,0.00139999995008111,0.00139999995008111,0.00139999995008111,0.0,0.00139999995008111
2013-12-30,0.00139999995008111,0.00139999995008111,0.00139999995008111,0.00139999995008111,0.0,0.00139999995008111
2013-12-31,0.00139999995008111,0.00139999995008111,0.00139999995008111,0.00139999995008111,0.0,0.00139999995008111
2014-01-02,0.00139999995008111,0.00139999995008111,0.00139999995008111,0.00139999995008111,0.0,0.00139999995008111
2014-01-03,0.00139999995008111,0.00139999995008111,0.00139999995008111,0.00139999995008111,0.0,0.00139999995008111
2014-01-06,0.00139999995008111,0.00139999995008111,0.00139999995008111,0.00139999995008111,3960.0,0.00139999995008111
2014-01-07,0.00139999995008111,0.00139999995008111,0.00139999995008111,0.00139999995008111,0.0,0.00139999995008111
2014-01-08,0.00139999995008111,0.00139999995008111,0.00139999995008111,0.00139999995008111,0.0,0.00139999995008111
2014-01-09,0.00139999995008111,0.00139999995008111,0.00139999995008111,0.00139999995008111,0.0,0.00139999995008111
2014-01-10,0.00139999995008111,0.00139999995008111,0.00139999995008111,0.00139999995008111,0.0,0.00139999995008111
2014-01-13,0.00139999995008111,0.00139999995008111,0.00139999995008111,0.00139999995008111,0.0,0.00139999995008111
2014-01-14,0.00139999995008111,0.00139999995008111,0.00139999995008111,0.00139999995008111,0.0,0.00139999995008111
2014-01-15,0.00139999995008111,0.00139999995008111,0.00139999995008111,0.00139999995008111,100.0,0.00139999995008111
2014-01-16,0.00139999995008111,0.00139999995008111,0.00139999995008111,0.00139999995008111,0.0,0.00139999995008111
2014-01-17,0.00139999995008111,0.00139999995008111,0.00139999995008111,0.00139999995008111,2000.0,0.00139999995008111
2014-01-21,0.00139999995008111,0.00139999995008111,0.00139999995008111,0.00139999995008111,0.0,0.00139999995008111
2014-01-22,0.00139999995008111,0.00139999995008111,0.00139999995008111,0.00139999995008111,2000.0,0.00139999995008111
2014-01-23,0.00139999995008111,0.00139999995008111,0.00139999995008111,0.00139999995008111,0.0,0.00139999995008111
2014-01-24,0.00139999995008111,0.00139999995008111,0.00139999995008111,0.00139999995008111,0.0,0.00139999995008111
2014-01-27,0.00139999995008111,0.00139999995008111,0.00139999995008111,0.00139999995008111,0.0,0.00139999995008111
2014-01-28,0.00139999995008111,0.00139999995008111,0.00139999995008111,0.00139999995008111,0.0,0.00139999995008111
2014-01-29,0.00139999995008111,0.0012000000569969416,0.00139999995008111,0.0012000000569969416,210000.0,0.0012000000569969416
2014-01-30,0.0012000000569969416,0.0012000000569969416,0.0012000000569969416,0.0012000000569969416,0.0,0.0012000000569969416
2014-01-31,0.0012000000569969416,0.0012000000569969416,0.0012000000569969416,0.0012000000569969416,0.0,0.0012000000569969416
2014-02-03,0.0012000000569969416,0.0012000000569969416,0.0012000000569969416,0.0012000000569969416,0.0,0.0012000000569969416
2014-02-04,0.0012000000569969416,0.0012000000569969416,0.0012000000569969416,0.0012000000569969416,0.0,0.0012000000569969416
2014-02-05,0.0012000000569969416,0.0012000000569969416,0.0012000000569969416,0.0012000000569969416,0.0,0.0012000000569969416
2014-02-06,0.0012000000569969416,0.0012000000569969416,0.0012000000569969416,0.0012000000569969416,0.0,0.0012000000569969416
2014-02-07,0.0012000000569969416,0.0012000000569969416,0.0012000000569969416,0.0012000000569969416,20000.0,0.0012000000569969416
2014-02-10,0.0012000000569969416,0.0012000000569969416,0.0012000000569969416,0.0012000000569969416,0.0,0.0012000000569969416
2014-02-11,0.0012000000569969416,0.0012000000569969416,0.0012000000569969416,0.0012000000569969416,800.0,0.0012000000569969416
2014-02-12,0.0012000000569969416,0.0012000000569969416,0.0012000000569969416,0.0012000000569969416,2400.0,0.0012000000569969416
2014-02-13,0.0012000000569969416,0.0012000000569969416,0.0012000000569969416,0.0012000000569969416,0.0,0.0012000000569969416
2014-02-14,0.0012000000569969416,0.0012000000569969416,0.0012000000569969416,0.0012000000569969416,0.0,0.0012000000569969416
2014-02-18,0.0012000000569969416,0.0012000000569969416,0.0012000000569969416,0.0012000000569969416,0.0,0.0012000000569969416
2014-02-19,0.0012000000569969416,0.0012000000569969416,0.0012000000569969416,0.0012000000569969416,0.0,0.0012000000569969416
2014-02-20,0.0012000000569969416,0.0012000000569969416,0.0012000000569969416,0.0012000000569969416,0.0,0.0012000000569969416
2014-02-21,0.0012000000569969416,0.0012000000569969416,0.0012000000569969416,0.0012000000569969416,0.0,0.0012000000569969416
2014-02-24,0.0012000000569969416,0.0012000000569969416,0.0012000000569969416,0.0012000000569969416,0.0,0.0012000000569969416
2014-02-25,0.0012000000569969416,0.0012000000569969416,0.0012000000569969416,0.0012000000569969416,20000.0,0.0012000000569969416
2014-02-26,0.0012000000569969416,0.0012000000569969416,0.0012000000569969416,0.0012000000569969416,0.0,0.0012000000569969416
2014-02-27,0.0012000000569969416,0.0012000000569969416,0.0012000000569969416,0.0012000000569969416,0.0,0.0012000000569969416
2014-02-28,0.0012000000569969416,0.0012000000569969416,0.0012000000569969416,0.0012000000569969416,0.0,0.0012000000569969416
2014-03-03,0.0012000000569969416,0.0012000000569969416,0.0012000000569969416,0.0012000000569969416,0.0,0.0012000000569969416
2014-03-04,0.0012000000569969416,0.0012000000569969416,0.0012000000569969416,0.0012000000569969416,0.0,0.0012000000569969416
2014-03-05,0.0012000000569969416,0.0012000000569969416,0.0012000000569969416,0.0012000000569969416,0.0,0.0012000000569969416
2014-03-06,0.0012000000569969416,0.0012000000569969416,0.0012000000569969416,0.0012000000569969416,0.0,0.0012000000569969416
2014-03-07,0.0012000000569969416,0.0012000000569969416,0.0012000000569969416,0.0012000000569969416,0.0,0.0012000000569969416
2014-03-10,0.0012000000569969416,0.0012000000569969416,0.0012000000569969416,0.0012000000569969416,0.0,0.0012000000569969416
2014-03-11,0.0012000000569969416,0.0012000000569969416,0.0012000000569969416,0.0012000000569969416,0.0,0.0012000000569969416
2014-03-12,0.0012000000569969416,0.0012000000569969416,0.0012000000569969416,0.0012000000569969416,0.0,0.0012000000569969416
2014-03-13,0.0012000000569969416,0.0012000000569969416,0.0012000000569969416,0.0012000000569969416,17000.0,0.0012000000569969416
2014-03-14,0.0012000000569969416,0.0012000000569969416,0.0012000000569969416,0.0012000000569969416,0.0,0.0012000000569969416
2014-03-17,0.0012000000569969416,0.0012000000569969416,0.0012000000569969416,0.0012000000569969416,0.0,0.0012000000569969416
2014-03-18,0.0012000000569969416,0.0012000000569969416,0.0012000000569969416,0.0012000000569969416,0.0,0.0012000000569969416
2014-03-19,0.0012000000569969416,0.0012000000569969416,0.0012000000569969416,0.0012000000569969416,0.0,0.0012000000569969416
2014-03-20,0.0012000000569969416,0.0012000000569969416,0.0012000000569969416,0.0012000000569969416,0.0,0.0012000000569969416
2014-03-21,0.0012000000569969416,0.0012000000569969416,0.0012000000569969416,0.0012000000569969416,600.0,0.0012000000569969416
2014-03-24,0.0012000000569969416,0.0012000000569969416,0.0012000000569969416,0.0012000000569969416,0.0,0.0012000000569969416
2014-03-25,0.0012000000569969416,0.0012000000569969416,0.0012000000569969416,0.0012000000569969416,0.0,0.0012000000569969416
2014-03-26,0.0012000000569969416,0.0012000000569969416,0.0012000000569969416,0.0012000000569969416,0.0,0.0012000000569969416
2014-03-27,0.0012000000569969416,0.0012000000569969416,0.0012000000569969416,0.0012000000569969416,0.0,0.0012000000569969416
2014-03-28,0.0012000000569969416,0.0012000000569969416,0.0012000000569969416,0.0012000000569969416,0.0,0.0012000000569969416
2014-03-31,0.0012000000569969416,0.0012000000569969416,0.0012000000569969416,0.0012000000569969416,0.0,0.0012000000569969416
2014-04-01,0.0012000000569969416,0.0012000000569969416,0.0012000000569969416,0.0012000000569969416,0.0,0.0012000000569969416
2014-04-02,0.0012000000569969416,0.0012000000569969416,0.0012000000569969416,0.0012000000569969416,0.0,0.0012000000569969416
2014-04-03,0.0012000000569969416,0.0012000000569969416,0.0012000000569969416,0.0012000000569969416,0.0,0.0012000000569969416
2014-04-04,0.0012000000569969416,0.0012000000569969416,0.0012000000569969416,0.0012000000569969416,0.0,0.0012000000569969416
2014-04-07,0.0012000000569969416,0.0012000000569969416,0.0012000000569969416,0.0012000000569969416,2529.0,0.0012000000569969416
2014-04-08,0.0012000000569969416,0.0012000000569969416,0.0012000000569969416,0.0012000000569969416,0.0,0.0012000000569969416
2014-04-09,0.0012000000569969416,0.0012000000569969416,0.0012000000569969416,0.0012000000569969416,0.0,0.0012000000569969416
2014-04-10,0.0012000000569969416,0.0012000000569969416,0.0012000000569969416,0.0012000000569969416,0.0,0.0012000000569969416
2014-04-11,0.0012000000569969416,0.0012000000569969416,0.0012000000569969416,0.0012000000569969416,0.0,0.0012000000569969416
2014-04-14,0.0012000000569969416,0.0012000000569969416,0.0012000000569969416,0.0012000000569969416,0.0,0.0012000000569969416
2014-04-15,0.0012000000569969416,0.0012000000569969416,0.0012000000569969416,0.0012000000569969416,0.0,0.0012000000569969416
2014-04-16,0.004999999888241291,0.004999999888241291,0.004999999888241291,0.004999999888241291,20000.0,0.004999999888241291
2014-04-17,0.004999999888241291,0.004999999888241291,0.004999999888241291,0.004999999888241291,0.0,0.004999999888241291
2014-04-21,0.004999999888241291,0.004999999888241291,0.004999999888241291,0.004999999888241291,0.0,0.004999999888241291
2014-04-22,0.004999999888241291,0.004999999888241291,0.004999999888241291,0.004999999888241291,0.0,0.004999999888241291
2014-04-23,0.004999999888241291,0.004999999888241291,0.004999999888241291,0.004999999888241291,0.0,0.004999999888241291
2014-04-24,0.004999999888241291,0.004999999888241291,0.004999999888241291,0.004999999888241291,0.0,0.004999999888241291
2014-04-25,0.004999999888241291,0.004999999888241291,0.004999999888241291,0.004999999888241291,0.0,0.004999999888241291
2014-04-28,0.0010999999940395355,0.0010999999940395355,0.0010999999940395355,0.0010999999940395355,2002.0,0.0010999999940395355
2014-04-29,0.0010999999940395355,0.0010999999940395355,0.0010999999940395355,0.0010999999940395355,2002.0,0.0010999999940395355
2014-04-30,0.0010999999940395355,0.0010999999940395355,0.0010999999940395355,0.0010999999940395355,2000.0,0.0010999999940395355
2014-05-01,0.0010999999940395355,0.0010999999940395355,0.0010999999940395355,0.0010999999940395355,14633.0,0.0010999999940395355
2014-05-02,0.0010999999940395355,0.0010999999940395355,0.0010999999940395355,0.0010999999940395355,0.0,0.0010999999940395355
2014-05-05,0.0010999999940395355,0.0010999999940395355,0.0010999999940395355,0.0010999999940395355,2002.0,0.0010999999940395355
2014-05-06,0.0010999999940395355,0.0010999999940395355,0.0010999999940395355,0.0010999999940395355,200.0,0.0010999999940395355
2014-05-07,0.0010999999940395355,0.0010999999940395355,0.0010999999940395355,0.0010999999940395355,0.0,0.0010999999940395355
2014-05-08,0.0010999999940395355,0.0010999999940395355,0.0010999999940395355,0.0010999999940395355,0.0,0.0010999999940395355
2014-05-09,0.0010999999940395355,0.0010999999940395355,0.0010999999940395355,0.0010999999940395355,0.0,0.0010999999940395355
2014-05-12,0.0010999999940395355,0.0010999999940395355,0.0010999999940395355,0.0010999999940395355,0.0,0.0010999999940395355
2014-05-13,0.0010999999940395355,0.0010999999940395355,0.0010999999940395355,0.0010999999940395355,0.0,0.0010999999940395355
2014-05-14,0.0010999999940395355,0.0010999999940395355,0.0010999999940395355,0.0010999999940395355,0.0,0.0010999999940395355
2014-05-15,0.0010999999940395355,0.0010999999940395355,0.0010999999940395355,0.0010999999940395355,0.0,0.0010999999940395355
2014-05-16,0.0010999999940395355,0.0010999999940395355,0.0010999999940395355,0.0010999999940395355,0.0,0.0010999999940395355
2014-05-19,0.0010999999940395355,0.0010999999940395355,0.0010999999940395355,0.0010999999940395355,0.0,0.0010999999940395355
2014-05-20,0.0010999999940395355,0.0010999999940395355,0.0010999999940395355,0.0010999999940395355,0.0,0.0010999999940395355
2014-05-21,0.0010999999940395355,0.0010999999940395355,0.0010999999940395355,0.0010999999940395355,0.0,0.0010999999940395355
2014-05-22,0.0010999999940395355,0.0010999999940395355,0.0010999999940395355,0.0010999999940395355,0.0,0.0010999999940395355
2014-05-23,0.0010999999940395355,0.0010999999940395355,0.0010999999940395355,0.0010999999940395355,400.0,0.0010999999940395355
2014-05-27,0.0010999999940395355,0.0010999999940395355,0.0010999999940395355,0.0010999999940395355,0.0,0.0010999999940395355
2014-05-28,0.0010999999940395355,0.0010999999940395355,0.0010999999940395355,0.0010999999940395355,0.0,0.0010999999940395355
2014-05-29,0.0010999999940395355,0.0010999999940395355,0.0010999999940395355,0.0010999999940395355,0.0,0.0010999999940395355
2014-05-30,0.0010999999940395355,0.0010999999940395355,0.0010999999940395355,0.0010999999940395355,0.0,0.0010999999940395355
2014-06-02,0.0010999999940395355,0.0010999999940395355,0.0010999999940395355,0.0010999999940395355,0.0,0.0010999999940395355
2014-06-03,0.0010999999940395355,0.0010999999940395355,0.0010999999940395355,0.0010999999940395355,0.0,0.0010999999940395355
2014-06-04,0.0010999999940395355,0.0010999999940395355,0.0010999999940395355,0.0010999999940395355,0.0,0.0010999999940395355
2014-06-05,0.0010999999940395355,0.0010999999940395355,0.0010999999940395355,0.0010999999940395355,0.0,0.0010999999940395355
2014-06-06,0.0010999999940395355,0.0010999999940395355,0.0010999999940395355,0.0010999999940395355,0.0,0.0010999999940395355
2014-06-09,0.0010999999940395355,0.0010999999940395355,0.0010999999940395355,0.0010999999940395355,0.0,0.0010999999940395355
2014-06-10,0.0010999999940395355,0.0010999999940395355,0.0010999999940395355,0.0010999999940395355,0.0,0.0010999999940395355
2014-06-11,0.0010999999940395355,0.0010999999940395355,0.0010999999940395355,0.0010999999940395355,1000.0,0.0010999999940395355
2014-06-12,0.006000000052154064,0.0012000000569969416,0.006000000052154064,0.004999999888241291,115000.0,0.004999999888241291
2014-06-13,0.004999999888241291,0.004999999888241291,0.004999999888241291,0.004999999888241291,45000.0,0.004999999888241291
2014-06-16,0.004999999888241291,0.004999999888241291,0.004999999888241291,0.004999999888241291,0.0,0.004999999888241291
2014-06-17,0.004999999888241291,0.004999999888241291,0.004999999888241291,0.004999999888241291,0.0,0.004999999888241291
2014-06-18,0.0010999999940395355,0.0010999999940395355,0.0010999999940395355,0.0010999999940395355,10000.0,0.0010999999940395355
2014-06-19,0.003000000026077032,0.003000000026077032,0.003000000026077032,0.003000000026077032,10000.0,0.003000000026077032
2014-06-20,0.003000000026077032,0.003000000026077032,0.003000000026077032,0.003000000026077032,0.0,0.003000000026077032
2014-06-23,0.004900000058114529,0.004900000058114529,0.004900000058114529,0.004900000058114529,25000.0,0.004900000058114529
2014-06-24,0.004900000058114529,0.004900000058114529,0.004900000058114529,0.004900000058114529,25000.0,0.004900000058114529
2014-06-25,0.004900000058114529,0.004900000058114529,0.004900000058114529,0.004900000058114529,0.0,0.004900000058114529
2014-06-26,0.004900000058114529,0.004900000058114529,0.004900000058114529,0.004900000058114529,0.0,0.004900000058114529
2014-06-27,0.0010999999940395355,0.0010999999940395355,0.0010999999940395355,0.0010999999940395355,1999.0,0.0010999999940395355
2014-06-30,0.0010999999940395355,0.0010999999940395355,0.0010999999940395355,0.0010999999940395355,0.0,0.0010999999940395355
2014-07-01,0.0010999999940395355,0.0010999999940395355,0.0010999999940395355,0.0010999999940395355,0.0,0.0010999999940395355
2014-07-02,0.004900000058114529,0.004900000058114529,0.004900000058114529,0.004900000058114529,113000.0,0.004900000058114529
2014-07-03,0.004900000058114529,0.004900000058114529,0.004900000058114529,0.004900000058114529,0.0,0.004900000058114529
2014-07-07,0.004900000058114529,0.004900000058114529,0.004900000058114529,0.004900000058114529,0.0,0.004900000058114529
2014-07-08,0.004900000058114529,0.004900000058114529,0.004900000058114529,0.004900000058114529,0.0,0.004900000058114529
2014-07-09,0.004900000058114529,0.004900000058114529,0.004900000058114529,0.004900000058114529,0.0,0.004900000058114529
2014-07-10,0.004900000058114529,0.004900000058114529,0.004900000058114529,0.004900000058114529,0.0,0.004900000058114529
2014-07-11,0.004900000058114529,0.004900000058114529,0.004900000058114529,0.004900000058114529,0.0,0.004900000058114529
2014-07-14,0.0010999999940395355,0.0010999999940395355,0.0010999999940395355,0.0010999999940395355,20000.0,0.0010999999940395355
2014-07-15,0.0010999999940395355,0.0010999999940395355,0.0010999999940395355,0.0010999999940395355,0.0,0.0010999999940395355
2014-07-16,0.0010999999940395355,0.0010999999940395355,0.0010999999940395355,0.0010999999940395355,0.0,0.0010999999940395355
2014-07-17,0.0010999999940395355,0.0010999999940395355,0.0010999999940395355,0.0010999999940395355,0.0,0.0010999999940395355
2014-07-18,0.0010999999940395355,0.0010999999940395355,0.0010999999940395355,0.0010999999940395355,0.0,0.0010999999940395355
2014-07-21,0.004900000058114529,0.004900000058114529,0.004900000058114529,0.004900000058114529,50000.0,0.004900000058114529
2014-07-22,0.004900000058114529,0.004900000058114529,0.004900000058114529,0.004900000058114529,0.0,0.004900000058114529
2014-07-23,0.004900000058114529,0.004900000058114529,0.004900000058114529,0.004900000058114529,0.0,0.004900000058114529
2014-07-24,0.004900000058114529,0.004900000058114529,0.004900000058114529,0.004900000058114529,0.0,0.004900000058114529
2014-07-25,0.004900000058114529,0.004900000058114529,0.004900000058114529,0.004900000058114529,0.0,0.004900000058114529
2014-07-28,0.004900000058114529,0.004900000058114529,0.004900000058114529,0.004900000058114529,0.0,0.004900000058114529
2014-07-29,0.004900000058114529,0.004900000058114529,0.004900000058114529,0.004900000058114529,0.0,0.004900000058114529
2014-07-30,0.004900000058114529,0.004900000058114529,0.004900000058114529,0.004900000058114529,0.0,0.004900000058114529
2014-07-31,0.004900000058114529,0.004900000058114529,0.004900000058114529,0.004900000058114529,0.0,0.004900000058114529
2014-08-01,0.004900000058114529,0.004900000058114529,0.004900000058114529,0.004900000058114529,10000.0,0.004900000058114529
2014-08-04,0.004900000058114529,0.004900000058114529,0.004900000058114529,0.004900000058114529,0.0,0.004900000058114529
2014-08-05,0.004900000058114529,0.004900000058114529,0.004900000058114529,0.004900000058114529,0.0,0.004900000058114529
2014-08-06,0.004900000058114529,0.004900000058114529,0.004900000058114529,0.004900000058114529,0.0,0.004900000058114529
2014-08-07,0.004900000058114529,0.004900000058114529,0.004900000058114529,0.004900000058114529,0.0,0.004900000058114529
2014-08-08,0.004900000058114529,0.004900000058114529,0.004900000058114529,0.004900000058114529,0.0,0.004900000058114529
2014-08-11,0.004900000058114529,0.004900000058114529,0.004900000058114529,0.004900000058114529,0.0,0.004900000058114529
2014-08-12,0.004900000058114529,0.004900000058114529,0.004900000058114529,0.004900000058114529,0.0,0.004900000058114529
2014-08-13,0.004900000058114529,0.004900000058114529,0.004900000058114529,0.004900000058114529,0.0,0.004900000058114529
2014-08-14,0.004900000058114529,0.004900000058114529,0.004900000058114529,0.004900000058114529,0.0,0.004900000058114529
2014-08-15,0.004900000058114529,0.004900000058114529,0.004900000058114529,0.004900000058114529,0.0,0.004900000058114529
2014-08-18,0.004900000058114529,0.004900000058114529,0.004900000058114529,0.004900000058114529,0.0,0.004900000058114529
2014-08-19,0.004900000058114529,0.004900000058114529,0.004900000058114529,0.004900000058114529,0.0,0.004900000058114529
2014-08-20,0.004900000058114529,0.004900000058114529,0.004900000058114529,0.004900000058114529,0.0,0.004900000058114529
2014-08-21,0.004900000058114529,0.004900000058114529,0.004900000058114529,0.004900000058114529,0.0,0.004900000058114529
2014-08-22,0.004900000058114529,0.004900000058114529,0.004900000058114529,0.004900000058114529,0.0,0.004900000058114529
2014-08-25,0.004900000058114529,0.004900000058114529,0.004900000058114529,0.004900000058114529,0.0,0.004900000058114529
2014-08-26,0.00800000037997961,0.004900000058114529,0.004900000058114529,0.00800000037997961,87614.0,0.00800000037997961
2014-08-27,0.00800000037997961,0.00800000037997961,0.00800000037997961,0.00800000037997961,0.0,0.00800000037997961
2014-08-28,0.00800000037997961,0.00800000037997961,0.00800000037997961,0.00800000037997961,0.0,0.00800000037997961
2014-08-29,0.00800000037997961,0.00800000037997961,0.00800000037997961,0.00800000037997961,0.0,0.00800000037997961
2014-09-02,0.004900000058114529,0.004900000058114529,0.004900000058114529,0.004900000058114529,500.0,0.004900000058114529
2014-09-03,0.004900000058114529,0.004900000058114529,0.004900000058114529,0.004900000058114529,2000.0,0.004900000058114529
2014-09-04,0.004900000058114529,0.004900000058114529,0.004900000058114529,0.004900000058114529,0.0,0.004900000058114529
2014-09-05,0.004900000058114529,0.004900000058114529,0.004900000058114529,0.004900000058114529,0.0,0.004900000058114529
2014-09-08,0.004900000058114529,0.004900000058114529,0.004900000058114529,0.004900000058114529,6000.0,0.004900000058114529
2014-09-09,0.004900000058114529,0.004900000058114529,0.004900000058114529,0.004900000058114529,0.0,0.004900000058114529
2014-09-10,0.004900000058114529,0.004900000058114529,0.004900000058114529,0.004900000058114529,0.0,0.004900000058114529
2014-09-11,0.004900000058114529,0.004900000058114529,0.004900000058114529,0.004900000058114529,0.0,0.004900000058114529
2014-09-12,0.004900000058114529,0.004900000058114529,0.004900000058114529,0.004900000058114529,0.0,0.004900000058114529
2014-09-15,0.004900000058114529,0.004900000058114529,0.004900000058114529,0.004900000058114529,0.0,0.004900000058114529
2014-09-16,0.004900000058114529,0.004900000058114529,0.004900000058114529,0.004900000058114529,0.0,0.004900000058114529
2014-09-17,0.004900000058114529,0.004900000058114529,0.004900000058114529,0.004900000058114529,0.0,0.004900000058114529
2014-09-18,0.004900000058114529,0.004900000058114529,0.004900000058114529,0.004900000058114529,0.0,0.004900000058114529
2014-09-19,0.004900000058114529,0.004900000058114529,0.004900000058114529,0.004900000058114529,0.0,0.004900000058114529
2014-09-22,0.004900000058114529,0.004900000058114529,0.004900000058114529,0.004900000058114529,0.0,0.004900000058114529
2014-09-23,0.004900000058114529,0.004900000058114529,0.004900000058114529,0.004900000058114529,0.0,0.004900000058114529
2014-09-24,0.004900000058114529,0.004900000058114529,0.004900000058114529,0.004900000058114529,0.0,0.004900000058114529
2014-09-25,0.004900000058114529,0.004900000058114529,0.004900000058114529,0.004900000058114529,0.0,0.004900000058114529
2014-09-26,0.004900000058114529,0.004900000058114529,0.004900000058114529,0.004900000058114529,0.0,0.004900000058114529
2014-09-29,0.004900000058114529,0.004900000058114529,0.004900000058114529,0.004900000058114529,0.0,0.004900000058114529
2014-09-30,0.004900000058114529,0.004900000058114529,0.004900000058114529,0.004900000058114529,0.0,0.004900000058114529
2014-10-01,0.004900000058114529,0.004900000058114529,0.004900000058114529,0.004900000058114529,0.0,0.004900000058114529
2014-10-02,0.004900000058114529,0.004900000058114529,0.004900000058114529,0.004900000058114529,0.0,0.004900000058114529
2014-10-03,0.004900000058114529,0.004900000058114529,0.004900000058114529,0.004900000058114529,0.0,0.004900000058114529
2014-10-06,0.004900000058114529,0.004900000058114529,0.004900000058114529,0.004900000058114529,9860.0,0.004900000058114529
2014-10-07,0.004900000058114529,0.004900000058114529,0.004900000058114529,0.004900000058114529,0.0,0.004900000058114529
2014-10-08,0.004900000058114529,0.004900000058114529,0.004900000058114529,0.004900000058114529,6121.0,0.004900000058114529
2014-10-09,0.004900000058114529,0.004900000058114529,0.004900000058114529,0.004900000058114529,0.0,0.004900000058114529
2014-10-10,0.004900000058114529,0.004900000058114529,0.004900000058114529,0.004900000058114529,10000.0,0.004900000058114529
2014-10-13,0.004900000058114529,0.004900000058114529,0.004900000058114529,0.004900000058114529,0.0,0.004900000058114529
2014-10-14,0.004900000058114529,0.004900000058114529,0.004900000058114529,0.004900000058114529,0.0,0.004900000058114529
2014-10-15,0.004900000058114529,0.004900000058114529,0.004900000058114529,0.004900000058114529,0.0,0.004900000058114529
2014-10-16,0.0044999998062849045,0.0035000001080334187,0.0044999998062849045,0.0035000001080334187,40000.0,0.0035000001080334187
2014-10-17,0.004800000227987766,0.0038999998942017555,0.0038999998942017555,0.004800000227987766,40000.0,0.004800000227987766
2014-10-20,0.004800000227987766,0.004800000227987766,0.004800000227987766,0.004800000227987766,0.0,0.004800000227987766
2014-10-21,0.004800000227987766,0.004800000227987766,0.004800000227987766,0.004800000227987766,0.0,0.004800000227987766
2014-10-22,0.004800000227987766,0.004800000227987766,0.004800000227987766,0.004800000227987766,215.0,0.004800000227987766
2014-10-23,0.004800000227987766,0.004800000227987766,0.004800000227987766,0.004800000227987766,10000.0,0.004800000227987766
2014-10-24,0.004800000227987766,0.004800000227987766,0.004800000227987766,0.004800000227987766,0.0,0.004800000227987766
2014-10-27,0.003000000026077032,0.003000000026077032,0.003000000026077032,0.003000000026077032,14000.0,0.003000000026077032
2014-10-28,0.003000000026077032,0.003000000026077032,0.003000000026077032,0.003000000026077032,0.0,0.003000000026077032
2014-10-29,0.003000000026077032,0.003000000026077032,0.003000000026077032,0.003000000026077032,0.0,0.003000000026077032
2014-10-30,0.003000000026077032,0.003000000026077032,0.003000000026077032,0.003000000026077032,0.0,0.003000000026077032
2014-10-31,0.003000000026077032,0.003000000026077032,0.003000000026077032,0.003000000026077032,0.0,0.003000000026077032
2014-11-03,0.003000000026077032,0.003000000026077032,0.003000000026077032,0.003000000026077032,220.0,0.003000000026077032
2014-11-04,0.003000000026077032,0.003000000026077032,0.003000000026077032,0.003000000026077032,0.0,0.003000000026077032
2014-11-05,0.0035000001080334187,0.003000000026077032,0.0035000001080334187,0.003000000026077032,4000.0,0.003000000026077032
2014-11-06,0.003000000026077032,0.003000000026077032,0.003000000026077032,0.003000000026077032,0.0,0.003000000026077032
2014-11-07,0.003000000026077032,0.003000000026077032,0.003000000026077032,0.003000000026077032,133000.0,0.003000000026077032
2014-11-10,0.003000000026077032,0.003000000026077032,0.003000000026077032,0.003000000026077032,0.0,0.003000000026077032
2014-11-11,0.004999999888241291,0.004999999888241291,0.004999999888241291,0.004999999888241291,11505.0,0.004999999888241291
2014-11-12,0.0024999999441206455,0.0024999999441206455,0.0024999999441206455,0.0024999999441206455,800.0,0.0024999999441206455
2014-11-13,0.0024999999441206455,0.0024999999441206455,0.0024999999441206455,0.0024999999441206455,1000.0,0.0024999999441206455
2014-11-14,0.00839999970048666,0.006000000052154064,0.007499999832361937,0.006000000052154064,87000.0,0.006000000052154064
2014-11-17,0.006000000052154064,0.006000000052154064,0.006000000052154064,0.006000000052154064,0.0,0.006000000052154064
2014-11-18,0.00622999994084239,0.006000000052154064,0.00622999994084239,0.006000000052154064,8000.0,0.006000000052154064
2014-11-19,0.006000000052154064,0.006000000052154064,0.006000000052154064,0.006000000052154064,8000.0,0.006000000052154064
2014-11-20,0.006000000052154064,0.006000000052154064,0.006000000052154064,0.006000000052154064,0.0,0.006000000052154064
2014-11-21,0.00839999970048666,0.00839999970048666,0.00839999970048666,0.00839999970048666,15000.0,0.00839999970048666
2014-11-24,0.006000000052154064,0.004999999888241291,0.006000000052154064,0.004999999888241291,20000.0,0.004999999888241291
2014-11-25,0.004999999888241291,0.004999999888241291,0.004999999888241291,0.004999999888241291,0.0,0.004999999888241291
2014-11-26,0.004999999888241291,0.004999999888241291,0.004999999888241291,0.004999999888241291,0.0,0.004999999888241291
2014-11-28,0.004999999888241291,0.004999999888241291,0.004999999888241291,0.004999999888241291,0.0,0.004999999888241291
2014-12-01,0.004999999888241291,0.004999999888241291,0.004999999888241291,0.004999999888241291,0.0,0.004999999888241291
2014-12-02,0.004999999888241291,0.004999999888241291,0.004999999888241291,0.004999999888241291,0.0,0.004999999888241291
2014-12-03,0.004999999888241291,0.004999999888241291,0.004999999888241291,0.004999999888241291,0.0,0.004999999888241291
2014-12-04,0.004000000189989805,0.004000000189989805,0.004000000189989805,0.004000000189989805,100.0,0.004000000189989805
2014-12-05,0.00839999970048666,0.00839999970048666,0.00839999970048666,0.00839999970048666,30000.0,0.00839999970048666
2014-12-08,0.00839999970048666,0.00839999970048666,0.00839999970048666,0.00839999970048666,0.0,0.00839999970048666
2014-12-09,0.00839999970048666,0.00839999970048666,0.00839999970048666,0.00839999970048666,0.0,0.00839999970048666
2014-12-10,0.00839999970048666,0.00839999970048666,0.00839999970048666,0.00839999970048666,0.0,0.00839999970048666
2014-12-11,0.004000000189989805,0.004000000189989805,0.004000000189989805,0.004000000189989805,500.0,0.004000000189989805
2014-12-12,0.004000000189989805,0.004000000189989805,0.004000000189989805,0.004000000189989805,0.0,0.004000000189989805
2014-12-15,0.003000000026077032,0.003000000026077032,0.003000000026077032,0.003000000026077032,10000.0,0.003000000026077032
2014-12-16,0.003000000026077032,0.003000000026077032,0.003000000026077032,0.003000000026077032,0.0,0.003000000026077032
2014-12-17,0.00839999970048666,0.003000000026077032,0.003000000026077032,0.00839999970048666,56590.0,0.00839999970048666
2014-12-18,0.008500000461935997,0.00839999970048666,0.00839999970048666,0.008500000461935997,95000.0,0.008500000461935997
2014-12-19,0.008500000461935997,0.008500000461935997,0.008500000461935997,0.008500000461935997,5000.0,0.008500000461935997
2014-12-22,0.008500000461935997,0.008500000461935997,0.008500000461935997,0.008500000461935997,0.0,0.008500000461935997
2014-12-23,0.008500000461935997,0.008500000461935997,0.008500000461935997,0.008500000461935997,0.0,0.008500000461935997
2014-12-24,0.008500000461935997,0.008500000461935997,0.008500000461935997,0.008500000461935997,0.0,0.008500000461935997
2014-12-26,0.008500000461935997,0.008500000461935997,0.008500000461935997,0.008500000461935997,0.0,0.008500000461935997
2014-12-29,0.008500000461935997,0.008500000461935997,0.008500000461935997,0.008500000461935997,0.0,0.008500000461935997
2014-12-30,0.004999999888241291,0.004999999888241291,0.004999999888241291,0.004999999888241291,3006.0,0.004999999888241291
2014-12-31,0.004999999888241291,0.004999999888241291,0.004999999888241291,0.004999999888241291,2000.0,0.004999999888241291
2015-01-02,0.004999999888241291,0.004999999888241291,0.004999999888241291,0.004999999888241291,8840.0,0.004999999888241291
2015-01-05,0.004999999888241291,0.004999999888241291,0.004999999888241291,0.004999999888241291,0.0,0.004999999888241291
2015-01-06,0.004999999888241291,0.004999999888241291,0.004999999888241291,0.004999999888241291,0.0,0.004999999888241291
2015-01-07,0.004999999888241291,0.004999999888241291,0.004999999888241291,0.004999999888241291,0.0,0.004999999888241291
2015-01-08,0.004999999888241291,0.004999999888241291,0.004999999888241291,0.004999999888241291,0.0,0.004999999888241291
2015-01-09,0.004999999888241291,0.004999999888241291,0.004999999888241291,0.004999999888241291,0.0,0.004999999888241291
2015-01-12,0.004999999888241291,0.004999999888241291,0.004999999888241291,0.004999999888241291,0.0,0.004999999888241291
2015-01-13,0.004999999888241291,0.004999999888241291,0.004999999888241291,0.004999999888241291,5687.0,0.004999999888241291
2015-01-14,0.004999999888241291,0.004999999888241291,0.004999999888241291,0.004999999888241291,9700.0,0.004999999888241291
2015-01-15,0.004999999888241291,0.004999999888241291,0.004999999888241291,0.004999999888241291,200.0,0.004999999888241291
2015-01-16,0.004999999888241291,0.004999999888241291,0.004999999888241291,0.004999999888241291,7000.0,0.004999999888241291
2015-01-20,0.004999999888241291,0.004000000189989805,0.004999999888241291,0.004000000189989805,30000.0,0.004000000189989805
2015-01-21,0.004000000189989805,0.004000000189989805,0.004000000189989805,0.004000000189989805,0.0,0.004000000189989805
2015-01-22,0.004000000189989805,0.004000000189989805,0.004000000189989805,0.004000000189989805,0.0,0.004000000189989805
2015-01-23,0.004000000189989805,0.004000000189989805,0.004000000189989805,0.004000000189989805,0.0,0.004000000189989805
2015-01-26,0.004000000189989805,0.004000000189989805,0.004000000189989805,0.004000000189989805,0.0,0.004000000189989805
2015-01-27,0.004000000189989805,0.004000000189989805,0.004000000189989805,0.004000000189989805,0.0,0.004000000189989805
2015-01-28,0.004000000189989805,0.004000000189989805,0.004000000189989805,0.004000000189989805,0.0,0.004000000189989805
2015-01-29,0.004000000189989805,0.004000000189989805,0.004000000189989805,0.004000000189989805,0.0,0.004000000189989805
2015-01-30,0.004000000189989805,0.004000000189989805,0.004000000189989805,0.004000000189989805,0.0,0.004000000189989805
2015-02-02,0.006000000052154064,0.006000000052154064,0.006000000052154064,0.006000000052154064,20000.0,0.006000000052154064
2015-02-03,0.004000000189989805,0.004000000189989805,0.004000000189989805,0.004000000189989805,2000.0,0.004000000189989805
2015-02-04,0.004000000189989805,0.004000000189989805,0.004000000189989805,0.004000000189989805,2000.0,0.004000000189989805
2015-02-05,0.004000000189989805,0.004000000189989805,0.004000000189989805,0.004000000189989805,0.0,0.004000000189989805
2015-02-06,0.004000000189989805,0.004000000189989805,0.004000000189989805,0.004000000189989805,0.0,0.004000000189989805
2015-02-09,0.004000000189989805,0.004000000189989805,0.004000000189989805,0.004000000189989805,0.0,0.004000000189989805
2015-02-10,0.004000000189989805,0.004000000189989805,0.004000000189989805,0.004000000189989805,0.0,0.004000000189989805
2015-02-11,0.006000000052154064,0.004100000020116568,0.004100000020116568,0.004100000020116568,109000.0,0.004100000020116568
2015-02-12,0.004100000020116568,0.004100000020116568,0.004100000020116568,0.004100000020116568,0.0,0.004100000020116568
2015-02-13,0.004100000020116568,0.004100000020116568,0.004100000020116568,0.004100000020116568,0.0,0.004100000020116568
2015-02-17,0.004100000020116568,0.004100000020116568,0.004100000020116568,0.004100000020116568,0.0,0.004100000020116568
2015-02-18,0.004100000020116568,0.004100000020116568,0.004100000020116568,0.004100000020116568,0.0,0.004100000020116568
2015-02-19,0.004100000020116568,0.004100000020116568,0.004100000020116568,0.004100000020116568,0.0,0.004100000020116568
2015-02-20,0.004100000020116568,0.004100000020116568,0.004100000020116568,0.004100000020116568,0.0,0.004100000020116568
2015-02-23,0.004100000020116568,0.004100000020116568,0.004100000020116568,0.004100000020116568,0.0,0.004100000020116568
2015-02-24,0.004100000020116568,0.004100000020116568,0.004100000020116568,0.004100000020116568,0.0,0.004100000020116568
2015-02-25,0.004100000020116568,0.004100000020116568,0.004100000020116568,0.004100000020116568,0.0,0.004100000020116568
2015-02-26,0.004100000020116568,0.004100000020116568,0.004100000020116568,0.004100000020116568,0.0,0.004100000020116568
2015-02-27,0.004100000020116568,0.004100000020116568,0.004100000020116568,0.004100000020116568,0.0,0.004100000020116568
2015-03-02,0.004100000020116568,0.004100000020116568,0.004100000020116568,0.004100000020116568,0.0,0.004100000020116568
2015-03-03,0.004100000020116568,0.004100000020116568,0.004100000020116568,0.004100000020116568,0.0,0.004100000020116568
2015-03-04,0.004100000020116568,0.004100000020116568,0.004100000020116568,0.004100000020116568,0.0,0.004100000020116568
2015-03-05,0.004100000020116568,0.004100000020116568,0.004100000020116568,0.004100000020116568,0.0,0.004100000020116568
2015-03-06,0.004100000020116568,0.004100000020116568,0.004100000020116568,0.004100000020116568,0.0,0.004100000020116568
2015-03-09,0.004100000020116568,0.004100000020116568,0.004100000020116568,0.004100000020116568,0.0,0.004100000020116568
2015-03-10,0.004100000020116568,0.004100000020116568,0.004100000020116568,0.004100000020116568,0.0,0.004100000020116568
2015-03-11,0.004100000020116568,0.004100000020116568,0.004100000020116568,0.004100000020116568,0.0,0.004100000020116568
2015-03-12,0.004100000020116568,0.004100000020116568,0.004100000020116568,0.004100000020116568,0.0,0.004100000020116568
2015-03-13,0.004100000020116568,0.004100000020116568,0.004100000020116568,0.004100000020116568,0.0,0.004100000020116568
2015-03-16,0.003100000089034438,0.003100000089034438,0.003100000089034438,0.003100000089034438,1600.0,0.003100000089034438
2015-03-17,0.003100000089034438,0.003100000089034438,0.003100000089034438,0.003100000089034438,0.0,0.003100000089034438
2015-03-18,0.003100000089034438,0.003100000089034438,0.003100000089034438,0.003100000089034438,0.0,0.003100000089034438
2015-03-19,0.003100000089034438,0.003100000089034438,0.003100000089034438,0.003100000089034438,0.0,0.003100000089034438
2015-03-20,0.003100000089034438,0.003100000089034438,0.003100000089034438,0.003100000089034438,0.0,0.003100000089034438
2015-03-23,0.003100000089034438,0.003100000089034438,0.003100000089034438,0.003100000089034438,0.0,0.003100000089034438
2015-03-24,0.003100000089034438,0.003100000089034438,0.003100000089034438,0.003100000089034438,0.0,0.003100000089034438
2015-03-25,0.003100000089034438,0.003100000089034438,0.003100000089034438,0.003100000089034438,0.0,0.003100000089034438
2015-03-26,0.003100000089034438,0.003100000089034438,0.003100000089034438,0.003100000089034438,0.0,0.003100000089034438
2015-03-27,0.003100000089034438,0.003100000089034438,0.003100000089034438,0.003100000089034438,0.0,0.003100000089034438
2015-03-30,0.003100000089034438,0.003100000089034438,0.003100000089034438,0.003100000089034438,0.0,0.003100000089034438
2015-03-31,0.003100000089034438,0.003100000089034438,0.003100000089034438,0.003100000089034438,0.0,0.003100000089034438
2015-04-01,0.003100000089034438,0.003100000089034438,0.003100000089034438,0.003100000089034438,0.0,0.003100000089034438
2015-04-02,0.003100000089034438,0.003100000089034438,0.003100000089034438,0.003100000089034438,0.0,0.003100000089034438
2015-04-06,0.003100000089034438,0.003100000089034438,0.003100000089034438,0.003100000089034438,0.0,0.003100000089034438
2015-04-07,0.003100000089034438,0.003100000089034438,0.003100000089034438,0.003100000089034438,0.0,0.003100000089034438
2015-04-08,0.003100000089034438,0.003100000089034438,0.003100000089034438,0.003100000089034438,0.0,0.003100000089034438
2015-04-09,0.003100000089034438,0.003100000089034438,0.003100000089034438,0.003100000089034438,0.0,0.003100000089034438
2015-04-10,0.003100000089034438,0.003100000089034438,0.003100000089034438,0.003100000089034438,0.0,0.003100000089034438
2015-04-13,0.003100000089034438,0.003100000089034438,0.003100000089034438,0.003100000089034438,0.0,0.003100000089034438
2015-04-14,0.003100000089034438,0.003100000089034438,0.003100000089034438,0.003100000089034438,19679.0,0.003100000089034438
2015-04-15,0.003100000089034438,0.003100000089034438,0.003100000089034438,0.003100000089034438,0.0,0.003100000089034438
2015-04-16,0.003100000089034438,0.003100000089034438,0.003100000089034438,0.003100000089034438,0.0,0.003100000089034438
2015-04-17,0.003100000089034438,0.003100000089034438,0.003100000089034438,0.003100000089034438,0.0,0.003100000089034438
2015-04-20,0.003100000089034438,0.003100000089034438,0.003100000089034438,0.003100000089034438,7117.0,0.003100000089034438
2015-04-21,0.003100000089034438,0.003100000089034438,0.003100000089034438,0.003100000089034438,0.0,0.003100000089034438
2015-04-22,0.003100000089034438,0.003100000089034438,0.003100000089034438,0.003100000089034438,7000.0,0.003100000089034438
2015-04-23,0.006000000052154064,0.006000000052154064,0.006000000052154064,0.006000000052154064,40000.0,0.006000000052154064
2015-04-24,0.006000000052154064,0.006000000052154064,0.006000000052154064,0.006000000052154064,0.0,0.006000000052154064
2015-04-27,0.005450000055134296,0.005450000055134296,0.005450000055134296,0.005450000055134296,38345.0,0.005450000055134296
2015-04-28,0.005450000055134296,0.005450000055134296,0.005450000055134296,0.005450000055134296,0.0,0.005450000055134296
2015-04-29,0.005450000055134296,0.005450000055134296,0.005450000055134296,0.005450000055134296,0.0,0.005450000055134296
2015-04-30,0.005450000055134296,0.005450000055134296,0.005450000055134296,0.005450000055134296,0.0,0.005450000055134296
2015-05-01,0.005450000055134296,0.005450000055134296,0.005450000055134296,0.005450000055134296,0.0,0.005450000055134296
2015-05-04,0.005450000055134296,0.005450000055134296,0.005450000055134296,0.005450000055134296,0.0,0.005450000055134296
2015-05-05,0.005799999926239252,0.005799999926239252,0.005799999926239252,0.005799999926239252,1655.0,0.005799999926239252
2015-05-06,0.005799999926239252,0.005799999926239252,0.005799999926239252,0.005799999926239252,0.0,0.005799999926239252
2015-05-07,0.005799999926239252,0.005799999926239252,0.005799999926239252,0.005799999926239252,0.0,0.005799999926239252
2015-05-08,0.005799999926239252,0.005799999926239252,0.005799999926239252,0.005799999926239252,0.0,0.005799999926239252
2015-05-11,0.005799999926239252,0.005799999926239252,0.005799999926239252,0.005799999926239252,0.0,0.005799999926239252
2015-05-12,0.003100000089034438,0.003100000089034438,0.003100000089034438,0.003100000089034438,101700.0,0.003100000089034438
2015-05-13,0.0031999999191612005,0.0031999999191612005,0.0031999999191612005,0.0031999999191612005,25000.0,0.0031999999191612005
2015-05-14,0.0031999999191612005,0.0031999999191612005,0.0031999999191612005,0.0031999999191612005,0.0,0.0031999999191612005
2015-05-15,0.0031999999191612005,0.0031999999191612005,0.0031999999191612005,0.0031999999191612005,0.0,0.0031999999191612005
2015-05-18,0.0031999999191612005,0.0031999999191612005,0.0031999999191612005,0.0031999999191612005,0.0,0.0031999999191612005
2015-05-19,0.0031999999191612005,0.0031999999191612005,0.0031999999191612005,0.0031999999191612005,0.0,0.0031999999191612005
2015-05-20,0.0031999999191612005,0.0031999999191612005,0.0031999999191612005,0.0031999999191612005,0.0,0.0031999999191612005
2015-05-21,0.0031999999191612005,0.0031999999191612005,0.0031999999191612005,0.0031999999191612005,0.0,0.0031999999191612005
2015-05-22,0.0031999999191612005,0.0031999999191612005,0.0031999999191612005,0.0031999999191612005,0.0,0.0031999999191612005
2015-05-26,0.0031999999191612005,0.0031999999191612005,0.0031999999191612005,0.0031999999191612005,0.0,0.0031999999191612005
2015-05-27,0.0020000000949949026,0.0020000000949949026,0.0020000000949949026,0.0020000000949949026,2000.0,0.0020000000949949026
2015-05-28,0.0020000000949949026,0.0020000000949949026,0.0020000000949949026,0.0020000000949949026,0.0,0.0020000000949949026
2015-05-29,0.0020000000949949026,0.0020000000949949026,0.0020000000949949026,0.0020000000949949026,0.0,0.0020000000949949026
2015-06-01,0.0020000000949949026,0.0020000000949949026,0.0020000000949949026,0.0020000000949949026,0.0,0.0020000000949949026
2015-06-02,0.0020000000949949026,0.0020000000949949026,0.0020000000949949026,0.0020000000949949026,0.0,0.0020000000949949026
2015-06-03,0.0020000000949949026,0.0020000000949949026,0.0020000000949949026,0.0020000000949949026,0.0,0.0020000000949949026
2015-06-04,0.0020000000949949026,0.0020000000949949026,0.0020000000949949026,0.0020000000949949026,250.0,0.0020000000949949026
2015-06-05,0.0020000000949949026,0.0020000000949949026,0.0020000000949949026,0.0020000000949949026,0.0,0.0020000000949949026
2015-06-08,0.0020000000949949026,0.0020000000949949026,0.0020000000949949026,0.0020000000949949026,0.0,0.0020000000949949026
2015-06-09,0.0020000000949949026,0.0020000000949949026,0.0020000000949949026,0.0020000000949949026,0.0,0.0020000000949949026
2015-06-10,0.0020000000949949026,0.0020000000949949026,0.0020000000949949026,0.0020000000949949026,0.0,0.0020000000949949026
2015-06-11,0.0020000000949949026,0.0020000000949949026,0.0020000000949949026,0.0020000000949949026,0.0,0.0020000000949949026
2015-06-12,0.0020000000949949026,0.0020000000949949026,0.0020000000949949026,0.0020000000949949026,0.0,0.0020000000949949026
2015-06-15,0.0020000000949949026,0.0020000000949949026,0.0020000000949949026,0.0020000000949949026,0.0,0.0020000000949949026
2015-06-16,0.0012000000569969416,0.0012000000569969416,0.0012000000569969416,0.0012000000569969416,200.0,0.0012000000569969416
2015-06-17,0.0012000000569969416,0.0012000000569969416,0.0012000000569969416,0.0012000000569969416,0.0,0.0012000000569969416
2015-06-18,0.0012000000569969416,0.0012000000569969416,0.0012000000569969416,0.0012000000569969416,0.0,0.0012000000569969416
2015-06-19,0.0012000000569969416,0.0012000000569969416,0.0012000000569969416,0.0012000000569969416,0.0,0.0012000000569969416
2015-06-22,0.0012000000569969416,0.0012000000569969416,0.0012000000569969416,0.0012000000569969416,0.0,0.0012000000569969416
2015-06-23,0.0012000000569969416,0.0012000000569969416,0.0012000000569969416,0.0012000000569969416,0.0,0.0012000000569969416
2015-06-24,0.0012000000569969416,0.0012000000569969416,0.0012000000569969416,0.0012000000569969416,0.0,0.0012000000569969416
2015-06-25,0.0012000000569969416,0.0012000000569969416,0.0012000000569969416,0.0012000000569969416,0.0,0.0012000000569969416
2015-06-26,0.0012000000569969416,0.0012000000569969416,0.0012000000569969416,0.0012000000569969416,0.0,0.0012000000569969416
2015-06-29,0.0012000000569969416,0.0012000000569969416,0.0012000000569969416,0.0012000000569969416,0.0,0.0012000000569969416
2015-06-30,0.0012000000569969416,0.0012000000569969416,0.0012000000569969416,0.0012000000569969416,0.0,0.0012000000569969416
2015-07-01,0.0012000000569969416,0.0012000000569969416,0.0012000000569969416,0.0012000000569969416,0.0,0.0012000000569969416
2015-07-02,0.0012000000569969416,0.0012000000569969416,0.0012000000569969416,0.0012000000569969416,0.0,0.0012000000569969416
2015-07-06,0.0012000000569969416,0.0012000000569969416,0.0012000000569969416,0.0012000000569969416,35015.0,0.0012000000569969416
2015-07-07,0.0012000000569969416,0.0012000000569969416,0.0012000000569969416,0.0012000000569969416,0.0,0.0012000000569969416
2015-07-08,0.0012000000569969416,0.0012000000569969416,0.0012000000569969416,0.0012000000569969416,0.0,0.0012000000569969416
2015-07-09,0.0012000000569969416,0.0012000000569969416,0.0012000000569969416,0.0012000000569969416,0.0,0.0012000000569969416
2015-07-10,0.0012000000569969416,0.0012000000569969416,0.0012000000569969416,0.0012000000569969416,0.0,0.0012000000569969416
2015-07-13,0.0012000000569969416,0.0012000000569969416,0.0012000000569969416,0.0012000000569969416,0.0,0.0012000000569969416
2015-07-14,0.0012000000569969416,0.0012000000569969416,0.0012000000569969416,0.0012000000569969416,0.0,0.0012000000569969416
2015-07-15,0.0012000000569969416,0.0012000000569969416,0.0012000000569969416,0.0012000000569969416,0.0,0.0012000000569969416
2015-07-16,0.0012000000569969416,0.0012000000569969416,0.0012000000569969416,0.0012000000569969416,0.0,0.0012000000569969416
2015-07-17,0.0012000000569969416,0.0012000000569969416,0.0012000000569969416,0.0012000000569969416,2000.0,0.0012000000569969416
2015-07-20,0.0012000000569969416,0.0012000000569969416,0.0012000000569969416,0.0012000000569969416,0.0,0.0012000000569969416
2015-07-21,0.0012000000569969416,0.0012000000569969416,0.0012000000569969416,0.0012000000569969416,0.0,0.0012000000569969416
2015-07-22,0.0012000000569969416,0.0012000000569969416,0.0012000000569969416,0.0012000000569969416,0.0,0.0012000000569969416
2015-07-23,0.0012000000569969416,0.0012000000569969416,0.0012000000569969416,0.0012000000569969416,0.0,0.0012000000569969416
2015-07-24,0.0012000000569969416,0.0012000000569969416,0.0012000000569969416,0.0012000000569969416,0.0,0.0012000000569969416
2015-07-27,0.0012000000569969416,0.0012000000569969416,0.0012000000569969416,0.0012000000569969416,10000.0,0.0012000000569969416
2015-07-28,0.0012000000569969416,0.0010999999940395355,0.0012000000569969416,0.0010999999940395355,22000.0,0.0010999999940395355
2015-07-29,0.0010999999940395355,0.0010999999940395355,0.0010999999940395355,0.0010999999940395355,0.0,0.0010999999940395355
2015-07-30,0.0010999999940395355,0.0010999999940395355,0.0010999999940395355,0.0010999999940395355,0.0,0.0010999999940395355
2015-07-31,0.0010999999940395355,0.0010999999940395355,0.0010999999940395355,0.0010999999940395355,0.0,0.0010999999940395355
2015-08-03,0.0010999999940395355,0.0010999999940395355,0.0010999999940395355,0.0010999999940395355,0.0,0.0010999999940395355
2015-08-04,0.0010999999940395355,0.0010999999940395355,0.0010999999940395355,0.0010999999940395355,0.0,0.0010999999940395355
2015-08-05,0.0010999999940395355,0.0010999999940395355,0.0010999999940395355,0.0010999999940395355,0.0,0.0010999999940395355
2015-08-06,0.0010999999940395355,0.0010999999940395355,0.0010999999940395355,0.0010999999940395355,0.0,0.0010999999940395355
2015-08-07,0.0010999999940395355,0.0010999999940395355,0.0010999999940395355,0.0010999999940395355,0.0,0.0010999999940395355
2015-08-10,0.0010999999940395355,0.0010999999940395355,0.0010999999940395355,0.0010999999940395355,0.0,0.0010999999940395355
2015-08-11,0.0010999999940395355,0.0010999999940395355,0.0010999999940395355,0.0010999999940395355,0.0,0.0010999999940395355
2015-08-12,0.0010999999940395355,0.0010999999940395355,0.0010999999940395355,0.0010999999940395355,0.0,0.0010999999940395355
2015-08-13,0.0010999999940395355,0.0010999999940395355,0.0010999999940395355,0.0010999999940395355,0.0,0.0010999999940395355
2015-08-14,0.0010999999940395355,0.0010999999940395355,0.0010999999940395355,0.0010999999940395355,0.0,0.0010999999940395355
2015-08-17,0.0010999999940395355,0.0010999999940395355,0.0010999999940395355,0.0010999999940395355,0.0,0.0010999999940395355
2015-08-18,0.0010999999940395355,0.0010999999940395355,0.0010999999940395355,0.0010999999940395355,0.0,0.0010999999940395355
2015-08-19,0.0010999999940395355,0.0010999999940395355,0.0010999999940395355,0.0010999999940395355,0.0,0.0010999999940395355
2015-08-20,0.0010999999940395355,0.0010999999940395355,0.0010999999940395355,0.0010999999940395355,0.0,0.0010999999940395355
2015-08-21,0.0010999999940395355,0.0010999999940395355,0.0010999999940395355,0.0010999999940395355,0.0,0.0010999999940395355
2015-08-24,0.0010999999940395355,0.0010999999940395355,0.0010999999940395355,0.0010999999940395355,0.0,0.0010999999940395355
2015-08-25,0.0010999999940395355,0.0010999999940395355,0.0010999999940395355,0.0010999999940395355,0.0,0.0010999999940395355
2015-08-26,0.0010999999940395355,0.0010999999940395355,0.0010999999940395355,0.0010999999940395355,0.0,0.0010999999940395355
2015-08-27,0.0010999999940395355,0.0010999999940395355,0.0010999999940395355,0.0010999999940395355,0.0,0.0010999999940395355
2015-08-28,0.0010999999940395355,0.0010999999940395355,0.0010999999940395355,0.0010999999940395355,0.0,0.0010999999940395355
2015-08-31,0.0010999999940395355,0.0010999999940395355,0.0010999999940395355,0.0010999999940395355,0.0,0.0010999999940395355
2015-09-01,0.0010999999940395355,0.0010999999940395355,0.0010999999940395355,0.0010999999940395355,0.0,0.0010999999940395355
2015-09-02,0.0010999999940395355,0.0010999999940395355,0.0010999999940395355,0.0010999999940395355,0.0,0.0010999999940395355
2015-09-03,0.0010999999940395355,0.0010999999940395355,0.0010999999940395355,0.0010999999940395355,0.0,0.0010999999940395355
2015-09-04,0.0010999999940395355,0.0010999999940395355,0.0010999999940395355,0.0010999999940395355,0.0,0.0010999999940395355
2015-09-08,0.0010999999940395355,0.0010999999940395355,0.0010999999940395355,0.0010999999940395355,0.0,0.0010999999940395355
2015-09-09,0.0010999999940395355,0.0010999999940395355,0.0010999999940395355,0.0010999999940395355,0.0,0.0010999999940395355
2015-09-10,0.0010999999940395355,0.0010999999940395355,0.0010999999940395355,0.0010999999940395355,0.0,0.0010999999940395355
2015-09-11,0.0010999999940395355,0.0010999999940395355,0.0010999999940395355,0.0010999999940395355,0.0,0.0010999999940395355
2015-09-14,0.0010999999940395355,0.0010999999940395355,0.0010999999940395355,0.0010999999940395355,0.0,0.0010999999940395355
2015-09-15,0.0010999999940395355,0.0010999999940395355,0.0010999999940395355,0.0010999999940395355,0.0,0.0010999999940395355
2015-09-16,0.0010999999940395355,0.0010999999940395355,0.0010999999940395355,0.0010999999940395355,0.0,0.0010999999940395355
2015-09-17,0.0010999999940395355,0.0010999999940395355,0.0010999999940395355,0.0010999999940395355,0.0,0.0010999999940395355
2015-09-18,0.0010999999940395355,0.0010999999940395355,0.0010999999940395355,0.0010999999940395355,0.0,0.0010999999940395355
2015-09-21,0.0010000000474974513,0.0010000000474974513,0.0010000000474974513,0.0010000000474974513,600.0,0.0010000000474974513
2015-09-22,0.0010000000474974513,0.0010000000474974513,0.0010000000474974513,0.0010000000474974513,0.0,0.0010000000474974513
2015-09-23,0.0010000000474974513,0.0010000000474974513,0.0010000000474974513,0.0010000000474974513,0.0,0.0010000000474974513
2015-09-24,0.0010000000474974513,0.0010000000474974513,0.0010000000474974513,0.0010000000474974513,0.0,0.0010000000474974513
2015-09-25,0.0010000000474974513,0.0010000000474974513,0.0010000000474974513,0.0010000000474974513,0.0,0.0010000000474974513
2015-09-28,0.0010000000474974513,0.0010000000474974513,0.0010000000474974513,0.0010000000474974513,0.0,0.0010000000474974513
2015-09-29,0.0010000000474974513,0.0010000000474974513,0.0010000000474974513,0.0010000000474974513,0.0,0.0010000000474974513
2015-09-30,0.0010000000474974513,0.0010000000474974513,0.0010000000474974513,0.0010000000474974513,0.0,0.0010000000474974513
2015-10-01,0.0010000000474974513,0.0010000000474974513,0.0010000000474974513,0.0010000000474974513,0.0,0.0010000000474974513
2015-10-02,0.001500000013038516,0.001500000013038516,0.001500000013038516,0.001500000013038516,600.0,0.001500000013038516
2015-10-05,0.001500000013038516,0.001500000013038516,0.001500000013038516,0.001500000013038516,0.0,0.001500000013038516
2015-10-06,0.001500000013038516,0.001500000013038516,0.001500000013038516,0.001500000013038516,0.0,0.001500000013038516
2015-10-07,0.001500000013038516,0.001500000013038516,0.001500000013038516,0.001500000013038516,0.0,0.001500000013038516
2015-10-08,0.001500000013038516,0.001500000013038516,0.001500000013038516,0.001500000013038516,0.0,0.001500000013038516
2015-10-09,0.001500000013038516,0.001500000013038516,0.001500000013038516,0.001500000013038516,0.0,0.001500000013038516
2015-10-12,0.001500000013038516,0.001500000013038516,0.001500000013038516,0.001500000013038516,0.0,0.001500000013038516
2015-10-13,0.001500000013038516,0.001500000013038516,0.001500000013038516,0.001500000013038516,0.0,0.001500000013038516
2015-10-14,0.001500000013038516,0.001500000013038516,0.001500000013038516,0.001500000013038516,0.0,0.001500000013038516
2015-10-15,0.003000000026077032,0.0020000000949949026,0.0020000000949949026,0.003000000026077032,75785.0,0.003000000026077032
2015-10-16,0.004000000189989805,0.004000000189989805,0.004000000189989805,0.004000000189989805,25000.0,0.004000000189989805
2015-10-19,0.004000000189989805,0.004000000189989805,0.004000000189989805,0.004000000189989805,0.0,0.004000000189989805
2015-10-20,0.004000000189989805,0.004000000189989805,0.004000000189989805,0.004000000189989805,0.0,0.004000000189989805
2015-10-21,0.004000000189989805,0.004000000189989805,0.004000000189989805,0.004000000189989805,0.0,0.004000000189989805
2015-10-22,0.004000000189989805,0.004000000189989805,0.004000000189989805,0.004000000189989805,0.0,0.004000000189989805
2015-10-23,0.004000000189989805,0.004000000189989805,0.004000000189989805,0.004000000189989805,0.0,0.004000000189989805
2015-10-26,0.004000000189989805,0.004000000189989805,0.004000000189989805,0.004000000189989805,0.0,0.004000000189989805
2015-10-27,0.0010000000474974513,0.0010000000474974513,0.0010000000474974513,0.0010000000474974513,40000.0,0.0010000000474974513
2015-10-28,0.0010000000474974513,0.0010000000474974513,0.0010000000474974513,0.0010000000474974513,0.0,0.0010000000474974513
2015-10-29,0.0010000000474974513,0.0010000000474974513,0.0010000000474974513,0.0010000000474974513,0.0,0.0010000000474974513
2015-10-30,0.0010000000474974513,0.0010000000474974513,0.0010000000474974513,0.0010000000474974513,0.0,0.0010000000474974513
2015-11-02,0.0010000000474974513,0.0010000000474974513,0.0010000000474974513,0.0010000000474974513,0.0,0.0010000000474974513
2015-11-03,0.004800000227987766,0.004800000227987766,0.004800000227987766,0.004800000227987766,30000.0,0.004800000227987766
2015-11-04,0.004800000227987766,0.004800000227987766,0.004800000227987766,0.004800000227987766,0.0,0.004800000227987766
2015-11-05,0.0010000000474974513,0.0010000000474974513,0.0010000000474974513,0.0010000000474974513,3000.0,0.0010000000474974513
2015-11-06,0.002199999988079071,0.0010000000474974513,0.0010000000474974513,0.002199999988079071,1308.0,0.002199999988079071
2015-11-09,0.002199999988079071,0.002199999988079071,0.002199999988079071,0.002199999988079071,0.0,0.002199999988079071
2015-11-10,0.002199999988079071,0.002199999988079071,0.002199999988079071,0.002199999988079071,0.0,0.002199999988079071
2015-11-11,0.002199999988079071,0.002199999988079071,0.002199999988079071,0.002199999988079071,0.0,0.002199999988079071
2015-11-12,0.002199999988079071,0.002199999988079071,0.002199999988079071,0.002199999988079071,0.0,0.002199999988079071
2015-11-13,0.002199999988079071,0.002199999988079071,0.002199999988079071,0.002199999988079071,0.0,0.002199999988079071
2015-11-16,0.002199999988079071,0.002199999988079071,0.002199999988079071,0.002199999988079071,0.0,0.002199999988079071
2015-11-17,0.002199999988079071,0.002199999988079071,0.002199999988079071,0.002199999988079071,0.0,0.002199999988079071
2015-11-18,0.002199999988079071,0.002199999988079071,0.002199999988079071,0.002199999988079071,0.0,0.002199999988079071
2015-11-19,0.002199999988079071,0.002199999988079071,0.002199999988079071,0.002199999988079071,0.0,0.002199999988079071
2015-11-20,0.002199999988079071,0.002199999988079071,0.002199999988079071,0.002199999988079071,0.0,0.002199999988079071
2015-11-23,0.002199999988079071,0.002199999988079071,0.002199999988079071,0.002199999988079071,0.0,0.002199999988079071
2015-11-24,0.002199999988079071,0.002199999988079071,0.002199999988079071,0.002199999988079071,0.0,0.002199999988079071
2015-11-25,0.002199999988079071,0.002199999988079071,0.002199999988079071,0.002199999988079071,0.0,0.002199999988079071
2015-11-27,0.002199999988079071,0.002199999988079071,0.002199999988079071,0.002199999988079071,0.0,0.002199999988079071
2015-11-30,0.002199999988079071,0.002199999988079071,0.002199999988079071,0.002199999988079071,0.0,0.002199999988079071
2015-12-01,0.002199999988079071,0.002199999988079071,0.002199999988079071,0.002199999988079071,0.0,0.002199999988079071
2015-12-02,0.002199999988079071,0.002199999988079071,0.002199999988079071,0.002199999988079071,0.0,0.002199999988079071
2015-12-03,0.002199999988079071,0.002199999988079071,0.002199999988079071,0.002199999988079071,0.0,0.002199999988079071
2015-12-04,0.002199999988079071,0.002199999988079071,0.002199999988079071,0.002199999988079071,0.0,0.002199999988079071
2015-12-07,0.002199999988079071,0.002199999988079071,0.002199999988079071,0.002199999988079071,0.0,0.002199999988079071
2015-12-08,0.002199999988079071,0.002199999988079071,0.002199999988079071,0.002199999988079071,0.0,0.002199999988079071
2015-12-09,0.001500000013038516,0.001500000013038516,0.001500000013038516,0.001500000013038516,12000.0,0.001500000013038516
2015-12-10,0.001500000013038516,0.001500000013038516,0.001500000013038516,0.001500000013038516,0.0,0.001500000013038516
2015-12-11,0.001500000013038516,0.001500000013038516,0.001500000013038516,0.001500000013038516,0.0,0.001500000013038516
2015-12-14,0.001500000013038516,0.001500000013038516,0.001500000013038516,0.001500000013038516,0.0,0.001500000013038516
2015-12-15,0.001500000013038516,0.001500000013038516,0.001500000013038516,0.001500000013038516,0.0,0.001500000013038516
2015-12-16,0.001500000013038516,0.001500000013038516,0.001500000013038516,0.001500000013038516,0.0,0.001500000013038516
2015-12-17,0.001500000013038516,0.001500000013038516,0.001500000013038516,0.001500000013038516,0.0,0.001500000013038516
2015-12-18,0.001500000013038516,0.001500000013038516,0.001500000013038516,0.001500000013038516,0.0,0.001500000013038516
2015-12-21,0.001500000013038516,0.001500000013038516,0.001500000013038516,0.001500000013038516,0.0,0.001500000013038516
2015-12-22,0.001500000013038516,0.001500000013038516,0.001500000013038516,0.001500000013038516,0.0,0.001500000013038516
2015-12-23,0.001500000013038516,0.001500000013038516,0.001500000013038516,0.001500000013038516,0.0,0.001500000013038516
2015-12-24,0.001500000013038516,0.001500000013038516,0.001500000013038516,0.001500000013038516,0.0,0.001500000013038516
2015-12-28,0.001500000013038516,0.001500000013038516,0.001500000013038516,0.001500000013038516,0.0,0.001500000013038516
2015-12-29,0.001500000013038516,0.001500000013038516,0.001500000013038516,0.001500000013038516,0.0,0.001500000013038516
2015-12-30,0.001500000013038516,0.001500000013038516,0.001500000013038516,0.001500000013038516,0.0,0.001500000013038516
2015-12-31,0.001500000013038516,0.001500000013038516,0.001500000013038516,0.001500000013038516,0.0,0.001500000013038516
2016-01-04,0.001500000013038516,0.001500000013038516,0.001500000013038516,0.001500000013038516,0.0,0.001500000013038516
2016-01-05,0.001500000013038516,0.001500000013038516,0.001500000013038516,0.001500000013038516,0.0,0.001500000013038516
2016-01-06,0.001500000013038516,0.001500000013038516,0.001500000013038516,0.001500000013038516,0.0,0.001500000013038516
2016-01-07,0.001500000013038516,0.001500000013038516,0.001500000013038516,0.001500000013038516,0.0,0.001500000013038516
2016-01-08,0.0017999999690800905,0.0017999999690800905,0.0017999999690800905,0.0017999999690800905,500.0,0.0017999999690800905
2016-01-11,0.0017999999690800905,0.0017999999690800905,0.0017999999690800905,0.0017999999690800905,0.0,0.0017999999690800905
2016-01-12,0.0017999999690800905,0.0017999999690800905,0.0017999999690800905,0.0017999999690800905,0.0,0.0017999999690800905
2016-01-13,0.0017999999690800905,0.0017999999690800905,0.0017999999690800905,0.0017999999690800905,0.0,0.0017999999690800905
2016-01-14,0.0017999999690800905,0.0017999999690800905,0.0017999999690800905,0.0017999999690800905,0.0,0.0017999999690800905
2016-01-15,0.0017999999690800905,0.0017999999690800905,0.0017999999690800905,0.0017999999690800905,0.0,0.0017999999690800905
2016-01-19,0.0017999999690800905,0.0017999999690800905,0.0017999999690800905,0.0017999999690800905,0.0,0.0017999999690800905
2016-01-20,0.0017999999690800905,0.0017999999690800905,0.0017999999690800905,0.0017999999690800905,0.0,0.0017999999690800905
2016-01-21,0.0017999999690800905,0.0017999999690800905,0.0017999999690800905,0.0017999999690800905,0.0,0.0017999999690800905
2016-01-22,0.0017999999690800905,0.0017999999690800905,0.0017999999690800905,0.0017999999690800905,0.0,0.0017999999690800905
2016-01-25,0.0017999999690800905,0.0017999999690800905,0.0017999999690800905,0.0017999999690800905,0.0,0.0017999999690800905
2016-01-26,0.001500000013038516,0.0010999999940395355,0.001500000013038516,0.0010999999940395355,48690.0,0.0010999999940395355
2016-01-27,0.0010999999940395355,0.0010999999940395355,0.0010999999940395355,0.0010999999940395355,0.0,0.0010999999940395355
2016-01-28,0.0010999999940395355,0.0010999999940395355,0.0010999999940395355,0.0010999999940395355,0.0,0.0010999999940395355
2016-01-29,0.0010999999940395355,0.0010999999940395355,0.0010999999940395355,0.0010999999940395355,0.0,0.0010999999940395355
2016-02-01,0.0010999999940395355,0.0010999999940395355,0.0010999999940395355,0.0010999999940395355,0.0,0.0010999999940395355
2016-02-02,0.0010999999940395355,0.0010999999940395355,0.0010999999940395355,0.0010999999940395355,0.0,0.0010999999940395355
2016-02-03,0.0010999999940395355,0.0010999999940395355,0.0010999999940395355,0.0010999999940395355,0.0,0.0010999999940395355
2016-02-04,0.0010999999940395355,0.0010999999940395355,0.0010999999940395355,0.0010999999940395355,0.0,0.0010999999940395355
2016-02-05,0.0010999999940395355,0.0010999999940395355,0.0010999999940395355,0.0010999999940395355,0.0,0.0010999999940395355
2016-02-08,0.0010999999940395355,0.0010999999940395355,0.0010999999940395355,0.0010999999940395355,0.0,0.0010999999940395355
2016-02-09,0.0010999999940395355,0.0010999999940395355,0.0010999999940395355,0.0010999999940395355,0.0,0.0010999999940395355
2016-02-10,0.0010999999940395355,0.0010999999940395355,0.0010999999940395355,0.0010999999940395355,0.0,0.0010999999940395355
2016-02-11,0.0010999999940395355,0.0010999999940395355,0.0010999999940395355,0.0010999999940395355,0.0,0.0010999999940395355
2016-02-12,0.0010999999940395355,0.0010999999940395355,0.0010999999940395355,0.0010999999940395355,0.0,0.0010999999940395355
2016-02-16,0.0010999999940395355,0.0010999999940395355,0.0010999999940395355,0.0010999999940395355,0.0,0.0010999999940395355
2016-02-17,0.0019499999471008778,0.0019499999471008778,0.0019499999471008778,0.0019499999471008778,160.0,0.0019499999471008778
2016-02-18,0.0019499999471008778,0.0019499999471008778,0.0019499999471008778,0.0019499999471008778,0.0,0.0019499999471008778
2016-02-19,0.0019499999471008778,0.0019499999471008778,0.0019499999471008778,0.0019499999471008778,0.0,0.0019499999471008778
2016-02-22,0.0019499999471008778,0.0019499999471008778,0.0019499999471008778,0.0019499999471008778,0.0,0.0019499999471008778
2016-02-23,0.0019499999471008778,0.0019499999471008778,0.0019499999471008778,0.0019499999471008778,0.0,0.0019499999471008778
2016-02-24,0.0019499999471008778,0.0019499999471008778,0.0019499999471008778,0.0019499999471008778,0.0,0.0019499999471008778
2016-02-25,0.0019499999471008778,0.0019499999471008778,0.0019499999471008778,0.0019499999471008778,0.0,0.0019499999471008778
2016-02-26,0.0019499999471008778,0.0019499999471008778,0.0019499999471008778,0.0019499999471008778,0.0,0.0019499999471008778
2016-02-29,0.0019499999471008778,0.0019499999471008778,0.0019499999471008778,0.0019499999471008778,0.0,0.0019499999471008778
2016-03-01,0.0019499999471008778,0.0019499999471008778,0.0019499999471008778,0.0019499999471008778,0.0,0.0019499999471008778
2016-03-02,0.0019499999471008778,0.0019499999471008778,0.0019499999471008778,0.0019499999471008778,0.0,0.0019499999471008778
2016-03-03,0.0019499999471008778,0.0019499999471008778,0.0019499999471008778,0.0019499999471008778,0.0,0.0019499999471008778
2016-03-04,0.0019499999471008778,0.0019499999471008778,0.0019499999471008778,0.0019499999471008778,0.0,0.0019499999471008778
2016-03-07,0.0019499999471008778,0.0019499999471008778,0.0019499999471008778,0.0019499999471008778,0.0,0.0019499999471008778
2016-03-08,0.0019499999471008778,0.0019499999471008778,0.0019499999471008778,0.0019499999471008778,0.0,0.0019499999471008778
2016-03-09,0.0019499999471008778,0.0019499999471008778,0.0019499999471008778,0.0019499999471008778,0.0,0.0019499999471008778
2016-03-10,0.0019499999471008778,0.0019499999471008778,0.0019499999471008778,0.0019499999471008778,0.0,0.0019499999471008778
2016-03-11,0.0015999999595806003,0.0010999999940395355,0.0010999999940395355,0.0015999999595806003,400.0,0.0015999999595806003
2016-03-14,0.0015999999595806003,0.0015999999595806003,0.0015999999595806003,0.0015999999595806003,0.0,0.0015999999595806003
2016-03-15,0.0010999999940395355,0.0010999999940395355,0.0010999999940395355,0.0010999999940395355,1000.0,0.0010999999940395355
2016-03-16,0.0010999999940395355,0.0010999999940395355,0.0010999999940395355,0.0010999999940395355,0.0,0.0010999999940395355
2016-03-17,0.0010999999940395355,0.0010999999940395355,0.0010999999940395355,0.0010999999940395355,0.0,0.0010999999940395355
2016-03-18,0.0010999999940395355,0.0010999999940395355,0.0010999999940395355,0.0010999999940395355,1999.0,0.0010999999940395355
2016-03-21,0.0010999999940395355,0.0010999999940395355,0.0010999999940395355,0.0010999999940395355,0.0,0.0010999999940395355
2016-03-22,0.0010999999940395355,0.0010999999940395355,0.0010999999940395355,0.0010999999940395355,0.0,0.0010999999940395355
2016-03-23,0.001129999989643693,0.0010999999940395355,0.001129999989643693,0.0010999999940395355,4400.0,0.0010999999940395355
2016-03-24,0.0010999999940395355,0.0010999999940395355,0.0010999999940395355,0.0010999999940395355,0.0,0.0010999999940395355
2016-03-28,0.0010999999940395355,0.0010999999940395355,0.0010999999940395355,0.0010999999940395355,0.0,0.0010999999940395355
2016-03-29,0.0010999999940395355,0.0010999999940395355,0.0010999999940395355,0.0010999999940395355,0.0,0.0010999999940395355
2016-03-30,0.002940000034868717,0.0010999999940395355,0.0010999999940395355,0.0010999999940395355,4100.0,0.0010999999940395355
2016-03-31,0.0012000000569969416,0.0012000000569969416,0.0012000000569969416,0.0012000000569969416,1800.0,0.0012000000569969416
2016-04-01,0.0012000000569969416,0.0012000000569969416,0.0012000000569969416,0.0012000000569969416,0.0,0.0012000000569969416
2016-04-04,0.0012000000569969416,0.0012000000569969416,0.0012000000569969416,0.0012000000569969416,0.0,0.0012000000569969416
2016-04-05,0.0012000000569969416,0.0012000000569969416,0.0012000000569969416,0.0012000000569969416,0.0,0.0012000000569969416
2016-04-06,0.0012000000569969416,0.0012000000569969416,0.0012000000569969416,0.0012000000569969416,0.0,0.0012000000569969416
2016-04-07,0.0012000000569969416,0.0012000000569969416,0.0012000000569969416,0.0012000000569969416,0.0,0.0012000000569969416
2016-04-08,0.0012000000569969416,0.0012000000569969416,0.0012000000569969416,0.0012000000569969416,0.0,0.0012000000569969416
2016-04-11,0.0012000000569969416,0.0012000000569969416,0.0012000000569969416,0.0012000000569969416,0.0,0.0012000000569969416
2016-04-12,0.0012000000569969416,0.0012000000569969416,0.0012000000569969416,0.0012000000569969416,0.0,0.0012000000569969416
2016-04-13,0.0014700000174343586,0.0010999999940395355,0.0010999999940395355,0.0014700000174343586,20000.0,0.0014700000174343586
2016-04-14,0.0014700000174343586,0.0014700000174343586,0.0014700000174343586,0.0014700000174343586,3400.0,0.0014700000174343586
2016-04-15,0.0014700000174343586,0.0014700000174343586,0.0014700000174343586,0.0014700000174343586,0.0,0.0014700000174343586
2016-04-18,0.0014700000174343586,0.0014700000174343586,0.0014700000174343586,0.0014700000174343586,0.0,0.0014700000174343586
2016-04-19,0.0014700000174343586,0.0014700000174343586,0.0014700000174343586,0.0014700000174343586,0.0,0.0014700000174343586
2016-04-20,0.0014700000174343586,0.0014700000174343586,0.0014700000174343586,0.0014700000174343586,0.0,0.0014700000174343586
2016-04-21,0.0014700000174343586,0.0014700000174343586,0.0014700000174343586,0.0014700000174343586,0.0,0.0014700000174343586
2016-04-22,0.0014700000174343586,0.0014700000174343586,0.0014700000174343586,0.0014700000174343586,0.0,0.0014700000174343586
2016-04-25,0.0014700000174343586,0.0014700000174343586,0.0014700000174343586,0.0014700000174343586,0.0,0.0014700000174343586
2016-04-26,0.0014700000174343586,0.0014700000174343586,0.0014700000174343586,0.0014700000174343586,0.0,0.0014700000174343586
2016-04-27,0.0014700000174343586,0.0014700000174343586,0.0014700000174343586,0.0014700000174343586,0.0,0.0014700000174343586
2016-04-28,0.0010999999940395355,0.0010999999940395355,0.0010999999940395355,0.0010999999940395355,96000.0,0.0010999999940395355
2016-04-29,0.0010999999940395355,0.0010999999940395355,0.0010999999940395355,0.0010999999940395355,0.0,0.0010999999940395355
2016-05-02,0.0018400000408291817,0.0010999999940395355,0.0018400000408291817,0.0010999999940395355,45000.0,0.0010999999940395355
2016-05-03,0.0010999999940395355,0.0010999999940395355,0.0010999999940395355,0.0010999999940395355,0.0,0.0010999999940395355
2016-05-04,0.0010999999940395355,0.0010999999940395355,0.0010999999940395355,0.0010999999940395355,0.0,0.0010999999940395355
2016-05-05,0.0010999999940395355,0.0010999999940395355,0.0010999999940395355,0.0010999999940395355,0.0,0.0010999999940395355
2016-05-06,0.0010000000474974513,0.0010000000474974513,0.0010000000474974513,0.0010000000474974513,800.0,0.0010000000474974513
2016-05-09,0.0010000000474974513,0.0010000000474974513,0.0010000000474974513,0.0010000000474974513,0.0,0.0010000000474974513
2016-05-10,0.0010000000474974513,0.0010000000474974513,0.0010000000474974513,0.0010000000474974513,0.0,0.0010000000474974513
2016-05-11,0.0010000000474974513,0.0010000000474974513,0.0010000000474974513,0.0010000000474974513,0.0,0.0010000000474974513
2016-05-12,0.0010000000474974513,0.0010000000474974513,0.0010000000474974513,0.0010000000474974513,0.0,0.0010000000474974513
2016-05-13,0.0010000000474974513,0.0010000000474974513,0.0010000000474974513,0.0010000000474974513,0.0,0.0010000000474974513
2016-05-16,0.0010000000474974513,0.0010000000474974513,0.0010000000474974513,0.0010000000474974513,0.0,0.0010000000474974513
2016-05-17,0.0010000000474974513,0.0010000000474974513,0.0010000000474974513,0.0010000000474974513,0.0,0.0010000000474974513
2016-05-18,0.0010000000474974513,0.0010000000474974513,0.0010000000474974513,0.0010000000474974513,0.0,0.0010000000474974513
2016-05-19,0.0010000000474974513,0.0010000000474974513,0.0010000000474974513,0.0010000000474974513,0.0,0.0010000000474974513
2016-05-20,0.0010000000474974513,0.0010000000474974513,0.0010000000474974513,0.0010000000474974513,0.0,0.0010000000474974513
2016-05-23,0.0010000000474974513,0.0010000000474974513,0.0010000000474974513,0.0010000000474974513,506.0,0.0010000000474974513
2016-05-24,0.0010000000474974513,0.0010000000474974513,0.0010000000474974513,0.0010000000474974513,100000.0,0.0010000000474974513
2016-05-25,0.009999999776482582,0.009100000374019146,0.009999999776482582,0.009999999776482582,35696.0,0.009999999776482582
2016-05-26,0.009999999776482582,0.009999999776482582,0.009999999776482582,0.009999999776482582,0.0,0.009999999776482582
2016-05-27,0.009999999776482582,0.009999999776482582,0.009999999776482582,0.009999999776482582,0.0,0.009999999776482582
2016-05-31,0.009999999776482582,0.009999999776482582,0.009999999776482582,0.009999999776482582,0.0,0.009999999776482582
2016-06-01,0.009999999776482582,0.009999999776482582,0.009999999776482582,0.009999999776482582,0.0,0.009999999776482582
2016-06-02,0.009999999776482582,0.009999999776482582,0.009999999776482582,0.009999999776482582,0.0,0.009999999776482582
2016-06-03,0.009999999776482582,0.009999999776482582,0.009999999776482582,0.009999999776482582,0.0,0.009999999776482582
2016-06-06,0.009999999776482582,0.009999999776482582,0.009999999776482582,0.009999999776482582,0.0,0.009999999776482582
2016-06-07,0.009999999776482582,0.009999999776482582,0.009999999776482582,0.009999999776482582,0.0,0.009999999776482582
2016-06-08,0.0019000000320374966,0.0019000000320374966,0.0019000000320374966,0.0019000000320374966,2000.0,0.0019000000320374966
2016-06-09,0.0019000000320374966,0.0019000000320374966,0.0019000000320374966,0.0019000000320374966,0.0,0.0019000000320374966
2016-06-10,0.0019000000320374966,0.0019000000320374966,0.0019000000320374966,0.0019000000320374966,0.0,0.0019000000320374966
2016-06-13,0.0019000000320374966,0.0019000000320374966,0.0019000000320374966,0.0019000000320374966,0.0,0.0019000000320374966
2016-06-14,0.0019000000320374966,0.0019000000320374966,0.0019000000320374966,0.0019000000320374966,110009.0,0.0019000000320374966
2016-06-15,0.0019000000320374966,0.0019000000320374966,0.0019000000320374966,0.0019000000320374966,0.0,0.0019000000320374966
2016-06-16,0.004650000017136335,0.004650000017136335,0.004650000017136335,0.004650000017136335,1000.0,0.004650000017136335
2016-06-17,0.004650000017136335,0.004650000017136335,0.004650000017136335,0.004650000017136335,0.0,0.004650000017136335
2016-06-20,0.004650000017136335,0.004650000017136335,0.004650000017136335,0.004650000017136335,0.0,0.004650000017136335
2016-06-21,0.004999999888241291,0.004999999888241291,0.004999999888241291,0.004999999888241291,18000.0,0.004999999888241291
2016-06-22,0.004999999888241291,0.004999999888241291,0.004999999888241291,0.004999999888241291,0.0,0.004999999888241291
2016-06-23,0.004999999888241291,0.004999999888241291,0.004999999888241291,0.004999999888241291,0.0,0.004999999888241291
2016-06-24,0.004999999888241291,0.004999999888241291,0.004999999888241291,0.004999999888241291,0.0,0.004999999888241291
2016-06-27,0.004999999888241291,0.004999999888241291,0.004999999888241291,0.004999999888241291,0.0,0.004999999888241291
2016-06-28,0.004999999888241291,0.004999999888241291,0.004999999888241291,0.004999999888241291,0.0,0.004999999888241291
2016-06-29,0.0010600000387057662,0.0010000000474974513,0.0010000000474974513,0.0010600000387057662,2000.0,0.0010600000387057662
2016-06-30,0.0017000000225380063,0.0017000000225380063,0.0017000000225380063,0.0017000000225380063,18000.0,0.0017000000225380063
2016-07-01,0.0017000000225380063,0.0017000000225380063,0.0017000000225380063,0.0017000000225380063,0.0,0.0017000000225380063
2016-07-05,0.0017000000225380063,0.0017000000225380063,0.0017000000225380063,0.0017000000225380063,0.0,0.0017000000225380063
2016-07-06,0.0017000000225380063,0.0017000000225380063,0.0017000000225380063,0.0017000000225380063,0.0,0.0017000000225380063
2016-07-07,0.0017000000225380063,0.0017000000225380063,0.0017000000225380063,0.0017000000225380063,0.0,0.0017000000225380063
2016-07-08,0.0010000000474974513,0.0010000000474974513,0.0010000000474974513,0.0010000000474974513,10000.0,0.0010000000474974513
2016-07-11,0.0010000000474974513,0.0010000000474974513,0.0010000000474974513,0.0010000000474974513,0.0,0.0010000000474974513
2016-07-12,0.0010000000474974513,0.0010000000474974513,0.0010000000474974513,0.0010000000474974513,0.0,0.0010000000474974513
2016-07-13,0.004999999888241291,0.004900000058114529,0.004999999888241291,0.004900000058114529,16000.0,0.004900000058114529
2016-07-14,0.004900000058114529,0.004900000058114529,0.004900000058114529,0.004900000058114529,0.0,0.004900000058114529
2016-07-15,0.004900000058114529,0.004900000058114529,0.004900000058114529,0.004900000058114529,0.0,0.004900000058114529
2016-07-18,0.004900000058114529,0.004900000058114529,0.004900000058114529,0.004900000058114529,0.0,0.004900000058114529
2016-07-19,0.004900000058114529,0.004900000058114529,0.004900000058114529,0.004900000058114529,0.0,0.004900000058114529
2016-07-20,0.004900000058114529,0.004900000058114529,0.004900000058114529,0.004900000058114529,0.0,0.004900000058114529
2016-07-21,0.004900000058114529,0.004900000058114529,0.004900000058114529,0.004900000058114529,0.0,0.004900000058114529
2016-07-22,0.004900000058114529,0.004900000058114529,0.004900000058114529,0.004900000058114529,0.0,0.004900000058114529
2016-07-25,0.004900000058114529,0.004900000058114529,0.004900000058114529,0.004900000058114529,0.0,0.004900000058114529
2016-07-26,0.004900000058114529,0.004900000058114529,0.004900000058114529,0.004900000058114529,0.0,0.004900000058114529
2016-07-27,0.004900000058114529,0.004900000058114529,0.004900000058114529,0.004900000058114529,0.0,0.004900000058114529
2016-07-28,0.004900000058114529,0.004900000058114529,0.004900000058114529,0.004900000058114529,0.0,0.004900000058114529
2016-07-29,0.004900000058114529,0.004900000058114529,0.004900000058114529,0.004900000058114529,0.0,0.004900000058114529
2016-08-01,0.004900000058114529,0.004900000058114529,0.004900000058114529,0.004900000058114529,0.0,0.004900000058114529
2016-08-02,0.004900000058114529,0.0003000000142492354,0.0005000000237487257,0.0003000000142492354,126060.0,0.0003000000142492354
2016-08-03,0.004999999888241291,0.004540000110864639,0.004540000110864639,0.004999999888241291,9600.0,0.004999999888241291
2016-08-04,0.004999999888241291,0.004999999888241291,0.004999999888241291,0.004999999888241291,0.0,0.004999999888241291
2016-08-05,0.004999999888241291,0.004999999888241291,0.004999999888241291,0.004999999888241291,0.0,0.004999999888241291
2016-08-08,0.004999999888241291,0.004999999888241291,0.004999999888241291,0.004999999888241291,0.0,0.004999999888241291
2016-08-09,0.004999999888241291,0.004999999888241291,0.004999999888241291,0.004999999888241291,0.0,0.004999999888241291
2016-08-10,0.004999999888241291,0.004999999888241291,0.004999999888241291,0.004999999888241291,0.0,0.004999999888241291
2016-08-11,0.004999999888241291,0.004999999888241291,0.004999999888241291,0.004999999888241291,0.0,0.004999999888241291
2016-08-12,0.004999999888241291,0.004999999888241291,0.004999999888241291,0.004999999888241291,0.0,0.004999999888241291
2016-08-15,0.000859999970998615,0.000859999970998615,0.000859999970998615,0.000859999970998615,400.0,0.000859999970998615
2016-08-16,0.000859999970998615,0.000859999970998615,0.000859999970998615,0.000859999970998615,0.0,0.000859999970998615
2016-08-17,0.004999999888241291,0.004999999888241291,0.004999999888241291,0.004999999888241291,20000.0,0.004999999888241291
2016-08-18,0.004999999888241291,0.004999999888241291,0.004999999888241291,0.004999999888241291,0.0,0.004999999888241291
2016-08-19,0.004999999888241291,0.004999999888241291,0.004999999888241291,0.004999999888241291,0.0,0.004999999888241291
2016-08-22,0.004999999888241291,0.004999999888241291,0.004999999888241291,0.004999999888241291,0.0,0.004999999888241291
2016-08-23,0.004999999888241291,0.004999999888241291,0.004999999888241291,0.004999999888241291,0.0,0.004999999888241291
2016-08-24,0.004999999888241291,0.004999999888241291,0.004999999888241291,0.004999999888241291,0.0,0.004999999888241291
2016-08-25,0.004999999888241291,0.004999999888241291,0.004999999888241291,0.004999999888241291,0.0,0.004999999888241291
2016-08-26,0.004999999888241291,0.004999999888241291,0.004999999888241291,0.004999999888241291,0.0,0.004999999888241291
2016-08-29,0.004999999888241291,0.004999999888241291,0.004999999888241291,0.004999999888241291,0.0,0.004999999888241291
2016-08-30,0.004999999888241291,0.004999999888241291,0.004999999888241291,0.004999999888241291,0.0,0.004999999888241291
2016-08-31,0.004999999888241291,0.004999999888241291,0.004999999888241291,0.004999999888241291,0.0,0.004999999888241291
2016-09-01,0.004999999888241291,0.004999999888241291,0.004999999888241291,0.004999999888241291,0.0,0.004999999888241291
2016-09-02,0.004999999888241291,0.004999999888241291,0.004999999888241291,0.004999999888241291,0.0,0.004999999888241291
2016-09-06,0.004999999888241291,0.004999999888241291,0.004999999888241291,0.004999999888241291,0.0,0.004999999888241291
2016-09-07,0.004999999888241291,0.004999999888241291,0.004999999888241291,0.004999999888241291,0.0,0.004999999888241291
2016-09-08,0.004999999888241291,0.004999999888241291,0.004999999888241291,0.004999999888241291,0.0,0.004999999888241291
2016-09-09,0.004999999888241291,0.004999999888241291,0.004999999888241291,0.004999999888241291,0.0,0.004999999888241291
2016-09-12,0.004999999888241291,0.004999999888241291,0.004999999888241291,0.004999999888241291,0.0,0.004999999888241291
2016-09-13,0.004999999888241291,0.004999999888241291,0.004999999888241291,0.004999999888241291,0.0,0.004999999888241291
2016-09-14,0.004999999888241291,0.004999999888241291,0.004999999888241291,0.004999999888241291,0.0,0.004999999888241291
2016-09-15,0.004999999888241291,0.004999999888241291,0.004999999888241291,0.004999999888241291,0.0,0.004999999888241291
2016-09-16,0.004999999888241291,0.004999999888241291,0.004999999888241291,0.004999999888241291,0.0,0.004999999888241291
2016-09-19,0.004999999888241291,0.004999999888241291,0.004999999888241291,0.004999999888241291,0.0,0.004999999888241291
2016-09-20,0.004999999888241291,0.004999999888241291,0.004999999888241291,0.004999999888241291,0.0,0.004999999888241291
2016-09-21,0.004999999888241291,0.004999999888241291,0.004999999888241291,0.004999999888241291,0.0,0.004999999888241291
2016-09-22,0.004999999888241291,0.004999999888241291,0.004999999888241291,0.004999999888241291,0.0,0.004999999888241291
2016-09-23,0.004999999888241291,0.004999999888241291,0.004999999888241291,0.004999999888241291,0.0,0.004999999888241291
2016-09-26,0.004999999888241291,0.004999999888241291,0.004999999888241291,0.004999999888241291,0.0,0.004999999888241291
2016-09-27,0.004999999888241291,0.004999999888241291,0.004999999888241291,0.004999999888241291,0.0,0.004999999888241291
2016-09-28,0.008999999612569809,0.004600000102072954,0.004600000102072954,0.008999999612569809,48900.0,0.008999999612569809
2016-09-29,0.008999999612569809,0.008999999612569809,0.008999999612569809,0.008999999612569809,0.0,0.008999999612569809
2016-09-30,0.008999999612569809,0.008999999612569809,0.008999999612569809,0.008999999612569809,0.0,0.008999999612569809
2016-10-03,0.008999999612569809,0.008999999612569809,0.008999999612569809,0.008999999612569809,0.0,0.008999999612569809
2016-10-04,0.008999999612569809,0.008999999612569809,0.008999999612569809,0.008999999612569809,0.0,0.008999999612569809
2016-10-05,0.008999999612569809,0.008999999612569809,0.008999999612569809,0.008999999612569809,0.0,0.008999999612569809
2016-10-06,0.008999999612569809,0.008999999612569809,0.008999999612569809,0.008999999612569809,0.0,0.008999999612569809
2016-10-07,0.008999999612569809,0.008999999612569809,0.008999999612569809,0.008999999612569809,0.0,0.008999999612569809
2016-10-10,0.008999999612569809,0.008999999612569809,0.008999999612569809,0.008999999612569809,0.0,0.008999999612569809
2016-10-11,0.008999999612569809,0.008999999612569809,0.008999999612569809,0.008999999612569809,0.0,0.008999999612569809
2016-10-12,0.008999999612569809,0.008999999612569809,0.008999999612569809,0.008999999612569809,0.0,0.008999999612569809
2016-10-13,0.005750000011175871,0.001500000013038516,0.005750000011175871,0.001500000013038516,62720.0,0.001500000013038516
2016-10-14,0.001500000013038516,0.001500000013038516,0.001500000013038516,0.001500000013038516,0.0,0.001500000013038516
2016-10-17,0.001500000013038516,0.001500000013038516,0.001500000013038516,0.001500000013038516,0.0,0.001500000013038516
2016-10-18,0.001500000013038516,0.001500000013038516,0.001500000013038516,0.001500000013038516,0.0,0.001500000013038516
2016-10-19,0.001500000013038516,0.001500000013038516,0.001500000013038516,0.001500000013038516,0.0,0.001500000013038516
2016-10-20,0.001500000013038516,0.001500000013038516,0.001500000013038516,0.001500000013038516,0.0,0.001500000013038516
2016-10-21,0.001500000013038516,0.001500000013038516,0.001500000013038516,0.001500000013038516,1174.0,0.001500000013038516
2016-10-24,0.001500000013038516,0.001500000013038516,0.001500000013038516,0.001500000013038516,0.0,0.001500000013038516
2016-10-25,0.001500000013038516,0.001500000013038516,0.001500000013038516,0.001500000013038516,0.0,0.001500000013038516
2016-10-26,0.001500000013038516,0.001500000013038516,0.001500000013038516,0.001500000013038516,0.0,0.001500000013038516
2016-10-27,0.001500000013038516,0.001500000013038516,0.001500000013038516,0.001500000013038516,0.0,0.001500000013038516
2016-10-28,0.001500000013038516,0.001500000013038516,0.001500000013038516,0.001500000013038516,0.0,0.001500000013038516
2016-10-31,0.001500000013038516,0.001500000013038516,0.001500000013038516,0.001500000013038516,0.0,0.001500000013038516
2016-11-01,0.001500000013038516,0.001500000013038516,0.001500000013038516,0.001500000013038516,0.0,0.001500000013038516
2016-11-02,0.001500000013038516,0.001500000013038516,0.001500000013038516,0.001500000013038516,0.0,0.001500000013038516
2016-11-03,0.001500000013038516,0.001500000013038516,0.001500000013038516,0.001500000013038516,0.0,0.001500000013038516
2016-11-04,0.001500000013038516,0.001500000013038516,0.001500000013038516,0.001500000013038516,0.0,0.001500000013038516
2016-11-07,0.001500000013038516,0.001500000013038516,0.001500000013038516,0.001500000013038516,0.0,0.001500000013038516
2016-11-08,0.001500000013038516,0.001500000013038516,0.001500000013038516,0.001500000013038516,0.0,0.001500000013038516
2016-11-09,0.001500000013038516,0.001500000013038516,0.001500000013038516,0.001500000013038516,0.0,0.001500000013038516
2016-11-10,0.001500000013038516,0.001500000013038516,0.001500000013038516,0.001500000013038516,0.0,0.001500000013038516
2016-11-11,0.001500000013038516,0.001500000013038516,0.001500000013038516,0.001500000013038516,0.0,0.001500000013038516
2016-11-14,0.001500000013038516,0.001500000013038516,0.001500000013038516,0.001500000013038516,0.0,0.001500000013038516
2016-11-15,0.001500000013038516,0.001500000013038516,0.001500000013038516,0.001500000013038516,100.0,0.001500000013038516
2016-11-16,0.001500000013038516,0.001500000013038516,0.001500000013038516,0.001500000013038516,0.0,0.001500000013038516
2016-11-17,0.001500000013038516,0.001500000013038516,0.001500000013038516,0.001500000013038516,0.0,0.001500000013038516
2016-11-18,0.001500000013038516,0.001500000013038516,0.001500000013038516,0.001500000013038516,0.0,0.001500000013038516
2016-11-21,0.0015800000401213765,0.001500000013038516,0.0015800000401213765,0.001500000013038516,2000.0,0.001500000013038516
2016-11-22,0.001500000013038516,0.001500000013038516,0.001500000013038516,0.001500000013038516,0.0,0.001500000013038516
2016-11-23,0.001500000013038516,0.001500000013038516,0.001500000013038516,0.001500000013038516,0.0,0.001500000013038516
2016-11-25,0.001500000013038516,0.001500000013038516,0.001500000013038516,0.001500000013038516,0.0,0.001500000013038516
2016-11-28,0.001500000013038516,0.001500000013038516,0.001500000013038516,0.001500000013038516,0.0,0.001500000013038516
2016-11-29,0.001500000013038516,0.001500000013038516,0.001500000013038516,0.001500000013038516,0.0,0.001500000013038516
2016-11-30,0.001500000013038516,0.001500000013038516,0.001500000013038516,0.001500000013038516,0.0,0.001500000013038516
2016-12-01,0.001500000013038516,0.001500000013038516,0.001500000013038516,0.001500000013038516,0.0,0.001500000013038516
2016-12-02,0.001500000013038516,0.001500000013038516,0.001500000013038516,0.001500000013038516,0.0,0.001500000013038516
2016-12-05,0.001500000013038516,0.001500000013038516,0.001500000013038516,0.001500000013038516,20000.0,0.001500000013038516
2016-12-06,0.0015800000401213765,0.001500000013038516,0.0015800000401213765,0.001500000013038516,8000.0,0.001500000013038516
2016-12-07,0.001500000013038516,0.001500000013038516,0.001500000013038516,0.001500000013038516,0.0,0.001500000013038516
2016-12-08,0.001500000013038516,0.001500000013038516,0.001500000013038516,0.001500000013038516,4000.0,0.001500000013038516
2016-12-09,0.001500000013038516,0.001500000013038516,0.001500000013038516,0.001500000013038516,0.0,0.001500000013038516
2016-12-12,0.001500000013038516,0.001500000013038516,0.001500000013038516,0.001500000013038516,0.0,0.001500000013038516
2016-12-13,0.001500000013038516,0.001500000013038516,0.001500000013038516,0.001500000013038516,0.0,0.001500000013038516
2016-12-14,0.001500000013038516,0.001500000013038516,0.001500000013038516,0.001500000013038516,0.0,0.001500000013038516
2016-12-15,0.0015999999595806003,0.001500000013038516,0.001500000013038516,0.0015999999595806003,8000.0,0.0015999999595806003
2016-12-16,0.0015999999595806003,0.0015999999595806003,0.0015999999595806003,0.0015999999595806003,0.0,0.0015999999595806003
2016-12-19,0.0015999999595806003,0.0015999999595806003,0.0015999999595806003,0.0015999999595806003,0.0,0.0015999999595806003
2016-12-20,0.0015999999595806003,0.0015999999595806003,0.0015999999595806003,0.0015999999595806003,0.0,0.0015999999595806003
2016-12-21,0.0015999999595806003,0.0015999999595806003,0.0015999999595806003,0.0015999999595806003,0.0,0.0015999999595806003
2016-12-22,0.001500000013038516,0.001500000013038516,0.001500000013038516,0.001500000013038516,10000.0,0.001500000013038516
2016-12-23,0.001500000013038516,0.001500000013038516,0.001500000013038516,0.001500000013038516,0.0,0.001500000013038516
2016-12-27,0.001500000013038516,0.001500000013038516,0.001500000013038516,0.001500000013038516,0.0,0.001500000013038516
2016-12-28,0.001500000013038516,0.001500000013038516,0.001500000013038516,0.001500000013038516,0.0,0.001500000013038516
2016-12-29,0.001500000013038516,0.001500000013038516,0.001500000013038516,0.001500000013038516,0.0,0.001500000013038516
2016-12-30,0.001500000013038516,0.001500000013038516,0.001500000013038516,0.001500000013038516,0.0,0.001500000013038516
2017-01-03,0.007600000128149986,0.001500000013038516,0.001500000013038516,0.007600000128149986,34000.0,0.007600000128149986
2017-01-04,0.007600000128149986,0.007600000128149986,0.007600000128149986,0.007600000128149986,0.0,0.007600000128149986
2017-01-05,0.004999999888241291,0.004999999888241291,0.004999999888241291,0.004999999888241291,1600.0,0.004999999888241291
2017-01-06,0.004999999888241291,0.004999999888241291,0.004999999888241291,0.004999999888241291,0.0,0.004999999888241291
2017-01-09,0.004999999888241291,0.004999999888241291,0.004999999888241291,0.004999999888241291,0.0,0.004999999888241291
2017-01-10,0.004999999888241291,0.004999999888241291,0.004999999888241291,0.004999999888241291,0.0,0.004999999888241291
2017-01-11,0.004999999888241291,0.004999999888241291,0.004999999888241291,0.004999999888241291,0.0,0.004999999888241291
2017-01-12,0.004999999888241291,0.004999999888241291,0.004999999888241291,0.004999999888241291,0.0,0.004999999888241291
2017-01-13,0.004999999888241291,0.004999999888241291,0.004999999888241291,0.004999999888241291,0.0,0.004999999888241291
2017-01-17,0.004999999888241291,0.004999999888241291,0.004999999888241291,0.004999999888241291,0.0,0.004999999888241291
2017-01-18,0.004999999888241291,0.0035000001080334187,0.004999999888241291,0.0035000001080334187,74809.0,0.0035000001080334187
2017-01-19,0.0035000001080334187,0.0035000001080334187,0.0035000001080334187,0.0035000001080334187,0.0,0.0035000001080334187
2017-01-20,0.0035000001080334187,0.0035000001080334187,0.0035000001080334187,0.0035000001080334187,0.0,0.0035000001080334187
2017-01-23,0.0035000001080334187,0.0035000001080334187,0.0035000001080334187,0.0035000001080334187,0.0,0.0035000001080334187
2017-01-24,0.0035000001080334187,0.0035000001080334187,0.0035000001080334187,0.0035000001080334187,0.0,0.0035000001080334187
2017-01-25,0.0035000001080334187,0.0035000001080334187,0.0035000001080334187,0.0035000001080334187,0.0,0.0035000001080334187
2017-01-26,0.0035000001080334187,0.0035000001080334187,0.0035000001080334187,0.0035000001080334187,0.0,0.0035000001080334187
2017-01-27,0.0035000001080334187,0.0035000001080334187,0.0035000001080334187,0.0035000001080334187,0.0,0.0035000001080334187
2017-01-30,0.0035000001080334187,0.0035000001080334187,0.0035000001080334187,0.0035000001080334187,0.0,0.0035000001080334187
2017-01-31,0.0035000001080334187,0.0035000001080334187,0.0035000001080334187,0.0035000001080334187,0.0,0.0035000001080334187
2017-02-01,0.0035000001080334187,0.0035000001080334187,0.0035000001080334187,0.0035000001080334187,0.0,0.0035000001080334187
2017-02-02,0.0035000001080334187,0.0035000001080334187,0.0035000001080334187,0.0035000001080334187,0.0,0.0035000001080334187
2017-02-03,0.0035000001080334187,0.0035000001080334187,0.0035000001080334187,0.0035000001080334187,0.0,0.0035000001080334187
2017-02-06,0.0035000001080334187,0.0035000001080334187,0.0035000001080334187,0.0035000001080334187,40000.0,0.0035000001080334187
2017-02-07,0.00019999999494757503,0.00019999999494757503,0.00019999999494757503,0.00019999999494757503,2500.0,0.00019999999494757503
2017-02-08,0.00019999999494757503,0.00019999999494757503,0.00019999999494757503,0.00019999999494757503,0.0,0.00019999999494757503
2017-02-09,0.00019999999494757503,0.00019999999494757503,0.00019999999494757503,0.00019999999494757503,0.0,0.00019999999494757503
2017-02-10,0.00019999999494757503,0.00019999999494757503,0.00019999999494757503,0.00019999999494757503,0.0,0.00019999999494757503
2017-02-13,0.00019999999494757503,0.00019999999494757503,0.00019999999494757503,0.00019999999494757503,0.0,0.00019999999494757503
2017-02-14,0.00019999999494757503,0.00019999999494757503,0.00019999999494757503,0.00019999999494757503,0.0,0.00019999999494757503
2017-02-15,0.00019999999494757503,0.00019999999494757503,0.00019999999494757503,0.00019999999494757503,0.0,0.00019999999494757503
2017-02-16,0.00019999999494757503,0.00019999999494757503,0.00019999999494757503,0.00019999999494757503,0.0,0.00019999999494757503
2017-02-17,0.00019999999494757503,0.00019999999494757503,0.00019999999494757503,0.00019999999494757503,0.0,0.00019999999494757503
2017-02-21,0.00019999999494757503,0.00019999999494757503,0.00019999999494757503,0.00019999999494757503,0.0,0.00019999999494757503
2017-02-22,0.00019999999494757503,0.00019999999494757503,0.00019999999494757503,0.00019999999494757503,0.0,0.00019999999494757503
2017-02-23,0.00019999999494757503,0.00019999999494757503,0.00019999999494757503,0.00019999999494757503,0.0,0.00019999999494757503
2017-02-24,0.00019999999494757503,0.00019999999494757503,0.00019999999494757503,0.00019999999494757503,0.0,0.00019999999494757503
2017-02-27,0.00019999999494757503,0.00019999999494757503,0.00019999999494757503,0.00019999999494757503,0.0,0.00019999999494757503
2017-02-28,0.00019999999494757503,0.00019999999494757503,0.00019999999494757503,0.00019999999494757503,0.0,0.00019999999494757503
2017-03-01,0.00019999999494757503,0.00019999999494757503,0.00019999999494757503,0.00019999999494757503,0.0,0.00019999999494757503
2017-03-02,0.00019999999494757503,0.00019999999494757503,0.00019999999494757503,0.00019999999494757503,0.0,0.00019999999494757503
2017-03-03,0.00019999999494757503,0.00019999999494757503,0.00019999999494757503,0.00019999999494757503,0.0,0.00019999999494757503
2017-03-06,0.00019999999494757503,0.00019999999494757503,0.00019999999494757503,0.00019999999494757503,0.0,0.00019999999494757503
2017-03-07,0.00019999999494757503,0.00019999999494757503,0.00019999999494757503,0.00019999999494757503,0.0,0.00019999999494757503
2017-03-08,0.00019999999494757503,0.00019999999494757503,0.00019999999494757503,0.00019999999494757503,0.0,0.00019999999494757503
2017-03-09,0.00019999999494757503,0.00019999999494757503,0.00019999999494757503,0.00019999999494757503,0.0,0.00019999999494757503
2017-03-10,0.004999999888241291,0.004519999958574772,0.004999999888241291,0.004519999958574772,22000.0,0.004519999958574772
2017-03-13,0.004519999958574772,0.004519999958574772,0.004519999958574772,0.004519999958574772,0.0,0.004519999958574772
2017-03-14,0.004519999958574772,0.004519999958574772,0.004519999958574772,0.004519999958574772,0.0,0.004519999958574772
2017-03-15,0.0003000000142492354,0.0003000000142492354,0.0003000000142492354,0.0003000000142492354,2000.0,0.0003000000142492354
2017-03-16,0.0003000000142492354,0.0003000000142492354,0.0003000000142492354,0.0003000000142492354,0.0,0.0003000000142492354
2017-03-17,0.0003000000142492354,0.0003000000142492354,0.0003000000142492354,0.0003000000142492354,0.0,0.0003000000142492354
2017-03-20,0.0003000000142492354,0.0003000000142492354,0.0003000000142492354,0.0003000000142492354,0.0,0.0003000000142492354
2017-03-21,0.00039999998989515007,0.00039999998989515007,0.00039999998989515007,0.00039999998989515007,1000.0,0.00039999998989515007
2017-03-22,0.00039999998989515007,0.00039999998989515007,0.00039999998989515007,0.00039999998989515007,0.0,0.00039999998989515007
2017-03-23,0.00039999998989515007,0.00039999998989515007,0.00039999998989515007,0.00039999998989515007,0.0,0.00039999998989515007
2017-03-24,0.00039999998989515007,0.00039999998989515007,0.00039999998989515007,0.00039999998989515007,0.0,0.00039999998989515007
2017-03-27,0.00039999998989515007,0.00039999998989515007,0.00039999998989515007,0.00039999998989515007,0.0,0.00039999998989515007
2017-03-28,0.00039999998989515007,0.00039999998989515007,0.00039999998989515007,0.00039999998989515007,0.0,0.00039999998989515007
2017-03-29,0.00039999998989515007,0.00039999998989515007,0.00039999998989515007,0.00039999998989515007,0.0,0.00039999998989515007
2017-03-30,0.00039999998989515007,0.00039999998989515007,0.00039999998989515007,0.00039999998989515007,4001.0,0.00039999998989515007
2017-03-31,0.00039999998989515007,0.00039999998989515007,0.00039999998989515007,0.00039999998989515007,48000.0,0.00039999998989515007
2017-04-03,0.00039999998989515007,0.00039999998989515007,0.00039999998989515007,0.00039999998989515007,0.0,0.00039999998989515007
2017-04-04,0.00039999998989515007,0.00039999998989515007,0.00039999998989515007,0.00039999998989515007,0.0,0.00039999998989515007
2017-04-05,0.00039999998989515007,0.00039999998989515007,0.00039999998989515007,0.00039999998989515007,0.0,0.00039999998989515007
2017-04-06,0.00039999998989515007,0.00039999998989515007,0.00039999998989515007,0.00039999998989515007,0.0,0.00039999998989515007
2017-04-07,0.00039999998989515007,0.00039999998989515007,0.00039999998989515007,0.00039999998989515007,0.0,0.00039999998989515007
2017-04-10,0.00039999998989515007,0.00039999998989515007,0.00039999998989515007,0.00039999998989515007,0.0,0.00039999998989515007
2017-04-11,0.00039999998989515007,0.00039999998989515007,0.00039999998989515007,0.00039999998989515007,0.0,0.00039999998989515007
2017-04-12,0.00039999998989515007,0.00039999998989515007,0.00039999998989515007,0.00039999998989515007,0.0,0.00039999998989515007
2017-04-13,0.00039999998989515007,0.00039999998989515007,0.00039999998989515007,0.00039999998989515007,0.0,0.00039999998989515007
2017-04-17,0.00039999998989515007,0.00039999998989515007,0.00039999998989515007,0.00039999998989515007,0.0,0.00039999998989515007
2017-04-18,0.00039999998989515007,0.00039999998989515007,0.00039999998989515007,0.00039999998989515007,0.0,0.00039999998989515007
2017-04-19,0.0005000000237487257,0.0005000000237487257,0.0005000000237487257,0.0005000000237487257,501.0,0.0005000000237487257
2017-04-20,0.0005000000237487257,0.0005000000237487257,0.0005000000237487257,0.0005000000237487257,0.0,0.0005000000237487257
2017-04-21,0.0005000000237487257,0.0005000000237487257,0.0005000000237487257,0.0005000000237487257,0.0,0.0005000000237487257
2017-04-24,0.0005000000237487257,0.0005000000237487257,0.0005000000237487257,0.0005000000237487257,1200.0,0.0005000000237487257
2017-04-25,0.0005000000237487257,0.0005000000237487257,0.0005000000237487257,0.0005000000237487257,0.0,0.0005000000237487257
2017-04-26,0.0005000000237487257,0.0005000000237487257,0.0005000000237487257,0.0005000000237487257,0.0,0.0005000000237487257
2017-04-27,0.0005000000237487257,0.0005000000237487257,0.0005000000237487257,0.0005000000237487257,0.0,0.0005000000237487257
2017-04-28,0.0015399999683722854,0.0015399999683722854,0.0015399999683722854,0.0015399999683722854,2000.0,0.0015399999683722854
2017-05-01,0.0015399999683722854,0.0015399999683722854,0.0015399999683722854,0.0015399999683722854,0.0,0.0015399999683722854
2017-05-02,0.0015399999683722854,0.0015399999683722854,0.0015399999683722854,0.0015399999683722854,0.0,0.0015399999683722854
2017-05-03,0.0015399999683722854,0.0015399999683722854,0.0015399999683722854,0.0015399999683722854,0.0,0.0015399999683722854
2017-05-04,0.0015399999683722854,0.0015399999683722854,0.0015399999683722854,0.0015399999683722854,0.0,0.0015399999683722854
2017-05-05,0.0015399999683722854,0.0015399999683722854,0.0015399999683722854,0.0015399999683722854,0.0,0.0015399999683722854
2017-05-08,0.0015399999683722854,0.0015399999683722854,0.0015399999683722854,0.0015399999683722854,0.0,0.0015399999683722854
2017-05-09,0.001500000013038516,0.0013000000035390258,0.001500000013038516,0.001500000013038516,164808.0,0.001500000013038516
2017-05-10,0.001180000021122396,0.001180000021122396,0.001180000021122396,0.001180000021122396,1403.0,0.001180000021122396
2017-05-11,0.001180000021122396,0.001180000021122396,0.001180000021122396,0.001180000021122396,0.0,0.001180000021122396
2017-05-12,0.001180000021122396,0.001180000021122396,0.001180000021122396,0.001180000021122396,0.0,0.001180000021122396
2017-05-15,0.001180000021122396,0.001180000021122396,0.001180000021122396,0.001180000021122396,0.0,0.001180000021122396
2017-05-16,0.001180000021122396,0.001180000021122396,0.001180000021122396,0.001180000021122396,0.0,0.001180000021122396
2017-05-17,0.001180000021122396,0.001180000021122396,0.001180000021122396,0.001180000021122396,0.0,0.001180000021122396
2017-05-18,0.001180000021122396,0.001180000021122396,0.001180000021122396,0.001180000021122396,0.0,0.001180000021122396
2017-05-19,0.0010000000474974513,9.999999747378752e-05,0.0010000000474974513,9.999999747378752e-05,98550.0,9.999999747378752e-05
2017-05-22,9.999999747378752e-05,9.999999747378752e-05,9.999999747378752e-05,9.999999747378752e-05,0.0,9.999999747378752e-05
2017-05-23,0.009999999776482582,0.009999999776482582,0.009999999776482582,0.009999999776482582,1000.0,0.009999999776482582
2017-05-24,0.009999999776482582,0.009999999776482582,0.009999999776482582,0.009999999776482582,0.0,0.009999999776482582
2017-05-25,0.009999999776482582,0.009999999776482582,0.009999999776482582,0.009999999776482582,0.0,0.009999999776482582
2017-05-26,0.009999999776482582,0.009999999776482582,0.009999999776482582,0.009999999776482582,0.0,0.009999999776482582
2017-05-30,0.009999999776482582,0.009999999776482582,0.009999999776482582,0.009999999776482582,0.0,0.009999999776482582
2017-05-31,0.009999999776482582,0.009999999776482582,0.009999999776482582,0.009999999776482582,0.0,0.009999999776482582
2017-06-01,0.009999999776482582,0.009999999776482582,0.009999999776482582,0.009999999776482582,0.0,0.009999999776482582
2017-06-02,0.009999999776482582,0.009999999776482582,0.009999999776482582,0.009999999776482582,0.0,0.009999999776482582
2017-06-05,0.009999999776482582,0.009999999776482582,0.009999999776482582,0.009999999776482582,0.0,0.009999999776482582
2017-06-06,0.009999999776482582,0.009999999776482582,0.009999999776482582,0.009999999776482582,0.0,0.009999999776482582
2017-06-07,0.009999999776482582,0.009999999776482582,0.009999999776482582,0.009999999776482582,0.0,0.009999999776482582
2017-06-08,0.009999999776482582,0.009999999776482582,0.009999999776482582,0.009999999776482582,0.0,0.009999999776482582
2017-06-09,0.009999999776482582,0.009999999776482582,0.009999999776482582,0.009999999776482582,0.0,0.009999999776482582
2017-06-12,0.009999999776482582,0.009999999776482582,0.009999999776482582,0.009999999776482582,0.0,0.009999999776482582
2017-06-13,0.009999999776482582,0.009999999776482582,0.009999999776482582,0.009999999776482582,0.0,0.009999999776482582
2017-06-14,0.009999999776482582,0.009999999776482582,0.009999999776482582,0.009999999776482582,0.0,0.009999999776482582
2017-06-15,0.009999999776482582,0.009999999776482582,0.009999999776482582,0.009999999776482582,0.0,0.009999999776482582
2017-06-16,0.009999999776482582,0.009999999776482582,0.009999999776482582,0.009999999776482582,0.0,0.009999999776482582
2017-06-19,0.009999999776482582,0.009999999776482582,0.009999999776482582,0.009999999776482582,0.0,0.009999999776482582
2017-06-20,0.009999999776482582,0.009999999776482582,0.009999999776482582,0.009999999776482582,0.0,0.009999999776482582
2017-06-21,0.009999999776482582,0.009999999776482582,0.009999999776482582,0.009999999776482582,0.0,0.009999999776482582
2017-06-22,0.009999999776482582,0.009999999776482582,0.009999999776482582,0.009999999776482582,0.0,0.009999999776482582
2017-06-23,0.009999999776482582,0.009999999776482582,0.009999999776482582,0.009999999776482582,0.0,0.009999999776482582
2017-06-26,0.009999999776482582,0.009999999776482582,0.009999999776482582,0.009999999776482582,0.0,0.009999999776482582
2017-06-27,0.009999999776482582,0.009999999776482582,0.009999999776482582,0.009999999776482582,0.0,0.009999999776482582
2017-06-28,0.009999999776482582,0.009999999776482582,0.009999999776482582,0.009999999776482582,0.0,0.009999999776482582
2017-06-29,0.009999999776482582,0.009999999776482582,0.009999999776482582,0.009999999776482582,0.0,0.009999999776482582
2017-06-30,0.00039999998989515007,0.00039999998989515007,0.00039999998989515007,0.00039999998989515007,433.0,0.00039999998989515007
2017-07-03,0.00039999998989515007,0.00039999998989515007,0.00039999998989515007,0.00039999998989515007,0.0,0.00039999998989515007
2017-07-05,0.00039999998989515007,0.00039999998989515007,0.00039999998989515007,0.00039999998989515007,0.0,0.00039999998989515007
2017-07-06,0.00039999998989515007,0.00039999998989515007,0.00039999998989515007,0.00039999998989515007,0.0,0.00039999998989515007
2017-07-07,0.00039999998989515007,0.00039999998989515007,0.00039999998989515007,0.00039999998989515007,0.0,0.00039999998989515007
2017-07-10,0.00039999998989515007,0.00039999998989515007,0.00039999998989515007,0.00039999998989515007,0.0,0.00039999998989515007
2017-07-11,0.00039999998989515007,0.00039999998989515007,0.00039999998989515007,0.00039999998989515007,0.0,0.00039999998989515007
2017-07-12,0.00039999998989515007,0.00039999998989515007,0.00039999998989515007,0.00039999998989515007,0.0,0.00039999998989515007
2017-07-13,0.00039999998989515007,0.00039999998989515007,0.00039999998989515007,0.00039999998989515007,0.0,0.00039999998989515007
2017-07-14,0.00039999998989515007,0.00039999998989515007,0.00039999998989515007,0.00039999998989515007,0.0,0.00039999998989515007
2017-07-17,0.00039999998989515007,0.00039999998989515007,0.00039999998989515007,0.00039999998989515007,0.0,0.00039999998989515007
2017-07-18,0.00039999998989515007,0.00039999998989515007,0.00039999998989515007,0.00039999998989515007,0.0,0.00039999998989515007
2017-07-19,0.00039999998989515007,0.00039999998989515007,0.00039999998989515007,0.00039999998989515007,0.0,0.00039999998989515007
2017-07-20,0.00039999998989515007,0.00039999998989515007,0.00039999998989515007,0.00039999998989515007,0.0,0.00039999998989515007
2017-07-21,0.00039999998989515007,0.00039999998989515007,0.00039999998989515007,0.00039999998989515007,0.0,0.00039999998989515007
2017-07-24,0.00039999998989515007,0.00039999998989515007,0.00039999998989515007,0.00039999998989515007,0.0,0.00039999998989515007
2017-07-25,0.00039999998989515007,0.00039999998989515007,0.00039999998989515007,0.00039999998989515007,0.0,0.00039999998989515007
2017-07-26,0.00039999998989515007,0.00039999998989515007,0.00039999998989515007,0.00039999998989515007,0.0,0.00039999998989515007
2017-07-27,0.00039999998989515007,0.00039999998989515007,0.00039999998989515007,0.00039999998989515007,0.0,0.00039999998989515007
2017-07-28,0.00039999998989515007,0.00039999998989515007,0.00039999998989515007,0.00039999998989515007,0.0,0.00039999998989515007
2017-07-31,0.00039999998989515007,0.00039999998989515007,0.00039999998989515007,0.00039999998989515007,0.0,0.00039999998989515007
2017-08-01,0.00039999998989515007,0.00039999998989515007,0.00039999998989515007,0.00039999998989515007,0.0,0.00039999998989515007
2017-08-02,0.0009500000160187483,0.0009500000160187483,0.0009500000160187483,0.0009500000160187483,1000.0,0.0009500000160187483
2017-08-03,0.0009500000160187483,0.0009500000160187483,0.0009500000160187483,0.0009500000160187483,0.0,0.0009500000160187483
2017-08-04,0.0005000000237487257,0.0005000000237487257,0.0005000000237487257,0.0005000000237487257,510.0,0.0005000000237487257
2017-08-07,0.0005000000237487257,0.0005000000237487257,0.0005000000237487257,0.0005000000237487257,0.0,0.0005000000237487257
2017-08-08,0.0005000000237487257,0.0005000000237487257,0.0005000000237487257,0.0005000000237487257,0.0,0.0005000000237487257
2017-08-09,0.0005000000237487257,0.0005000000237487257,0.0005000000237487257,0.0005000000237487257,0.0,0.0005000000237487257
2017-08-10,0.0005000000237487257,0.0005000000237487257,0.0005000000237487257,0.0005000000237487257,0.0,0.0005000000237487257
2017-08-11,0.0005000000237487257,0.0005000000237487257,0.0005000000237487257,0.0005000000237487257,0.0,0.0005000000237487257
2017-08-14,0.0005000000237487257,0.0005000000237487257,0.0005000000237487257,0.0005000000237487257,0.0,0.0005000000237487257
2017-08-15,0.0005000000237487257,0.0005000000237487257,0.0005000000237487257,0.0005000000237487257,0.0,0.0005000000237487257
2017-08-16,0.0005000000237487257,0.0005000000237487257,0.0005000000237487257,0.0005000000237487257,0.0,0.0005000000237487257
2017-08-17,0.0005000000237487257,0.0005000000237487257,0.0005000000237487257,0.0005000000237487257,0.0,0.0005000000237487257
2017-08-18,0.0005000000237487257,0.0005000000237487257,0.0005000000237487257,0.0005000000237487257,0.0,0.0005000000237487257
2017-08-21,0.0005000000237487257,0.0005000000237487257,0.0005000000237487257,0.0005000000237487257,0.0,0.0005000000237487257
2017-08-22,0.0005000000237487257,0.0005000000237487257,0.0005000000237487257,0.0005000000237487257,0.0,0.0005000000237487257
2017-08-23,0.0005000000237487257,0.0005000000237487257,0.0005000000237487257,0.0005000000237487257,0.0,0.0005000000237487257
2017-08-24,0.0005000000237487257,0.0005000000237487257,0.0005000000237487257,0.0005000000237487257,0.0,0.0005000000237487257
2017-08-25,0.0005000000237487257,0.0005000000237487257,0.0005000000237487257,0.0005000000237487257,0.0,0.0005000000237487257
2017-08-28,0.0005000000237487257,0.0005000000237487257,0.0005000000237487257,0.0005000000237487257,2000.0,0.0005000000237487257
2017-08-29,0.0005000000237487257,0.0005000000237487257,0.0005000000237487257,0.0005000000237487257,0.0,0.0005000000237487257
2017-08-30,0.0005000000237487257,0.0005000000237487257,0.0005000000237487257,0.0005000000237487257,0.0,0.0005000000237487257
2017-08-31,0.0005000000237487257,0.0005000000237487257,0.0005000000237487257,0.0005000000237487257,0.0,0.0005000000237487257
2017-09-01,0.0005000000237487257,0.0005000000237487257,0.0005000000237487257,0.0005000000237487257,0.0,0.0005000000237487257
2017-09-05,0.0005000000237487257,0.0005000000237487257,0.0005000000237487257,0.0005000000237487257,0.0,0.0005000000237487257
2017-09-06,0.0005000000237487257,0.0005000000237487257,0.0005000000237487257,0.0005000000237487257,0.0,0.0005000000237487257
2017-09-07,0.0005000000237487257,0.0005000000237487257,0.0005000000237487257,0.0005000000237487257,0.0,0.0005000000237487257
2017-09-08,0.0005000000237487257,0.0005000000237487257,0.0005000000237487257,0.0005000000237487257,0.0,0.0005000000237487257
2017-09-11,0.0005000000237487257,0.0005000000237487257,0.0005000000237487257,0.0005000000237487257,0.0,0.0005000000237487257
2017-09-12,0.0005000000237487257,0.0005000000237487257,0.0005000000237487257,0.0005000000237487257,0.0,0.0005000000237487257
2017-09-13,0.0005000000237487257,0.0005000000237487257,0.0005000000237487257,0.0005000000237487257,0.0,0.0005000000237487257
2017-09-14,0.0005000000237487257,0.0005000000237487257,0.0005000000237487257,0.0005000000237487257,0.0,0.0005000000237487257
2017-09-15,0.0009500000160187483,0.0009500000160187483,0.0009500000160187483,0.0009500000160187483,600.0,0.0009500000160187483
2017-09-18,0.0009500000160187483,0.0009500000160187483,0.0009500000160187483,0.0009500000160187483,0.0,0.0009500000160187483
2017-09-19,0.0009500000160187483,0.0009500000160187483,0.0009500000160187483,0.0009500000160187483,0.0,0.0009500000160187483
2017-09-20,0.0009500000160187483,0.0009500000160187483,0.0009500000160187483,0.0009500000160187483,0.0,0.0009500000160187483
2017-09-21,0.0009500000160187483,0.0009500000160187483,0.0009500000160187483,0.0009500000160187483,0.0,0.0009500000160187483
2017-09-22,0.0009500000160187483,0.0009500000160187483,0.0009500000160187483,0.0009500000160187483,0.0,0.0009500000160187483
2017-09-25,0.0009500000160187483,0.0009500000160187483,0.0009500000160187483,0.0009500000160187483,0.0,0.0009500000160187483
2017-09-26,0.0009500000160187483,0.0009500000160187483,0.0009500000160187483,0.0009500000160187483,0.0,0.0009500000160187483
2017-09-27,0.0009500000160187483,0.0009500000160187483,0.0009500000160187483,0.0009500000160187483,0.0,0.0009500000160187483
2017-09-28,0.0009500000160187483,0.0009500000160187483,0.0009500000160187483,0.0009500000160187483,0.0,0.0009500000160187483
2017-09-29,0.0009500000160187483,0.0009500000160187483,0.0009500000160187483,0.0009500000160187483,0.0,0.0009500000160187483
2017-10-02,0.0009500000160187483,0.0009500000160187483,0.0009500000160187483,0.0009500000160187483,0.0,0.0009500000160187483
2017-10-03,0.0009500000160187483,0.0009500000160187483,0.0009500000160187483,0.0009500000160187483,0.0,0.0009500000160187483
2017-10-04,0.0009500000160187483,0.0009500000160187483,0.0009500000160187483,0.0009500000160187483,0.0,0.0009500000160187483
2017-10-05,0.0009500000160187483,0.0009500000160187483,0.0009500000160187483,0.0009500000160187483,0.0,0.0009500000160187483
2017-10-06,0.004540000110864639,0.00039999998989515007,0.00039999998989515007,0.004540000110864639,19322.0,0.004540000110864639
2017-10-09,0.004540000110864639,0.004540000110864639,0.004540000110864639,0.004540000110864639,0.0,0.004540000110864639
2017-10-10,0.004540000110864639,0.004540000110864639,0.004540000110864639,0.004540000110864639,0.0,0.004540000110864639
2017-10-11,0.004540000110864639,0.004540000110864639,0.004540000110864639,0.004540000110864639,0.0,0.004540000110864639
2017-10-12,0.004540000110864639,0.004540000110864639,0.004540000110864639,0.004540000110864639,0.0,0.004540000110864639
2017-10-13,0.004540000110864639,0.004540000110864639,0.004540000110864639,0.004540000110864639,0.0,0.004540000110864639
2017-10-16,0.004540000110864639,0.004540000110864639,0.004540000110864639,0.004540000110864639,0.0,0.004540000110864639
2017-10-17,0.004999999888241291,9.999999747378752e-05,0.004999999888241291,9.999999747378752e-05,18000.0,9.999999747378752e-05
2017-10-18,9.999999747378752e-05,9.999999747378752e-05,9.999999747378752e-05,9.999999747378752e-05,0.0,9.999999747378752e-05
2017-10-19,9.999999747378752e-05,9.999999747378752e-05,9.999999747378752e-05,9.999999747378752e-05,1600.0,9.999999747378752e-05
2017-10-20,9.999999747378752e-05,9.999999747378752e-05,9.999999747378752e-05,9.999999747378752e-05,0.0,9.999999747378752e-05
2017-10-23,9.999999747378752e-05,9.999999747378752e-05,9.999999747378752e-05,9.999999747378752e-05,2000.0,9.999999747378752e-05
2017-10-24,9.999999747378752e-05,9.999999747378752e-05,9.999999747378752e-05,9.999999747378752e-05,0.0,9.999999747378752e-05
2017-10-25,9.999999747378752e-05,9.999999747378752e-05,9.999999747378752e-05,9.999999747378752e-05,0.0,9.999999747378752e-05
2017-10-26,9.999999747378752e-05,9.999999747378752e-05,9.999999747378752e-05,9.999999747378752e-05,0.0,9.999999747378752e-05
2017-10-27,9.999999747378752e-05,9.999999747378752e-05,9.999999747378752e-05,9.999999747378752e-05,0.0,9.999999747378752e-05
2017-10-30,9.999999747378752e-05,9.999999747378752e-05,9.999999747378752e-05,9.999999747378752e-05,0.0,9.999999747378752e-05
2017-10-31,9.999999747378752e-05,9.999999747378752e-05,9.999999747378752e-05,9.999999747378752e-05,0.0,9.999999747378752e-05
2017-11-01,9.999999747378752e-05,9.999999747378752e-05,9.999999747378752e-05,9.999999747378752e-05,0.0,9.999999747378752e-05
2017-11-02,9.999999747378752e-05,9.999999747378752e-05,9.999999747378752e-05,9.999999747378752e-05,0.0,9.999999747378752e-05
2017-11-03,9.999999747378752e-05,9.999999747378752e-05,9.999999747378752e-05,9.999999747378752e-05,0.0,9.999999747378752e-05
2017-11-06,9.999999747378752e-05,9.999999747378752e-05,9.999999747378752e-05,9.999999747378752e-05,0.0,9.999999747378752e-05
2017-11-07,9.999999747378752e-05,9.999999747378752e-05,9.999999747378752e-05,9.999999747378752e-05,0.0,9.999999747378752e-05
2017-11-08,9.999999747378752e-05,9.999999747378752e-05,9.999999747378752e-05,9.999999747378752e-05,0.0,9.999999747378752e-05
2017-11-09,9.999999747378752e-05,9.999999747378752e-05,9.999999747378752e-05,9.999999747378752e-05,0.0,9.999999747378752e-05
2017-11-10,9.999999747378752e-05,9.999999747378752e-05,9.999999747378752e-05,9.999999747378752e-05,0.0,9.999999747378752e-05
2017-11-13,9.999999747378752e-05,9.999999747378752e-05,9.999999747378752e-05,9.999999747378752e-05,0.0,9.999999747378752e-05
2017-11-14,9.999999747378752e-05,9.999999747378752e-05,9.999999747378752e-05,9.999999747378752e-05,0.0,9.999999747378752e-05
2017-11-15,9.999999747378752e-05,9.999999747378752e-05,9.999999747378752e-05,9.999999747378752e-05,0.0,9.999999747378752e-05
2017-11-16,9.999999747378752e-05,9.999999747378752e-05,9.999999747378752e-05,9.999999747378752e-05,0.0,9.999999747378752e-05
2017-11-17,9.999999747378752e-05,9.999999747378752e-05,9.999999747378752e-05,9.999999747378752e-05,0.0,9.999999747378752e-05
2017-11-20,9.999999747378752e-05,9.999999747378752e-05,9.999999747378752e-05,9.999999747378752e-05,0.0,9.999999747378752e-05
2017-11-21,9.999999747378752e-05,9.999999747378752e-05,9.999999747378752e-05,9.999999747378752e-05,0.0,9.999999747378752e-05
2017-11-22,9.999999747378752e-05,9.999999747378752e-05,9.999999747378752e-05,9.999999747378752e-05,0.0,9.999999747378752e-05
2017-11-24,9.999999747378752e-05,9.999999747378752e-05,9.999999747378752e-05,9.999999747378752e-05,0.0,9.999999747378752e-05
2017-11-27,9.999999747378752e-05,9.999999747378752e-05,9.999999747378752e-05,9.999999747378752e-05,0.0,9.999999747378752e-05
2017-11-28,9.999999747378752e-05,9.999999747378752e-05,9.999999747378752e-05,9.999999747378752e-05,0.0,9.999999747378752e-05
2017-11-29,9.999999747378752e-05,9.999999747378752e-05,9.999999747378752e-05,9.999999747378752e-05,0.0,9.999999747378752e-05
2017-11-30,9.999999747378752e-05,9.999999747378752e-05,9.999999747378752e-05,9.999999747378752e-05,0.0,9.999999747378752e-05
2017-12-01,0.0010000000474974513,0.0009899999713525176,0.0010000000474974513,0.0010000000474974513,53000.0,0.0010000000474974513
2017-12-04,0.0010000000474974513,0.0010000000474974513,0.0010000000474974513,0.0010000000474974513,0.0,0.0010000000474974513
2017-12-05,0.0010000000474974513,0.0010000000474974513,0.0010000000474974513,0.0010000000474974513,0.0,0.0010000000474974513
2017-12-06,0.0010000000474974513,0.0010000000474974513,0.0010000000474974513,0.0010000000474974513,0.0,0.0010000000474974513
2017-12-07,0.0010000000474974513,0.0010000000474974513,0.0010000000474974513,0.0010000000474974513,0.0,0.0010000000474974513
2017-12-08,0.0010000000474974513,0.0010000000474974513,0.0010000000474974513,0.0010000000474974513,0.0,0.0010000000474974513
2017-12-11,0.0010000000474974513,0.0010000000474974513,0.0010000000474974513,0.0010000000474974513,0.0,0.0010000000474974513
2017-12-12,0.0020800000056624413,0.0020000000949949026,0.0020800000056624413,0.0020000000949949026,61000.0,0.0020000000949949026
2017-12-13,0.0020000000949949026,0.0020000000949949026,0.0020000000949949026,0.0020000000949949026,0.0,0.0020000000949949026
2017-12-14,0.0020000000949949026,0.0020000000949949026,0.0020000000949949026,0.0020000000949949026,0.0,0.0020000000949949026
2017-12-15,0.0020000000949949026,0.0020000000949949026,0.0020000000949949026,0.0020000000949949026,0.0,0.0020000000949949026
2017-12-18,0.0020000000949949026,0.0020000000949949026,0.0020000000949949026,0.0020000000949949026,0.0,0.0020000000949949026
2017-12-19,0.0020000000949949026,0.0020000000949949026,0.0020000000949949026,0.0020000000949949026,0.0,0.0020000000949949026
2017-12-20,0.00139999995008111,0.0010000000474974513,0.00139999995008111,0.0010000000474974513,20004.0,0.0010000000474974513
2017-12-21,0.0010000000474974513,0.0010000000474974513,0.0010000000474974513,0.0010000000474974513,0.0,0.0010000000474974513
2017-12-22,0.0010000000474974513,0.0010000000474974513,0.0010000000474974513,0.0010000000474974513,0.0,0.0010000000474974513
2017-12-26,0.00800000037997961,0.0007999999797903001,0.0010000000474974513,0.004900000058114529,36096.0,0.004900000058114529
2017-12-27,0.0008999999845400453,0.0008999999845400453,0.0008999999845400453,0.0008999999845400453,7000.0,0.0008999999845400453
2017-12-28,0.0008999999845400453,0.0008999999845400453,0.0008999999845400453,0.0008999999845400453,0.0,0.0008999999845400453
2017-12-29,0.0008999999845400453,0.0008999999845400453,0.0008999999845400453,0.0008999999845400453,0.0,0.0008999999845400453
2018-01-02,0.0008999999845400453,0.0008999999845400453,0.0008999999845400453,0.0008999999845400453,0.0,0.0008999999845400453
2018-01-03,0.0007999999797903001,0.0007999999797903001,0.0007999999797903001,0.0007999999797903001,3776.0,0.0007999999797903001
2018-01-04,0.0007999999797903001,0.0007999999797903001,0.0007999999797903001,0.0007999999797903001,0.0,0.0007999999797903001
2018-01-05,0.0007999999797903001,0.0007999999797903001,0.0007999999797903001,0.0007999999797903001,200.0,0.0007999999797903001
2018-01-08,0.0007999999797903001,0.0007999999797903001,0.0007999999797903001,0.0007999999797903001,0.0,0.0007999999797903001
2018-01-09,0.0007999999797903001,0.0007999999797903001,0.0007999999797903001,0.0007999999797903001,0.0,0.0007999999797903001
2018-01-10,0.0007999999797903001,0.0007999999797903001,0.0007999999797903001,0.0007999999797903001,0.0,0.0007999999797903001
2018-01-11,9.999999747378752e-05,9.999999747378752e-05,9.999999747378752e-05,9.999999747378752e-05,2070.0,9.999999747378752e-05
2018-01-12,9.999999747378752e-05,9.999999747378752e-05,9.999999747378752e-05,9.999999747378752e-05,12000.0,9.999999747378752e-05
2018-01-16,9.999999747378752e-05,9.999999747378752e-05,9.999999747378752e-05,9.999999747378752e-05,12000.0,9.999999747378752e-05
2018-01-17,9.999999747378752e-05,9.999999747378752e-05,9.999999747378752e-05,9.999999747378752e-05,0.0,9.999999747378752e-05
2018-01-18,9.999999747378752e-05,9.999999747378752e-05,9.999999747378752e-05,9.999999747378752e-05,0.0,9.999999747378752e-05
2018-01-19,9.999999747378752e-05,9.999999747378752e-05,9.999999747378752e-05,9.999999747378752e-05,0.0,9.999999747378752e-05
2018-01-22,9.999999747378752e-05,9.999999747378752e-05,9.999999747378752e-05,9.999999747378752e-05,0.0,9.999999747378752e-05
2018-01-23,9.999999747378752e-05,9.999999747378752e-05,9.999999747378752e-05,9.999999747378752e-05,0.0,9.999999747378752e-05
2018-01-24,9.999999747378752e-05,9.999999747378752e-05,9.999999747378752e-05,9.999999747378752e-05,0.0,9.999999747378752e-05
2018-01-25,9.999999747378752e-05,9.999999747378752e-05,9.999999747378752e-05,9.999999747378752e-05,0.0,9.999999747378752e-05
2018-01-26,9.999999747378752e-05,9.999999747378752e-05,9.999999747378752e-05,9.999999747378752e-05,0.0,9.999999747378752e-05
2018-01-29,9.999999747378752e-05,9.999999747378752e-05,9.999999747378752e-05,9.999999747378752e-05,3000.0,9.999999747378752e-05
2018-01-30,9.999999747378752e-05,9.999999747378752e-05,9.999999747378752e-05,9.999999747378752e-05,0.0,9.999999747378752e-05
2018-01-31,9.999999747378752e-05,9.999999747378752e-05,9.999999747378752e-05,9.999999747378752e-05,0.0,9.999999747378752e-05
2018-02-01,0.004999999888241291,0.0010999999940395355,0.004900000058114529,0.0010999999940395355,51020.0,0.0010999999940395355
2018-02-02,0.0010999999940395355,0.0010999999940395355,0.0010999999940395355,0.0010999999940395355,0.0,0.0010999999940395355
2018-02-05,0.0010999999940395355,0.0010999999940395355,0.0010999999940395355,0.0010999999940395355,0.0,0.0010999999940395355
2018-02-06,0.0010999999940395355,0.0010999999940395355,0.0010999999940395355,0.0010999999940395355,6000.0,0.0010999999940395355
2018-02-07,0.0010999999940395355,0.0010999999940395355,0.0010999999940395355,0.0010999999940395355,0.0,0.0010999999940395355
2018-02-08,0.0010999999940395355,0.0010999999940395355,0.0010999999940395355,0.0010999999940395355,0.0,0.0010999999940395355
2018-02-09,0.0010999999940395355,0.0010999999940395355,0.0010999999940395355,0.0010999999940395355,0.0,0.0010999999940395355
2018-02-12,0.0010999999940395355,0.0010999999940395355,0.0010999999940395355,0.0010999999940395355,0.0,0.0010999999940395355
2018-02-13,0.0010999999940395355,0.0010999999940395355,0.0010999999940395355,0.0010999999940395355,10470.0,0.0010999999940395355
2018-02-14,0.0010999999940395355,0.0010999999940395355,0.0010999999940395355,0.0010999999940395355,0.0,0.0010999999940395355
2018-02-15,0.0010999999940395355,0.0010999999940395355,0.0010999999940395355,0.0010999999940395355,0.0,0.0010999999940395355
2018-02-16,0.0010999999940395355,0.0010999999940395355,0.0010999999940395355,0.0010999999940395355,0.0,0.0010999999940395355
2018-02-20,0.0010999999940395355,0.0010999999940395355,0.0010999999940395355,0.0010999999940395355,0.0,0.0010999999940395355
2018-02-21,0.0010999999940395355,0.0010999999940395355,0.0010999999940395355,0.0010999999940395355,0.0,0.0010999999940395355
2018-02-22,0.0010999999940395355,0.0010999999940395355,0.0010999999940395355,0.0010999999940395355,0.0,0.0010999999940395355
2018-02-23,0.0010999999940395355,0.0010999999940395355,0.0010999999940395355,0.0010999999940395355,0.0,0.0010999999940395355
2018-02-26,0.0010999999940395355,0.0010999999940395355,0.0010999999940395355,0.0010999999940395355,0.0,0.0010999999940395355
2018-02-27,0.0010999999940395355,0.0010999999940395355,0.0010999999940395355,0.0010999999940395355,0.0,0.0010999999940395355
2018-02-28,0.0010999999940395355,0.0010999999940395355,0.0010999999940395355,0.0010999999940395355,27160.0,0.0010999999940395355
2018-03-01,0.0010999999940395355,0.0010999999940395355,0.0010999999940395355,0.0010999999940395355,0.0,0.0010999999940395355
2018-03-02,0.0010999999940395355,0.0010999999940395355,0.0010999999940395355,0.0010999999940395355,0.0,0.0010999999940395355
2018-03-05,0.0010999999940395355,0.0010999999940395355,0.0010999999940395355,0.0010999999940395355,0.0,0.0010999999940395355
2018-03-06,0.0010999999940395355,0.0010999999940395355,0.0010999999940395355,0.0010999999940395355,0.0,0.0010999999940395355
2018-03-07,0.0010999999940395355,0.0010999999940395355,0.0010999999940395355,0.0010999999940395355,0.0,0.0010999999940395355
2018-03-08,0.0010999999940395355,0.0010999999940395355,0.0010999999940395355,0.0010999999940395355,0.0,0.0010999999940395355
2018-03-09,0.0010999999940395355,0.0010999999940395355,0.0010999999940395355,0.0010999999940395355,0.0,0.0010999999940395355
2018-03-12,0.0010999999940395355,0.0010999999940395355,0.0010999999940395355,0.0010999999940395355,0.0,0.0010999999940395355
2018-03-13,0.0010999999940395355,0.0010999999940395355,0.0010999999940395355,0.0010999999940395355,0.0,0.0010999999940395355
2018-03-14,0.0010999999940395355,0.0010999999940395355,0.0010999999940395355,0.0010999999940395355,0.0,0.0010999999940395355
2018-03-15,0.0010999999940395355,0.0010999999940395355,0.0010999999940395355,0.0010999999940395355,0.0,0.0010999999940395355
2018-03-16,0.0010999999940395355,0.0010999999940395355,0.0010999999940395355,0.0010999999940395355,0.0,0.0010999999940395355
2018-03-19,0.0010999999940395355,0.0010999999940395355,0.0010999999940395355,0.0010999999940395355,0.0,0.0010999999940395355
2018-03-20,0.0010999999940395355,0.0010999999940395355,0.0010999999940395355,0.0010999999940395355,0.0,0.0010999999940395355
2018-03-21,0.003969999961555004,0.0013000000035390258,0.0018599999602884054,0.0013000000035390258,89723.0,0.0013000000035390258
2018-03-22,0.0013000000035390258,0.0013000000035390258,0.0013000000035390258,0.0013000000035390258,0.0,0.0013000000035390258
2018-03-23,0.0013000000035390258,0.0013000000035390258,0.0013000000035390258,0.0013000000035390258,0.0,0.0013000000035390258
2018-03-26,0.0013000000035390258,0.0013000000035390258,0.0013000000035390258,0.0013000000035390258,0.0,0.0013000000035390258
2018-03-27,0.0013000000035390258,0.0013000000035390258,0.0013000000035390258,0.0013000000035390258,0.0,0.0013000000035390258
2018-03-28,0.0013000000035390258,0.0013000000035390258,0.0013000000035390258,0.0013000000035390258,0.0,0.0013000000035390258
2018-03-29,0.0013000000035390258,0.0013000000035390258,0.0013000000035390258,0.0013000000035390258,0.0,0.0013000000035390258
2018-04-02,0.0013000000035390258,0.0013000000035390258,0.0013000000035390258,0.0013000000035390258,0.0,0.0013000000035390258
2018-04-03,0.0013000000035390258,0.0013000000035390258,0.0013000000035390258,0.0013000000035390258,0.0,0.0013000000035390258
2018-04-04,0.0013000000035390258,0.0013000000035390258,0.0013000000035390258,0.0013000000035390258,0.0,0.0013000000035390258
2018-04-05,0.0013000000035390258,0.0013000000035390258,0.0013000000035390258,0.0013000000035390258,0.0,0.0013000000035390258
2018-04-06,0.0013000000035390258,0.0013000000035390258,0.0013000000035390258,0.0013000000035390258,0.0,0.0013000000035390258
2018-04-09,0.0013000000035390258,0.0013000000035390258,0.0013000000035390258,0.0013000000035390258,0.0,0.0013000000035390258
2018-04-10,0.0013000000035390258,0.0013000000035390258,0.0013000000035390258,0.0013000000035390258,0.0,0.0013000000035390258
2018-04-11,0.0013000000035390258,0.0013000000035390258,0.0013000000035390258,0.0013000000035390258,0.0,0.0013000000035390258
2018-04-12,0.0013000000035390258,0.0013000000035390258,0.0013000000035390258,0.0013000000035390258,0.0,0.0013000000035390258
2018-04-13,0.0013000000035390258,0.0013000000035390258,0.0013000000035390258,0.0013000000035390258,0.0,0.0013000000035390258
2018-04-16,0.0010000000474974513,0.0010000000474974513,0.0010000000474974513,0.0010000000474974513,6000.0,0.0010000000474974513
2018-04-17,0.0010000000474974513,0.0010000000474974513,0.0010000000474974513,0.0010000000474974513,0.0,0.0010000000474974513
2018-04-18,0.0010000000474974513,0.0010000000474974513,0.0010000000474974513,0.0010000000474974513,0.0,0.0010000000474974513
2018-04-19,0.0010000000474974513,0.0010000000474974513,0.0010000000474974513,0.0010000000474974513,0.0,0.0010000000474974513
2018-04-20,0.0010000000474974513,0.0010000000474974513,0.0010000000474974513,0.0010000000474974513,0.0,0.0010000000474974513
2018-04-23,0.0010000000474974513,0.0010000000474974513,0.0010000000474974513,0.0010000000474974513,0.0,0.0010000000474974513
2018-04-24,0.0010000000474974513,0.0010000000474974513,0.0010000000474974513,0.0010000000474974513,0.0,0.0010000000474974513
2018-04-25,0.0010000000474974513,0.0010000000474974513,0.0010000000474974513,0.0010000000474974513,0.0,0.0010000000474974513
2018-04-26,0.0010000000474974513,0.0010000000474974513,0.0010000000474974513,0.0010000000474974513,0.0,0.0010000000474974513
2018-04-27,0.0010000000474974513,0.0010000000474974513,0.0010000000474974513,0.0010000000474974513,0.0,0.0010000000474974513
2018-04-30,0.0010000000474974513,0.0010000000474974513,0.0010000000474974513,0.0010000000474974513,0.0,0.0010000000474974513
2018-05-01,0.0010000000474974513,0.0010000000474974513,0.0010000000474974513,0.0010000000474974513,0.0,0.0010000000474974513
2018-05-02,0.0010000000474974513,0.0010000000474974513,0.0010000000474974513,0.0010000000474974513,0.0,0.0010000000474974513
2018-05-03,0.0010000000474974513,0.0010000000474974513,0.0010000000474974513,0.0010000000474974513,0.0,0.0010000000474974513
2018-05-04,0.0010000000474974513,0.0010000000474974513,0.0010000000474974513,0.0010000000474974513,0.0,0.0010000000474974513
2018-05-07,0.0010000000474974513,0.0010000000474974513,0.0010000000474974513,0.0010000000474974513,0.0,0.0010000000474974513
2018-05-08,0.0010000000474974513,0.0010000000474974513,0.0010000000474974513,0.0010000000474974513,0.0,0.0010000000474974513
2018-05-09,0.0010000000474974513,0.0010000000474974513,0.0010000000474974513,0.0010000000474974513,0.0,0.0010000000474974513
2018-05-10,0.0010000000474974513,0.0010000000474974513,0.0010000000474974513,0.0010000000474974513,0.0,0.0010000000474974513
2018-05-11,0.0010000000474974513,0.0010000000474974513,0.0010000000474974513,0.0010000000474974513,0.0,0.0010000000474974513
2018-05-14,0.0010000000474974513,0.0010000000474974513,0.0010000000474974513,0.0010000000474974513,0.0,0.0010000000474974513
2018-05-15,0.0010000000474974513,0.0010000000474974513,0.0010000000474974513,0.0010000000474974513,16000.0,0.0010000000474974513
2018-05-16,0.0010000000474974513,0.0010000000474974513,0.0010000000474974513,0.0010000000474974513,0.0,0.0010000000474974513
2018-05-17,0.0010000000474974513,0.0010000000474974513,0.0010000000474974513,0.0010000000474974513,0.0,0.0010000000474974513
2018-05-18,0.0010000000474974513,0.0010000000474974513,0.0010000000474974513,0.0010000000474974513,0.0,0.0010000000474974513
2018-05-21,0.0010000000474974513,0.0010000000474974513,0.0010000000474974513,0.0010000000474974513,0.0,0.0010000000474974513
2018-05-22,0.0010000000474974513,0.0010000000474974513,0.0010000000474974513,0.0010000000474974513,0.0,0.0010000000474974513
2018-05-23,0.0010000000474974513,0.0010000000474974513,0.0010000000474974513,0.0010000000474974513,0.0,0.0010000000474974513
2018-05-24,0.0010000000474974513,0.0010000000474974513,0.0010000000474974513,0.0010000000474974513,0.0,0.0010000000474974513
2018-05-25,0.0010000000474974513,0.0010000000474974513,0.0010000000474974513,0.0010000000474974513,0.0,0.0010000000474974513
2018-05-29,0.0010000000474974513,0.0010000000474974513,0.0010000000474974513,0.0010000000474974513,0.0,0.0010000000474974513
2018-05-30,0.0010000000474974513,0.0010000000474974513,0.0010000000474974513,0.0010000000474974513,0.0,0.0010000000474974513
2018-05-31,0.0010000000474974513,0.0010000000474974513,0.0010000000474974513,0.0010000000474974513,0.0,0.0010000000474974513
2018-06-01,0.0010000000474974513,0.0010000000474974513,0.0010000000474974513,0.0010000000474974513,0.0,0.0010000000474974513
2018-06-04,0.0010000000474974513,0.0010000000474974513,0.0010000000474974513,0.0010000000474974513,2800.0,0.0010000000474974513
2018-06-05,0.0010000000474974513,0.0010000000474974513,0.0010000000474974513,0.0010000000474974513,0.0,0.0010000000474974513
2018-06-06,0.0010000000474974513,0.0010000000474974513,0.0010000000474974513,0.0010000000474974513,0.0,0.0010000000474974513
2018-06-07,0.0010000000474974513,0.0010000000474974513,0.0010000000474974513,0.0010000000474974513,0.0,0.0010000000474974513
2018-06-08,0.004000000189989805,0.0010000000474974513,0.0010000000474974513,0.004000000189989805,58200.0,0.004000000189989805
2018-06-11,0.004000000189989805,0.004000000189989805,0.004000000189989805,0.004000000189989805,0.0,0.004000000189989805
2018-06-12,0.004000000189989805,0.004000000189989805,0.004000000189989805,0.004000000189989805,0.0,0.004000000189989805
2018-06-13,0.004000000189989805,0.004000000189989805,0.004000000189989805,0.004000000189989805,0.0,0.004000000189989805
2018-06-14,0.004000000189989805,0.004000000189989805,0.004000000189989805,0.004000000189989805,0.0,0.004000000189989805
2018-06-15,0.004000000189989805,0.004000000189989805,0.004000000189989805,0.004000000189989805,0.0,0.004000000189989805
2018-06-18,0.004000000189989805,0.004000000189989805,0.004000000189989805,0.004000000189989805,0.0,0.004000000189989805
2018-06-19,0.004000000189989805,0.004000000189989805,0.004000000189989805,0.004000000189989805,0.0,0.004000000189989805
2018-06-20,0.004000000189989805,0.004000000189989805,0.004000000189989805,0.004000000189989805,0.0,0.004000000189989805
2018-06-21,0.004000000189989805,0.004000000189989805,0.004000000189989805,0.004000000189989805,0.0,0.004000000189989805
2018-06-22,0.004000000189989805,0.004000000189989805,0.004000000189989805,0.004000000189989805,0.0,0.004000000189989805
2018-06-25,0.004000000189989805,0.004000000189989805,0.004000000189989805,0.004000000189989805,0.0,0.004000000189989805
2018-06-26,0.004000000189989805,0.004000000189989805,0.004000000189989805,0.004000000189989805,0.0,0.004000000189989805
2018-06-27,0.007000000216066837,0.0005000000237487257,0.001500000013038516,0.007000000216066837,287000.0,0.007000000216066837
2018-06-28,0.007000000216066837,0.007000000216066837,0.007000000216066837,0.007000000216066837,0.0,0.007000000216066837
2018-06-29,0.007000000216066837,0.007000000216066837,0.007000000216066837,0.007000000216066837,0.0,0.007000000216066837
2018-07-02,0.007000000216066837,0.007000000216066837,0.007000000216066837,0.007000000216066837,0.0,0.007000000216066837
2018-07-03,0.007000000216066837,0.007000000216066837,0.007000000216066837,0.007000000216066837,0.0,0.007000000216066837
2018-07-05,0.007000000216066837,0.007000000216066837,0.007000000216066837,0.007000000216066837,0.0,0.007000000216066837
2018-07-06,0.007000000216066837,0.007000000216066837,0.007000000216066837,0.007000000216066837,0.0,0.007000000216066837
2018-07-09,0.007000000216066837,0.007000000216066837,0.007000000216066837,0.007000000216066837,0.0,0.007000000216066837
2018-07-10,0.007000000216066837,0.007000000216066837,0.007000000216066837,0.007000000216066837,0.0,0.007000000216066837
2018-07-11,0.007000000216066837,0.007000000216066837,0.007000000216066837,0.007000000216066837,0.0,0.007000000216066837
2018-07-12,0.007000000216066837,0.007000000216066837,0.007000000216066837,0.007000000216066837,0.0,0.007000000216066837
2018-07-13,0.007000000216066837,0.007000000216066837,0.007000000216066837,0.007000000216066837,0.0,0.007000000216066837
2018-07-16,0.007000000216066837,0.007000000216066837,0.007000000216066837,0.007000000216066837,0.0,0.007000000216066837
2018-07-17,0.000699999975040555,0.000699999975040555,0.000699999975040555,0.000699999975040555,1000.0,0.000699999975040555
2018-07-18,0.01899999938905239,0.0044999998062849045,0.006940000224858522,0.007000000216066837,370662.0,0.007000000216066837
2018-07-19,0.005080000031739473,0.003599999938160181,0.005080000031739473,0.003599999938160181,100000.0,0.003599999938160181
2018-07-20,0.0035000001080334187,0.002099999925121665,0.0035000001080334187,0.002099999925121665,44937.0,0.002099999925121665
2018-07-23,0.002099999925121665,0.002099999925121665,0.002099999925121665,0.002099999925121665,0.0,0.002099999925121665
2018-07-24,0.002099999925121665,0.002099999925121665,0.002099999925121665,0.002099999925121665,0.0,0.002099999925121665
2018-07-25,0.002099999925121665,0.002099999925121665,0.002099999925121665,0.002099999925121665,0.0,0.002099999925121665
2018-07-26,0.002099999925121665,0.002099999925121665,0.002099999925121665,0.002099999925121665,0.0,0.002099999925121665
2018-07-27,0.00203000009059906,0.0020000000949949026,0.00203000009059906,0.0020000000949949026,108000.0,0.0020000000949949026
2018-07-30,0.0020000000949949026,0.0020000000949949026,0.0020000000949949026,0.0020000000949949026,0.0,0.0020000000949949026
2018-07-31,0.0020000000949949026,0.0020000000949949026,0.0020000000949949026,0.0020000000949949026,0.0,0.0020000000949949026
2018-08-01,0.0020000000949949026,0.0020000000949949026,0.0020000000949949026,0.0020000000949949026,0.0,0.0020000000949949026
2018-08-02,0.0020000000949949026,0.0020000000949949026,0.0020000000949949026,0.0020000000949949026,0.0,0.0020000000949949026
2018-08-03,0.0020000000949949026,0.0020000000949949026,0.0020000000949949026,0.0020000000949949026,0.0,0.0020000000949949026
2018-08-06,0.0020000000949949026,0.0020000000949949026,0.0020000000949949026,0.0020000000949949026,0.0,0.0020000000949949026
2018-08-07,0.0020000000949949026,0.0020000000949949026,0.0020000000949949026,0.0020000000949949026,0.0,0.0020000000949949026
2018-08-08,0.0020000000949949026,0.0020000000949949026,0.0020000000949949026,0.0020000000949949026,0.0,0.0020000000949949026
2018-08-09,0.0020000000949949026,0.0020000000949949026,0.0020000000949949026,0.0020000000949949026,0.0,0.0020000000949949026
2018-08-10,0.0020000000949949026,0.0020000000949949026,0.0020000000949949026,0.0020000000949949026,0.0,0.0020000000949949026
2018-08-13,0.0020000000949949026,0.0020000000949949026,0.0020000000949949026,0.0020000000949949026,0.0,0.0020000000949949026
2018-08-14,0.0020000000949949026,0.0020000000949949026,0.0020000000949949026,0.0020000000949949026,0.0,0.0020000000949949026
2018-08-15,0.0020000000949949026,0.0020000000949949026,0.0020000000949949026,0.0020000000949949026,0.0,0.0020000000949949026
2018-08-16,0.0020000000949949026,0.0020000000949949026,0.0020000000949949026,0.0020000000949949026,0.0,0.0020000000949949026
2018-08-17,0.004999999888241291,0.004619999788701534,0.004619999788701534,0.004999999888241291,17000.0,0.004999999888241291
2018-08-20,0.004999999888241291,0.004999999888241291,0.004999999888241291,0.004999999888241291,0.0,0.004999999888241291
2018-08-21,0.004619999788701534,0.004619999788701534,0.004619999788701534,0.004619999788701534,10000.0,0.004619999788701534
2018-08-22,0.004619999788701534,0.004619999788701534,0.004619999788701534,0.004619999788701534,0.0,0.004619999788701534
2018-08-23,0.004619999788701534,0.004619999788701534,0.004619999788701534,0.004619999788701534,0.0,0.004619999788701534
2018-08-24,0.004619999788701534,0.004619999788701534,0.004619999788701534,0.004619999788701534,0.0,0.004619999788701534
2018-08-27,0.004619999788701534,0.004619999788701534,0.004619999788701534,0.004619999788701534,0.0,0.004619999788701534
2018-08-28,0.0015300000086426735,0.0015300000086426735,0.0015300000086426735,0.0015300000086426735,3142.0,0.0015300000086426735
2018-08-29,0.0015300000086426735,0.0015300000086426735,0.0015300000086426735,0.0015300000086426735,0.0,0.0015300000086426735
2018-08-30,0.0015300000086426735,0.0015300000086426735,0.0015300000086426735,0.0015300000086426735,0.0,0.0015300000086426735
2018-08-31,0.0015300000086426735,0.0015300000086426735,0.0015300000086426735,0.0015300000086426735,0.0,0.0015300000086426735
2018-09-04,0.0044999998062849045,0.002850000048056245,0.002850000048056245,0.0044999998062849045,50000.0,0.0044999998062849045
2018-09-05,0.0044999998062849045,0.0044999998062849045,0.0044999998062849045,0.0044999998062849045,0.0,0.0044999998062849045
2018-09-06,0.006000000052154064,0.006000000052154064,0.006000000052154064,0.006000000052154064,310.0,0.006000000052154064
2018-09-07,0.006000000052154064,0.006000000052154064,0.006000000052154064,0.006000000052154064,0.0,0.006000000052154064
2018-09-10,0.006000000052154064,0.006000000052154064,0.006000000052154064,0.006000000052154064,6433.0,0.006000000052154064
2018-09-11,0.006000000052154064,0.006000000052154064,0.006000000052154064,0.006000000052154064,0.0,0.006000000052154064
2018-09-12,0.006000000052154064,0.006000000052154064,0.006000000052154064,0.006000000052154064,0.0,0.006000000052154064
2018-09-13,0.006000000052154064,0.006000000052154064,0.006000000052154064,0.006000000052154064,0.0,0.006000000052154064
2018-09-14,0.006000000052154064,0.006000000052154064,0.006000000052154064,0.006000000052154064,0.0,0.006000000052154064
2018-09-17,0.006000000052154064,0.004000000189989805,0.006000000052154064,0.00559999980032444,24000.0,0.00559999980032444
2018-09-18,0.00559999980032444,0.00559999980032444,0.00559999980032444,0.00559999980032444,0.0,0.00559999980032444
2018-09-19,0.00559999980032444,0.00559999980032444,0.00559999980032444,0.00559999980032444,0.0,0.00559999980032444
2018-09-20,0.00559999980032444,0.00559999980032444,0.00559999980032444,0.00559999980032444,0.0,0.00559999980032444
2018-09-21,0.00559999980032444,0.00559999980032444,0.00559999980032444,0.00559999980032444,0.0,0.00559999980032444
2018-09-24,0.00559999980032444,0.00559999980032444,0.00559999980032444,0.00559999980032444,0.0,0.00559999980032444
2018-09-25,0.00559999980032444,0.00559999980032444,0.00559999980032444,0.00559999980032444,0.0,0.00559999980032444
2018-09-26,0.00559999980032444,0.00559999980032444,0.00559999980032444,0.00559999980032444,0.0,0.00559999980032444
2018-09-27,0.002099999925121665,0.002099999925121665,0.002099999925121665,0.002099999925121665,1000.0,0.002099999925121665
2018-09-28,0.002099999925121665,0.002099999925121665,0.002099999925121665,0.002099999925121665,0.0,0.002099999925121665
2018-10-01,0.002099999925121665,0.002099999925121665,0.002099999925121665,0.002099999925121665,0.0,0.002099999925121665
2018-10-02,0.002099999925121665,0.002099999925121665,0.002099999925121665,0.002099999925121665,0.0,0.002099999925121665
2018-10-03,0.002099999925121665,0.002099999925121665,0.002099999925121665,0.002099999925121665,0.0,0.002099999925121665
2018-10-04,0.002099999925121665,0.002099999925121665,0.002099999925121665,0.002099999925121665,0.0,0.002099999925121665
2018-10-05,0.002099999925121665,0.002099999925121665,0.002099999925121665,0.002099999925121665,0.0,0.002099999925121665
2018-10-08,0.002099999925121665,0.002099999925121665,0.002099999925121665,0.002099999925121665,0.0,0.002099999925121665
2018-10-09,0.003800000064074993,0.003800000064074993,0.003800000064074993,0.003800000064074993,18310.0,0.003800000064074993
2018-10-10,0.003800000064074993,0.003800000064074993,0.003800000064074993,0.003800000064074993,0.0,0.003800000064074993
2018-10-11,0.003800000064074993,0.003800000064074993,0.003800000064074993,0.003800000064074993,0.0,0.003800000064074993
2018-10-12,0.0031999999191612005,0.0031999999191612005,0.0031999999191612005,0.0031999999191612005,2000.0,0.0031999999191612005
2018-10-15,0.003000000026077032,0.003000000026077032,0.003000000026077032,0.003000000026077032,4000.0,0.003000000026077032
2018-10-16,0.003000000026077032,0.003000000026077032,0.003000000026077032,0.003000000026077032,0.0,0.003000000026077032
2018-10-17,0.003599999938160181,0.003000000026077032,0.003599999938160181,0.003000000026077032,20000.0,0.003000000026077032
2018-10-18,0.003000000026077032,0.0020000000949949026,0.003000000026077032,0.003000000026077032,115800.0,0.003000000026077032
2018-10-19,0.003000000026077032,0.003000000026077032,0.003000000026077032,0.003000000026077032,0.0,0.003000000026077032
2018-10-22,0.003000000026077032,0.003000000026077032,0.003000000026077032,0.003000000026077032,0.0,0.003000000026077032
2018-10-23,0.0020000000949949026,0.0020000000949949026,0.0020000000949949026,0.0020000000949949026,585.0,0.0020000000949949026
2018-10-24,0.0020000000949949026,0.0020000000949949026,0.0020000000949949026,0.0020000000949949026,0.0,0.0020000000949949026
2018-10-25,0.0020000000949949026,0.0020000000949949026,0.0020000000949949026,0.0020000000949949026,0.0,0.0020000000949949026
2018-10-26,0.0020000000949949026,0.0020000000949949026,0.0020000000949949026,0.0020000000949949026,0.0,0.0020000000949949026
2018-10-29,0.0020000000949949026,0.0020000000949949026,0.0020000000949949026,0.0020000000949949026,0.0,0.0020000000949949026
2018-10-30,0.0020000000949949026,0.0020000000949949026,0.0020000000949949026,0.0020000000949949026,0.0,0.0020000000949949026
2018-10-31,0.0020000000949949026,0.0020000000949949026,0.0020000000949949026,0.0020000000949949026,0.0,0.0020000000949949026
2018-11-01,0.0020000000949949026,0.0020000000949949026,0.0020000000949949026,0.0020000000949949026,20000.0,0.0020000000949949026
2018-11-02,0.0020000000949949026,0.0020000000949949026,0.0020000000949949026,0.0020000000949949026,0.0,0.0020000000949949026
2018-11-05,0.0020000000949949026,0.0020000000949949026,0.0020000000949949026,0.0020000000949949026,0.0,0.0020000000949949026
2018-11-06,0.0020000000949949026,0.0020000000949949026,0.0020000000949949026,0.0020000000949949026,0.0,0.0020000000949949026
2018-11-07,0.0020000000949949026,0.0020000000949949026,0.0020000000949949026,0.0020000000949949026,0.0,0.0020000000949949026
2018-11-08,0.0020000000949949026,0.0020000000949949026,0.0020000000949949026,0.0020000000949949026,200.0,0.0020000000949949026
2018-11-09,0.0020000000949949026,0.0020000000949949026,0.0020000000949949026,0.0020000000949949026,0.0,0.0020000000949949026
2018-11-12,0.0020000000949949026,0.0020000000949949026,0.0020000000949949026,0.0020000000949949026,0.0,0.0020000000949949026
2018-11-13,0.0020000000949949026,0.0020000000949949026,0.0020000000949949026,0.0020000000949949026,0.0,0.0020000000949949026
2018-11-14,0.0020000000949949026,0.0020000000949949026,0.0020000000949949026,0.0020000000949949026,0.0,0.0020000000949949026
2018-11-15,0.0020000000949949026,0.0020000000949949026,0.0020000000949949026,0.0020000000949949026,20000.0,0.0020000000949949026
2018-11-16,0.0020000000949949026,0.0020000000949949026,0.0020000000949949026,0.0020000000949949026,0.0,0.0020000000949949026
2018-11-19,0.0020000000949949026,0.0020000000949949026,0.0020000000949949026,0.0020000000949949026,0.0,0.0020000000949949026
2018-11-20,0.0020000000949949026,0.0020000000949949026,0.0020000000949949026,0.0020000000949949026,0.0,0.0020000000949949026
2018-11-21,0.0020000000949949026,0.0020000000949949026,0.0020000000949949026,0.0020000000949949026,0.0,0.0020000000949949026
2018-11-23,0.0020000000949949026,0.0020000000949949026,0.0020000000949949026,0.0020000000949949026,0.0,0.0020000000949949026
2018-11-26,0.0020000000949949026,0.0020000000949949026,0.0020000000949949026,0.0020000000949949026,0.0,0.0020000000949949026
2018-11-27,0.0020000000949949026,0.0020000000949949026,0.0020000000949949026,0.0020000000949949026,0.0,0.0020000000949949026
2018-11-28,0.0020000000949949026,0.0020000000949949026,0.0020000000949949026,0.0020000000949949026,0.0,0.0020000000949949026
2018-11-29,0.0020000000949949026,0.0020000000949949026,0.0020000000949949026,0.0020000000949949026,0.0,0.0020000000949949026
2018-11-30,0.0020000000949949026,0.0020000000949949026,0.0020000000949949026,0.0020000000949949026,0.0,0.0020000000949949026
2018-12-03,0.0020000000949949026,0.0020000000949949026,0.0020000000949949026,0.0020000000949949026,0.0,0.0020000000949949026
2018-12-04,0.0020000000949949026,0.0020000000949949026,0.0020000000949949026,0.0020000000949949026,0.0,0.0020000000949949026
2018-12-06,0.0020000000949949026,0.0020000000949949026,0.0020000000949949026,0.0020000000949949026,0.0,0.0020000000949949026
2018-12-07,0.0020000000949949026,0.0020000000949949026,0.0020000000949949026,0.0020000000949949026,0.0,0.0020000000949949026
2018-12-10,0.0020000000949949026,0.0020000000949949026,0.0020000000949949026,0.0020000000949949026,0.0,0.0020000000949949026
2018-12-11,0.0020000000949949026,0.0020000000949949026,0.0020000000949949026,0.0020000000949949026,0.0,0.0020000000949949026
2018-12-12,0.0020000000949949026,0.0020000000949949026,0.0020000000949949026,0.0020000000949949026,0.0,0.0020000000949949026
2018-12-13,0.0020000000949949026,0.0020000000949949026,0.0020000000949949026,0.0020000000949949026,0.0,0.0020000000949949026
2018-12-14,0.0020000000949949026,0.0020000000949949026,0.0020000000949949026,0.0020000000949949026,0.0,0.0020000000949949026
2018-12-17,0.0020000000949949026,0.0020000000949949026,0.0020000000949949026,0.0020000000949949026,0.0,0.0020000000949949026
2018-12-18,0.0020000000949949026,0.0020000000949949026,0.0020000000949949026,0.0020000000949949026,0.0,0.0020000000949949026
2018-12-19,0.0020000000949949026,0.0020000000949949026,0.0020000000949949026,0.0020000000949949026,0.0,0.0020000000949949026
2018-12-20,0.0020000000949949026,0.0020000000949949026,0.0020000000949949026,0.0020000000949949026,0.0,0.0020000000949949026
2018-12-21,0.0020000000949949026,0.0020000000949949026,0.0020000000949949026,0.0020000000949949026,0.0,0.0020000000949949026
2018-12-24,0.0020000000949949026,0.0020000000949949026,0.0020000000949949026,0.0020000000949949026,0.0,0.0020000000949949026
2018-12-26,0.0020000000949949026,0.0020000000949949026,0.0020000000949949026,0.0020000000949949026,0.0,0.0020000000949949026
2018-12-27,0.0020000000949949026,0.0020000000949949026,0.0020000000949949026,0.0020000000949949026,0.0,0.0020000000949949026
2018-12-28,0.0020000000949949026,0.0020000000949949026,0.0020000000949949026,0.0020000000949949026,0.0,0.0020000000949949026
2018-12-31,0.0012000000569969416,0.0010000000474974513,0.0010999999940395355,0.0012000000569969416,34500.0,0.0012000000569969416
2019-01-02,0.0012000000569969416,0.0012000000569969416,0.0012000000569969416,0.0012000000569969416,0.0,0.0012000000569969416
2019-01-03,0.0012000000569969416,0.0012000000569969416,0.0012000000569969416,0.0012000000569969416,0.0,0.0012000000569969416
2019-01-04,0.0012000000569969416,0.0012000000569969416,0.0012000000569969416,0.0012000000569969416,0.0,0.0012000000569969416
2019-01-07,0.0012000000569969416,0.0012000000569969416,0.0012000000569969416,0.0012000000569969416,0.0,0.0012000000569969416
2019-01-08,0.0012000000569969416,0.0012000000569969416,0.0012000000569969416,0.0012000000569969416,0.0,0.0012000000569969416
2019-01-09,0.0012000000569969416,0.0010999999940395355,0.0012000000569969416,0.0010999999940395355,18000.0,0.0010999999940395355
2019-01-10,0.0010999999940395355,0.0010999999940395355,0.0010999999940395355,0.0010999999940395355,0.0,0.0010999999940395355
2019-01-11,0.0010999999940395355,0.0010999999940395355,0.0010999999940395355,0.0010999999940395355,0.0,0.0010999999940395355
2019-01-14,0.0010999999940395355,0.0010999999940395355,0.0010999999940395355,0.0010999999940395355,0.0,0.0010999999940395355
2019-01-15,0.0010999999940395355,0.0010999999940395355,0.0010999999940395355,0.0010999999940395355,0.0,0.0010999999940395355
2019-01-16,0.0010999999940395355,0.0010999999940395355,0.0010999999940395355,0.0010999999940395355,0.0,0.0010999999940395355
2019-01-17,0.0010999999940395355,0.0010999999940395355,0.0010999999940395355,0.0010999999940395355,0.0,0.0010999999940395355
2019-01-18,0.0010999999940395355,0.0010999999940395355,0.0010999999940395355,0.0010999999940395355,0.0,0.0010999999940395355
2019-01-22,0.0010999999940395355,0.0010999999940395355,0.0010999999940395355,0.0010999999940395355,0.0,0.0010999999940395355
2019-01-23,0.0010999999940395355,0.0010999999940395355,0.0010999999940395355,0.0010999999940395355,0.0,0.0010999999940395355
2019-01-24,0.0010999999940395355,0.0010999999940395355,0.0010999999940395355,0.0010999999940395355,0.0,0.0010999999940395355
2019-01-25,0.0010999999940395355,0.0010999999940395355,0.0010999999940395355,0.0010999999940395355,0.0,0.0010999999940395355
2019-01-28,0.0010999999940395355,0.0010999999940395355,0.0010999999940395355,0.0010999999940395355,0.0,0.0010999999940395355
2019-01-29,0.00019999999494757503,0.00019999999494757503,0.00019999999494757503,0.00019999999494757503,2000.0,0.00019999999494757503
2019-01-30,0.00019999999494757503,0.00019999999494757503,0.00019999999494757503,0.00019999999494757503,0.0,0.00019999999494757503
2019-01-31,0.00019999999494757503,0.00019999999494757503,0.00019999999494757503,0.00019999999494757503,0.0,0.00019999999494757503
2019-02-01,0.00019999999494757503,0.00019999999494757503,0.00019999999494757503,0.00019999999494757503,834.0,0.00019999999494757503
2019-02-04,0.00019999999494757503,0.00019999999494757503,0.00019999999494757503,0.00019999999494757503,0.0,0.00019999999494757503
2019-02-05,0.029999999329447746,0.009999999776482582,0.009999999776482582,0.019999999552965164,3825.0,0.019999999552965164
2019-02-06,0.019999999552965164,0.019999999552965164,0.019999999552965164,0.019999999552965164,225.0,0.019999999552965164
2019-02-07,0.019999999552965164,0.019999999552965164,0.019999999552965164,0.019999999552965164,753.0,0.019999999552965164
2019-02-08,0.001500000013038516,0.001500000013038516,0.001500000013038516,0.001500000013038516,5535.0,0.001500000013038516
2019-02-11,0.001500000013038516,0.001500000013038516,0.001500000013038516,0.001500000013038516,0.0,0.001500000013038516
2019-02-12,0.001500000013038516,0.001500000013038516,0.001500000013038516,0.001500000013038516,0.0,0.001500000013038516
2019-02-13,0.001500000013038516,0.001500000013038516,0.001500000013038516,0.001500000013038516,0.0,0.001500000013038516
2019-02-14,0.001500000013038516,0.001500000013038516,0.001500000013038516,0.001500000013038516,0.0,0.001500000013038516
2019-02-15,0.001500000013038516,0.001500000013038516,0.001500000013038516,0.001500000013038516,0.0,0.001500000013038516
2019-02-19,0.001500000013038516,0.001500000013038516,0.001500000013038516,0.001500000013038516,2600.0,0.001500000013038516
2019-02-20,0.001500000013038516,0.001500000013038516,0.001500000013038516,0.001500000013038516,0.0,0.001500000013038516
2019-02-21,0.001500000013038516,0.001500000013038516,0.001500000013038516,0.001500000013038516,0.0,0.001500000013038516
2019-02-22,0.001500000013038516,0.001500000013038516,0.001500000013038516,0.001500000013038516,0.0,0.001500000013038516
2019-02-25,0.001500000013038516,0.001500000013038516,0.001500000013038516,0.001500000013038516,1000.0,0.001500000013038516
2019-02-26,0.001500000013038516,0.001500000013038516,0.001500000013038516,0.001500000013038516,0.0,0.001500000013038516
2019-02-27,0.001500000013038516,0.001500000013038516,0.001500000013038516,0.001500000013038516,0.0,0.001500000013038516
2019-02-28,0.0010000000474974513,0.0010000000474974513,0.0010000000474974513,0.0010000000474974513,2740.0,0.0010000000474974513
2019-03-01,0.0010000000474974513,0.0010000000474974513,0.0010000000474974513,0.0010000000474974513,0.0,0.0010000000474974513
2019-03-04,0.0010000000474974513,0.0010000000474974513,0.0010000000474974513,0.0010000000474974513,0.0,0.0010000000474974513
2019-03-05,0.0010000000474974513,0.0010000000474974513,0.0010000000474974513,0.0010000000474974513,0.0,0.0010000000474974513
2019-03-06,0.0010000000474974513,0.0010000000474974513,0.0010000000474974513,0.0010000000474974513,0.0,0.0010000000474974513
2019-03-07,0.0010000000474974513,0.0010000000474974513,0.0010000000474974513,0.0010000000474974513,0.0,0.0010000000474974513
2019-03-08,0.0006900000153109431,0.0006000000284984708,0.0006900000153109431,0.0006000000284984708,40000.0,0.0006000000284984708
2019-03-11,0.0006000000284984708,0.0006000000284984708,0.0006000000284984708,0.0006000000284984708,0.0,0.0006000000284984708
2019-03-12,0.0006000000284984708,0.0006000000284984708,0.0006000000284984708,0.0006000000284984708,0.0,0.0006000000284984708
2019-03-13,0.0006000000284984708,0.0006000000284984708,0.0006000000284984708,0.0006000000284984708,0.0,0.0006000000284984708
2019-03-14,0.0006000000284984708,0.0006000000284984708,0.0006000000284984708,0.0006000000284984708,0.0,0.0006000000284984708
2019-03-15,0.0006000000284984708,0.0006000000284984708,0.0006000000284984708,0.0006000000284984708,0.0,0.0006000000284984708
2019-03-18,0.0006000000284984708,0.0006000000284984708,0.0006000000284984708,0.0006000000284984708,0.0,0.0006000000284984708
2019-03-19,0.0006000000284984708,0.0006000000284984708,0.0006000000284984708,0.0006000000284984708,0.0,0.0006000000284984708
2019-03-20,0.0006000000284984708,0.0006000000284984708,0.0006000000284984708,0.0006000000284984708,0.0,0.0006000000284984708
2019-03-21,0.0006000000284984708,0.0006000000284984708,0.0006000000284984708,0.0006000000284984708,0.0,0.0006000000284984708
2019-03-22,0.0006000000284984708,0.0006000000284984708,0.0006000000284984708,0.0006000000284984708,0.0,0.0006000000284984708
2019-03-25,0.0006000000284984708,0.0006000000284984708,0.0006000000284984708,0.0006000000284984708,0.0,0.0006000000284984708
2019-03-26,0.0006000000284984708,0.0006000000284984708,0.0006000000284984708,0.0006000000284984708,0.0,0.0006000000284984708
2019-03-27,0.0006000000284984708,0.0006000000284984708,0.0006000000284984708,0.0006000000284984708,0.0,0.0006000000284984708
2019-03-28,0.0007999999797903001,0.0006000000284984708,0.0007999999797903001,0.0006000000284984708,13237.0,0.0006000000284984708
2019-03-29,0.0006000000284984708,0.0006000000284984708,0.0006000000284984708,0.0006000000284984708,0.0,0.0006000000284984708
2019-04-01,0.000699999975040555,0.000699999975040555,0.000699999975040555,0.000699999975040555,1038.0,0.000699999975040555
2019-04-02,0.000699999975040555,0.000699999975040555,0.000699999975040555,0.000699999975040555,0.0,0.000699999975040555
2019-04-03,0.000699999975040555,0.000699999975040555,0.000699999975040555,0.000699999975040555,0.0,0.000699999975040555
2019-04-04,0.000699999975040555,0.000699999975040555,0.000699999975040555,0.000699999975040555,0.0,0.000699999975040555
2019-04-05,0.000699999975040555,0.000699999975040555,0.000699999975040555,0.000699999975040555,0.0,0.000699999975040555
2019-04-08,0.000699999975040555,0.000699999975040555,0.000699999975040555,0.000699999975040555,0.0,0.000699999975040555
2019-04-09,0.000699999975040555,0.000699999975040555,0.000699999975040555,0.000699999975040555,0.0,0.000699999975040555
2019-04-10,0.009999999776482582,0.005499999970197678,0.009999999776482582,0.007499999832361937,126666.0,0.007499999832361937
2019-04-11,0.008500000461935997,0.007499999832361937,0.008500000461935997,0.007499999832361937,56600.0,0.007499999832361937
2019-04-12,0.004540000110864639,0.003800000064074993,0.004540000110864639,0.003800000064074993,49000.0,0.003800000064074993
2019-04-15,0.003800000064074993,0.003800000064074993,0.003800000064074993,0.003800000064074993,0.0,0.003800000064074993
2019-04-16,0.004819999914616346,0.004819999914616346,0.004819999914616346,0.004819999914616346,5000.0,0.004819999914616346
2019-04-17,0.004819999914616346,0.004819999914616346,0.004819999914616346,0.004819999914616346,0.0,0.004819999914616346
2019-04-18,0.003800000064074993,0.003800000064074993,0.003800000064074993,0.003800000064074993,5000.0,0.003800000064074993
2019-04-22,0.003800000064074993,0.003800000064074993,0.003800000064074993,0.003800000064074993,0.0,0.003800000064074993
2019-04-23,0.003800000064074993,0.003800000064074993,0.003800000064074993,0.003800000064074993,0.0,0.003800000064074993
2019-04-24,0.003800000064074993,0.003800000064074993,0.003800000064074993,0.003800000064074993,0.0,0.003800000064074993
2019-04-25,0.003800000064074993,0.003800000064074993,0.003800000064074993,0.003800000064074993,0.0,0.003800000064074993
2019-04-26,0.003800000064074993,0.003800000064074993,0.003800000064074993,0.003800000064074993,0.0,0.003800000064074993
2019-04-29,0.003800000064074993,0.003800000064074993,0.003800000064074993,0.003800000064074993,0.0,0.003800000064074993
2019-04-30,0.003800000064074993,0.003800000064074993,0.003800000064074993,0.003800000064074993,0.0,0.003800000064074993
2019-05-01,0.003800000064074993,0.003800000064074993,0.003800000064074993,0.003800000064074993,0.0,0.003800000064074993
2019-05-02,0.00203000009059906,0.0020000000949949026,0.00203000009059906,0.0020000000949949026,400.0,0.0020000000949949026
2019-05-03,0.0020000000949949026,0.0020000000949949026,0.0020000000949949026,0.0020000000949949026,0.0,0.0020000000949949026
2019-05-06,0.0020000000949949026,0.0020000000949949026,0.0020000000949949026,0.0020000000949949026,0.0,0.0020000000949949026
2019-05-07,0.0020000000949949026,0.0020000000949949026,0.0020000000949949026,0.0020000000949949026,0.0,0.0020000000949949026
2019-05-08,0.0020000000949949026,0.0020000000949949026,0.0020000000949949026,0.0020000000949949026,0.0,0.0020000000949949026
2019-05-09,0.004989999812096357,0.0020000000949949026,0.004989999812096357,0.0020000000949949026,2000.0,0.0020000000949949026
2019-05-10,0.0047599999234080315,0.002899999963119626,0.002899999963119626,0.0047599999234080315,22900.0,0.0047599999234080315
2019-05-13,0.0047599999234080315,0.0047599999234080315,0.0047599999234080315,0.0047599999234080315,0.0,0.0047599999234080315
2019-05-14,0.0038999998942017555,0.0020000000949949026,0.0020000000949949026,0.0038999998942017555,4279.0,0.0038999998942017555
2019-05-15,0.0038999998942017555,0.0038999998942017555,0.0038999998942017555,0.0038999998942017555,0.0,0.0038999998942017555
2019-05-16,0.0038999998942017555,0.0038999998942017555,0.0038999998942017555,0.0038999998942017555,0.0,0.0038999998942017555
2019-05-17,0.0038999998942017555,0.0038999998942017555,0.0038999998942017555,0.0038999998942017555,0.0,0.0038999998942017555
2019-05-20,0.004100000020116568,0.004100000020116568,0.004100000020116568,0.004100000020116568,4200.0,0.004100000020116568
2019-05-21,0.004100000020116568,0.004100000020116568,0.004100000020116568,0.004100000020116568,0.0,0.004100000020116568
2019-05-22,0.004100000020116568,0.004100000020116568,0.004100000020116568,0.004100000020116568,0.0,0.004100000020116568
2019-05-23,0.004100000020116568,0.004100000020116568,0.004100000020116568,0.004100000020116568,0.0,0.004100000020116568
2019-05-24,0.004100000020116568,0.004100000020116568,0.004100000020116568,0.004100000020116568,0.0,0.004100000020116568
2019-05-28,0.004100000020116568,0.004100000020116568,0.004100000020116568,0.004100000020116568,0.0,0.004100000020116568
2019-05-29,0.004100000020116568,0.004100000020116568,0.004100000020116568,0.004100000020116568,0.0,0.004100000020116568
2019-05-30,0.004470000043511391,0.004470000043511391,0.004470000043511391,0.004470000043511391,10000.0,0.004470000043511391
2019-05-31,0.0044999998062849045,0.0042500002309679985,0.0044999998062849045,0.0042500002309679985,10400.0,0.0042500002309679985
2019-06-03,0.0042500002309679985,0.0042500002309679985,0.0042500002309679985,0.0042500002309679985,0.0,0.0042500002309679985
2019-06-04,0.006000000052154064,0.004100000020116568,0.006000000052154064,0.004100000020116568,200.0,0.004100000020116568
2019-06-05,0.004100000020116568,0.004100000020116568,0.004100000020116568,0.004100000020116568,0.0,0.004100000020116568
2019-06-06,0.004100000020116568,0.004100000020116568,0.004100000020116568,0.004100000020116568,0.0,0.004100000020116568
2019-06-07,0.004100000020116568,0.004100000020116568,0.004100000020116568,0.004100000020116568,0.0,0.004100000020116568
2019-06-10,0.004100000020116568,0.004100000020116568,0.004100000020116568,0.004100000020116568,0.0,0.004100000020116568
2019-06-11,0.004100000020116568,0.004100000020116568,0.004100000020116568,0.004100000020116568,0.0,0.004100000020116568
2019-06-12,0.0042500002309679985,0.0042500002309679985,0.0042500002309679985,0.0042500002309679985,2000.0,0.0042500002309679985
2019-06-13,0.0042500002309679985,0.0042500002309679985,0.0042500002309679985,0.0042500002309679985,0.0,0.0042500002309679985
2019-06-14,0.0042500002309679985,0.0042500002309679985,0.0042500002309679985,0.0042500002309679985,0.0,0.0042500002309679985
2019-06-17,0.004110000096261501,0.004100000020116568,0.004110000096261501,0.004100000020116568,45280.0,0.004100000020116568
2019-06-18,0.004100000020116568,0.004100000020116568,0.004100000020116568,0.004100000020116568,0.0,0.004100000020116568
2019-06-19,0.004100000020116568,0.004100000020116568,0.004100000020116568,0.004100000020116568,0.0,0.004100000020116568
2019-06-20,0.013500000350177288,0.0037499999161809683,0.003980000037699938,0.00800000037997961,14600.0,0.00800000037997961
2019-06-21,0.00800000037997961,0.00800000037997961,0.00800000037997961,0.00800000037997961,0.0,0.00800000037997961
2019-06-24,0.00800000037997961,0.00800000037997961,0.00800000037997961,0.00800000037997961,0.0,0.00800000037997961
2019-06-25,0.00800000037997961,0.00800000037997961,0.00800000037997961,0.00800000037997961,0.0,0.00800000037997961
2019-06-26,0.00800000037997961,0.00800000037997961,0.00800000037997961,0.00800000037997961,0.0,0.00800000037997961
2019-06-27,0.004999999888241291,0.0044999998062849045,0.0044999998062849045,0.004999999888241291,19700.0,0.004999999888241291
2019-06-28,0.004000000189989805,0.004000000189989805,0.004000000189989805,0.004000000189989805,20000.0,0.004000000189989805
2019-07-01,0.004000000189989805,0.004000000189989805,0.004000000189989805,0.004000000189989805,0.0,0.004000000189989805
2019-07-02,0.0020000000949949026,0.0020000000949949026,0.0020000000949949026,0.0020000000949949026,20650.0,0.0020000000949949026
2019-07-03,0.0020000000949949026,0.0020000000949949026,0.0020000000949949026,0.0020000000949949026,0.0,0.0020000000949949026
2019-07-05,0.0020000000949949026,0.0020000000949949026,0.0020000000949949026,0.0020000000949949026,0.0,0.0020000000949949026
2019-07-08,0.0020000000949949026,0.0020000000949949026,0.0020000000949949026,0.0020000000949949026,0.0,0.0020000000949949026
2019-07-09,0.0024800000246614218,0.0024800000246614218,0.0024800000246614218,0.0024800000246614218,5600.0,0.0024800000246614218
2019-07-10,0.0020000000949949026,0.0020000000949949026,0.0020000000949949026,0.0020000000949949026,1200.0,0.0020000000949949026
2019-07-11,0.0020000000949949026,0.0020000000949949026,0.0020000000949949026,0.0020000000949949026,0.0,0.0020000000949949026
2019-07-12,0.004999999888241291,0.0020000000949949026,0.004999999888241291,0.0020000000949949026,6000.0,0.0020000000949949026
2019-07-15,0.0020000000949949026,0.0020000000949949026,0.0020000000949949026,0.0020000000949949026,0.0,0.0020000000949949026
2019-07-16,0.004100000020116568,0.004100000020116568,0.004100000020116568,0.004100000020116568,9000.0,0.004100000020116568
2019-07-17,0.004999999888241291,0.004999999888241291,0.004999999888241291,0.004999999888241291,200.0,0.004999999888241291
2019-07-18,0.004999999888241291,0.004999999888241291,0.004999999888241291,0.004999999888241291,0.0,0.004999999888241291
2019-07-19,0.004999999888241291,0.004999999888241291,0.004999999888241291,0.004999999888241291,0.0,0.004999999888241291
2019-07-22,0.004999999888241291,0.004999999888241291,0.004999999888241291,0.004999999888241291,0.0,0.004999999888241291
2019-07-23,0.004999999888241291,0.004999999888241291,0.004999999888241291,0.004999999888241291,0.0,0.004999999888241291
2019-07-24,0.004999999888241291,0.004999999888241291,0.004999999888241291,0.004999999888241291,0.0,0.004999999888241291
2019-07-25,0.004999999888241291,0.004999999888241291,0.004999999888241291,0.004999999888241291,0.0,0.004999999888241291
2019-07-26,0.004999999888241291,0.004999999888241291,0.004999999888241291,0.004999999888241291,0.0,0.004999999888241291
2019-07-29,0.0020000000949949026,0.0020000000949949026,0.0020000000949949026,0.0020000000949949026,25000.0,0.0020000000949949026
2019-07-30,0.0020000000949949026,0.0020000000949949026,0.0020000000949949026,0.0020000000949949026,0.0,0.0020000000949949026
2019-07-31,0.0020000000949949026,0.0020000000949949026,0.0020000000949949026,0.0020000000949949026,0.0,0.0020000000949949026
2019-08-01,0.0020000000949949026,0.0020000000949949026,0.0020000000949949026,0.0020000000949949026,0.0,0.0020000000949949026
2019-08-02,0.0020000000949949026,0.0020000000949949026,0.0020000000949949026,0.0020000000949949026,0.0,0.0020000000949949026
2019-08-05,0.0020000000949949026,0.0020000000949949026,0.0020000000949949026,0.0020000000949949026,0.0,0.0020000000949949026
2019-08-06,0.0020000000949949026,0.0020000000949949026,0.0020000000949949026,0.0020000000949949026,0.0,0.0020000000949949026
2019-08-07,0.0020000000949949026,0.0020000000949949026,0.0020000000949949026,0.0020000000949949026,0.0,0.0020000000949949026
2019-08-08,0.0020000000949949026,0.0020000000949949026,0.0020000000949949026,0.0020000000949949026,0.0,0.0020000000949949026
2019-08-09,0.0020000000949949026,0.0020000000949949026,0.0020000000949949026,0.0020000000949949026,9990.0,0.0020000000949949026
2019-08-12,0.0020000000949949026,0.0020000000949949026,0.0020000000949949026,0.0020000000949949026,0.0,0.0020000000949949026
2019-08-13,0.0020000000949949026,0.0020000000949949026,0.0020000000949949026,0.0020000000949949026,0.0,0.0020000000949949026
2019-08-14,0.0020000000949949026,0.0020000000949949026,0.0020000000949949026,0.0020000000949949026,0.0,0.0020000000949949026
2019-08-15,0.0020000000949949026,0.0020000000949949026,0.0020000000949949026,0.0020000000949949026,0.0,0.0020000000949949026
2019-08-16,0.0020000000949949026,0.0020000000949949026,0.0020000000949949026,0.0020000000949949026,0.0,0.0020000000949949026
2019-08-19,0.0020000000949949026,0.0020000000949949026,0.0020000000949949026,0.0020000000949949026,0.0,0.0020000000949949026
2019-08-20,0.0020000000949949026,0.0020000000949949026,0.0020000000949949026,0.0020000000949949026,0.0,0.0020000000949949026
2019-08-21,0.0020000000949949026,0.0020000000949949026,0.0020000000949949026,0.0020000000949949026,0.0,0.0020000000949949026
2019-08-22,0.0020000000949949026,0.0020000000949949026,0.0020000000949949026,0.0020000000949949026,0.0,0.0020000000949949026
2019-08-23,0.0020000000949949026,0.0020000000949949026,0.0020000000949949026,0.0020000000949949026,15000.0,0.0020000000949949026
2019-08-26,0.0020000000949949026,0.0020000000949949026,0.0020000000949949026,0.0020000000949949026,0.0,0.0020000000949949026
2019-08-27,0.004000000189989805,0.002099999925121665,0.002099999925121665,0.004000000189989805,30570.0,0.004000000189989805
2019-08-28,0.004000000189989805,0.004000000189989805,0.004000000189989805,0.004000000189989805,0.0,0.004000000189989805
2019-08-29,0.004000000189989805,0.004000000189989805,0.004000000189989805,0.004000000189989805,0.0,0.004000000189989805
2019-08-30,0.0020000000949949026,0.0020000000949949026,0.0020000000949949026,0.0020000000949949026,2000.0,0.0020000000949949026
2019-09-03,0.0020000000949949026,0.0020000000949949026,0.0020000000949949026,0.0020000000949949026,680.0,0.0020000000949949026
2019-09-04,0.0020000000949949026,0.0020000000949949026,0.0020000000949949026,0.0020000000949949026,0.0,0.0020000000949949026
2019-09-05,0.0020000000949949026,0.0020000000949949026,0.0020000000949949026,0.0020000000949949026,0.0,0.0020000000949949026
2019-09-06,0.0020000000949949026,0.0020000000949949026,0.0020000000949949026,0.0020000000949949026,1000.0,0.0020000000949949026
2019-09-09,0.0020000000949949026,0.0020000000949949026,0.0020000000949949026,0.0020000000949949026,0.0,0.0020000000949949026
2019-09-10,0.0020000000949949026,0.0020000000949949026,0.0020000000949949026,0.0020000000949949026,0.0,0.0020000000949949026
2019-09-11,0.001500000013038516,0.001500000013038516,0.001500000013038516,0.001500000013038516,6000.0,0.001500000013038516
2019-09-12,0.001500000013038516,0.001500000013038516,0.001500000013038516,0.001500000013038516,0.0,0.001500000013038516
2019-09-13,0.011699999682605267,0.004000000189989805,0.004000000189989805,0.008500000461935997,90000.0,0.008500000461935997
2019-09-16,0.008500000461935997,0.008500000461935997,0.008500000461935997,0.008500000461935997,0.0,0.008500000461935997
2019-09-17,0.012799999676644802,0.004000000189989805,0.00419999985024333,0.007499999832361937,322844.0,0.007499999832361937
2019-09-18,0.00800000037997961,0.004920000210404396,0.00800000037997961,0.004920000210404396,25000.0,0.004920000210404396
2019-09-19,0.0044999998062849045,0.0044999998062849045,0.0044999998062849045,0.0044999998062849045,20000.0,0.0044999998062849045
2019-09-20,0.008999999612569809,0.008999999612569809,0.008999999612569809,0.008999999612569809,14400.0,0.008999999612569809
2019-09-23,0.008999999612569809,0.008999999612569809,0.008999999612569809,0.008999999612569809,0.0,0.008999999612569809
2019-09-24,0.004999999888241291,0.004999999888241291,0.004999999888241291,0.004999999888241291,15800.0,0.004999999888241291
2019-09-25,0.004999999888241291,0.0035000001080334187,0.004999999888241291,0.0035000001080334187,30000.0,0.0035000001080334187
2019-09-26,0.004000000189989805,0.004000000189989805,0.004000000189989805,0.004000000189989805,20000.0,0.004000000189989805
2019-09-27,0.006800000090152025,0.006800000090152025,0.006800000090152025,0.006800000090152025,3000.0,0.006800000090152025
2019-09-30,0.006800000090152025,0.006800000090152025,0.006800000090152025,0.006800000090152025,0.0,0.006800000090152025
2019-10-01,0.006800000090152025,0.006800000090152025,0.006800000090152025,0.006800000090152025,0.0,0.006800000090152025
2019-10-02,0.006800000090152025,0.006800000090152025,0.006800000090152025,0.006800000090152025,0.0,0.006800000090152025
2019-10-03,0.006800000090152025,0.006800000090152025,0.006800000090152025,0.006800000090152025,0.0,0.006800000090152025
2019-10-04,0.0033100000582635403,0.0033100000582635403,0.0033100000582635403,0.0033100000582635403,20000.0,0.0033100000582635403
2019-10-07,0.0033100000582635403,0.0033100000582635403,0.0033100000582635403,0.0033100000582635403,0.0,0.0033100000582635403
2019-10-08,0.0033100000582635403,0.0033100000582635403,0.0033100000582635403,0.0033100000582635403,0.0,0.0033100000582635403
2019-10-09,0.0065899998880922794,0.0065899998880922794,0.0065899998880922794,0.0065899998880922794,300.0,0.0065899998880922794
2019-10-10,0.0065899998880922794,0.0065899998880922794,0.0065899998880922794,0.0065899998880922794,0.0,0.0065899998880922794
2019-10-11,0.0065899998880922794,0.0065899998880922794,0.0065899998880922794,0.0065899998880922794,0.0,0.0065899998880922794
2019-10-14,0.0065899998880922794,0.0065899998880922794,0.0065899998880922794,0.0065899998880922794,0.0,0.0065899998880922794
2019-10-15,0.0031500000040978193,0.0031500000040978193,0.0031500000040978193,0.0031500000040978193,4000.0,0.0031500000040978193
2019-10-16,0.0031500000040978193,0.0031500000040978193,0.0031500000040978193,0.0031500000040978193,0.0,0.0031500000040978193
2019-10-17,0.0031500000040978193,0.0031500000040978193,0.0031500000040978193,0.0031500000040978193,0.0,0.0031500000040978193
2019-10-18,0.0039900001138448715,0.003000000026077032,0.003000000026077032,0.0039900001138448715,10140.0,0.0039900001138448715
2019-10-21,0.004000000189989805,0.003599999938160181,0.004000000189989805,0.003599999938160181,80000.0,0.003599999938160181
2019-10-22,0.003599999938160181,0.003599999938160181,0.003599999938160181,0.003599999938160181,0.0,0.003599999938160181
2019-10-23,0.003700000001117587,0.003700000001117587,0.003700000001117587,0.003700000001117587,25000.0,0.003700000001117587
2019-10-24,0.003700000001117587,0.003700000001117587,0.003700000001117587,0.003700000001117587,0.0,0.003700000001117587
2019-10-25,0.004999999888241291,0.0044999998062849045,0.0044999998062849045,0.004999999888241291,100000.0,0.004999999888241291
2019-10-28,0.004999999888241291,0.004999999888241291,0.004999999888241291,0.004999999888241291,0.0,0.004999999888241291
2019-10-29,0.003000000026077032,0.003000000026077032,0.003000000026077032,0.003000000026077032,2000.0,0.003000000026077032
2019-10-30,0.003000000026077032,0.003000000026077032,0.003000000026077032,0.003000000026077032,0.0,0.003000000026077032
2019-10-31,0.003000000026077032,0.003000000026077032,0.003000000026077032,0.003000000026077032,0.0,0.003000000026077032
2019-11-01,0.003000000026077032,0.003000000026077032,0.003000000026077032,0.003000000026077032,0.0,0.003000000026077032
2019-11-04,0.003000000026077032,0.003000000026077032,0.003000000026077032,0.003000000026077032,3400.0,0.003000000026077032
2019-11-05,0.003000000026077032,0.003000000026077032,0.003000000026077032,0.003000000026077032,0.0,0.003000000026077032
2019-11-06,0.003000000026077032,0.003000000026077032,0.003000000026077032,0.003000000026077032,0.0,0.003000000026077032
2019-11-07,0.003000000026077032,0.003000000026077032,0.003000000026077032,0.003000000026077032,0.0,0.003000000026077032
2019-11-08,0.003000000026077032,0.003000000026077032,0.003000000026077032,0.003000000026077032,0.0,0.003000000026077032
2019-11-11,0.0049600000493228436,0.0049600000493228436,0.0049600000493228436,0.0049600000493228436,10000.0,0.0049600000493228436
2019-11-12,0.0031399999279528856,0.0031399999279528856,0.0031399999279528856,0.0031399999279528856,3000.0,0.0031399999279528856
2019-11-13,0.0031399999279528856,0.0031399999279528856,0.0031399999279528856,0.0031399999279528856,0.0,0.0031399999279528856
2019-11-14,0.0031399999279528856,0.0031399999279528856,0.0031399999279528856,0.0031399999279528856,0.0,0.0031399999279528856
2019-11-15,0.0031399999279528856,0.0031399999279528856,0.0031399999279528856,0.0031399999279528856,0.0,0.0031399999279528856
2019-11-18,0.0031399999279528856,0.0031399999279528856,0.0031399999279528856,0.0031399999279528856,0.0,0.0031399999279528856
2019-11-19,0.0031399999279528856,0.0031399999279528856,0.0031399999279528856,0.0031399999279528856,0.0,0.0031399999279528856
2019-11-20,0.0031399999279528856,0.0031399999279528856,0.0031399999279528856,0.0031399999279528856,0.0,0.0031399999279528856
2019-11-21,0.0037400000728666782,0.0037400000728666782,0.0037400000728666782,0.0037400000728666782,4011.0,0.0037400000728666782
2019-11-22,0.0037400000728666782,0.0037400000728666782,0.0037400000728666782,0.0037400000728666782,0.0,0.0037400000728666782
2019-11-25,0.0031999999191612005,0.0031999999191612005,0.0031999999191612005,0.0031999999191612005,4000.0,0.0031999999191612005
2019-11-26,0.0031999999191612005,0.0031999999191612005,0.0031999999191612005,0.0031999999191612005,3100.0,0.0031999999191612005
2019-11-27,0.0037400000728666782,0.0037400000728666782,0.0037400000728666782,0.0037400000728666782,10000.0,0.0037400000728666782
2019-11-29,0.0037400000728666782,0.0037400000728666782,0.0037400000728666782,0.0037400000728666782,0.0,0.0037400000728666782
2019-12-02,0.014999999664723873,0.004459999967366457,0.004459999967366457,0.013100000098347664,1652656.0,0.013100000098347664
2019-12-03,0.05400000140070915,0.01549999974668026,0.01549999974668026,0.04650000110268593,6704961.0,0.04650000110268593
2019-12-04,0.04600000008940697,0.02810000069439411,0.04600000008940697,0.029999999329447746,1062574.0,0.029999999329447746
2019-12-05,0.04899999871850014,0.029999999329447746,0.0348999984562397,0.042980000376701355,842328.0,0.042980000376701355
2019-12-06,0.04399999976158142,0.03500000014901161,0.04326999932527542,0.039900001138448715,372143.0,0.039900001138448715
2019-12-09,0.07400000095367432,0.03400000184774399,0.037950001657009125,0.0738999992609024,527885.0,0.0738999992609024
2019-12-10,0.07349999994039536,0.046720001846551895,0.07349999994039536,0.054999999701976776,443178.0,0.054999999701976776
2019-12-11,0.04699999839067459,0.028999999165534973,0.04699999839067459,0.030950000509619713,807934.0,0.030950000509619713
2019-12-12,0.02969999983906746,0.02199999988079071,0.023099999874830246,0.023900000378489494,296791.0,0.023900000378489494
2019-12-13,0.027000000700354576,0.01269999984651804,0.017000000923871994,0.016100000590085983,122059.0,0.016100000590085983
2019-12-16,0.019899999722838402,0.010999999940395355,0.019700000062584877,0.01590000092983246,458484.0,0.01590000092983246
2019-12-17,0.019999999552965164,0.013299999758601189,0.01558000035583973,0.019999999552965164,340000.0,0.019999999552965164
2019-12-18,0.020999999716877937,0.016100000590085983,0.019530000165104866,0.016489999368786812,73000.0,0.016489999368786812
2019-12-19,0.017570000141859055,0.012199999764561653,0.016489999368786812,0.012199999764561653,171813.0,0.012199999764561653
2019-12-20,0.0106800002977252,0.010300000198185444,0.010300000198185444,0.0106800002977252,86165.0,0.0106800002977252
2019-12-23,0.010700000450015068,0.010700000450015068,0.010700000450015068,0.010700000450015068,5000.0,0.010700000450015068
2019-12-24,0.010300000198185444,0.010200000368058681,0.010300000198185444,0.010200000368058681,27500.0,0.010200000368058681
2019-12-26,0.010200000368058681,0.010200000368058681,0.010200000368058681,0.010200000368058681,0.0,0.010200000368058681
2019-12-27,0.010200000368058681,0.010200000368058681,0.010200000368058681,0.010200000368058681,0.0,0.010200000368058681
2019-12-30,0.014999999664723873,0.014999999664723873,0.014999999664723873,0.014999999664723873,20000.0,0.014999999664723873
2019-12-31,0.00989999994635582,0.008999999612569809,0.009100000374019146,0.00989999994635582,9305.0,0.00989999994635582
2020-01-02,0.00989999994635582,0.00989999994635582,0.00989999994635582,0.00989999994635582,0.0,0.00989999994635582
2020-01-03,0.00989999994635582,0.00989999994635582,0.00989999994635582,0.00989999994635582,0.0,0.00989999994635582
2020-01-06,0.007910000160336494,0.006200000178068876,0.007910000160336494,0.006200000178068876,9802.0,0.006200000178068876
2020-01-07,0.014700000174343586,0.014700000174343586,0.014700000174343586,0.014700000174343586,172.0,0.014700000174343586
2020-01-08,0.014700000174343586,0.014700000174343586,0.014700000174343586,0.014700000174343586,0.0,0.014700000174343586
2020-01-09,0.014700000174343586,0.014700000174343586,0.014700000174343586,0.014700000174343586,0.0,0.014700000174343586
2020-01-10,0.014700000174343586,0.014700000174343586,0.014700000174343586,0.014700000174343586,0.0,0.014700000174343586
2020-01-13,0.006200000178068876,0.006200000178068876,0.006200000178068876,0.006200000178068876,2000.0,0.006200000178068876
2020-01-14,0.006200000178068876,0.006200000178068876,0.006200000178068876,0.006200000178068876,10000.0,0.006200000178068876
2020-01-15,0.006200000178068876,0.0052999998442828655,0.006200000178068876,0.0052999998442828655,197100.0,0.0052999998442828655
2020-01-16,0.0052999998442828655,0.0052999998442828655,0.0052999998442828655,0.0052999998442828655,0.0,0.0052999998442828655
2020-01-17,0.00559999980032444,0.005400000140070915,0.00559999980032444,0.00559999980032444,38000.0,0.00559999980032444
2020-01-21,0.00559999980032444,0.0052999998442828655,0.00559999980032444,0.0052999998442828655,826.0,0.0052999998442828655
2020-01-22,0.0052999998442828655,0.0052999998442828655,0.0052999998442828655,0.0052999998442828655,0.0,0.0052999998442828655
2020-01-23,0.003599999938160181,0.0032099999953061342,0.003599999938160181,0.0035000001080334187,157400.0,0.0035000001080334187
2020-01-24,0.0035000001080334187,0.0024999999441206455,0.0035000001080334187,0.0024999999441206455,74000.0,0.0024999999441206455
2020-01-27,0.0024999999441206455,0.0024999999441206455,0.0024999999441206455,0.0024999999441206455,0.0,0.0024999999441206455
2020-01-28,0.0024999999441206455,0.0024999999441206455,0.0024999999441206455,0.0024999999441206455,0.0,0.0024999999441206455
2020-01-29,0.005499999970197678,0.004000000189989805,0.005499999970197678,0.0052999998442828655,62400.0,0.0052999998442828655
2020-01-30,0.0035600000992417336,0.0035600000992417336,0.0035600000992417336,0.0035600000992417336,3000.0,0.0035600000992417336
2020-01-31,0.0035600000992417336,0.0035600000992417336,0.0035600000992417336,0.0035600000992417336,0.0,0.0035600000992417336
2020-02-03,0.0035600000992417336,0.0035600000992417336,0.0035600000992417336,0.0035600000992417336,0.0,0.0035600000992417336
2020-02-04,0.0035600000992417336,0.0035600000992417336,0.0035600000992417336,0.0035600000992417336,0.0,0.0035600000992417336
2020-02-05,0.0035600000992417336,0.0035600000992417336,0.0035600000992417336,0.0035600000992417336,0.0,0.0035600000992417336
2020-02-06,0.0035600000992417336,0.0035600000992417336,0.0035600000992417336,0.0035600000992417336,0.0,0.0035600000992417336
2020-02-07,0.0035600000992417336,0.0035600000992417336,0.0035600000992417336,0.0035600000992417336,0.0,0.0035600000992417336
2020-02-10,0.0035600000992417336,0.0035600000992417336,0.0035600000992417336,0.0035600000992417336,0.0,0.0035600000992417336
2020-02-11,0.009800000116229057,0.003100000089034438,0.003599999938160181,0.009800000116229057,58600.0,0.009800000116229057
2020-02-12,0.003800000064074993,0.003800000064074993,0.003800000064074993,0.003800000064074993,18861.0,0.003800000064074993
2020-02-13,0.003800000064074993,0.003800000064074993,0.003800000064074993,0.003800000064074993,0.0,0.003800000064074993
2020-02-14,0.004100000020116568,0.004100000020116568,0.004100000020116568,0.004100000020116568,65076.0,0.004100000020116568
2020-02-18,0.004100000020116568,0.0035500000230968,0.0035500000230968,0.004100000020116568,4600.0,0.004100000020116568
2020-02-19,0.004100000020116568,0.004100000020116568,0.004100000020116568,0.004100000020116568,0.0,0.004100000020116568
2020-02-20,0.006579999811947346,0.004000000189989805,0.004000000189989805,0.006579999811947346,67168.0,0.006579999811947346
2020-02-21,0.006579999811947346,0.006579999811947346,0.006579999811947346,0.006579999811947346,0.0,0.006579999811947346
2020-02-24,0.010499999858438969,0.004999999888241291,0.010250000283122063,0.004999999888241291,12280.0,0.004999999888241291
2020-02-25,0.005900000222027302,0.004999999888241291,0.005900000222027302,0.004999999888241291,22000.0,0.004999999888241291
2020-02-26,0.004999999888241291,0.004999999888241291,0.004999999888241291,0.004999999888241291,0.0,0.004999999888241291
2020-02-27,0.004999999888241291,0.004999999888241291,0.004999999888241291,0.004999999888241291,0.0,0.004999999888241291
2020-02-28,0.004999999888241291,0.004999999888241291,0.004999999888241291,0.004999999888241291,0.0,0.004999999888241291
2020-03-02,0.004999999888241291,0.004999999888241291,0.004999999888241291,0.004999999888241291,0.0,0.004999999888241291
2020-03-03,0.0035000001080334187,0.0035000001080334187,0.0035000001080334187,0.0035000001080334187,10000.0,0.0035000001080334187
2020-03-04,0.0031999999191612005,0.0031999999191612005,0.0031999999191612005,0.0031999999191612005,2000.0,0.0031999999191612005
2020-03-05,0.0031999999191612005,0.0031999999191612005,0.0031999999191612005,0.0031999999191612005,0.0,0.0031999999191612005
2020-03-06,0.0031999999191612005,0.0031999999191612005,0.0031999999191612005,0.0031999999191612005,0.0,0.0031999999191612005
2020-03-09,0.0031999999191612005,0.0031999999191612005,0.0031999999191612005,0.0031999999191612005,34000.0,0.0031999999191612005
2020-03-10,0.0031999999191612005,0.0031999999191612005,0.0031999999191612005,0.0031999999191612005,0.0,0.0031999999191612005
2020-03-11,0.0031999999191612005,0.0031999999191612005,0.0031999999191612005,0.0031999999191612005,0.0,0.0031999999191612005
2020-03-12,0.0031999999191612005,0.0031999999191612005,0.0031999999191612005,0.0031999999191612005,0.0,0.0031999999191612005
2020-03-13,0.0031999999191612005,0.0031999999191612005,0.0031999999191612005,0.0031999999191612005,0.0,0.0031999999191612005
2020-03-16,0.0032599999103695154,0.0031999999191612005,0.0032599999103695154,0.0031999999191612005,500000.0,0.0031999999191612005
2020-03-17,0.0031999999191612005,0.0031999999191612005,0.0031999999191612005,0.0031999999191612005,0.0,0.0031999999191612005
2020-03-18,0.002199999988079071,0.002199999988079071,0.002199999988079071,0.002199999988079071,50000.0,0.002199999988079071
2020-03-19,0.002199999988079071,0.002199999988079071,0.002199999988079071,0.002199999988079071,0.0,0.002199999988079071
2020-03-20,0.003000000026077032,0.003000000026077032,0.003000000026077032,0.003000000026077032,36333.0,0.003000000026077032
2020-03-23,0.003000000026077032,0.003000000026077032,0.003000000026077032,0.003000000026077032,0.0,0.003000000026077032
2020-03-24,0.006500000134110451,0.0020000000949949026,0.006500000134110451,0.0020000000949949026,3016.0,0.0020000000949949026
2020-03-25,0.0020000000949949026,0.0020000000949949026,0.0020000000949949026,0.0020000000949949026,0.0,0.0020000000949949026
2020-03-26,0.0020000000949949026,0.0020000000949949026,0.0020000000949949026,0.0020000000949949026,0.0,0.0020000000949949026
2020-03-27,0.003000000026077032,0.003000000026077032,0.003000000026077032,0.003000000026077032,100000.0,0.003000000026077032
2020-03-30,0.002199999988079071,0.002099999925121665,0.002199999988079071,0.002199999988079071,276000.0,0.002199999988079071
2020-03-31,0.002199999988079071,0.002199999988079071,0.002199999988079071,0.002199999988079071,0.0,0.002199999988079071
2020-04-01,0.002199999988079071,0.002199999988079071,0.002199999988079071,0.002199999988079071,0.0,0.002199999988079071
2020-04-02,0.003379999892786145,0.002300000051036477,0.002300000051036477,0.00279999990016222,430140.0,0.00279999990016222
2020-04-03,0.0028299998957663774,0.00279999990016222,0.00279999990016222,0.0028299998957663774,221000.0,0.0028299998957663774
2020-04-06,0.006599999964237213,0.006599999964237213,0.006599999964237213,0.006599999964237213,1800.0,0.006599999964237213
2020-04-07,0.006599999964237213,0.006599999964237213,0.006599999964237213,0.006599999964237213,0.0,0.006599999964237213
2020-04-08,0.006599999964237213,0.006599999964237213,0.006599999964237213,0.006599999964237213,0.0,0.006599999964237213
2020-04-09,0.006599999964237213,0.006599999964237213,0.006599999964237213,0.006599999964237213,0.0,0.006599999964237213
2020-04-13,0.004399999976158142,0.004399999976158142,0.004399999976158142,0.004399999976158142,20500.0,0.004399999976158142
2020-04-14,0.0034000000450760126,0.002099999925121665,0.0031999999191612005,0.002300000051036477,305310.0,0.002300000051036477
2020-04-15,0.004000000189989805,0.0026000000070780516,0.0026000000070780516,0.004000000189989805,254900.0,0.004000000189989805
2020-04-16,0.002300000051036477,0.002300000051036477,0.002300000051036477,0.002300000051036477,15700.0,0.002300000051036477
2020-04-17,0.002300000051036477,0.002300000051036477,0.002300000051036477,0.002300000051036477,0.0,0.002300000051036477
2020-04-20,0.002300000051036477,0.002300000051036477,0.002300000051036477,0.002300000051036477,0.0,0.002300000051036477
2020-04-21,0.002300000051036477,0.002300000051036477,0.002300000051036477,0.002300000051036477,0.0,0.002300000051036477
2020-04-22,0.004399999976158142,0.002300000051036477,0.0024999999441206455,0.004399999976158142,110000.0,0.004399999976158142
2020-04-23,0.004399999976158142,0.004399999976158142,0.004399999976158142,0.004399999976158142,0.0,0.004399999976158142
2020-04-24,0.004399999976158142,0.002400000113993883,0.004399999976158142,0.002400000113993883,62100.0,0.002400000113993883
2020-04-27,0.002400000113993883,0.002400000113993883,0.002400000113993883,0.002400000113993883,0.0,0.002400000113993883
2020-04-28,0.002400000113993883,0.002400000113993883,0.002400000113993883,0.002400000113993883,0.0,0.002400000113993883
2020-04-29,0.004989999812096357,0.0020000000949949026,0.002400000113993883,0.004000000189989805,146155.0,0.004000000189989805
2020-04-30,0.004000000189989805,0.004000000189989805,0.004000000189989805,0.004000000189989805,0.0,0.004000000189989805
2020-05-01,0.004000000189989805,0.004000000189989805,0.004000000189989805,0.004000000189989805,7000.0,0.004000000189989805
2020-05-04,0.004000000189989805,0.004000000189989805,0.004000000189989805,0.004000000189989805,1500.0,0.004000000189989805
2020-05-05,0.002400000113993883,0.002099999925121665,0.002400000113993883,0.002400000113993883,220000.0,0.002400000113993883
2020-05-06,0.002400000113993883,0.002400000113993883,0.002400000113993883,0.002400000113993883,0.0,0.002400000113993883
2020-05-07,0.0030300000216811895,0.0019499999471008778,0.0019499999471008778,0.003000000026077032,14499.0,0.003000000026077032
2020-05-08,0.0038999998942017555,0.002199999988079071,0.0022299999836832285,0.0038999998942017555,32700.0,0.0038999998942017555
2020-05-11,0.0024999999441206455,0.0024999999441206455,0.0024999999441206455,0.0024999999441206455,3111.0,0.0024999999441206455
2020-05-12,0.0024999999441206455,0.0024999999441206455,0.0024999999441206455,0.0024999999441206455,0.0,0.0024999999441206455
2020-05-13,0.0024999999441206455,0.0024999999441206455,0.0024999999441206455,0.0024999999441206455,0.0,0.0024999999441206455
2020-05-14,0.0024999999441206455,0.0024999999441206455,0.0024999999441206455,0.0024999999441206455,0.0,0.0024999999441206455
2020-05-15,0.0038999998942017555,0.0038999998942017555,0.0038999998942017555,0.0038999998942017555,9960.0,0.0038999998942017555
2020-05-18,0.0038999998942017555,0.0038999998942017555,0.0038999998942017555,0.0038999998942017555,0.0,0.0038999998942017555
2020-05-19,0.0038999998942017555,0.0038999998942017555,0.0038999998942017555,0.0038999998942017555,0.0,0.0038999998942017555
2020-05-20,0.0038999998942017555,0.0038999998942017555,0.0038999998942017555,0.0038999998942017555,0.0,0.0038999998942017555
2020-05-21,0.0038999998942017555,0.0038999998942017555,0.0038999998942017555,0.0038999998942017555,0.0,0.0038999998942017555
2020-05-22,0.0038999998942017555,0.0038999998942017555,0.0038999998942017555,0.0038999998942017555,0.0,0.0038999998942017555
2020-05-26,0.0038999998942017555,0.0038999998942017555,0.0038999998942017555,0.0038999998942017555,0.0,0.0038999998942017555
2020-05-27,0.0038999998942017555,0.0038999998942017555,0.0038999998942017555,0.0038999998942017555,0.0,0.0038999998942017555
2020-05-28,0.0038999998942017555,0.0038999998942017555,0.0038999998942017555,0.0038999998942017555,0.0,0.0038999998942017555
2020-05-29,0.0038999998942017555,0.0038999998942017555,0.0038999998942017555,0.0038999998942017555,0.0,0.0038999998942017555
2020-06-01,0.0038999998942017555,0.0038999998942017555,0.0038999998942017555,0.0038999998942017555,0.0,0.0038999998942017555
2020-06-02,0.0038999998942017555,0.0038999998942017555,0.0038999998942017555,0.0038999998942017555,0.0,0.0038999998942017555
2020-06-03,0.0038999998942017555,0.0038999998942017555,0.0038999998942017555,0.0038999998942017555,0.0,0.0038999998942017555
2020-06-04,0.0038999998942017555,0.0038999998942017555,0.0038999998942017555,0.0038999998942017555,0.0,0.0038999998942017555
2020-06-05,0.0038999998942017555,0.0038999998942017555,0.0038999998942017555,0.0038999998942017555,0.0,0.0038999998942017555
2020-06-08,0.0038999998942017555,0.0038999998942017555,0.0038999998942017555,0.0038999998942017555,0.0,0.0038999998942017555
2020-06-09,0.0038999998942017555,0.0038999998942017555,0.0038999998942017555,0.0038999998942017555,0.0,0.0038999998942017555
2020-06-10,0.0036899999249726534,0.0036899999249726534,0.0036899999249726534,0.0036899999249726534,2000.0,0.0036899999249726534
2020-06-11,0.0036899999249726534,0.0036899999249726534,0.0036899999249726534,0.0036899999249726534,0.0,0.0036899999249726534
2020-06-12,0.0036899999249726534,0.0036899999249726534,0.0036899999249726534,0.0036899999249726534,0.0,0.0036899999249726534
2020-06-15,0.00419999985024333,0.00419999985024333,0.00419999985024333,0.00419999985024333,4340.0,0.00419999985024333
2020-06-16,0.005900000222027302,0.005900000222027302,0.005900000222027302,0.005900000222027302,13000.0,0.005900000222027302
2020-06-17,0.005900000222027302,0.005900000222027302,0.005900000222027302,0.005900000222027302,1740.0,0.005900000222027302
2020-06-18,0.005900000222027302,0.005900000222027302,0.005900000222027302,0.005900000222027302,0.0,0.005900000222027302
2020-06-19,0.005900000222027302,0.005900000222027302,0.005900000222027302,0.005900000222027302,0.0,0.005900000222027302
2020-06-22,0.005900000222027302,0.005900000222027302,0.005900000222027302,0.005900000222027302,0.0,0.005900000222027302
2020-06-23,0.005900000222027302,0.005900000222027302,0.005900000222027302,0.005900000222027302,0.0,0.005900000222027302
2020-06-24,0.003000000026077032,0.003000000026077032,0.003000000026077032,0.003000000026077032,2000.0,0.003000000026077032
2020-06-25,0.003000000026077032,0.003000000026077032,0.003000000026077032,0.003000000026077032,120.0,0.003000000026077032
2020-06-26,0.003000000026077032,0.003000000026077032,0.003000000026077032,0.003000000026077032,0.0,0.003000000026077032
2020-06-29,0.003000000026077032,0.003000000026077032,0.003000000026077032,0.003000000026077032,0.0,0.003000000026077032
2020-06-30,0.003000000026077032,0.003000000026077032,0.003000000026077032,0.003000000026077032,0.0,0.003000000026077032
2020-07-01,0.01899999938905239,0.004449999891221523,0.004449999891221523,0.006000000052154064,330645.0,0.006000000052154064
2020-07-02,0.014999999664723873,0.002400000113993883,0.0026000000070780516,0.009999999776482582,113600.0,0.009999999776482582
2020-07-06,0.009800000116229057,0.005499999970197678,0.005499999970197678,0.009800000116229057,47000.0,0.009800000116229057
2020-07-07,0.005400000140070915,0.004999999888241291,0.004999999888241291,0.004999999888241291,500275.0,0.004999999888241291
2020-07-08,0.004999999888241291,0.004999999888241291,0.004999999888241291,0.004999999888241291,0.0,0.004999999888241291
2020-07-09,0.004999999888241291,0.004999999888241291,0.004999999888241291,0.004999999888241291,0.0,0.004999999888241291
2020-07-10,0.004999999888241291,0.004999999888241291,0.004999999888241291,0.004999999888241291,0.0,0.004999999888241291
2020-07-13,0.004999999888241291,0.004999999888241291,0.004999999888241291,0.004999999888241291,10000.0,0.004999999888241291
2020-07-14,0.004999999888241291,0.004999999888241291,0.004999999888241291,0.004999999888241291,0.0,0.004999999888241291
2020-07-15,0.004999999888241291,0.004999999888241291,0.004999999888241291,0.004999999888241291,7000.0,0.004999999888241291
2020-07-16,0.004999999888241291,0.004999999888241291,0.004999999888241291,0.004999999888241291,0.0,0.004999999888241291
2020-07-17,0.004999999888241291,0.004999999888241291,0.004999999888241291,0.004999999888241291,0.0,0.004999999888241291
2020-07-20,0.004999999888241291,0.004999999888241291,0.004999999888241291,0.004999999888241291,10000.0,0.004999999888241291
2020-07-21,0.004999999888241291,0.004999999888241291,0.004999999888241291,0.004999999888241291,0.0,0.004999999888241291
2020-07-22,0.004999999888241291,0.004999999888241291,0.004999999888241291,0.004999999888241291,0.0,0.004999999888241291
2020-07-23,0.004999999888241291,0.004999999888241291,0.004999999888241291,0.004999999888241291,0.0,0.004999999888241291
2020-07-24,0.00570000009611249,0.004999999888241291,0.004999999888241291,0.00570000009611249,3111.0,0.00570000009611249
2020-07-27,0.00570000009611249,0.00570000009611249,0.00570000009611249,0.00570000009611249,17019.0,0.00570000009611249
2020-07-28,0.007000000216066837,0.004999999888241291,0.004999999888241291,0.007000000216066837,18300.0,0.007000000216066837
2020-07-29,0.007000000216066837,0.007000000216066837,0.007000000216066837,0.007000000216066837,0.0,0.007000000216066837
2020-07-30,0.007000000216066837,0.007000000216066837,0.007000000216066837,0.007000000216066837,0.0,0.007000000216066837
2020-07-31,0.007000000216066837,0.007000000216066837,0.007000000216066837,0.007000000216066837,0.0,0.007000000216066837
2020-08-03,0.007000000216066837,0.007000000216066837,0.007000000216066837,0.007000000216066837,0.0,0.007000000216066837
2020-08-04,0.004000000189989805,0.004000000189989805,0.004000000189989805,0.004000000189989805,8000.0,0.004000000189989805
2020-08-05,0.004000000189989805,0.004000000189989805,0.004000000189989805,0.004000000189989805,0.0,0.004000000189989805
2020-08-06,0.004000000189989805,0.004000000189989805,0.004000000189989805,0.004000000189989805,0.0,0.004000000189989805
2020-08-07,0.004000000189989805,0.004000000189989805,0.004000000189989805,0.004000000189989805,10000.0,0.004000000189989805
2020-08-10,0.004000000189989805,0.004000000189989805,0.004000000189989805,0.004000000189989805,0.0,0.004000000189989805
2020-08-11,0.004000000189989805,0.004000000189989805,0.004000000189989805,0.004000000189989805,0.0,0.004000000189989805
2020-08-12,0.004000000189989805,0.004000000189989805,0.004000000189989805,0.004000000189989805,0.0,0.004000000189989805
2020-08-13,0.004000000189989805,0.004000000189989805,0.004000000189989805,0.004000000189989805,0.0,0.004000000189989805
2020-08-14,0.004000000189989805,0.004000000189989805,0.004000000189989805,0.004000000189989805,0.0,0.004000000189989805
2020-08-17,0.004000000189989805,0.004000000189989805,0.004000000189989805,0.004000000189989805,0.0,0.004000000189989805
2020-08-18,0.0070500001311302185,0.003100000089034438,0.003100000089034438,0.0070500001311302185,102565.0,0.0070500001311302185
2020-08-19,0.003800000064074993,0.0035600000992417336,0.0035600000992417336,0.003800000064074993,70000.0,0.003800000064074993
2020-08-20,0.003800000064074993,0.003800000064074993,0.003800000064074993,0.003800000064074993,0.0,0.003800000064074993
2020-08-21,0.003800000064074993,0.003800000064074993,0.003800000064074993,0.003800000064074993,0.0,0.003800000064074993
2020-08-24,0.003800000064074993,0.003800000064074993,0.003800000064074993,0.003800000064074993,0.0,0.003800000064074993
2020-08-25,0.003800000064074993,0.003800000064074993,0.003800000064074993,0.003800000064074993,0.0,0.003800000064074993
2020-08-26,0.003800000064074993,0.003800000064074993,0.003800000064074993,0.003800000064074993,0.0,0.003800000064074993
2020-08-27,0.003800000064074993,0.003800000064074993,0.003800000064074993,0.003800000064074993,0.0,0.003800000064074993
2020-08-28,0.003800000064074993,0.003800000064074993,0.003800000064074993,0.003800000064074993,0.0,0.003800000064074993
2020-08-31,0.003800000064074993,0.003800000064074993,0.003800000064074993,0.003800000064074993,0.0,0.003800000064074993
2020-09-01,0.004550000187009573,0.004550000187009573,0.004550000187009573,0.004550000187009573,364.0,0.004550000187009573
2020-09-02,0.004550000187009573,0.004550000187009573,0.004550000187009573,0.004550000187009573,0.0,0.004550000187009573
2020-09-03,0.004550000187009573,0.004550000187009573,0.004550000187009573,0.004550000187009573,0.0,0.004550000187009573
2020-09-04,0.004550000187009573,0.004550000187009573,0.004550000187009573,0.004550000187009573,0.0,0.004550000187009573
2020-09-08,0.004550000187009573,0.004550000187009573,0.004550000187009573,0.004550000187009573,0.0,0.004550000187009573
2020-09-09,0.004480000119656324,0.004480000119656324,0.004480000119656324,0.004480000119656324,49995.0,0.004480000119656324
2020-09-10,0.004480000119656324,0.004480000119656324,0.004480000119656324,0.004480000119656324,0.0,0.004480000119656324
2020-09-11,0.006800000090152025,0.004999999888241291,0.004999999888241291,0.006800000090152025,138000.0,0.006800000090152025
2020-09-14,0.006800000090152025,0.006800000090152025,0.006800000090152025,0.006800000090152025,0.0,0.006800000090152025
2020-09-15,0.00419999985024333,0.00419999985024333,0.00419999985024333,0.00419999985024333,20000.0,0.00419999985024333
2020-09-16,0.00419999985024333,0.00419999985024333,0.00419999985024333,0.00419999985024333,0.0,0.00419999985024333
2020-09-17,0.008299999870359898,0.006870000157505274,0.007400000002235174,0.006870000157505274,61000.0,0.006870000157505274
2020-09-21,0.004999999888241291,0.004999999888241291,0.004999999888241291,0.004999999888241291,0.0,0.004999999888241291
2020-09-22,0.006000000052154064,0.006000000052154064,0.006000000052154064,0.006000000052154064,10000.0,0.006000000052154064
2020-09-23,0.029999999329447746,0.006000000052154064,0.006000000052154064,0.02979999966919422,753833.0,0.02979999966919422
2020-09-24,0.03869999945163727,0.017999999225139618,0.02979999966919422,0.03799999877810478,1455596.0,0.03799999877810478
2020-09-25,0.05000000074505806,0.026399999856948853,0.05000000074505806,0.030330000445246696,1079085.0,0.030330000445246696
2020-09-28,0.03400000184774399,0.026510000228881836,0.030500000342726707,0.027000000700354576,170118.0,0.027000000700354576
2020-09-29,0.03020000085234642,0.020099999383091927,0.027000000700354576,0.023000000044703484,504184.0,0.023000000044703484
2020-09-30,0.023000000044703484,0.017000000923871994,0.023000000044703484,0.017000000923871994,182434.0,0.017000000923871994
2020-10-01,0.02500000037252903,0.017000000923871994,0.017000000923871994,0.02500000037252903,129520.0,0.02500000037252903
2020-10-02,0.02500000037252903,0.020899999886751175,0.023569999262690544,0.022339999675750732,36700.0,0.022339999675750732
2020-10-05,0.04100000113248825,0.022949999198317528,0.022949999198317528,0.04100000113248825,248118.0,0.04100000113248825
2020-10-06,0.03849999979138374,0.032999999821186066,0.03400000184774399,0.034129999577999115,234433.0,0.034129999577999115
2020-10-07,0.035999998450279236,0.032099999487400055,0.03398999944329262,0.032829999923706055,34500.0,0.032829999923706055
2020-10-08,0.03305000066757202,0.024000000208616257,0.03277000039815903,0.024000000208616257,137076.0,0.024000000208616257
2020-10-09,0.024000000208616257,0.0215000007301569,0.024000000208616257,0.022549999877810478,164703.0,0.022549999877810478
2020-10-12,0.024000000208616257,0.01810000091791153,0.021900000050663948,0.024000000208616257,353700.0,0.024000000208616257
2020-10-13,0.029999999329447746,0.022199999541044235,0.029999999329447746,0.024000000208616257,291700.0,0.024000000208616257
2020-10-14,0.024000000208616257,0.01924999989569187,0.024000000208616257,0.021950000897049904,208500.0,0.021950000897049904
2020-10-15,0.02290000021457672,0.017999999225139618,0.020500000566244125,0.02290000021457672,245579.0,0.02290000021457672
2020-10-16,0.032999999821186066,0.01924999989569187,0.02119000069797039,0.032999999821186066,124730.0,0.032999999821186066
2020-10-19,0.03400000184774399,0.02410000003874302,0.02410000003874302,0.03400000184774399,19500.0,0.03400000184774399
2020-10-20,0.029589999467134476,0.025100000202655792,0.025100000202655792,0.029589999467134476,53750.0,0.029589999467134476
2020-10-21,0.02850000001490116,0.025100000202655792,0.025100000202655792,0.02850000001490116,7400.0,0.02850000001490116
2020-10-22,0.02850000001490116,0.02850000001490116,0.02850000001490116,0.02850000001490116,0.0,0.02850000001490116
2020-10-23,0.028449999168515205,0.02239999920129776,0.025100000202655792,0.028449999168515205,133794.0,0.028449999168515205
2020-10-26,0.028449999168515205,0.028449999168515205,0.028449999168515205,0.028449999168515205,0.0,0.028449999168515205
2020-10-27,0.02850000001490116,0.01549999974668026,0.02250000089406967,0.02850000001490116,153396.0,0.02850000001490116
2020-10-28,0.020729999989271164,0.020729999989271164,0.020729999989271164,0.020729999989271164,10000.0,0.020729999989271164
2020-10-29,0.025800000876188278,0.025699999183416367,0.025800000876188278,0.025699999183416367,10100.0,0.025699999183416367
2020-10-30,0.02426999993622303,0.02070000022649765,0.02222999930381775,0.02426999993622303,51000.0,0.02426999993622303
2020-11-02,0.02500000037252903,0.020999999716877937,0.020999999716877937,0.023900000378489494,160519.0,0.023900000378489494
2020-11-03,0.02199999988079071,0.019099999219179153,0.02199999988079071,0.019099999219179153,138000.0,0.019099999219179153
2020-11-04,0.020899999886751175,0.019999999552965164,0.020899999886751175,0.019999999552965164,9855.0,0.019999999552965164
2020-11-05,0.020999999716877937,0.017000000923871994,0.017000000923871994,0.020999999716877937,7350.0,0.020999999716877937
2020-11-06,0.0203000009059906,0.017000000923871994,0.017000000923871994,0.0203000009059906,32500.0,0.0203000009059906
2020-11-09,0.022749999538064003,0.018650000914931297,0.018650000914931297,0.022749999538064003,32800.0,0.022749999538064003
2020-11-10,0.022749999538064003,0.017000000923871994,0.017000000923871994,0.022749999538064003,4400.0,0.022749999538064003
2020-11-11,0.023800000548362732,0.023800000548362732,0.023800000548362732,0.023800000548362732,3600.0,0.023800000548362732
2020-11-12,0.023900000378489494,0.017000000923871994,0.021490000188350677,0.023900000378489494,20392.0,0.023900000378489494
2020-11-13,0.023800000548362732,0.023800000548362732,0.023800000548362732,0.023800000548362732,2500.0,0.023800000548362732
2020-11-16,0.023800000548362732,0.023800000548362732,0.023800000548362732,0.023800000548362732,0.0,0.023800000548362732
2020-11-17,0.023800000548362732,0.023800000548362732,0.023800000548362732,0.023800000548362732,0.0,0.023800000548362732
