Date,High,Low,Open,Close,Volume,Adj Close
2009-01-02,0.03999999910593033,0.03999999910593033,0.03999999910593033,0.03999999910593033,0,0.03999999910593033
2009-01-05,0.05999999865889549,0.05999999865889549,0.05999999865889549,0.05999999865889549,1000,0.05999999865889549
2009-01-06,0.05999999865889549,0.05999999865889549,0.05999999865889549,0.05999999865889549,0,0.05999999865889549
2009-01-07,0.05999999865889549,0.05999999865889549,0.05999999865889549,0.05999999865889549,0,0.05999999865889549
2009-01-08,0.05999999865889549,0.05999999865889549,0.05999999865889549,0.05999999865889549,0,0.05999999865889549
2009-01-09,0.05999999865889549,0.05999999865889549,0.05999999865889549,0.05999999865889549,0,0.05999999865889549
2009-01-12,0.05999999865889549,0.05999999865889549,0.05999999865889549,0.05999999865889549,0,0.05999999865889549
2009-01-13,0.10000000149011612,0.10000000149011612,0.10000000149011612,0.10000000149011612,1000,0.10000000149011612
2009-01-14,0.10000000149011612,0.10000000149011612,0.10000000149011612,0.10000000149011612,0,0.10000000149011612
2009-01-15,0.10000000149011612,0.10000000149011612,0.10000000149011612,0.10000000149011612,0,0.10000000149011612
2009-01-16,0.10000000149011612,0.10000000149011612,0.10000000149011612,0.10000000149011612,0,0.10000000149011612
2009-01-20,0.10000000149011612,0.10000000149011612,0.10000000149011612,0.10000000149011612,0,0.10000000149011612
2009-01-21,0.10000000149011612,0.10000000149011612,0.10000000149011612,0.10000000149011612,0,0.10000000149011612
2009-01-22,0.10000000149011612,0.10000000149011612,0.10000000149011612,0.10000000149011612,0,0.10000000149011612
2009-01-23,0.10000000149011612,0.10000000149011612,0.10000000149011612,0.10000000149011612,0,0.10000000149011612
2009-01-26,0.10000000149011612,0.10000000149011612,0.10000000149011612,0.10000000149011612,0,0.10000000149011612
2009-01-27,0.09000000357627869,0.09000000357627869,0.09000000357627869,0.09000000357627869,1000,0.09000000357627869
2009-01-28,0.09000000357627869,0.09000000357627869,0.09000000357627869,0.09000000357627869,3000,0.09000000357627869
2009-01-29,0.09000000357627869,0.09000000357627869,0.09000000357627869,0.09000000357627869,0,0.09000000357627869
2009-01-30,0.07000000029802322,0.05999999865889549,0.07000000029802322,0.05999999865889549,10000,0.05999999865889549
2009-02-02,0.05999999865889549,0.05999999865889549,0.05999999865889549,0.05999999865889549,0,0.05999999865889549
2009-02-03,0.09000000357627869,0.09000000357627869,0.09000000357627869,0.09000000357627869,6000,0.09000000357627869
2009-02-04,0.09000000357627869,0.09000000357627869,0.09000000357627869,0.09000000357627869,0,0.09000000357627869
2009-02-05,0.09000000357627869,0.09000000357627869,0.09000000357627869,0.09000000357627869,0,0.09000000357627869
2009-02-06,0.09000000357627869,0.09000000357627869,0.09000000357627869,0.09000000357627869,0,0.09000000357627869
2009-02-09,0.09000000357627869,0.09000000357627869,0.09000000357627869,0.09000000357627869,0,0.09000000357627869
2009-02-10,0.09000000357627869,0.09000000357627869,0.09000000357627869,0.09000000357627869,0,0.09000000357627869
2009-02-11,0.09000000357627869,0.09000000357627869,0.09000000357627869,0.09000000357627869,0,0.09000000357627869
2009-02-12,0.09000000357627869,0.09000000357627869,0.09000000357627869,0.09000000357627869,0,0.09000000357627869
2009-02-13,0.09000000357627869,0.09000000357627869,0.09000000357627869,0.09000000357627869,0,0.09000000357627869
2009-02-17,0.09000000357627869,0.09000000357627869,0.09000000357627869,0.09000000357627869,0,0.09000000357627869
2009-02-18,0.09000000357627869,0.09000000357627869,0.09000000357627869,0.09000000357627869,0,0.09000000357627869
2009-02-19,0.09000000357627869,0.09000000357627869,0.09000000357627869,0.09000000357627869,0,0.09000000357627869
2009-02-20,0.09000000357627869,0.09000000357627869,0.09000000357627869,0.09000000357627869,0,0.09000000357627869
2009-02-23,0.09000000357627869,0.09000000357627869,0.09000000357627869,0.09000000357627869,0,0.09000000357627869
2009-02-24,0.09000000357627869,0.09000000357627869,0.09000000357627869,0.09000000357627869,0,0.09000000357627869
2009-02-25,0.09000000357627869,0.09000000357627869,0.09000000357627869,0.09000000357627869,0,0.09000000357627869
2009-02-26,0.09000000357627869,0.09000000357627869,0.09000000357627869,0.09000000357627869,0,0.09000000357627869
2009-02-27,0.09000000357627869,0.09000000357627869,0.09000000357627869,0.09000000357627869,0,0.09000000357627869
2009-03-02,0.09000000357627869,0.09000000357627869,0.09000000357627869,0.09000000357627869,0,0.09000000357627869
2009-03-03,0.09000000357627869,0.09000000357627869,0.09000000357627869,0.09000000357627869,0,0.09000000357627869
2009-03-04,0.09000000357627869,0.09000000357627869,0.09000000357627869,0.09000000357627869,0,0.09000000357627869
2009-03-05,0.09000000357627869,0.09000000357627869,0.09000000357627869,0.09000000357627869,0,0.09000000357627869
2009-03-06,0.09000000357627869,0.09000000357627869,0.09000000357627869,0.09000000357627869,0,0.09000000357627869
2009-03-09,0.07000000029802322,0.07000000029802322,0.07000000029802322,0.07000000029802322,5000,0.07000000029802322
2009-03-10,0.07000000029802322,0.07000000029802322,0.07000000029802322,0.07000000029802322,0,0.07000000029802322
2009-03-11,0.07000000029802322,0.07000000029802322,0.07000000029802322,0.07000000029802322,0,0.07000000029802322
2009-03-12,0.07000000029802322,0.07000000029802322,0.07000000029802322,0.07000000029802322,0,0.07000000029802322
2009-03-13,0.07000000029802322,0.07000000029802322,0.07000000029802322,0.07000000029802322,0,0.07000000029802322
2009-03-16,0.07000000029802322,0.07000000029802322,0.07000000029802322,0.07000000029802322,0,0.07000000029802322
2009-03-17,0.07000000029802322,0.07000000029802322,0.07000000029802322,0.07000000029802322,0,0.07000000029802322
2009-03-18,0.03999999910593033,0.03999999910593033,0.03999999910593033,0.03999999910593033,2000,0.03999999910593033
2009-03-19,0.03999999910593033,0.03999999910593033,0.03999999910593033,0.03999999910593033,0,0.03999999910593033
2009-03-20,0.03999999910593033,0.03999999910593033,0.03999999910593033,0.03999999910593033,10000,0.03999999910593033
2009-03-23,0.05000000074505806,0.05000000074505806,0.05000000074505806,0.05000000074505806,50000,0.05000000074505806
2009-03-24,0.05000000074505806,0.05000000074505806,0.05000000074505806,0.05000000074505806,15000,0.05000000074505806
2009-03-25,0.07999999821186066,0.05999999865889549,0.05999999865889549,0.07999999821186066,5000,0.07999999821186066
2009-03-26,0.07999999821186066,0.07999999821186066,0.07999999821186066,0.07999999821186066,0,0.07999999821186066
2009-03-27,0.09000000357627869,0.05000000074505806,0.07999999821186066,0.05000000074505806,6500,0.05000000074505806
2009-03-30,0.05000000074505806,0.05000000074505806,0.05000000074505806,0.05000000074505806,3000,0.05000000074505806
2009-03-31,0.05999999865889549,0.05000000074505806,0.05000000074505806,0.05999999865889549,5000,0.05999999865889549
2009-04-01,0.03999999910593033,0.029999999329447746,0.03999999910593033,0.029999999329447746,11200,0.029999999329447746
2009-04-02,0.029999999329447746,0.029999999329447746,0.029999999329447746,0.029999999329447746,0,0.029999999329447746
2009-04-03,0.029999999329447746,0.029999999329447746,0.029999999329447746,0.029999999329447746,0,0.029999999329447746
2009-04-06,0.07000000029802322,0.07000000029802322,0.07000000029802322,0.07000000029802322,5000,0.07000000029802322
2009-04-07,0.07000000029802322,0.07000000029802322,0.07000000029802322,0.07000000029802322,0,0.07000000029802322
2009-04-08,0.07000000029802322,0.07000000029802322,0.07000000029802322,0.07000000029802322,0,0.07000000029802322
2009-04-09,0.07000000029802322,0.07000000029802322,0.07000000029802322,0.07000000029802322,0,0.07000000029802322
2009-04-13,0.07000000029802322,0.07000000029802322,0.07000000029802322,0.07000000029802322,0,0.07000000029802322
2009-04-14,0.07000000029802322,0.07000000029802322,0.07000000029802322,0.07000000029802322,0,0.07000000029802322
2009-04-15,0.07000000029802322,0.07000000029802322,0.07000000029802322,0.07000000029802322,0,0.07000000029802322
2009-04-16,0.07000000029802322,0.07000000029802322,0.07000000029802322,0.07000000029802322,0,0.07000000029802322
2009-04-17,0.07000000029802322,0.07000000029802322,0.07000000029802322,0.07000000029802322,0,0.07000000029802322
2009-04-20,0.07000000029802322,0.07000000029802322,0.07000000029802322,0.07000000029802322,0,0.07000000029802322
2009-04-21,0.07000000029802322,0.07000000029802322,0.07000000029802322,0.07000000029802322,0,0.07000000029802322
2009-04-22,0.07000000029802322,0.07000000029802322,0.07000000029802322,0.07000000029802322,0,0.07000000029802322
2009-04-23,0.07000000029802322,0.07000000029802322,0.07000000029802322,0.07000000029802322,0,0.07000000029802322
2009-04-24,0.07000000029802322,0.07000000029802322,0.07000000029802322,0.07000000029802322,0,0.07000000029802322
2009-04-27,0.07000000029802322,0.07000000029802322,0.07000000029802322,0.07000000029802322,0,0.07000000029802322
2009-04-28,0.07000000029802322,0.07000000029802322,0.07000000029802322,0.07000000029802322,0,0.07000000029802322
2009-04-29,0.07000000029802322,0.07000000029802322,0.07000000029802322,0.07000000029802322,0,0.07000000029802322
2009-04-30,0.07000000029802322,0.07000000029802322,0.07000000029802322,0.07000000029802322,0,0.07000000029802322
2009-05-01,0.07000000029802322,0.07000000029802322,0.07000000029802322,0.07000000029802322,0,0.07000000029802322
2009-05-04,0.05999999865889549,0.029999999329447746,0.03999999910593033,0.05999999865889549,46000,0.05999999865889549
2009-05-05,0.05999999865889549,0.05999999865889549,0.05999999865889549,0.05999999865889549,0,0.05999999865889549
2009-05-06,0.05999999865889549,0.05999999865889549,0.05999999865889549,0.05999999865889549,3000,0.05999999865889549
2009-05-07,0.05999999865889549,0.05999999865889549,0.05999999865889549,0.05999999865889549,0,0.05999999865889549
2009-05-08,0.05999999865889549,0.05999999865889549,0.05999999865889549,0.05999999865889549,0,0.05999999865889549
2009-05-11,0.05999999865889549,0.05999999865889549,0.05999999865889549,0.05999999865889549,0,0.05999999865889549
2009-05-12,0.05999999865889549,0.05999999865889549,0.05999999865889549,0.05999999865889549,0,0.05999999865889549
2009-05-13,0.05999999865889549,0.05999999865889549,0.05999999865889549,0.05999999865889549,0,0.05999999865889549
2009-05-14,0.05999999865889549,0.05999999865889549,0.05999999865889549,0.05999999865889549,0,0.05999999865889549
2009-05-15,0.05999999865889549,0.05999999865889549,0.05999999865889549,0.05999999865889549,0,0.05999999865889549
2009-05-18,0.05999999865889549,0.05999999865889549,0.05999999865889549,0.05999999865889549,0,0.05999999865889549
2009-05-19,0.05999999865889549,0.03999999910593033,0.03999999910593033,0.05999999865889549,20500,0.05999999865889549
2009-05-20,0.05999999865889549,0.05999999865889549,0.05999999865889549,0.05999999865889549,2500,0.05999999865889549
2009-05-21,0.05999999865889549,0.05999999865889549,0.05999999865889549,0.05999999865889549,0,0.05999999865889549
2009-05-22,0.05999999865889549,0.05999999865889549,0.05999999865889549,0.05999999865889549,0,0.05999999865889549
2009-05-26,0.07000000029802322,0.07000000029802322,0.07000000029802322,0.07000000029802322,8000,0.07000000029802322
2009-05-27,0.05999999865889549,0.05999999865889549,0.05999999865889549,0.05999999865889549,12100,0.05999999865889549
2009-05-28,0.07000000029802322,0.05999999865889549,0.05999999865889549,0.07000000029802322,19200,0.07000000029802322
2009-05-29,0.07000000029802322,0.07000000029802322,0.07000000029802322,0.07000000029802322,0,0.07000000029802322
2009-06-01,0.07000000029802322,0.07000000029802322,0.07000000029802322,0.07000000029802322,0,0.07000000029802322
2009-06-02,0.07000000029802322,0.07000000029802322,0.07000000029802322,0.07000000029802322,10500,0.07000000029802322
2009-06-03,0.07000000029802322,0.07000000029802322,0.07000000029802322,0.07000000029802322,0,0.07000000029802322
2009-06-04,0.07000000029802322,0.07000000029802322,0.07000000029802322,0.07000000029802322,0,0.07000000029802322
2009-06-05,0.10000000149011612,0.10000000149011612,0.10000000149011612,0.10000000149011612,4000,0.10000000149011612
2009-06-08,0.10000000149011612,0.10000000149011612,0.10000000149011612,0.10000000149011612,0,0.10000000149011612
2009-06-09,0.10000000149011612,0.10000000149011612,0.10000000149011612,0.10000000149011612,0,0.10000000149011612
2009-06-10,0.10000000149011612,0.10000000149011612,0.10000000149011612,0.10000000149011612,0,0.10000000149011612
2009-06-11,0.10000000149011612,0.10000000149011612,0.10000000149011612,0.10000000149011612,0,0.10000000149011612
2009-06-12,0.10000000149011612,0.10000000149011612,0.10000000149011612,0.10000000149011612,0,0.10000000149011612
2009-06-15,0.07999999821186066,0.07999999821186066,0.07999999821186066,0.07999999821186066,1000,0.07999999821186066
2009-06-16,0.07999999821186066,0.07999999821186066,0.07999999821186066,0.07999999821186066,0,0.07999999821186066
2009-06-17,0.07999999821186066,0.07999999821186066,0.07999999821186066,0.07999999821186066,4000,0.07999999821186066
2009-06-18,0.07999999821186066,0.07999999821186066,0.07999999821186066,0.07999999821186066,0,0.07999999821186066
2009-06-19,0.07999999821186066,0.07999999821186066,0.07999999821186066,0.07999999821186066,0,0.07999999821186066
2009-06-22,0.07999999821186066,0.07999999821186066,0.07999999821186066,0.07999999821186066,0,0.07999999821186066
2009-06-23,0.07999999821186066,0.07999999821186066,0.07999999821186066,0.07999999821186066,0,0.07999999821186066
2009-06-24,0.07999999821186066,0.07999999821186066,0.07999999821186066,0.07999999821186066,0,0.07999999821186066
2009-06-25,0.07999999821186066,0.07999999821186066,0.07999999821186066,0.07999999821186066,0,0.07999999821186066
2009-06-26,0.07999999821186066,0.07999999821186066,0.07999999821186066,0.07999999821186066,0,0.07999999821186066
2009-06-29,0.07999999821186066,0.07999999821186066,0.07999999821186066,0.07999999821186066,0,0.07999999821186066
2009-06-30,0.07999999821186066,0.07999999821186066,0.07999999821186066,0.07999999821186066,0,0.07999999821186066
2009-07-01,0.07999999821186066,0.07999999821186066,0.07999999821186066,0.07999999821186066,0,0.07999999821186066
2009-07-02,0.07999999821186066,0.07999999821186066,0.07999999821186066,0.07999999821186066,0,0.07999999821186066
2009-07-06,0.07999999821186066,0.07999999821186066,0.07999999821186066,0.07999999821186066,0,0.07999999821186066
2009-07-07,0.07999999821186066,0.07999999821186066,0.07999999821186066,0.07999999821186066,0,0.07999999821186066
2009-07-08,0.07999999821186066,0.07999999821186066,0.07999999821186066,0.07999999821186066,0,0.07999999821186066
2009-07-09,0.07999999821186066,0.07999999821186066,0.07999999821186066,0.07999999821186066,0,0.07999999821186066
2009-07-10,0.07999999821186066,0.07999999821186066,0.07999999821186066,0.07999999821186066,0,0.07999999821186066
2009-07-13,0.07999999821186066,0.07999999821186066,0.07999999821186066,0.07999999821186066,0,0.07999999821186066
2009-07-14,0.07999999821186066,0.07999999821186066,0.07999999821186066,0.07999999821186066,0,0.07999999821186066
2009-07-15,0.07999999821186066,0.07999999821186066,0.07999999821186066,0.07999999821186066,0,0.07999999821186066
2009-07-16,0.07999999821186066,0.07999999821186066,0.07999999821186066,0.07999999821186066,0,0.07999999821186066
2009-07-17,0.07999999821186066,0.07999999821186066,0.07999999821186066,0.07999999821186066,0,0.07999999821186066
2009-07-20,0.07999999821186066,0.07999999821186066,0.07999999821186066,0.07999999821186066,0,0.07999999821186066
2009-07-21,0.07999999821186066,0.07999999821186066,0.07999999821186066,0.07999999821186066,0,0.07999999821186066
2009-07-22,0.09000000357627869,0.09000000357627869,0.09000000357627869,0.09000000357627869,1000,0.09000000357627869
2009-07-23,0.09000000357627869,0.09000000357627869,0.09000000357627869,0.09000000357627869,0,0.09000000357627869
2009-07-24,0.09000000357627869,0.07999999821186066,0.09000000357627869,0.07999999821186066,8500,0.07999999821186066
2009-07-27,0.09000000357627869,0.09000000357627869,0.09000000357627869,0.09000000357627869,3000,0.09000000357627869
2009-07-28,0.09000000357627869,0.09000000357627869,0.09000000357627869,0.09000000357627869,8000,0.09000000357627869
2009-07-29,0.09000000357627869,0.09000000357627869,0.09000000357627869,0.09000000357627869,0,0.09000000357627869
2009-07-30,0.09000000357627869,0.09000000357627869,0.09000000357627869,0.09000000357627869,0,0.09000000357627869
2009-07-31,0.07999999821186066,0.07999999821186066,0.07999999821186066,0.07999999821186066,1900,0.07999999821186066
2009-08-03,0.07999999821186066,0.07999999821186066,0.07999999821186066,0.07999999821186066,0,0.07999999821186066
2009-08-04,0.07999999821186066,0.07999999821186066,0.07999999821186066,0.07999999821186066,0,0.07999999821186066
2009-08-05,0.07999999821186066,0.07999999821186066,0.07999999821186066,0.07999999821186066,0,0.07999999821186066
2009-08-06,0.07000000029802322,0.07000000029802322,0.07000000029802322,0.07000000029802322,3000,0.07000000029802322
2009-08-07,0.07000000029802322,0.07000000029802322,0.07000000029802322,0.07000000029802322,0,0.07000000029802322
2009-08-10,0.07000000029802322,0.07000000029802322,0.07000000029802322,0.07000000029802322,0,0.07000000029802322
2009-08-11,0.07000000029802322,0.07000000029802322,0.07000000029802322,0.07000000029802322,0,0.07000000029802322
2009-08-12,0.07000000029802322,0.07000000029802322,0.07000000029802322,0.07000000029802322,0,0.07000000029802322
2009-08-13,0.07000000029802322,0.07000000029802322,0.07000000029802322,0.07000000029802322,0,0.07000000029802322
2009-08-14,0.07000000029802322,0.07000000029802322,0.07000000029802322,0.07000000029802322,0,0.07000000029802322
2009-08-17,0.07000000029802322,0.07000000029802322,0.07000000029802322,0.07000000029802322,0,0.07000000029802322
2009-08-18,0.07000000029802322,0.07000000029802322,0.07000000029802322,0.07000000029802322,14000,0.07000000029802322
2009-08-19,0.07000000029802322,0.07000000029802322,0.07000000029802322,0.07000000029802322,0,0.07000000029802322
2009-08-20,0.05999999865889549,0.05999999865889549,0.05999999865889549,0.05999999865889549,300,0.05999999865889549
2009-08-21,0.05999999865889549,0.05999999865889549,0.05999999865889549,0.05999999865889549,0,0.05999999865889549
2009-08-24,0.05999999865889549,0.05999999865889549,0.05999999865889549,0.05999999865889549,0,0.05999999865889549
2009-08-25,0.07999999821186066,0.07999999821186066,0.07999999821186066,0.07999999821186066,1000,0.07999999821186066
2009-08-26,0.07999999821186066,0.07999999821186066,0.07999999821186066,0.07999999821186066,0,0.07999999821186066
2009-08-27,0.07999999821186066,0.07999999821186066,0.07999999821186066,0.07999999821186066,0,0.07999999821186066
2009-08-28,0.07999999821186066,0.07999999821186066,0.07999999821186066,0.07999999821186066,0,0.07999999821186066
2009-08-31,0.11999999731779099,0.11999999731779099,0.11999999731779099,0.11999999731779099,10000,0.11999999731779099
2009-09-01,0.1599999964237213,0.1599999964237213,0.1599999964237213,0.1599999964237213,100,0.1599999964237213
2009-09-02,0.1599999964237213,0.1599999964237213,0.1599999964237213,0.1599999964237213,0,0.1599999964237213
2009-09-03,0.1899999976158142,0.15000000596046448,0.1899999976158142,0.15000000596046448,10100,0.15000000596046448
2009-09-04,0.15000000596046448,0.15000000596046448,0.15000000596046448,0.15000000596046448,0,0.15000000596046448
2009-09-08,0.1899999976158142,0.1899999976158142,0.1899999976158142,0.1899999976158142,2000,0.1899999976158142
2009-09-09,0.1899999976158142,0.1899999976158142,0.1899999976158142,0.1899999976158142,0,0.1899999976158142
2009-09-10,0.18000000715255737,0.18000000715255737,0.18000000715255737,0.18000000715255737,500,0.18000000715255737
2009-09-11,0.18000000715255737,0.18000000715255737,0.18000000715255737,0.18000000715255737,0,0.18000000715255737
2009-09-14,0.18000000715255737,0.18000000715255737,0.18000000715255737,0.18000000715255737,0,0.18000000715255737
2009-09-15,0.18000000715255737,0.18000000715255737,0.18000000715255737,0.18000000715255737,0,0.18000000715255737
2009-09-16,0.18000000715255737,0.18000000715255737,0.18000000715255737,0.18000000715255737,0,0.18000000715255737
2009-09-17,0.23000000417232513,0.20999999344348907,0.23000000417232513,0.20999999344348907,4500,0.20999999344348907
2009-09-18,0.2199999988079071,0.2199999988079071,0.2199999988079071,0.2199999988079071,500,0.2199999988079071
2009-09-21,0.33000001311302185,0.25,0.25,0.3199999928474426,53600,0.3199999928474426
2009-09-22,0.3400000035762787,0.3100000023841858,0.3400000035762787,0.33000001311302185,13000,0.33000001311302185
2009-09-23,0.33000001311302185,0.33000001311302185,0.33000001311302185,0.33000001311302185,29100,0.33000001311302185
2009-09-24,0.3100000023841858,0.30000001192092896,0.3100000023841858,0.30000001192092896,10000,0.30000001192092896
2009-09-25,0.30000001192092896,0.30000001192092896,0.30000001192092896,0.30000001192092896,0,0.30000001192092896
2009-09-28,0.3700000047683716,0.3499999940395355,0.3700000047683716,0.3499999940395355,12000,0.3499999940395355
2009-09-29,0.3799999952316284,0.3700000047683716,0.3799999952316284,0.3799999952316284,18000,0.3799999952316284
2009-09-30,0.3799999952316284,0.3799999952316284,0.3799999952316284,0.3799999952316284,0,0.3799999952316284
2009-10-01,0.3799999952316284,0.3499999940395355,0.3799999952316284,0.3499999940395355,25000,0.3499999940395355
2009-10-02,0.36000001430511475,0.3499999940395355,0.36000001430511475,0.3499999940395355,33000,0.3499999940395355
2009-10-05,0.3499999940395355,0.3499999940395355,0.3499999940395355,0.3499999940395355,0,0.3499999940395355
2009-10-06,0.25,0.2199999988079071,0.25,0.2199999988079071,33500,0.2199999988079071
2009-10-07,0.2199999988079071,0.2199999988079071,0.2199999988079071,0.2199999988079071,0,0.2199999988079071
2009-10-08,0.2199999988079071,0.2199999988079071,0.2199999988079071,0.2199999988079071,0,0.2199999988079071
2009-10-09,0.2199999988079071,0.2199999988079071,0.2199999988079071,0.2199999988079071,0,0.2199999988079071
2009-10-12,0.2199999988079071,0.2199999988079071,0.2199999988079071,0.2199999988079071,0,0.2199999988079071
2009-10-13,0.2199999988079071,0.2199999988079071,0.2199999988079071,0.2199999988079071,0,0.2199999988079071
2009-10-14,0.2199999988079071,0.2199999988079071,0.2199999988079071,0.2199999988079071,0,0.2199999988079071
2009-10-15,0.20999999344348907,0.20999999344348907,0.20999999344348907,0.20999999344348907,1000,0.20999999344348907
2009-10-16,0.20999999344348907,0.20999999344348907,0.20999999344348907,0.20999999344348907,0,0.20999999344348907
2009-10-19,0.23000000417232513,0.23000000417232513,0.23000000417232513,0.23000000417232513,4000,0.23000000417232513
2009-10-20,0.23000000417232513,0.23000000417232513,0.23000000417232513,0.23000000417232513,20000,0.23000000417232513
2009-10-21,0.23000000417232513,0.23000000417232513,0.23000000417232513,0.23000000417232513,0,0.23000000417232513
2009-10-22,0.2199999988079071,0.20000000298023224,0.20000000298023224,0.2199999988079071,16300,0.2199999988079071
2009-10-23,0.20000000298023224,0.20000000298023224,0.20000000298023224,0.20000000298023224,4000,0.20000000298023224
2009-10-26,0.20000000298023224,0.20000000298023224,0.20000000298023224,0.20000000298023224,0,0.20000000298023224
2009-10-27,0.1599999964237213,0.14000000059604645,0.14000000059604645,0.1599999964237213,28400,0.1599999964237213
2009-10-28,0.15000000596046448,0.12999999523162842,0.14000000059604645,0.15000000596046448,22000,0.15000000596046448
2009-10-29,0.15000000596046448,0.15000000596046448,0.15000000596046448,0.15000000596046448,0,0.15000000596046448
2009-10-30,0.15000000596046448,0.15000000596046448,0.15000000596046448,0.15000000596046448,0,0.15000000596046448
2009-11-02,0.17000000178813934,0.15000000596046448,0.15000000596046448,0.15000000596046448,50000,0.15000000596046448
2009-11-03,0.17000000178813934,0.17000000178813934,0.17000000178813934,0.17000000178813934,2000,0.17000000178813934
2009-11-04,0.1899999976158142,0.1899999976158142,0.1899999976158142,0.1899999976158142,5000,0.1899999976158142
2009-11-05,0.1899999976158142,0.1899999976158142,0.1899999976158142,0.1899999976158142,0,0.1899999976158142
2009-11-06,0.17000000178813934,0.17000000178813934,0.17000000178813934,0.17000000178813934,1500,0.17000000178813934
2009-11-09,0.1599999964237213,0.1599999964237213,0.1599999964237213,0.1599999964237213,900,0.1599999964237213
2009-11-10,0.1599999964237213,0.1599999964237213,0.1599999964237213,0.1599999964237213,0,0.1599999964237213
2009-11-11,0.1899999976158142,0.1899999976158142,0.1899999976158142,0.1899999976158142,1400,0.1899999976158142
2009-11-12,0.1899999976158142,0.1899999976158142,0.1899999976158142,0.1899999976158142,0,0.1899999976158142
2009-11-13,0.1899999976158142,0.1899999976158142,0.1899999976158142,0.1899999976158142,10000,0.1899999976158142
2009-11-16,0.1899999976158142,0.1899999976158142,0.1899999976158142,0.1899999976158142,0,0.1899999976158142
2009-11-17,0.1899999976158142,0.1899999976158142,0.1899999976158142,0.1899999976158142,0,0.1899999976158142
2009-11-18,0.1899999976158142,0.1899999976158142,0.1899999976158142,0.1899999976158142,0,0.1899999976158142
2009-11-19,0.18000000715255737,0.18000000715255737,0.18000000715255737,0.18000000715255737,5700,0.18000000715255737
2009-11-20,0.18000000715255737,0.18000000715255737,0.18000000715255737,0.18000000715255737,0,0.18000000715255737
2009-11-23,0.20000000298023224,0.20000000298023224,0.20000000298023224,0.20000000298023224,4000,0.20000000298023224
2009-11-24,0.20000000298023224,0.20000000298023224,0.20000000298023224,0.20000000298023224,0,0.20000000298023224
2009-11-25,0.20000000298023224,0.20000000298023224,0.20000000298023224,0.20000000298023224,0,0.20000000298023224
2009-11-27,0.20000000298023224,0.20000000298023224,0.20000000298023224,0.20000000298023224,0,0.20000000298023224
2009-11-30,0.20000000298023224,0.20000000298023224,0.20000000298023224,0.20000000298023224,0,0.20000000298023224
2009-12-01,0.17000000178813934,0.15000000596046448,0.17000000178813934,0.15000000596046448,50000,0.15000000596046448
2009-12-02,0.15000000596046448,0.15000000596046448,0.15000000596046448,0.15000000596046448,0,0.15000000596046448
2009-12-03,0.15000000596046448,0.15000000596046448,0.15000000596046448,0.15000000596046448,0,0.15000000596046448
2009-12-04,0.15000000596046448,0.15000000596046448,0.15000000596046448,0.15000000596046448,0,0.15000000596046448
2009-12-07,0.15000000596046448,0.15000000596046448,0.15000000596046448,0.15000000596046448,0,0.15000000596046448
2009-12-08,0.15000000596046448,0.15000000596046448,0.15000000596046448,0.15000000596046448,1000,0.15000000596046448
2009-12-09,0.18000000715255737,0.1599999964237213,0.18000000715255737,0.17000000178813934,32000,0.17000000178813934
2009-12-10,0.17000000178813934,0.17000000178813934,0.17000000178813934,0.17000000178813934,0,0.17000000178813934
2009-12-11,0.17000000178813934,0.17000000178813934,0.17000000178813934,0.17000000178813934,0,0.17000000178813934
2009-12-14,0.1599999964237213,0.1599999964237213,0.1599999964237213,0.1599999964237213,2000,0.1599999964237213
2009-12-15,0.17000000178813934,0.15000000596046448,0.15000000596046448,0.17000000178813934,5700,0.17000000178813934
2009-12-16,0.17000000178813934,0.1599999964237213,0.1599999964237213,0.17000000178813934,13000,0.17000000178813934
2009-12-17,0.17000000178813934,0.17000000178813934,0.17000000178813934,0.17000000178813934,0,0.17000000178813934
2009-12-18,0.17000000178813934,0.17000000178813934,0.17000000178813934,0.17000000178813934,0,0.17000000178813934
2009-12-21,0.15000000596046448,0.15000000596046448,0.15000000596046448,0.15000000596046448,10000,0.15000000596046448
2009-12-22,0.15000000596046448,0.15000000596046448,0.15000000596046448,0.15000000596046448,500,0.15000000596046448
2009-12-23,0.15000000596046448,0.15000000596046448,0.15000000596046448,0.15000000596046448,800,0.15000000596046448
2009-12-24,0.15000000596046448,0.15000000596046448,0.15000000596046448,0.15000000596046448,0,0.15000000596046448
2009-12-28,0.15000000596046448,0.15000000596046448,0.15000000596046448,0.15000000596046448,0,0.15000000596046448
2009-12-29,0.15000000596046448,0.15000000596046448,0.15000000596046448,0.15000000596046448,7000,0.15000000596046448
2009-12-30,0.15000000596046448,0.15000000596046448,0.15000000596046448,0.15000000596046448,3000,0.15000000596046448
2009-12-31,0.15000000596046448,0.15000000596046448,0.15000000596046448,0.15000000596046448,6000,0.15000000596046448
2010-01-04,0.15000000596046448,0.15000000596046448,0.15000000596046448,0.15000000596046448,0,0.15000000596046448
2010-01-05,0.1599999964237213,0.1599999964237213,0.1599999964237213,0.1599999964237213,11000,0.1599999964237213
2010-01-06,0.1599999964237213,0.1599999964237213,0.1599999964237213,0.1599999964237213,5000,0.1599999964237213
2010-01-07,0.17000000178813934,0.1599999964237213,0.1599999964237213,0.17000000178813934,20000,0.17000000178813934
2010-01-08,0.1599999964237213,0.1599999964237213,0.1599999964237213,0.1599999964237213,10000,0.1599999964237213
2010-01-11,0.17000000178813934,0.17000000178813934,0.17000000178813934,0.17000000178813934,1000,0.17000000178813934
2010-01-12,0.18000000715255737,0.18000000715255737,0.18000000715255737,0.18000000715255737,500,0.18000000715255737
2010-01-13,0.1899999976158142,0.17000000178813934,0.17000000178813934,0.1899999976158142,109000,0.1899999976158142
2010-01-14,0.1899999976158142,0.1899999976158142,0.1899999976158142,0.1899999976158142,500,0.1899999976158142
2010-01-15,0.20000000298023224,0.20000000298023224,0.20000000298023224,0.20000000298023224,3500,0.20000000298023224
2010-01-19,0.23000000417232513,0.23000000417232513,0.23000000417232513,0.23000000417232513,5000,0.23000000417232513
2010-01-20,0.20999999344348907,0.18000000715255737,0.20999999344348907,0.18000000715255737,8000,0.18000000715255737
2010-01-21,0.18000000715255737,0.18000000715255737,0.18000000715255737,0.18000000715255737,0,0.18000000715255737
2010-01-22,0.1899999976158142,0.18000000715255737,0.18000000715255737,0.1899999976158142,7700,0.1899999976158142
2010-01-25,0.18000000715255737,0.18000000715255737,0.18000000715255737,0.18000000715255737,12000,0.18000000715255737
2010-01-26,0.1899999976158142,0.1899999976158142,0.1899999976158142,0.1899999976158142,10000,0.1899999976158142
2010-01-27,0.1899999976158142,0.1899999976158142,0.1899999976158142,0.1899999976158142,0,0.1899999976158142
2010-01-28,0.1899999976158142,0.1899999976158142,0.1899999976158142,0.1899999976158142,0,0.1899999976158142
2010-01-29,0.18000000715255737,0.18000000715255737,0.18000000715255737,0.18000000715255737,1700,0.18000000715255737
2010-02-01,0.18000000715255737,0.18000000715255737,0.18000000715255737,0.18000000715255737,0,0.18000000715255737
2010-02-02,0.18000000715255737,0.18000000715255737,0.18000000715255737,0.18000000715255737,0,0.18000000715255737
2010-02-03,0.2199999988079071,0.20999999344348907,0.20999999344348907,0.2199999988079071,7800,0.2199999988079071
2010-02-04,0.1899999976158142,0.1899999976158142,0.1899999976158142,0.1899999976158142,500,0.1899999976158142
2010-02-05,0.1899999976158142,0.1899999976158142,0.1899999976158142,0.1899999976158142,0,0.1899999976158142
2010-02-08,0.2199999988079071,0.2199999988079071,0.2199999988079071,0.2199999988079071,2000,0.2199999988079071
2010-02-09,0.1899999976158142,0.1899999976158142,0.1899999976158142,0.1899999976158142,8000,0.1899999976158142
2010-02-10,0.2199999988079071,0.2199999988079071,0.2199999988079071,0.2199999988079071,5000,0.2199999988079071
2010-02-11,0.2199999988079071,0.2199999988079071,0.2199999988079071,0.2199999988079071,0,0.2199999988079071
2010-02-12,0.2199999988079071,0.2199999988079071,0.2199999988079071,0.2199999988079071,0,0.2199999988079071
2010-02-16,0.2199999988079071,0.2199999988079071,0.2199999988079071,0.2199999988079071,0,0.2199999988079071
2010-02-17,0.2199999988079071,0.2199999988079071,0.2199999988079071,0.2199999988079071,0,0.2199999988079071
2010-02-18,0.2199999988079071,0.2199999988079071,0.2199999988079071,0.2199999988079071,0,0.2199999988079071
2010-02-19,0.2199999988079071,0.2199999988079071,0.2199999988079071,0.2199999988079071,0,0.2199999988079071
2010-02-22,0.2199999988079071,0.2199999988079071,0.2199999988079071,0.2199999988079071,4500,0.2199999988079071
2010-02-23,0.2199999988079071,0.2199999988079071,0.2199999988079071,0.2199999988079071,0,0.2199999988079071
2010-02-24,0.2199999988079071,0.2199999988079071,0.2199999988079071,0.2199999988079071,300,0.2199999988079071
2010-02-25,0.2199999988079071,0.2199999988079071,0.2199999988079071,0.2199999988079071,0,0.2199999988079071
2010-02-26,0.2199999988079071,0.2199999988079071,0.2199999988079071,0.2199999988079071,0,0.2199999988079071
2010-03-01,0.2199999988079071,0.2199999988079071,0.2199999988079071,0.2199999988079071,0,0.2199999988079071
2010-03-02,0.2199999988079071,0.2199999988079071,0.2199999988079071,0.2199999988079071,0,0.2199999988079071
2010-03-03,0.2199999988079071,0.2199999988079071,0.2199999988079071,0.2199999988079071,0,0.2199999988079071
2010-03-04,0.25,0.25,0.25,0.25,4800,0.25
2010-03-05,0.25,0.25,0.25,0.25,3000,0.25
2010-03-08,0.25999999046325684,0.25999999046325684,0.25999999046325684,0.25999999046325684,4000,0.25999999046325684
2010-03-09,0.25999999046325684,0.25,0.25999999046325684,0.25,9500,0.25
2010-03-10,0.25,0.20000000298023224,0.25,0.2199999988079071,41200,0.2199999988079071
2010-03-11,0.2199999988079071,0.2199999988079071,0.2199999988079071,0.2199999988079071,0,0.2199999988079071
2010-03-12,0.20999999344348907,0.20999999344348907,0.20999999344348907,0.20999999344348907,2000,0.20999999344348907
2010-03-15,0.20999999344348907,0.20999999344348907,0.20999999344348907,0.20999999344348907,0,0.20999999344348907
2010-03-16,0.20999999344348907,0.20999999344348907,0.20999999344348907,0.20999999344348907,0,0.20999999344348907
2010-03-17,0.20999999344348907,0.20999999344348907,0.20999999344348907,0.20999999344348907,0,0.20999999344348907
2010-03-18,0.20999999344348907,0.20999999344348907,0.20999999344348907,0.20999999344348907,0,0.20999999344348907
2010-03-19,0.20999999344348907,0.20999999344348907,0.20999999344348907,0.20999999344348907,0,0.20999999344348907
2010-03-22,0.20999999344348907,0.20999999344348907,0.20999999344348907,0.20999999344348907,0,0.20999999344348907
2010-03-23,0.20999999344348907,0.20999999344348907,0.20999999344348907,0.20999999344348907,0,0.20999999344348907
2010-03-24,0.20999999344348907,0.20999999344348907,0.20999999344348907,0.20999999344348907,0,0.20999999344348907
2010-03-25,0.20999999344348907,0.20999999344348907,0.20999999344348907,0.20999999344348907,0,0.20999999344348907
2010-03-26,0.20999999344348907,0.20999999344348907,0.20999999344348907,0.20999999344348907,0,0.20999999344348907
2010-03-29,0.20999999344348907,0.20999999344348907,0.20999999344348907,0.20999999344348907,0,0.20999999344348907
2010-03-30,0.20999999344348907,0.20999999344348907,0.20999999344348907,0.20999999344348907,1000,0.20999999344348907
2010-03-31,0.20999999344348907,0.20999999344348907,0.20999999344348907,0.20999999344348907,1000,0.20999999344348907
2010-04-01,0.20999999344348907,0.20999999344348907,0.20999999344348907,0.20999999344348907,0,0.20999999344348907
2010-04-05,0.20999999344348907,0.20999999344348907,0.20999999344348907,0.20999999344348907,0,0.20999999344348907
2010-04-06,0.20999999344348907,0.20999999344348907,0.20999999344348907,0.20999999344348907,0,0.20999999344348907
2010-04-07,0.20999999344348907,0.20999999344348907,0.20999999344348907,0.20999999344348907,0,0.20999999344348907
2010-04-08,0.20999999344348907,0.20999999344348907,0.20999999344348907,0.20999999344348907,0,0.20999999344348907
2010-04-09,0.20999999344348907,0.20999999344348907,0.20999999344348907,0.20999999344348907,0,0.20999999344348907
2010-04-12,0.2199999988079071,0.2199999988079071,0.2199999988079071,0.2199999988079071,12500,0.2199999988079071
2010-04-13,0.23999999463558197,0.23999999463558197,0.23999999463558197,0.23999999463558197,300,0.23999999463558197
2010-04-14,0.23000000417232513,0.2199999988079071,0.23000000417232513,0.2199999988079071,15500,0.2199999988079071
2010-04-15,0.23000000417232513,0.23000000417232513,0.23000000417232513,0.23000000417232513,1000,0.23000000417232513
2010-04-16,0.23000000417232513,0.23000000417232513,0.23000000417232513,0.23000000417232513,0,0.23000000417232513
2010-04-19,0.20999999344348907,0.20999999344348907,0.20999999344348907,0.20999999344348907,5000,0.20999999344348907
2010-04-20,0.20999999344348907,0.20999999344348907,0.20999999344348907,0.20999999344348907,0,0.20999999344348907
2010-04-21,0.20999999344348907,0.20999999344348907,0.20999999344348907,0.20999999344348907,0,0.20999999344348907
2010-04-22,0.20999999344348907,0.20999999344348907,0.20999999344348907,0.20999999344348907,0,0.20999999344348907
2010-04-23,0.20999999344348907,0.20999999344348907,0.20999999344348907,0.20999999344348907,0,0.20999999344348907
2010-04-26,0.20999999344348907,0.20999999344348907,0.20999999344348907,0.20999999344348907,0,0.20999999344348907
2010-04-27,0.20999999344348907,0.20000000298023224,0.20999999344348907,0.20000000298023224,16000,0.20000000298023224
2010-04-28,0.20000000298023224,0.20000000298023224,0.20000000298023224,0.20000000298023224,0,0.20000000298023224
2010-04-29,0.20000000298023224,0.20000000298023224,0.20000000298023224,0.20000000298023224,0,0.20000000298023224
2010-04-30,0.1899999976158142,0.1899999976158142,0.1899999976158142,0.1899999976158142,12000,0.1899999976158142
2010-05-03,0.1899999976158142,0.1899999976158142,0.1899999976158142,0.1899999976158142,0,0.1899999976158142
2010-05-04,0.1899999976158142,0.1899999976158142,0.1899999976158142,0.1899999976158142,16000,0.1899999976158142
2010-05-05,0.1899999976158142,0.1899999976158142,0.1899999976158142,0.1899999976158142,9500,0.1899999976158142
2010-05-06,0.1899999976158142,0.17000000178813934,0.1899999976158142,0.1899999976158142,5700,0.1899999976158142
2010-05-07,0.1899999976158142,0.1899999976158142,0.1899999976158142,0.1899999976158142,0,0.1899999976158142
2010-05-10,0.1899999976158142,0.1899999976158142,0.1899999976158142,0.1899999976158142,0,0.1899999976158142
2010-05-11,0.1899999976158142,0.1899999976158142,0.1899999976158142,0.1899999976158142,0,0.1899999976158142
2010-05-12,0.1899999976158142,0.1899999976158142,0.1899999976158142,0.1899999976158142,0,0.1899999976158142
2010-05-13,0.1899999976158142,0.1899999976158142,0.1899999976158142,0.1899999976158142,0,0.1899999976158142
2010-05-14,0.1899999976158142,0.1899999976158142,0.1899999976158142,0.1899999976158142,0,0.1899999976158142
2010-05-17,0.1899999976158142,0.1899999976158142,0.1899999976158142,0.1899999976158142,0,0.1899999976158142
2010-05-18,0.1899999976158142,0.1899999976158142,0.1899999976158142,0.1899999976158142,0,0.1899999976158142
2010-05-19,0.1899999976158142,0.1899999976158142,0.1899999976158142,0.1899999976158142,0,0.1899999976158142
2010-05-20,0.1599999964237213,0.14000000059604645,0.15000000596046448,0.15000000596046448,12000,0.15000000596046448
2010-05-21,0.15000000596046448,0.15000000596046448,0.15000000596046448,0.15000000596046448,0,0.15000000596046448
2010-05-24,0.15000000596046448,0.15000000596046448,0.15000000596046448,0.15000000596046448,0,0.15000000596046448
2010-05-25,0.15000000596046448,0.15000000596046448,0.15000000596046448,0.15000000596046448,0,0.15000000596046448
2010-05-26,0.15000000596046448,0.15000000596046448,0.15000000596046448,0.15000000596046448,0,0.15000000596046448
2010-05-27,0.14000000059604645,0.14000000059604645,0.14000000059604645,0.14000000059604645,8000,0.14000000059604645
2010-05-28,0.14000000059604645,0.14000000059604645,0.14000000059604645,0.14000000059604645,0,0.14000000059604645
2010-06-01,0.14000000059604645,0.14000000059604645,0.14000000059604645,0.14000000059604645,2400,0.14000000059604645
2010-06-02,0.14000000059604645,0.14000000059604645,0.14000000059604645,0.14000000059604645,1100,0.14000000059604645
2010-06-03,0.14000000059604645,0.14000000059604645,0.14000000059604645,0.14000000059604645,0,0.14000000059604645
2010-06-04,0.14000000059604645,0.14000000059604645,0.14000000059604645,0.14000000059604645,0,0.14000000059604645
2010-06-07,0.14000000059604645,0.12999999523162842,0.12999999523162842,0.14000000059604645,1000,0.14000000059604645
2010-06-08,0.15000000596046448,0.15000000596046448,0.15000000596046448,0.15000000596046448,20000,0.15000000596046448
2010-06-09,0.1599999964237213,0.1599999964237213,0.1599999964237213,0.1599999964237213,3000,0.1599999964237213
2010-06-10,0.1599999964237213,0.1599999964237213,0.1599999964237213,0.1599999964237213,0,0.1599999964237213
2010-06-11,0.1599999964237213,0.1599999964237213,0.1599999964237213,0.1599999964237213,0,0.1599999964237213
2010-06-14,0.14000000059604645,0.14000000059604645,0.14000000059604645,0.14000000059604645,1400,0.14000000059604645
2010-06-15,0.14000000059604645,0.14000000059604645,0.14000000059604645,0.14000000059604645,0,0.14000000059604645
2010-06-16,0.14000000059604645,0.14000000059604645,0.14000000059604645,0.14000000059604645,0,0.14000000059604645
2010-06-17,0.14000000059604645,0.14000000059604645,0.14000000059604645,0.14000000059604645,0,0.14000000059604645
2010-06-18,0.14000000059604645,0.14000000059604645,0.14000000059604645,0.14000000059604645,0,0.14000000059604645
2010-06-21,0.14000000059604645,0.14000000059604645,0.14000000059604645,0.14000000059604645,0,0.14000000059604645
2010-06-22,0.14000000059604645,0.14000000059604645,0.14000000059604645,0.14000000059604645,0,0.14000000059604645
2010-06-23,0.14000000059604645,0.14000000059604645,0.14000000059604645,0.14000000059604645,0,0.14000000059604645
2010-06-24,0.14000000059604645,0.14000000059604645,0.14000000059604645,0.14000000059604645,0,0.14000000059604645
2010-06-25,0.14000000059604645,0.14000000059604645,0.14000000059604645,0.14000000059604645,0,0.14000000059604645
2010-06-28,0.14000000059604645,0.14000000059604645,0.14000000059604645,0.14000000059604645,0,0.14000000059604645
2010-06-29,0.14000000059604645,0.14000000059604645,0.14000000059604645,0.14000000059604645,0,0.14000000059604645
2010-06-30,0.14000000059604645,0.14000000059604645,0.14000000059604645,0.14000000059604645,0,0.14000000059604645
2010-07-01,0.14000000059604645,0.14000000059604645,0.14000000059604645,0.14000000059604645,0,0.14000000059604645
2010-07-02,0.14000000059604645,0.14000000059604645,0.14000000059604645,0.14000000059604645,0,0.14000000059604645
2010-07-06,0.14000000059604645,0.14000000059604645,0.14000000059604645,0.14000000059604645,0,0.14000000059604645
2010-07-07,0.14000000059604645,0.14000000059604645,0.14000000059604645,0.14000000059604645,0,0.14000000059604645
2010-07-08,0.14000000059604645,0.14000000059604645,0.14000000059604645,0.14000000059604645,0,0.14000000059604645
2010-07-09,0.14000000059604645,0.14000000059604645,0.14000000059604645,0.14000000059604645,0,0.14000000059604645
2010-07-12,0.14000000059604645,0.14000000059604645,0.14000000059604645,0.14000000059604645,0,0.14000000059604645
2010-07-13,0.14000000059604645,0.14000000059604645,0.14000000059604645,0.14000000059604645,0,0.14000000059604645
2010-07-14,0.14000000059604645,0.14000000059604645,0.14000000059604645,0.14000000059604645,0,0.14000000059604645
2010-07-15,0.14000000059604645,0.14000000059604645,0.14000000059604645,0.14000000059604645,0,0.14000000059604645
2010-07-16,0.14000000059604645,0.14000000059604645,0.14000000059604645,0.14000000059604645,0,0.14000000059604645
2010-07-19,0.14000000059604645,0.14000000059604645,0.14000000059604645,0.14000000059604645,0,0.14000000059604645
2010-07-20,0.14000000059604645,0.14000000059604645,0.14000000059604645,0.14000000059604645,0,0.14000000059604645
2010-07-21,0.1599999964237213,0.1599999964237213,0.1599999964237213,0.1599999964237213,4500,0.1599999964237213
2010-07-22,0.1599999964237213,0.1599999964237213,0.1599999964237213,0.1599999964237213,0,0.1599999964237213
2010-07-23,0.1599999964237213,0.1599999964237213,0.1599999964237213,0.1599999964237213,0,0.1599999964237213
2010-07-26,0.1599999964237213,0.1599999964237213,0.1599999964237213,0.1599999964237213,0,0.1599999964237213
2010-07-27,0.1599999964237213,0.1599999964237213,0.1599999964237213,0.1599999964237213,0,0.1599999964237213
2010-07-28,0.1599999964237213,0.1599999964237213,0.1599999964237213,0.1599999964237213,0,0.1599999964237213
2010-07-29,0.1599999964237213,0.1599999964237213,0.1599999964237213,0.1599999964237213,1500,0.1599999964237213
2010-07-30,0.1599999964237213,0.1599999964237213,0.1599999964237213,0.1599999964237213,0,0.1599999964237213
2010-08-02,0.1599999964237213,0.1599999964237213,0.1599999964237213,0.1599999964237213,0,0.1599999964237213
2010-08-03,0.18000000715255737,0.18000000715255737,0.18000000715255737,0.18000000715255737,10000,0.18000000715255737
2010-08-04,0.18000000715255737,0.18000000715255737,0.18000000715255737,0.18000000715255737,0,0.18000000715255737
2010-08-05,0.18000000715255737,0.18000000715255737,0.18000000715255737,0.18000000715255737,0,0.18000000715255737
2010-08-06,0.18000000715255737,0.18000000715255737,0.18000000715255737,0.18000000715255737,0,0.18000000715255737
2010-08-09,0.18000000715255737,0.18000000715255737,0.18000000715255737,0.18000000715255737,0,0.18000000715255737
2010-08-10,0.15000000596046448,0.15000000596046448,0.15000000596046448,0.15000000596046448,2000,0.15000000596046448
2010-08-11,0.15000000596046448,0.15000000596046448,0.15000000596046448,0.15000000596046448,0,0.15000000596046448
2010-08-12,0.15000000596046448,0.15000000596046448,0.15000000596046448,0.15000000596046448,0,0.15000000596046448
2010-08-13,0.14000000059604645,0.14000000059604645,0.14000000059604645,0.14000000059604645,4000,0.14000000059604645
2010-08-16,0.14000000059604645,0.14000000059604645,0.14000000059604645,0.14000000059604645,0,0.14000000059604645
2010-08-17,0.14000000059604645,0.14000000059604645,0.14000000059604645,0.14000000059604645,0,0.14000000059604645
2010-08-18,0.15000000596046448,0.15000000596046448,0.15000000596046448,0.15000000596046448,5000,0.15000000596046448
2010-08-19,0.15000000596046448,0.15000000596046448,0.15000000596046448,0.15000000596046448,0,0.15000000596046448
2010-08-20,0.15000000596046448,0.14000000059604645,0.15000000596046448,0.15000000596046448,10000,0.15000000596046448
2010-08-23,0.15000000596046448,0.15000000596046448,0.15000000596046448,0.15000000596046448,10000,0.15000000596046448
2010-08-24,0.15000000596046448,0.15000000596046448,0.15000000596046448,0.15000000596046448,0,0.15000000596046448
2010-08-25,0.1599999964237213,0.1599999964237213,0.1599999964237213,0.1599999964237213,3000,0.1599999964237213
2010-08-26,0.18000000715255737,0.18000000715255737,0.18000000715255737,0.18000000715255737,31000,0.18000000715255737
2010-08-27,0.18000000715255737,0.18000000715255737,0.18000000715255737,0.18000000715255737,0,0.18000000715255737
2010-08-30,0.18000000715255737,0.18000000715255737,0.18000000715255737,0.18000000715255737,0,0.18000000715255737
2010-08-31,0.20000000298023224,0.18000000715255737,0.20000000298023224,0.18000000715255737,10000,0.18000000715255737
2010-09-01,0.18000000715255737,0.17000000178813934,0.17000000178813934,0.18000000715255737,3000,0.18000000715255737
2010-09-02,0.20000000298023224,0.18000000715255737,0.18000000715255737,0.20000000298023224,19000,0.20000000298023224
2010-09-03,0.23000000417232513,0.20000000298023224,0.20000000298023224,0.23000000417232513,31100,0.23000000417232513
2010-09-07,0.2800000011920929,0.2800000011920929,0.2800000011920929,0.2800000011920929,5300,0.2800000011920929
2010-09-08,0.2800000011920929,0.2800000011920929,0.2800000011920929,0.2800000011920929,0,0.2800000011920929
2010-09-09,0.2800000011920929,0.2800000011920929,0.2800000011920929,0.2800000011920929,0,0.2800000011920929
2010-09-10,0.2800000011920929,0.2800000011920929,0.2800000011920929,0.2800000011920929,0,0.2800000011920929
2010-09-13,0.3400000035762787,0.28999999165534973,0.3199999928474426,0.28999999165534973,21000,0.28999999165534973
2010-09-14,0.28999999165534973,0.28999999165534973,0.28999999165534973,0.28999999165534973,0,0.28999999165534973
2010-09-15,0.3199999928474426,0.28999999165534973,0.3199999928474426,0.28999999165534973,45000,0.28999999165534973
2010-09-16,0.3199999928474426,0.3199999928474426,0.3199999928474426,0.3199999928474426,1500,0.3199999928474426
2010-09-17,0.3199999928474426,0.3199999928474426,0.3199999928474426,0.3199999928474426,0,0.3199999928474426
2010-09-20,0.3199999928474426,0.3199999928474426,0.3199999928474426,0.3199999928474426,0,0.3199999928474426
2010-09-21,0.3199999928474426,0.3199999928474426,0.3199999928474426,0.3199999928474426,0,0.3199999928474426
2010-09-22,0.3199999928474426,0.3199999928474426,0.3199999928474426,0.3199999928474426,0,0.3199999928474426
2010-09-23,0.30000001192092896,0.30000001192092896,0.30000001192092896,0.30000001192092896,12000,0.30000001192092896
2010-09-24,0.30000001192092896,0.30000001192092896,0.30000001192092896,0.30000001192092896,0,0.30000001192092896
2010-09-27,0.30000001192092896,0.30000001192092896,0.30000001192092896,0.30000001192092896,0,0.30000001192092896
2010-09-28,0.30000001192092896,0.30000001192092896,0.30000001192092896,0.30000001192092896,0,0.30000001192092896
2010-09-29,0.30000001192092896,0.30000001192092896,0.30000001192092896,0.30000001192092896,0,0.30000001192092896
2010-09-30,0.30000001192092896,0.30000001192092896,0.30000001192092896,0.30000001192092896,0,0.30000001192092896
2010-10-01,0.30000001192092896,0.30000001192092896,0.30000001192092896,0.30000001192092896,0,0.30000001192092896
2010-10-04,0.28999999165534973,0.28999999165534973,0.28999999165534973,0.28999999165534973,3000,0.28999999165534973
2010-10-05,0.25,0.25,0.25,0.25,500,0.25
2010-10-06,0.25,0.25,0.25,0.25,200,0.25
2010-10-07,0.23999999463558197,0.23000000417232513,0.23000000417232513,0.23999999463558197,10000,0.23999999463558197
2010-10-08,0.2199999988079071,0.20999999344348907,0.2199999988079071,0.20999999344348907,7600,0.20999999344348907
2010-10-11,0.20999999344348907,0.20999999344348907,0.20999999344348907,0.20999999344348907,0,0.20999999344348907
2010-10-12,0.20999999344348907,0.20999999344348907,0.20999999344348907,0.20999999344348907,0,0.20999999344348907
2010-10-13,0.2199999988079071,0.2199999988079071,0.2199999988079071,0.2199999988079071,1000,0.2199999988079071
2010-10-14,0.20999999344348907,0.20999999344348907,0.20999999344348907,0.20999999344348907,4000,0.20999999344348907
2010-10-15,0.20000000298023224,0.20000000298023224,0.20000000298023224,0.20000000298023224,300,0.20000000298023224
2010-10-18,0.27000001072883606,0.23999999463558197,0.23999999463558197,0.27000001072883606,8100,0.27000001072883606
2010-10-19,0.27000001072883606,0.27000001072883606,0.27000001072883606,0.27000001072883606,0,0.27000001072883606
2010-10-20,0.27000001072883606,0.27000001072883606,0.27000001072883606,0.27000001072883606,0,0.27000001072883606
2010-10-21,0.27000001072883606,0.27000001072883606,0.27000001072883606,0.27000001072883606,0,0.27000001072883606
2010-10-22,0.27000001072883606,0.27000001072883606,0.27000001072883606,0.27000001072883606,0,0.27000001072883606
2010-10-25,0.27000001072883606,0.27000001072883606,0.27000001072883606,0.27000001072883606,0,0.27000001072883606
2010-10-26,0.27000001072883606,0.27000001072883606,0.27000001072883606,0.27000001072883606,0,0.27000001072883606
2010-10-27,0.27000001072883606,0.27000001072883606,0.27000001072883606,0.27000001072883606,0,0.27000001072883606
2010-10-28,0.27000001072883606,0.27000001072883606,0.27000001072883606,0.27000001072883606,0,0.27000001072883606
2010-10-29,0.27000001072883606,0.27000001072883606,0.27000001072883606,0.27000001072883606,1300,0.27000001072883606
2010-11-01,0.23999999463558197,0.23999999463558197,0.23999999463558197,0.23999999463558197,2500,0.23999999463558197
2010-11-02,0.23000000417232513,0.23000000417232513,0.23000000417232513,0.23000000417232513,10000,0.23000000417232513
2010-11-03,0.23000000417232513,0.23000000417232513,0.23000000417232513,0.23000000417232513,0,0.23000000417232513
2010-11-04,0.28999999165534973,0.23000000417232513,0.2800000011920929,0.23000000417232513,9100,0.23000000417232513
2010-11-05,0.23000000417232513,0.23000000417232513,0.23000000417232513,0.23000000417232513,0,0.23000000417232513
2010-11-08,0.23000000417232513,0.23000000417232513,0.23000000417232513,0.23000000417232513,0,0.23000000417232513
2010-11-09,0.25999999046325684,0.23000000417232513,0.23999999463558197,0.23000000417232513,26000,0.23000000417232513
2010-11-10,0.23000000417232513,0.23000000417232513,0.23000000417232513,0.23000000417232513,6000,0.23000000417232513
2010-11-11,0.23999999463558197,0.23999999463558197,0.23999999463558197,0.23999999463558197,800,0.23999999463558197
2010-11-12,0.23000000417232513,0.23000000417232513,0.23000000417232513,0.23000000417232513,12000,0.23000000417232513
2010-11-15,0.23000000417232513,0.23000000417232513,0.23000000417232513,0.23000000417232513,0,0.23000000417232513
2010-11-16,0.23999999463558197,0.23999999463558197,0.23999999463558197,0.23999999463558197,4000,0.23999999463558197
2010-11-17,0.23999999463558197,0.23999999463558197,0.23999999463558197,0.23999999463558197,0,0.23999999463558197
2010-11-18,0.2199999988079071,0.20999999344348907,0.2199999988079071,0.20999999344348907,24500,0.20999999344348907
2010-11-19,0.20999999344348907,0.20999999344348907,0.20999999344348907,0.20999999344348907,0,0.20999999344348907
2010-11-22,0.20999999344348907,0.20999999344348907,0.20999999344348907,0.20999999344348907,0,0.20999999344348907
2010-11-23,0.20999999344348907,0.20999999344348907,0.20999999344348907,0.20999999344348907,0,0.20999999344348907
2010-11-24,0.20000000298023224,0.20000000298023224,0.20000000298023224,0.20000000298023224,4900,0.20000000298023224
2010-11-26,0.20000000298023224,0.20000000298023224,0.20000000298023224,0.20000000298023224,0,0.20000000298023224
2010-11-29,0.20000000298023224,0.20000000298023224,0.20000000298023224,0.20000000298023224,0,0.20000000298023224
2010-11-30,0.20000000298023224,0.20000000298023224,0.20000000298023224,0.20000000298023224,0,0.20000000298023224
2010-12-01,0.20999999344348907,0.20000000298023224,0.20000000298023224,0.20000000298023224,15000,0.20000000298023224
2010-12-02,0.23000000417232513,0.20000000298023224,0.23000000417232513,0.20000000298023224,16000,0.20000000298023224
2010-12-03,0.20000000298023224,0.20000000298023224,0.20000000298023224,0.20000000298023224,14000,0.20000000298023224
2010-12-06,0.17000000178813934,0.17000000178813934,0.17000000178813934,0.17000000178813934,500,0.17000000178813934
2010-12-07,0.20999999344348907,0.18000000715255737,0.1899999976158142,0.20999999344348907,4900,0.20999999344348907
2010-12-08,0.20000000298023224,0.20000000298023224,0.20000000298023224,0.20000000298023224,1500,0.20000000298023224
2010-12-09,0.20000000298023224,0.20000000298023224,0.20000000298023224,0.20000000298023224,0,0.20000000298023224
2010-12-10,0.20000000298023224,0.20000000298023224,0.20000000298023224,0.20000000298023224,0,0.20000000298023224
2010-12-13,0.20000000298023224,0.20000000298023224,0.20000000298023224,0.20000000298023224,0,0.20000000298023224
2010-12-14,0.20000000298023224,0.20000000298023224,0.20000000298023224,0.20000000298023224,0,0.20000000298023224
2010-12-15,0.20000000298023224,0.20000000298023224,0.20000000298023224,0.20000000298023224,0,0.20000000298023224
2010-12-16,0.20000000298023224,0.20000000298023224,0.20000000298023224,0.20000000298023224,0,0.20000000298023224
2010-12-17,0.20999999344348907,0.1899999976158142,0.1899999976158142,0.20999999344348907,20000,0.20999999344348907
2010-12-20,0.20999999344348907,0.20999999344348907,0.20999999344348907,0.20999999344348907,0,0.20999999344348907
2010-12-21,0.18000000715255737,0.18000000715255737,0.18000000715255737,0.18000000715255737,1000,0.18000000715255737
2010-12-22,0.1899999976158142,0.18000000715255737,0.18000000715255737,0.1899999976158142,6800,0.1899999976158142
2010-12-23,0.20999999344348907,0.20999999344348907,0.20999999344348907,0.20999999344348907,10000,0.20999999344348907
2010-12-27,0.20999999344348907,0.20999999344348907,0.20999999344348907,0.20999999344348907,0,0.20999999344348907
2010-12-28,0.20999999344348907,0.20999999344348907,0.20999999344348907,0.20999999344348907,0,0.20999999344348907
2010-12-29,0.20999999344348907,0.20000000298023224,0.20000000298023224,0.20999999344348907,15000,0.20999999344348907
2010-12-30,0.20000000298023224,0.1899999976158142,0.1899999976158142,0.1899999976158142,8000,0.1899999976158142
2010-12-31,0.2199999988079071,0.1899999976158142,0.2199999988079071,0.1899999976158142,3500,0.1899999976158142
2011-01-03,0.1899999976158142,0.1899999976158142,0.1899999976158142,0.1899999976158142,0,0.1899999976158142
2011-01-04,0.2199999988079071,0.2199999988079071,0.2199999988079071,0.2199999988079071,3600,0.2199999988079071
2011-01-05,0.2199999988079071,0.2199999988079071,0.2199999988079071,0.2199999988079071,0,0.2199999988079071
2011-01-06,0.1899999976158142,0.1899999976158142,0.1899999976158142,0.1899999976158142,1000,0.1899999976158142
2011-01-07,0.1899999976158142,0.1899999976158142,0.1899999976158142,0.1899999976158142,0,0.1899999976158142
2011-01-10,0.23999999463558197,0.23999999463558197,0.23999999463558197,0.23999999463558197,20000,0.23999999463558197
2011-01-11,0.23999999463558197,0.23999999463558197,0.23999999463558197,0.23999999463558197,10000,0.23999999463558197
2011-01-12,0.23999999463558197,0.23999999463558197,0.23999999463558197,0.23999999463558197,0,0.23999999463558197
2011-01-13,0.23999999463558197,0.23999999463558197,0.23999999463558197,0.23999999463558197,0,0.23999999463558197
2011-01-14,0.23999999463558197,0.23999999463558197,0.23999999463558197,0.23999999463558197,0,0.23999999463558197
2011-01-18,0.20000000298023224,0.20000000298023224,0.20000000298023224,0.20000000298023224,500,0.20000000298023224
2011-01-19,0.2199999988079071,0.2199999988079071,0.2199999988079071,0.2199999988079071,11900,0.2199999988079071
2011-01-20,0.2199999988079071,0.2199999988079071,0.2199999988079071,0.2199999988079071,0,0.2199999988079071
2011-01-21,0.20999999344348907,0.20999999344348907,0.20999999344348907,0.20999999344348907,15000,0.20999999344348907
2011-01-24,0.20999999344348907,0.20999999344348907,0.20999999344348907,0.20999999344348907,0,0.20999999344348907
2011-01-25,0.1899999976158142,0.18000000715255737,0.1899999976158142,0.18000000715255737,10000,0.18000000715255737
2011-01-26,0.2199999988079071,0.2199999988079071,0.2199999988079071,0.2199999988079071,4000,0.2199999988079071
2011-01-27,0.20000000298023224,0.20000000298023224,0.20000000298023224,0.20000000298023224,2000,0.20000000298023224
2011-01-28,0.20000000298023224,0.1899999976158142,0.20000000298023224,0.1899999976158142,18100,0.1899999976158142
2011-01-31,0.1899999976158142,0.1899999976158142,0.1899999976158142,0.1899999976158142,0,0.1899999976158142
2011-02-01,0.2199999988079071,0.2199999988079071,0.2199999988079071,0.2199999988079071,10000,0.2199999988079071
2011-02-02,0.2199999988079071,0.2199999988079071,0.2199999988079071,0.2199999988079071,700,0.2199999988079071
2011-02-03,0.2199999988079071,0.2199999988079071,0.2199999988079071,0.2199999988079071,0,0.2199999988079071
2011-02-04,0.23999999463558197,0.23999999463558197,0.23999999463558197,0.23999999463558197,4400,0.23999999463558197
2011-02-07,0.23999999463558197,0.23999999463558197,0.23999999463558197,0.23999999463558197,0,0.23999999463558197
2011-02-08,0.23999999463558197,0.23999999463558197,0.23999999463558197,0.23999999463558197,0,0.23999999463558197
2011-02-09,0.23999999463558197,0.23999999463558197,0.23999999463558197,0.23999999463558197,0,0.23999999463558197
2011-02-10,0.23999999463558197,0.23999999463558197,0.23999999463558197,0.23999999463558197,0,0.23999999463558197
2011-02-11,0.20000000298023224,0.20000000298023224,0.20000000298023224,0.20000000298023224,5500,0.20000000298023224
2011-02-14,0.1899999976158142,0.1899999976158142,0.1899999976158142,0.1899999976158142,11000,0.1899999976158142
2011-02-15,0.23000000417232513,0.2199999988079071,0.2199999988079071,0.23000000417232513,4500,0.23000000417232513
2011-02-16,0.23000000417232513,0.23000000417232513,0.23000000417232513,0.23000000417232513,0,0.23000000417232513
2011-02-17,0.2199999988079071,0.2199999988079071,0.2199999988079071,0.2199999988079071,1000,0.2199999988079071
2011-02-18,0.2199999988079071,0.2199999988079071,0.2199999988079071,0.2199999988079071,0,0.2199999988079071
2011-02-22,0.2800000011920929,0.23999999463558197,0.23999999463558197,0.27000001072883606,47900,0.27000001072883606
2011-02-23,0.23000000417232513,0.20000000298023224,0.23000000417232513,0.20000000298023224,18000,0.20000000298023224
2011-02-24,0.20000000298023224,0.20000000298023224,0.20000000298023224,0.20000000298023224,0,0.20000000298023224
2011-02-25,0.20000000298023224,0.20000000298023224,0.20000000298023224,0.20000000298023224,0,0.20000000298023224
2011-02-28,0.20000000298023224,0.20000000298023224,0.20000000298023224,0.20000000298023224,0,0.20000000298023224
2011-03-01,0.28999999165534973,0.28999999165534973,0.28999999165534973,0.28999999165534973,10000,0.28999999165534973
2011-03-02,0.28999999165534973,0.28999999165534973,0.28999999165534973,0.28999999165534973,0,0.28999999165534973
2011-03-03,0.28999999165534973,0.28999999165534973,0.28999999165534973,0.28999999165534973,0,0.28999999165534973
2011-03-04,0.28999999165534973,0.28999999165534973,0.28999999165534973,0.28999999165534973,0,0.28999999165534973
2011-03-07,0.27000001072883606,0.25,0.27000001072883606,0.25,2500,0.25
2011-03-08,0.3100000023841858,0.2800000011920929,0.3100000023841858,0.28999999165534973,16000,0.28999999165534973
2011-03-09,0.27000001072883606,0.27000001072883606,0.27000001072883606,0.27000001072883606,1000,0.27000001072883606
2011-03-10,0.27000001072883606,0.27000001072883606,0.27000001072883606,0.27000001072883606,10000,0.27000001072883606
2011-03-11,0.28999999165534973,0.28999999165534973,0.28999999165534973,0.28999999165534973,22000,0.28999999165534973
2011-03-14,0.30000001192092896,0.2800000011920929,0.30000001192092896,0.2800000011920929,14500,0.2800000011920929
2011-03-15,0.2800000011920929,0.2800000011920929,0.2800000011920929,0.2800000011920929,0,0.2800000011920929
2011-03-16,0.2800000011920929,0.2800000011920929,0.2800000011920929,0.2800000011920929,0,0.2800000011920929
2011-03-17,0.2800000011920929,0.2800000011920929,0.2800000011920929,0.2800000011920929,0,0.2800000011920929
2011-03-18,0.25,0.25,0.25,0.25,4000,0.25
2011-03-21,0.25,0.23999999463558197,0.23999999463558197,0.25,6000,0.25
2011-03-22,0.30000001192092896,0.27000001072883606,0.2800000011920929,0.27000001072883606,43300,0.27000001072883606
2011-03-23,0.3199999928474426,0.30000001192092896,0.30000001192092896,0.3199999928474426,10700,0.3199999928474426
2011-03-24,0.33000001311302185,0.30000001192092896,0.3199999928474426,0.3199999928474426,55300,0.3199999928474426
2011-03-25,0.30000001192092896,0.30000001192092896,0.30000001192092896,0.30000001192092896,1500,0.30000001192092896
2011-03-28,0.3400000035762787,0.28999999165534973,0.3100000023841858,0.3400000035762787,13500,0.3400000035762787
2011-03-29,0.3400000035762787,0.3400000035762787,0.3400000035762787,0.3400000035762787,0,0.3400000035762787
2011-03-30,0.3400000035762787,0.3400000035762787,0.3400000035762787,0.3400000035762787,0,0.3400000035762787
2011-03-31,0.3400000035762787,0.3400000035762787,0.3400000035762787,0.3400000035762787,0,0.3400000035762787
2011-04-01,0.3400000035762787,0.3400000035762787,0.3400000035762787,0.3400000035762787,0,0.3400000035762787
2011-04-04,0.30000001192092896,0.30000001192092896,0.30000001192092896,0.30000001192092896,3000,0.30000001192092896
2011-04-05,0.30000001192092896,0.30000001192092896,0.30000001192092896,0.30000001192092896,0,0.30000001192092896
2011-04-06,0.28999999165534973,0.2800000011920929,0.28999999165534973,0.2800000011920929,5600,0.2800000011920929
2011-04-07,0.3199999928474426,0.3199999928474426,0.3199999928474426,0.3199999928474426,10000,0.3199999928474426
2011-04-08,0.27000001072883606,0.27000001072883606,0.27000001072883606,0.27000001072883606,2000,0.27000001072883606
2011-04-11,0.28999999165534973,0.2800000011920929,0.28999999165534973,0.2800000011920929,20000,0.2800000011920929
2011-04-12,0.30000001192092896,0.30000001192092896,0.30000001192092896,0.30000001192092896,3500,0.30000001192092896
2011-04-13,0.30000001192092896,0.30000001192092896,0.30000001192092896,0.30000001192092896,0,0.30000001192092896
2011-04-14,0.30000001192092896,0.30000001192092896,0.30000001192092896,0.30000001192092896,0,0.30000001192092896
2011-04-15,0.30000001192092896,0.30000001192092896,0.30000001192092896,0.30000001192092896,0,0.30000001192092896
2011-04-18,0.30000001192092896,0.30000001192092896,0.30000001192092896,0.30000001192092896,0,0.30000001192092896
2011-04-19,0.30000001192092896,0.30000001192092896,0.30000001192092896,0.30000001192092896,0,0.30000001192092896
2011-04-20,0.30000001192092896,0.30000001192092896,0.30000001192092896,0.30000001192092896,5000,0.30000001192092896
2011-04-21,0.33000001311302185,0.33000001311302185,0.33000001311302185,0.33000001311302185,1000,0.33000001311302185
2011-04-25,0.3400000035762787,0.3100000023841858,0.3100000023841858,0.3400000035762787,22000,0.3400000035762787
2011-04-26,0.28999999165534973,0.28999999165534973,0.28999999165534973,0.28999999165534973,1000,0.28999999165534973
2011-04-27,0.33000001311302185,0.3199999928474426,0.3199999928474426,0.33000001311302185,10000,0.33000001311302185
2011-04-28,0.33000001311302185,0.30000001192092896,0.30000001192092896,0.30000001192092896,20000,0.30000001192092896
2011-04-29,0.3100000023841858,0.30000001192092896,0.30000001192092896,0.3100000023841858,20000,0.3100000023841858
2011-05-02,0.3100000023841858,0.3100000023841858,0.3100000023841858,0.3100000023841858,5000,0.3100000023841858
2011-05-03,0.3100000023841858,0.30000001192092896,0.3100000023841858,0.3100000023841858,38900,0.3100000023841858
2011-05-04,0.30000001192092896,0.30000001192092896,0.30000001192092896,0.30000001192092896,4000,0.30000001192092896
2011-05-05,0.25999999046325684,0.25999999046325684,0.25999999046325684,0.25999999046325684,6000,0.25999999046325684
2011-05-06,0.25999999046325684,0.25999999046325684,0.25999999046325684,0.25999999046325684,0,0.25999999046325684
2011-05-09,0.25999999046325684,0.25999999046325684,0.25999999046325684,0.25999999046325684,0,0.25999999046325684
2011-05-10,0.25999999046325684,0.25999999046325684,0.25999999046325684,0.25999999046325684,0,0.25999999046325684
2011-05-11,0.25999999046325684,0.25999999046325684,0.25999999046325684,0.25999999046325684,0,0.25999999046325684
2011-05-12,0.25999999046325684,0.25999999046325684,0.25999999046325684,0.25999999046325684,0,0.25999999046325684
2011-05-13,0.25999999046325684,0.25999999046325684,0.25999999046325684,0.25999999046325684,0,0.25999999046325684
2011-05-16,0.25999999046325684,0.25999999046325684,0.25999999046325684,0.25999999046325684,0,0.25999999046325684
2011-05-17,0.27000001072883606,0.25,0.25999999046325684,0.27000001072883606,1500,0.27000001072883606
2011-05-18,0.27000001072883606,0.25999999046325684,0.27000001072883606,0.25999999046325684,2200,0.25999999046325684
2011-05-19,0.23999999463558197,0.23999999463558197,0.23999999463558197,0.23999999463558197,500,0.23999999463558197
2011-05-20,0.2800000011920929,0.25,0.25,0.2800000011920929,20000,0.2800000011920929
2011-05-23,0.2800000011920929,0.2800000011920929,0.2800000011920929,0.2800000011920929,0,0.2800000011920929
2011-05-24,0.3100000023841858,0.23999999463558197,0.2800000011920929,0.23999999463558197,21500,0.23999999463558197
2011-05-25,0.23999999463558197,0.23999999463558197,0.23999999463558197,0.23999999463558197,0,0.23999999463558197
2011-05-26,0.30000001192092896,0.30000001192092896,0.30000001192092896,0.30000001192092896,10000,0.30000001192092896
2011-05-27,0.30000001192092896,0.30000001192092896,0.30000001192092896,0.30000001192092896,0,0.30000001192092896
2011-05-31,0.30000001192092896,0.30000001192092896,0.30000001192092896,0.30000001192092896,17000,0.30000001192092896
2011-06-01,0.30000001192092896,0.27000001072883606,0.27000001072883606,0.30000001192092896,15000,0.30000001192092896
2011-06-02,0.27000001072883606,0.27000001072883606,0.27000001072883606,0.27000001072883606,9000,0.27000001072883606
2011-06-03,0.27000001072883606,0.27000001072883606,0.27000001072883606,0.27000001072883606,0,0.27000001072883606
2011-06-06,0.27000001072883606,0.27000001072883606,0.27000001072883606,0.27000001072883606,0,0.27000001072883606
2011-06-07,0.27000001072883606,0.27000001072883606,0.27000001072883606,0.27000001072883606,0,0.27000001072883606
2011-06-08,0.25999999046325684,0.25999999046325684,0.25999999046325684,0.25999999046325684,17000,0.25999999046325684
2011-06-09,0.25999999046325684,0.25999999046325684,0.25999999046325684,0.25999999046325684,0,0.25999999046325684
2011-06-10,0.23999999463558197,0.23999999463558197,0.23999999463558197,0.23999999463558197,15000,0.23999999463558197
2011-06-13,0.2800000011920929,0.27000001072883606,0.27000001072883606,0.2800000011920929,21500,0.2800000011920929
2011-06-14,0.23999999463558197,0.23999999463558197,0.23999999463558197,0.23999999463558197,25000,0.23999999463558197
2011-06-15,0.23999999463558197,0.23999999463558197,0.23999999463558197,0.23999999463558197,0,0.23999999463558197
2011-06-16,0.23999999463558197,0.23999999463558197,0.23999999463558197,0.23999999463558197,0,0.23999999463558197
2011-06-17,0.23999999463558197,0.23999999463558197,0.23999999463558197,0.23999999463558197,0,0.23999999463558197
2011-06-20,0.23999999463558197,0.23999999463558197,0.23999999463558197,0.23999999463558197,0,0.23999999463558197
2011-06-21,0.23999999463558197,0.23999999463558197,0.23999999463558197,0.23999999463558197,0,0.23999999463558197
2011-06-22,0.23000000417232513,0.23000000417232513,0.23000000417232513,0.23000000417232513,5000,0.23000000417232513
2011-06-23,0.23000000417232513,0.23000000417232513,0.23000000417232513,0.23000000417232513,0,0.23000000417232513
2011-06-24,0.23000000417232513,0.23000000417232513,0.23000000417232513,0.23000000417232513,0,0.23000000417232513
2011-06-27,0.23999999463558197,0.23999999463558197,0.23999999463558197,0.23999999463558197,800,0.23999999463558197
2011-06-28,0.23999999463558197,0.23999999463558197,0.23999999463558197,0.23999999463558197,0,0.23999999463558197
2011-06-29,0.23999999463558197,0.23999999463558197,0.23999999463558197,0.23999999463558197,0,0.23999999463558197
2011-06-30,0.23000000417232513,0.23000000417232513,0.23000000417232513,0.23000000417232513,10500,0.23000000417232513
2011-07-01,0.23000000417232513,0.23000000417232513,0.23000000417232513,0.23000000417232513,0,0.23000000417232513
2011-07-05,0.23000000417232513,0.23000000417232513,0.23000000417232513,0.23000000417232513,0,0.23000000417232513
2011-07-06,0.20999999344348907,0.20000000298023224,0.20999999344348907,0.20000000298023224,5000,0.20000000298023224
2011-07-07,0.20000000298023224,0.20000000298023224,0.20000000298023224,0.20000000298023224,0,0.20000000298023224
2011-07-08,0.20000000298023224,0.20000000298023224,0.20000000298023224,0.20000000298023224,0,0.20000000298023224
2011-07-11,0.20999999344348907,0.20999999344348907,0.20999999344348907,0.20999999344348907,500,0.20999999344348907
2011-07-12,0.23999999463558197,0.20999999344348907,0.20999999344348907,0.23000000417232513,33000,0.23000000417232513
2011-07-13,0.23000000417232513,0.23000000417232513,0.23000000417232513,0.23000000417232513,0,0.23000000417232513
2011-07-14,0.23000000417232513,0.23000000417232513,0.23000000417232513,0.23000000417232513,0,0.23000000417232513
2011-07-15,0.23000000417232513,0.23000000417232513,0.23000000417232513,0.23000000417232513,0,0.23000000417232513
2011-07-18,0.23000000417232513,0.23000000417232513,0.23000000417232513,0.23000000417232513,0,0.23000000417232513
2011-07-19,0.23999999463558197,0.2199999988079071,0.2199999988079071,0.23999999463558197,55000,0.23999999463558197
2011-07-20,0.23999999463558197,0.23999999463558197,0.23999999463558197,0.23999999463558197,0,0.23999999463558197
2011-07-21,0.30000001192092896,0.25999999046325684,0.25999999046325684,0.30000001192092896,30500,0.30000001192092896
2011-07-22,0.30000001192092896,0.28999999165534973,0.28999999165534973,0.30000001192092896,43000,0.30000001192092896
2011-07-25,0.30000001192092896,0.30000001192092896,0.30000001192092896,0.30000001192092896,0,0.30000001192092896
2011-07-26,0.23999999463558197,0.23999999463558197,0.23999999463558197,0.23999999463558197,500,0.23999999463558197
2011-07-27,0.28999999165534973,0.28999999165534973,0.28999999165534973,0.28999999165534973,6000,0.28999999165534973
2011-07-28,0.23000000417232513,0.2199999988079071,0.2199999988079071,0.23000000417232513,800,0.23000000417232513
2011-07-29,0.23000000417232513,0.23000000417232513,0.23000000417232513,0.23000000417232513,0,0.23000000417232513
2011-08-01,0.23000000417232513,0.23000000417232513,0.23000000417232513,0.23000000417232513,0,0.23000000417232513
2011-08-02,0.23000000417232513,0.23000000417232513,0.23000000417232513,0.23000000417232513,0,0.23000000417232513
2011-08-03,0.23000000417232513,0.23000000417232513,0.23000000417232513,0.23000000417232513,0,0.23000000417232513
2011-08-04,0.23999999463558197,0.2199999988079071,0.23999999463558197,0.2199999988079071,10800,0.2199999988079071
2011-08-05,0.25999999046325684,0.25999999046325684,0.25999999046325684,0.25999999046325684,24500,0.25999999046325684
2011-08-08,0.20999999344348907,0.14000000059604645,0.20999999344348907,0.1599999964237213,33000,0.1599999964237213
2011-08-09,0.2800000011920929,0.1899999976158142,0.1899999976158142,0.2800000011920929,5000,0.2800000011920929
2011-08-10,0.27000001072883606,0.18000000715255737,0.18000000715255737,0.27000001072883606,12000,0.27000001072883606
2011-08-11,0.27000001072883606,0.27000001072883606,0.27000001072883606,0.27000001072883606,0,0.27000001072883606
2011-08-12,0.28999999165534973,0.27000001072883606,0.27000001072883606,0.28999999165534973,56000,0.28999999165534973
2011-08-15,0.28999999165534973,0.28999999165534973,0.28999999165534973,0.28999999165534973,0,0.28999999165534973
2011-08-16,0.28999999165534973,0.28999999165534973,0.28999999165534973,0.28999999165534973,0,0.28999999165534973
2011-08-17,0.2199999988079071,0.2199999988079071,0.2199999988079071,0.2199999988079071,1300,0.2199999988079071
2011-08-18,0.2199999988079071,0.2199999988079071,0.2199999988079071,0.2199999988079071,0,0.2199999988079071
2011-08-19,0.23999999463558197,0.23999999463558197,0.23999999463558197,0.23999999463558197,400,0.23999999463558197
2011-08-22,0.23999999463558197,0.23999999463558197,0.23999999463558197,0.23999999463558197,0,0.23999999463558197
2011-08-23,0.23999999463558197,0.23999999463558197,0.23999999463558197,0.23999999463558197,0,0.23999999463558197
2011-08-24,0.23999999463558197,0.23999999463558197,0.23999999463558197,0.23999999463558197,0,0.23999999463558197
2011-08-25,0.23999999463558197,0.23999999463558197,0.23999999463558197,0.23999999463558197,0,0.23999999463558197
2011-08-26,0.23999999463558197,0.23999999463558197,0.23999999463558197,0.23999999463558197,0,0.23999999463558197
2011-08-29,0.20000000298023224,0.20000000298023224,0.20000000298023224,0.20000000298023224,3000,0.20000000298023224
2011-08-30,0.20000000298023224,0.20000000298023224,0.20000000298023224,0.20000000298023224,5000,0.20000000298023224
2011-08-31,0.20000000298023224,0.20000000298023224,0.20000000298023224,0.20000000298023224,0,0.20000000298023224
2011-09-01,0.27000001072883606,0.2199999988079071,0.27000001072883606,0.2199999988079071,22500,0.2199999988079071
2011-09-02,0.2199999988079071,0.2199999988079071,0.2199999988079071,0.2199999988079071,4000,0.2199999988079071
2011-09-06,0.2199999988079071,0.2199999988079071,0.2199999988079071,0.2199999988079071,0,0.2199999988079071
2011-09-07,0.2199999988079071,0.2199999988079071,0.2199999988079071,0.2199999988079071,0,0.2199999988079071
2011-09-08,0.2199999988079071,0.2199999988079071,0.2199999988079071,0.2199999988079071,0,0.2199999988079071
2011-09-09,0.2199999988079071,0.2199999988079071,0.2199999988079071,0.2199999988079071,0,0.2199999988079071
2011-09-12,0.2199999988079071,0.2199999988079071,0.2199999988079071,0.2199999988079071,0,0.2199999988079071
2011-09-13,0.2199999988079071,0.2199999988079071,0.2199999988079071,0.2199999988079071,0,0.2199999988079071
2011-09-14,0.2199999988079071,0.2199999988079071,0.2199999988079071,0.2199999988079071,0,0.2199999988079071
2011-09-15,0.2199999988079071,0.2199999988079071,0.2199999988079071,0.2199999988079071,0,0.2199999988079071
2011-09-16,0.2199999988079071,0.2199999988079071,0.2199999988079071,0.2199999988079071,1000,0.2199999988079071
2011-09-19,0.2199999988079071,0.2199999988079071,0.2199999988079071,0.2199999988079071,0,0.2199999988079071
2011-09-20,0.2199999988079071,0.2199999988079071,0.2199999988079071,0.2199999988079071,0,0.2199999988079071
2011-09-21,0.2199999988079071,0.2199999988079071,0.2199999988079071,0.2199999988079071,0,0.2199999988079071
2011-09-22,0.20000000298023224,0.20000000298023224,0.20000000298023224,0.20000000298023224,5000,0.20000000298023224
2011-09-23,0.20000000298023224,0.20000000298023224,0.20000000298023224,0.20000000298023224,0,0.20000000298023224
2011-09-26,0.20000000298023224,0.20000000298023224,0.20000000298023224,0.20000000298023224,0,0.20000000298023224
2011-09-27,0.20999999344348907,0.20000000298023224,0.20000000298023224,0.20999999344348907,20000,0.20999999344348907
2011-09-28,0.20999999344348907,0.20999999344348907,0.20999999344348907,0.20999999344348907,20000,0.20999999344348907
2011-09-29,0.20999999344348907,0.20999999344348907,0.20999999344348907,0.20999999344348907,0,0.20999999344348907
2011-09-30,0.20999999344348907,0.20999999344348907,0.20999999344348907,0.20999999344348907,0,0.20999999344348907
2011-10-03,0.1899999976158142,0.1899999976158142,0.1899999976158142,0.1899999976158142,10000,0.1899999976158142
2011-10-04,0.1899999976158142,0.1899999976158142,0.1899999976158142,0.1899999976158142,0,0.1899999976158142
2011-10-05,0.1599999964237213,0.1599999964237213,0.1599999964237213,0.1599999964237213,1200,0.1599999964237213
2011-10-06,0.1599999964237213,0.1599999964237213,0.1599999964237213,0.1599999964237213,0,0.1599999964237213
2011-10-07,0.1599999964237213,0.1599999964237213,0.1599999964237213,0.1599999964237213,0,0.1599999964237213
2011-10-10,0.1599999964237213,0.1599999964237213,0.1599999964237213,0.1599999964237213,0,0.1599999964237213
2011-10-11,0.1599999964237213,0.1599999964237213,0.1599999964237213,0.1599999964237213,0,0.1599999964237213
2011-10-12,0.17000000178813934,0.14000000059604645,0.1599999964237213,0.14000000059604645,22300,0.14000000059604645
2011-10-13,0.14000000059604645,0.14000000059604645,0.14000000059604645,0.14000000059604645,0,0.14000000059604645
2011-10-14,0.14000000059604645,0.14000000059604645,0.14000000059604645,0.14000000059604645,0,0.14000000059604645
2011-10-17,0.14000000059604645,0.14000000059604645,0.14000000059604645,0.14000000059604645,1400,0.14000000059604645
2011-10-18,0.17000000178813934,0.17000000178813934,0.17000000178813934,0.17000000178813934,10000,0.17000000178813934
2011-10-19,0.17000000178813934,0.17000000178813934,0.17000000178813934,0.17000000178813934,0,0.17000000178813934
2011-10-20,0.17000000178813934,0.17000000178813934,0.17000000178813934,0.17000000178813934,0,0.17000000178813934
2011-10-21,0.17000000178813934,0.17000000178813934,0.17000000178813934,0.17000000178813934,0,0.17000000178813934
2011-10-24,0.17000000178813934,0.17000000178813934,0.17000000178813934,0.17000000178813934,0,0.17000000178813934
2011-10-25,0.17000000178813934,0.17000000178813934,0.17000000178813934,0.17000000178813934,0,0.17000000178813934
2011-10-26,0.15000000596046448,0.11999999731779099,0.15000000596046448,0.11999999731779099,5500,0.11999999731779099
2011-10-27,0.1599999964237213,0.15000000596046448,0.1599999964237213,0.15000000596046448,11000,0.15000000596046448
2011-10-28,0.15000000596046448,0.15000000596046448,0.15000000596046448,0.15000000596046448,0,0.15000000596046448
2011-10-31,0.15000000596046448,0.15000000596046448,0.15000000596046448,0.15000000596046448,0,0.15000000596046448
2011-11-01,0.15000000596046448,0.15000000596046448,0.15000000596046448,0.15000000596046448,0,0.15000000596046448
2011-11-02,0.15000000596046448,0.15000000596046448,0.15000000596046448,0.15000000596046448,0,0.15000000596046448
2011-11-03,0.1599999964237213,0.1599999964237213,0.1599999964237213,0.1599999964237213,20000,0.1599999964237213
2011-11-04,0.1599999964237213,0.1599999964237213,0.1599999964237213,0.1599999964237213,0,0.1599999964237213
2011-11-07,0.1599999964237213,0.1599999964237213,0.1599999964237213,0.1599999964237213,0,0.1599999964237213
2011-11-08,0.1599999964237213,0.1599999964237213,0.1599999964237213,0.1599999964237213,0,0.1599999964237213
2011-11-09,0.1599999964237213,0.1599999964237213,0.1599999964237213,0.1599999964237213,0,0.1599999964237213
2011-11-10,0.1599999964237213,0.1599999964237213,0.1599999964237213,0.1599999964237213,0,0.1599999964237213
2011-11-11,0.1599999964237213,0.1599999964237213,0.1599999964237213,0.1599999964237213,0,0.1599999964237213
2011-11-14,0.1599999964237213,0.1599999964237213,0.1599999964237213,0.1599999964237213,0,0.1599999964237213
2011-11-15,0.1599999964237213,0.1599999964237213,0.1599999964237213,0.1599999964237213,0,0.1599999964237213
2011-11-16,0.1599999964237213,0.1599999964237213,0.1599999964237213,0.1599999964237213,0,0.1599999964237213
2011-11-17,0.1599999964237213,0.1599999964237213,0.1599999964237213,0.1599999964237213,0,0.1599999964237213
2011-11-18,0.1599999964237213,0.1599999964237213,0.1599999964237213,0.1599999964237213,0,0.1599999964237213
2011-11-21,0.1599999964237213,0.1599999964237213,0.1599999964237213,0.1599999964237213,0,0.1599999964237213
2011-11-22,0.1599999964237213,0.1599999964237213,0.1599999964237213,0.1599999964237213,0,0.1599999964237213
2011-11-23,0.11999999731779099,0.10999999940395355,0.11999999731779099,0.10999999940395355,3200,0.10999999940395355
2011-11-25,0.10999999940395355,0.10999999940395355,0.10999999940395355,0.10999999940395355,0,0.10999999940395355
2011-11-28,0.11999999731779099,0.10999999940395355,0.11999999731779099,0.10999999940395355,11000,0.10999999940395355
2011-11-29,0.10999999940395355,0.10999999940395355,0.10999999940395355,0.10999999940395355,0,0.10999999940395355
2011-11-30,0.10999999940395355,0.10999999940395355,0.10999999940395355,0.10999999940395355,0,0.10999999940395355
2011-12-01,0.10999999940395355,0.10999999940395355,0.10999999940395355,0.10999999940395355,0,0.10999999940395355
2011-12-02,0.10999999940395355,0.10000000149011612,0.10999999940395355,0.10000000149011612,11000,0.10000000149011612
2011-12-05,0.10999999940395355,0.10999999940395355,0.10999999940395355,0.10999999940395355,5000,0.10999999940395355
2011-12-06,0.10999999940395355,0.10999999940395355,0.10999999940395355,0.10999999940395355,0,0.10999999940395355
2011-12-07,0.17000000178813934,0.10999999940395355,0.10999999940395355,0.12999999523162842,37700,0.12999999523162842
2011-12-08,0.10999999940395355,0.10999999940395355,0.10999999940395355,0.10999999940395355,60000,0.10999999940395355
2011-12-09,0.10999999940395355,0.10999999940395355,0.10999999940395355,0.10999999940395355,3000,0.10999999940395355
2011-12-12,0.10999999940395355,0.10999999940395355,0.10999999940395355,0.10999999940395355,0,0.10999999940395355
2011-12-13,0.10999999940395355,0.10999999940395355,0.10999999940395355,0.10999999940395355,0,0.10999999940395355
2011-12-14,0.10999999940395355,0.10999999940395355,0.10999999940395355,0.10999999940395355,0,0.10999999940395355
2011-12-15,0.10999999940395355,0.10999999940395355,0.10999999940395355,0.10999999940395355,0,0.10999999940395355
2011-12-16,0.10999999940395355,0.10999999940395355,0.10999999940395355,0.10999999940395355,0,0.10999999940395355
2011-12-19,0.11999999731779099,0.11999999731779099,0.11999999731779099,0.11999999731779099,8000,0.11999999731779099
2011-12-20,0.11999999731779099,0.11999999731779099,0.11999999731779099,0.11999999731779099,0,0.11999999731779099
2011-12-21,0.11999999731779099,0.11999999731779099,0.11999999731779099,0.11999999731779099,0,0.11999999731779099
2011-12-22,0.11999999731779099,0.11999999731779099,0.11999999731779099,0.11999999731779099,0,0.11999999731779099
2011-12-23,0.10999999940395355,0.10999999940395355,0.10999999940395355,0.10999999940395355,20000,0.10999999940395355
2011-12-27,0.10999999940395355,0.10999999940395355,0.10999999940395355,0.10999999940395355,0,0.10999999940395355
2011-12-28,0.10999999940395355,0.10999999940395355,0.10999999940395355,0.10999999940395355,10000,0.10999999940395355
2011-12-29,0.10999999940395355,0.10999999940395355,0.10999999940395355,0.10999999940395355,0,0.10999999940395355
2011-12-30,0.11999999731779099,0.11999999731779099,0.11999999731779099,0.11999999731779099,37400,0.11999999731779099
2012-01-03,0.11999999731779099,0.11999999731779099,0.11999999731779099,0.11999999731779099,0,0.11999999731779099
2012-01-04,0.11999999731779099,0.11999999731779099,0.11999999731779099,0.11999999731779099,0,0.11999999731779099
2012-01-05,0.11999999731779099,0.11999999731779099,0.11999999731779099,0.11999999731779099,0,0.11999999731779099
2012-01-06,0.11999999731779099,0.11999999731779099,0.11999999731779099,0.11999999731779099,0,0.11999999731779099
2012-01-09,0.14000000059604645,0.14000000059604645,0.14000000059604645,0.14000000059604645,10000,0.14000000059604645
2012-01-10,0.14000000059604645,0.14000000059604645,0.14000000059604645,0.14000000059604645,0,0.14000000059604645
2012-01-11,0.14000000059604645,0.14000000059604645,0.14000000059604645,0.14000000059604645,0,0.14000000059604645
2012-01-12,0.14000000059604645,0.14000000059604645,0.14000000059604645,0.14000000059604645,0,0.14000000059604645
2012-01-13,0.14000000059604645,0.14000000059604645,0.14000000059604645,0.14000000059604645,0,0.14000000059604645
2012-01-17,0.14000000059604645,0.14000000059604645,0.14000000059604645,0.14000000059604645,0,0.14000000059604645
2012-01-18,0.14000000059604645,0.14000000059604645,0.14000000059604645,0.14000000059604645,0,0.14000000059604645
2012-01-19,0.14000000059604645,0.14000000059604645,0.14000000059604645,0.14000000059604645,0,0.14000000059604645
2012-01-20,0.14000000059604645,0.14000000059604645,0.14000000059604645,0.14000000059604645,0,0.14000000059604645
2012-01-23,0.14000000059604645,0.14000000059604645,0.14000000059604645,0.14000000059604645,0,0.14000000059604645
2012-01-24,0.14000000059604645,0.14000000059604645,0.14000000059604645,0.14000000059604645,0,0.14000000059604645
2012-01-25,0.14000000059604645,0.14000000059604645,0.14000000059604645,0.14000000059604645,0,0.14000000059604645
2012-01-26,0.11999999731779099,0.11999999731779099,0.11999999731779099,0.11999999731779099,1000,0.11999999731779099
2012-01-27,0.11999999731779099,0.11999999731779099,0.11999999731779099,0.11999999731779099,0,0.11999999731779099
2012-01-30,0.11999999731779099,0.11999999731779099,0.11999999731779099,0.11999999731779099,0,0.11999999731779099
2012-01-31,0.11999999731779099,0.11999999731779099,0.11999999731779099,0.11999999731779099,0,0.11999999731779099
2012-02-01,0.11999999731779099,0.11999999731779099,0.11999999731779099,0.11999999731779099,5000,0.11999999731779099
2012-02-02,0.15000000596046448,0.15000000596046448,0.15000000596046448,0.15000000596046448,10000,0.15000000596046448
2012-02-03,0.15000000596046448,0.15000000596046448,0.15000000596046448,0.15000000596046448,0,0.15000000596046448
2012-02-06,0.15000000596046448,0.15000000596046448,0.15000000596046448,0.15000000596046448,0,0.15000000596046448
2012-02-07,0.17000000178813934,0.15000000596046448,0.17000000178813934,0.17000000178813934,20500,0.17000000178813934
2012-02-08,0.17000000178813934,0.17000000178813934,0.17000000178813934,0.17000000178813934,0,0.17000000178813934
2012-02-09,0.14000000059604645,0.12999999523162842,0.12999999523162842,0.14000000059604645,4400,0.14000000059604645
2012-02-10,0.14000000059604645,0.14000000059604645,0.14000000059604645,0.14000000059604645,0,0.14000000059604645
2012-02-13,0.14000000059604645,0.14000000059604645,0.14000000059604645,0.14000000059604645,0,0.14000000059604645
2012-02-14,0.14000000059604645,0.14000000059604645,0.14000000059604645,0.14000000059604645,0,0.14000000059604645
2012-02-15,0.14000000059604645,0.14000000059604645,0.14000000059604645,0.14000000059604645,0,0.14000000059604645
2012-02-16,0.12999999523162842,0.11999999731779099,0.11999999731779099,0.12999999523162842,9000,0.12999999523162842
2012-02-17,0.12999999523162842,0.12999999523162842,0.12999999523162842,0.12999999523162842,0,0.12999999523162842
2012-02-21,0.12999999523162842,0.12999999523162842,0.12999999523162842,0.12999999523162842,0,0.12999999523162842
2012-02-22,0.12999999523162842,0.12999999523162842,0.12999999523162842,0.12999999523162842,0,0.12999999523162842
2012-02-23,0.12999999523162842,0.12999999523162842,0.12999999523162842,0.12999999523162842,0,0.12999999523162842
2012-02-24,0.12999999523162842,0.12999999523162842,0.12999999523162842,0.12999999523162842,0,0.12999999523162842
2012-02-27,0.10999999940395355,0.10999999940395355,0.10999999940395355,0.10999999940395355,1500,0.10999999940395355
2012-02-28,0.10999999940395355,0.10999999940395355,0.10999999940395355,0.10999999940395355,5000,0.10999999940395355
2012-02-29,0.10999999940395355,0.10999999940395355,0.10999999940395355,0.10999999940395355,0,0.10999999940395355
2012-03-01,0.10000000149011612,0.10000000149011612,0.10000000149011612,0.10000000149011612,4000,0.10000000149011612
2012-03-02,0.10000000149011612,0.10000000149011612,0.10000000149011612,0.10000000149011612,0,0.10000000149011612
2012-03-05,0.10000000149011612,0.10000000149011612,0.10000000149011612,0.10000000149011612,0,0.10000000149011612
2012-03-06,0.10000000149011612,0.10000000149011612,0.10000000149011612,0.10000000149011612,0,0.10000000149011612
2012-03-07,0.10000000149011612,0.10000000149011612,0.10000000149011612,0.10000000149011612,0,0.10000000149011612
2012-03-08,0.10000000149011612,0.10000000149011612,0.10000000149011612,0.10000000149011612,0,0.10000000149011612
2012-03-09,0.09000000357627869,0.09000000357627869,0.09000000357627869,0.09000000357627869,1800,0.09000000357627869
2012-03-12,0.09000000357627869,0.09000000357627869,0.09000000357627869,0.09000000357627869,0,0.09000000357627869
2012-03-13,0.09000000357627869,0.09000000357627869,0.09000000357627869,0.09000000357627869,0,0.09000000357627869
2012-03-14,0.09000000357627869,0.09000000357627869,0.09000000357627869,0.09000000357627869,0,0.09000000357627869
2012-03-15,0.09000000357627869,0.09000000357627869,0.09000000357627869,0.09000000357627869,0,0.09000000357627869
2012-03-16,0.09000000357627869,0.09000000357627869,0.09000000357627869,0.09000000357627869,0,0.09000000357627869
2012-03-19,0.09000000357627869,0.09000000357627869,0.09000000357627869,0.09000000357627869,0,0.09000000357627869
2012-03-20,0.09000000357627869,0.09000000357627869,0.09000000357627869,0.09000000357627869,0,0.09000000357627869
2012-03-21,0.09000000357627869,0.09000000357627869,0.09000000357627869,0.09000000357627869,0,0.09000000357627869
2012-03-22,0.07999999821186066,0.07999999821186066,0.07999999821186066,0.07999999821186066,3000,0.07999999821186066
2012-03-23,0.07999999821186066,0.07999999821186066,0.07999999821186066,0.07999999821186066,0,0.07999999821186066
2012-03-26,0.07999999821186066,0.07999999821186066,0.07999999821186066,0.07999999821186066,0,0.07999999821186066
2012-03-27,0.07999999821186066,0.07999999821186066,0.07999999821186066,0.07999999821186066,0,0.07999999821186066
2012-03-28,0.07999999821186066,0.07999999821186066,0.07999999821186066,0.07999999821186066,0,0.07999999821186066
2012-03-29,0.07999999821186066,0.07999999821186066,0.07999999821186066,0.07999999821186066,0,0.07999999821186066
2012-03-30,0.07999999821186066,0.07000000029802322,0.07000000029802322,0.07999999821186066,56700,0.07999999821186066
2012-04-02,0.07999999821186066,0.07999999821186066,0.07999999821186066,0.07999999821186066,0,0.07999999821186066
2012-04-03,0.07000000029802322,0.07000000029802322,0.07000000029802322,0.07000000029802322,53000,0.07000000029802322
2012-04-04,0.07000000029802322,0.07000000029802322,0.07000000029802322,0.07000000029802322,0,0.07000000029802322
2012-04-05,0.07000000029802322,0.07000000029802322,0.07000000029802322,0.07000000029802322,0,0.07000000029802322
2012-04-09,0.07000000029802322,0.07000000029802322,0.07000000029802322,0.07000000029802322,0,0.07000000029802322
2012-04-10,0.07000000029802322,0.07000000029802322,0.07000000029802322,0.07000000029802322,0,0.07000000029802322
2012-04-11,0.07000000029802322,0.07000000029802322,0.07000000029802322,0.07000000029802322,0,0.07000000029802322
2012-04-12,0.07000000029802322,0.07000000029802322,0.07000000029802322,0.07000000029802322,0,0.07000000029802322
2012-04-13,0.07000000029802322,0.07000000029802322,0.07000000029802322,0.07000000029802322,0,0.07000000029802322
2012-04-16,0.07000000029802322,0.07000000029802322,0.07000000029802322,0.07000000029802322,10000,0.07000000029802322
2012-04-17,0.07000000029802322,0.07000000029802322,0.07000000029802322,0.07000000029802322,0,0.07000000029802322
2012-04-18,0.07000000029802322,0.07000000029802322,0.07000000029802322,0.07000000029802322,0,0.07000000029802322
2012-04-19,0.07000000029802322,0.07000000029802322,0.07000000029802322,0.07000000029802322,0,0.07000000029802322
2012-04-20,0.07000000029802322,0.07000000029802322,0.07000000029802322,0.07000000029802322,0,0.07000000029802322
2012-04-23,0.07000000029802322,0.07000000029802322,0.07000000029802322,0.07000000029802322,0,0.07000000029802322
2012-04-24,0.07000000029802322,0.07000000029802322,0.07000000029802322,0.07000000029802322,0,0.07000000029802322
2012-04-25,0.07000000029802322,0.07000000029802322,0.07000000029802322,0.07000000029802322,0,0.07000000029802322
2012-04-26,0.07000000029802322,0.07000000029802322,0.07000000029802322,0.07000000029802322,0,0.07000000029802322
2012-04-27,0.07000000029802322,0.07000000029802322,0.07000000029802322,0.07000000029802322,0,0.07000000029802322
2012-04-30,0.07000000029802322,0.07000000029802322,0.07000000029802322,0.07000000029802322,0,0.07000000029802322
2012-05-01,0.07000000029802322,0.07000000029802322,0.07000000029802322,0.07000000029802322,0,0.07000000029802322
2012-05-02,0.09000000357627869,0.09000000357627869,0.09000000357627869,0.09000000357627869,45000,0.09000000357627869
2012-05-03,0.09000000357627869,0.09000000357627869,0.09000000357627869,0.09000000357627869,0,0.09000000357627869
2012-05-04,0.09000000357627869,0.09000000357627869,0.09000000357627869,0.09000000357627869,10000,0.09000000357627869
2012-05-07,0.09000000357627869,0.09000000357627869,0.09000000357627869,0.09000000357627869,0,0.09000000357627869
2012-05-08,0.09000000357627869,0.09000000357627869,0.09000000357627869,0.09000000357627869,0,0.09000000357627869
2012-05-09,0.09000000357627869,0.09000000357627869,0.09000000357627869,0.09000000357627869,0,0.09000000357627869
2012-05-10,0.09000000357627869,0.09000000357627869,0.09000000357627869,0.09000000357627869,7000,0.09000000357627869
2012-05-11,0.09000000357627869,0.09000000357627869,0.09000000357627869,0.09000000357627869,0,0.09000000357627869
2012-05-14,0.09000000357627869,0.09000000357627869,0.09000000357627869,0.09000000357627869,0,0.09000000357627869
2012-05-15,0.09000000357627869,0.09000000357627869,0.09000000357627869,0.09000000357627869,0,0.09000000357627869
2012-05-16,0.09000000357627869,0.09000000357627869,0.09000000357627869,0.09000000357627869,0,0.09000000357627869
2012-05-17,0.09000000357627869,0.09000000357627869,0.09000000357627869,0.09000000357627869,0,0.09000000357627869
2012-05-18,0.09000000357627869,0.09000000357627869,0.09000000357627869,0.09000000357627869,0,0.09000000357627869
2012-05-21,0.09000000357627869,0.09000000357627869,0.09000000357627869,0.09000000357627869,0,0.09000000357627869
2012-05-22,0.09000000357627869,0.09000000357627869,0.09000000357627869,0.09000000357627869,0,0.09000000357627869
2012-05-23,0.09000000357627869,0.09000000357627869,0.09000000357627869,0.09000000357627869,0,0.09000000357627869
2012-05-24,0.09000000357627869,0.09000000357627869,0.09000000357627869,0.09000000357627869,0,0.09000000357627869
2012-05-25,0.05999999865889549,0.05999999865889549,0.05999999865889549,0.05999999865889549,2000,0.05999999865889549
2012-05-29,0.05999999865889549,0.05999999865889549,0.05999999865889549,0.05999999865889549,0,0.05999999865889549
2012-05-30,0.05999999865889549,0.05999999865889549,0.05999999865889549,0.05999999865889549,0,0.05999999865889549
2012-05-31,0.05999999865889549,0.05999999865889549,0.05999999865889549,0.05999999865889549,0,0.05999999865889549
2012-06-01,0.05999999865889549,0.05999999865889549,0.05999999865889549,0.05999999865889549,0,0.05999999865889549
2012-06-04,0.05999999865889549,0.05999999865889549,0.05999999865889549,0.05999999865889549,0,0.05999999865889549
2012-06-05,0.05999999865889549,0.05999999865889549,0.05999999865889549,0.05999999865889549,20000,0.05999999865889549
2012-06-06,0.05999999865889549,0.05999999865889549,0.05999999865889549,0.05999999865889549,0,0.05999999865889549
2012-06-07,0.05999999865889549,0.05999999865889549,0.05999999865889549,0.05999999865889549,0,0.05999999865889549
2012-06-08,0.05999999865889549,0.05999999865889549,0.05999999865889549,0.05999999865889549,0,0.05999999865889549
2012-06-11,0.05999999865889549,0.05999999865889549,0.05999999865889549,0.05999999865889549,10000,0.05999999865889549
2012-06-12,0.05999999865889549,0.05999999865889549,0.05999999865889549,0.05999999865889549,0,0.05999999865889549
2012-06-13,0.05999999865889549,0.05999999865889549,0.05999999865889549,0.05999999865889549,3000,0.05999999865889549
2012-06-14,0.05999999865889549,0.05999999865889549,0.05999999865889549,0.05999999865889549,0,0.05999999865889549
2012-06-15,0.05999999865889549,0.05999999865889549,0.05999999865889549,0.05999999865889549,0,0.05999999865889549
2012-06-18,0.05999999865889549,0.05999999865889549,0.05999999865889549,0.05999999865889549,0,0.05999999865889549
2012-06-19,0.05999999865889549,0.05999999865889549,0.05999999865889549,0.05999999865889549,0,0.05999999865889549
2012-06-20,0.05999999865889549,0.05999999865889549,0.05999999865889549,0.05999999865889549,0,0.05999999865889549
2012-06-21,0.05000000074505806,0.05000000074505806,0.05000000074505806,0.05000000074505806,22000,0.05000000074505806
2012-06-22,0.05000000074505806,0.05000000074505806,0.05000000074505806,0.05000000074505806,0,0.05000000074505806
2012-06-25,0.05000000074505806,0.05000000074505806,0.05000000074505806,0.05000000074505806,0,0.05000000074505806
2012-06-26,0.05000000074505806,0.05000000074505806,0.05000000074505806,0.05000000074505806,0,0.05000000074505806
2012-06-27,0.05000000074505806,0.05000000074505806,0.05000000074505806,0.05000000074505806,0,0.05000000074505806
2012-06-28,0.05000000074505806,0.05000000074505806,0.05000000074505806,0.05000000074505806,0,0.05000000074505806
2012-06-29,0.05000000074505806,0.05000000074505806,0.05000000074505806,0.05000000074505806,0,0.05000000074505806
2012-07-02,0.05000000074505806,0.05000000074505806,0.05000000074505806,0.05000000074505806,0,0.05000000074505806
2012-07-03,0.05000000074505806,0.05000000074505806,0.05000000074505806,0.05000000074505806,21000,0.05000000074505806
2012-07-05,0.05000000074505806,0.05000000074505806,0.05000000074505806,0.05000000074505806,0,0.05000000074505806
2012-07-06,0.05000000074505806,0.05000000074505806,0.05000000074505806,0.05000000074505806,0,0.05000000074505806
2012-07-09,0.05000000074505806,0.05000000074505806,0.05000000074505806,0.05000000074505806,0,0.05000000074505806
2012-07-10,0.05000000074505806,0.05000000074505806,0.05000000074505806,0.05000000074505806,0,0.05000000074505806
2012-07-11,0.05000000074505806,0.05000000074505806,0.05000000074505806,0.05000000074505806,0,0.05000000074505806
2012-07-12,0.05000000074505806,0.05000000074505806,0.05000000074505806,0.05000000074505806,0,0.05000000074505806
2012-07-13,0.05000000074505806,0.05000000074505806,0.05000000074505806,0.05000000074505806,0,0.05000000074505806
2012-07-16,0.05000000074505806,0.05000000074505806,0.05000000074505806,0.05000000074505806,0,0.05000000074505806
2012-07-17,0.05000000074505806,0.05000000074505806,0.05000000074505806,0.05000000074505806,0,0.05000000074505806
2012-07-18,0.05000000074505806,0.05000000074505806,0.05000000074505806,0.05000000074505806,0,0.05000000074505806
2012-07-19,0.05000000074505806,0.05000000074505806,0.05000000074505806,0.05000000074505806,0,0.05000000074505806
2012-07-20,0.05000000074505806,0.05000000074505806,0.05000000074505806,0.05000000074505806,0,0.05000000074505806
2012-07-23,0.05000000074505806,0.05000000074505806,0.05000000074505806,0.05000000074505806,0,0.05000000074505806
2012-07-24,0.05000000074505806,0.05000000074505806,0.05000000074505806,0.05000000074505806,1000,0.05000000074505806
2012-07-25,0.05000000074505806,0.05000000074505806,0.05000000074505806,0.05000000074505806,0,0.05000000074505806
2012-07-26,0.05000000074505806,0.05000000074505806,0.05000000074505806,0.05000000074505806,0,0.05000000074505806
2012-07-27,0.07999999821186066,0.05999999865889549,0.05999999865889549,0.07999999821186066,35700,0.07999999821186066
2012-07-30,0.05999999865889549,0.05999999865889549,0.05999999865889549,0.05999999865889549,300,0.05999999865889549
2012-07-31,0.05999999865889549,0.05999999865889549,0.05999999865889549,0.05999999865889549,0,0.05999999865889549
2012-08-01,0.05999999865889549,0.05999999865889549,0.05999999865889549,0.05999999865889549,0,0.05999999865889549
2012-08-02,0.05999999865889549,0.05999999865889549,0.05999999865889549,0.05999999865889549,0,0.05999999865889549
2012-08-03,0.05999999865889549,0.05999999865889549,0.05999999865889549,0.05999999865889549,0,0.05999999865889549
2012-08-06,0.05999999865889549,0.05999999865889549,0.05999999865889549,0.05999999865889549,0,0.05999999865889549
2012-08-07,0.09000000357627869,0.09000000357627869,0.09000000357627869,0.09000000357627869,18800,0.09000000357627869
2012-08-08,0.09000000357627869,0.09000000357627869,0.09000000357627869,0.09000000357627869,0,0.09000000357627869
2012-08-09,0.09000000357627869,0.09000000357627869,0.09000000357627869,0.09000000357627869,0,0.09000000357627869
2012-08-10,0.09000000357627869,0.09000000357627869,0.09000000357627869,0.09000000357627869,0,0.09000000357627869
2012-08-13,0.09000000357627869,0.09000000357627869,0.09000000357627869,0.09000000357627869,0,0.09000000357627869
2012-08-14,0.09000000357627869,0.09000000357627869,0.09000000357627869,0.09000000357627869,0,0.09000000357627869
2012-08-15,0.09000000357627869,0.09000000357627869,0.09000000357627869,0.09000000357627869,0,0.09000000357627869
2012-08-16,0.09000000357627869,0.09000000357627869,0.09000000357627869,0.09000000357627869,0,0.09000000357627869
2012-08-17,0.09000000357627869,0.09000000357627869,0.09000000357627869,0.09000000357627869,0,0.09000000357627869
2012-08-20,0.09000000357627869,0.09000000357627869,0.09000000357627869,0.09000000357627869,0,0.09000000357627869
2012-08-21,0.09000000357627869,0.09000000357627869,0.09000000357627869,0.09000000357627869,0,0.09000000357627869
2012-08-22,0.09000000357627869,0.09000000357627869,0.09000000357627869,0.09000000357627869,0,0.09000000357627869
2012-08-23,0.09000000357627869,0.09000000357627869,0.09000000357627869,0.09000000357627869,0,0.09000000357627869
2012-08-24,0.09000000357627869,0.09000000357627869,0.09000000357627869,0.09000000357627869,20000,0.09000000357627869
2012-08-27,0.07000000029802322,0.07000000029802322,0.07000000029802322,0.07000000029802322,2000,0.07000000029802322
2012-08-28,0.07000000029802322,0.07000000029802322,0.07000000029802322,0.07000000029802322,0,0.07000000029802322
2012-08-29,0.07000000029802322,0.07000000029802322,0.07000000029802322,0.07000000029802322,0,0.07000000029802322
2012-08-30,0.07000000029802322,0.05999999865889549,0.07000000029802322,0.05999999865889549,16000,0.05999999865889549
2012-08-31,0.05999999865889549,0.05999999865889549,0.05999999865889549,0.05999999865889549,0,0.05999999865889549
2012-09-04,0.05999999865889549,0.05999999865889549,0.05999999865889549,0.05999999865889549,0,0.05999999865889549
2012-09-05,0.05999999865889549,0.05999999865889549,0.05999999865889549,0.05999999865889549,0,0.05999999865889549
2012-09-06,0.05999999865889549,0.05999999865889549,0.05999999865889549,0.05999999865889549,0,0.05999999865889549
2012-09-07,0.05999999865889549,0.05999999865889549,0.05999999865889549,0.05999999865889549,0,0.05999999865889549
2012-09-10,0.07000000029802322,0.07000000029802322,0.07000000029802322,0.07000000029802322,2000,0.07000000029802322
2012-09-11,0.07000000029802322,0.07000000029802322,0.07000000029802322,0.07000000029802322,0,0.07000000029802322
2012-09-12,0.07000000029802322,0.07000000029802322,0.07000000029802322,0.07000000029802322,0,0.07000000029802322
2012-09-13,0.09000000357627869,0.07000000029802322,0.09000000357627869,0.07000000029802322,2000,0.07000000029802322
2012-09-14,0.07000000029802322,0.07000000029802322,0.07000000029802322,0.07000000029802322,0,0.07000000029802322
2012-09-17,0.07000000029802322,0.07000000029802322,0.07000000029802322,0.07000000029802322,0,0.07000000029802322
2012-09-18,0.07000000029802322,0.07000000029802322,0.07000000029802322,0.07000000029802322,0,0.07000000029802322
2012-09-19,0.07000000029802322,0.07000000029802322,0.07000000029802322,0.07000000029802322,0,0.07000000029802322
2012-09-20,0.07000000029802322,0.07000000029802322,0.07000000029802322,0.07000000029802322,0,0.07000000029802322
2012-09-21,0.07000000029802322,0.07000000029802322,0.07000000029802322,0.07000000029802322,0,0.07000000029802322
2012-09-24,0.07000000029802322,0.07000000029802322,0.07000000029802322,0.07000000029802322,1000,0.07000000029802322
2012-09-25,0.07000000029802322,0.07000000029802322,0.07000000029802322,0.07000000029802322,0,0.07000000029802322
2012-09-26,0.07000000029802322,0.07000000029802322,0.07000000029802322,0.07000000029802322,0,0.07000000029802322
2012-09-27,0.07000000029802322,0.07000000029802322,0.07000000029802322,0.07000000029802322,0,0.07000000029802322
2012-09-28,0.07000000029802322,0.07000000029802322,0.07000000029802322,0.07000000029802322,0,0.07000000029802322
2012-10-01,0.07000000029802322,0.07000000029802322,0.07000000029802322,0.07000000029802322,0,0.07000000029802322
2012-10-02,0.10000000149011612,0.10000000149011612,0.10000000149011612,0.10000000149011612,10000,0.10000000149011612
2012-10-03,0.10000000149011612,0.10000000149011612,0.10000000149011612,0.10000000149011612,0,0.10000000149011612
2012-10-04,0.10000000149011612,0.10000000149011612,0.10000000149011612,0.10000000149011612,0,0.10000000149011612
2012-10-05,0.10000000149011612,0.10000000149011612,0.10000000149011612,0.10000000149011612,0,0.10000000149011612
2012-10-08,0.10000000149011612,0.10000000149011612,0.10000000149011612,0.10000000149011612,0,0.10000000149011612
2012-10-09,0.09000000357627869,0.09000000357627869,0.09000000357627869,0.09000000357627869,21000,0.09000000357627869
2012-10-10,0.09000000357627869,0.09000000357627869,0.09000000357627869,0.09000000357627869,0,0.09000000357627869
2012-10-11,0.09000000357627869,0.09000000357627869,0.09000000357627869,0.09000000357627869,0,0.09000000357627869
2012-10-12,0.09000000357627869,0.09000000357627869,0.09000000357627869,0.09000000357627869,0,0.09000000357627869
2012-10-15,0.09000000357627869,0.09000000357627869,0.09000000357627869,0.09000000357627869,0,0.09000000357627869
2012-10-16,0.09000000357627869,0.09000000357627869,0.09000000357627869,0.09000000357627869,0,0.09000000357627869
2012-10-17,0.09000000357627869,0.09000000357627869,0.09000000357627869,0.09000000357627869,0,0.09000000357627869
2012-10-18,0.09000000357627869,0.09000000357627869,0.09000000357627869,0.09000000357627869,0,0.09000000357627869
2012-10-19,0.09000000357627869,0.09000000357627869,0.09000000357627869,0.09000000357627869,0,0.09000000357627869
2012-10-22,0.09000000357627869,0.09000000357627869,0.09000000357627869,0.09000000357627869,0,0.09000000357627869
2012-10-23,0.09000000357627869,0.09000000357627869,0.09000000357627869,0.09000000357627869,0,0.09000000357627869
2012-10-24,0.09000000357627869,0.09000000357627869,0.09000000357627869,0.09000000357627869,0,0.09000000357627869
2012-10-25,0.09000000357627869,0.09000000357627869,0.09000000357627869,0.09000000357627869,0,0.09000000357627869
2012-10-26,0.09000000357627869,0.09000000357627869,0.09000000357627869,0.09000000357627869,0,0.09000000357627869
2012-10-31,0.09000000357627869,0.09000000357627869,0.09000000357627869,0.09000000357627869,0,0.09000000357627869
2012-11-01,0.09000000357627869,0.09000000357627869,0.09000000357627869,0.09000000357627869,0,0.09000000357627869
2012-11-02,0.07000000029802322,0.05999999865889549,0.07000000029802322,0.05999999865889549,1700,0.05999999865889549
2012-11-05,0.05999999865889549,0.05999999865889549,0.05999999865889549,0.05999999865889549,0,0.05999999865889549
2012-11-06,0.05999999865889549,0.05999999865889549,0.05999999865889549,0.05999999865889549,0,0.05999999865889549
2012-11-07,0.07000000029802322,0.07000000029802322,0.07000000029802322,0.07000000029802322,4000,0.07000000029802322
2012-11-08,0.07000000029802322,0.07000000029802322,0.07000000029802322,0.07000000029802322,0,0.07000000029802322
2012-11-09,0.07000000029802322,0.07000000029802322,0.07000000029802322,0.07000000029802322,0,0.07000000029802322
2012-11-12,0.07000000029802322,0.07000000029802322,0.07000000029802322,0.07000000029802322,0,0.07000000029802322
2012-11-13,0.07000000029802322,0.05999999865889549,0.07000000029802322,0.05999999865889549,22500,0.05999999865889549
2012-11-14,0.05999999865889549,0.05999999865889549,0.05999999865889549,0.05999999865889549,0,0.05999999865889549
2012-11-15,0.05999999865889549,0.05999999865889549,0.05999999865889549,0.05999999865889549,0,0.05999999865889549
2012-11-16,0.05999999865889549,0.05999999865889549,0.05999999865889549,0.05999999865889549,0,0.05999999865889549
2012-11-19,0.05999999865889549,0.05999999865889549,0.05999999865889549,0.05999999865889549,0,0.05999999865889549
2012-11-20,0.05999999865889549,0.05999999865889549,0.05999999865889549,0.05999999865889549,0,0.05999999865889549
2012-11-21,0.05999999865889549,0.05999999865889549,0.05999999865889549,0.05999999865889549,0,0.05999999865889549
2012-11-23,0.05999999865889549,0.05999999865889549,0.05999999865889549,0.05999999865889549,0,0.05999999865889549
2012-11-26,0.05999999865889549,0.05999999865889549,0.05999999865889549,0.05999999865889549,0,0.05999999865889549
2012-11-27,0.05999999865889549,0.05999999865889549,0.05999999865889549,0.05999999865889549,0,0.05999999865889549
2012-11-28,0.05999999865889549,0.05999999865889549,0.05999999865889549,0.05999999865889549,0,0.05999999865889549
2012-11-29,0.05999999865889549,0.05999999865889549,0.05999999865889549,0.05999999865889549,3500,0.05999999865889549
2012-11-30,0.05999999865889549,0.05999999865889549,0.05999999865889549,0.05999999865889549,0,0.05999999865889549
2012-12-03,0.05000000074505806,0.05000000074505806,0.05000000074505806,0.05000000074505806,5000,0.05000000074505806
2012-12-04,0.05000000074505806,0.05000000074505806,0.05000000074505806,0.05000000074505806,0,0.05000000074505806
2012-12-05,0.05000000074505806,0.05000000074505806,0.05000000074505806,0.05000000074505806,0,0.05000000074505806
2012-12-06,0.05000000074505806,0.05000000074505806,0.05000000074505806,0.05000000074505806,0,0.05000000074505806
2012-12-07,0.05000000074505806,0.05000000074505806,0.05000000074505806,0.05000000074505806,0,0.05000000074505806
2012-12-10,0.05000000074505806,0.05000000074505806,0.05000000074505806,0.05000000074505806,0,0.05000000074505806
2012-12-11,0.05000000074505806,0.05000000074505806,0.05000000074505806,0.05000000074505806,0,0.05000000074505806
2012-12-12,0.05000000074505806,0.05000000074505806,0.05000000074505806,0.05000000074505806,0,0.05000000074505806
2012-12-13,0.05000000074505806,0.05000000074505806,0.05000000074505806,0.05000000074505806,0,0.05000000074505806
2012-12-14,0.05000000074505806,0.05000000074505806,0.05000000074505806,0.05000000074505806,200,0.05000000074505806
2012-12-17,0.05000000074505806,0.05000000074505806,0.05000000074505806,0.05000000074505806,0,0.05000000074505806
2012-12-18,0.05000000074505806,0.05000000074505806,0.05000000074505806,0.05000000074505806,0,0.05000000074505806
2012-12-19,0.05000000074505806,0.05000000074505806,0.05000000074505806,0.05000000074505806,0,0.05000000074505806
2012-12-20,0.05000000074505806,0.05000000074505806,0.05000000074505806,0.05000000074505806,0,0.05000000074505806
2012-12-21,0.05000000074505806,0.05000000074505806,0.05000000074505806,0.05000000074505806,0,0.05000000074505806
2012-12-24,0.05000000074505806,0.05000000074505806,0.05000000074505806,0.05000000074505806,0,0.05000000074505806
2012-12-26,0.05000000074505806,0.05000000074505806,0.05000000074505806,0.05000000074505806,0,0.05000000074505806
2012-12-27,0.05000000074505806,0.05000000074505806,0.05000000074505806,0.05000000074505806,0,0.05000000074505806
2012-12-28,0.05000000074505806,0.05000000074505806,0.05000000074505806,0.05000000074505806,0,0.05000000074505806
2012-12-31,0.05999999865889549,0.05000000074505806,0.05999999865889549,0.05000000074505806,10000,0.05000000074505806
2013-01-02,0.03999999910593033,0.03999999910593033,0.03999999910593033,0.03999999910593033,5000,0.03999999910593033
2013-01-03,0.03999999910593033,0.03999999910593033,0.03999999910593033,0.03999999910593033,0,0.03999999910593033
2013-01-04,0.03999999910593033,0.03999999910593033,0.03999999910593033,0.03999999910593033,0,0.03999999910593033
2013-01-07,0.03999999910593033,0.03999999910593033,0.03999999910593033,0.03999999910593033,0,0.03999999910593033
2013-01-08,0.03999999910593033,0.03999999910593033,0.03999999910593033,0.03999999910593033,0,0.03999999910593033
2013-01-09,0.03999999910593033,0.03999999910593033,0.03999999910593033,0.03999999910593033,0,0.03999999910593033
2013-01-10,0.03999999910593033,0.03999999910593033,0.03999999910593033,0.03999999910593033,0,0.03999999910593033
2013-01-11,0.03999999910593033,0.03999999910593033,0.03999999910593033,0.03999999910593033,0,0.03999999910593033
2013-01-14,0.03999999910593033,0.03999999910593033,0.03999999910593033,0.03999999910593033,0,0.03999999910593033
2013-01-15,0.03999999910593033,0.03999999910593033,0.03999999910593033,0.03999999910593033,0,0.03999999910593033
2013-01-16,0.03999999910593033,0.03999999910593033,0.03999999910593033,0.03999999910593033,0,0.03999999910593033
2013-01-17,0.03999999910593033,0.03999999910593033,0.03999999910593033,0.03999999910593033,0,0.03999999910593033
2013-01-18,0.03999999910593033,0.03999999910593033,0.03999999910593033,0.03999999910593033,0,0.03999999910593033
2013-01-22,0.03999999910593033,0.03999999910593033,0.03999999910593033,0.03999999910593033,0,0.03999999910593033
2013-01-23,0.03999999910593033,0.03999999910593033,0.03999999910593033,0.03999999910593033,0,0.03999999910593033
2013-01-24,0.03999999910593033,0.03999999910593033,0.03999999910593033,0.03999999910593033,0,0.03999999910593033
2013-01-25,0.03999999910593033,0.03999999910593033,0.03999999910593033,0.03999999910593033,0,0.03999999910593033
2013-01-28,0.05999999865889549,0.05000000074505806,0.05999999865889549,0.05000000074505806,10700,0.05000000074505806
2013-01-29,0.05000000074505806,0.05000000074505806,0.05000000074505806,0.05000000074505806,0,0.05000000074505806
2013-01-30,0.05000000074505806,0.05000000074505806,0.05000000074505806,0.05000000074505806,0,0.05000000074505806
2013-01-31,0.05000000074505806,0.05000000074505806,0.05000000074505806,0.05000000074505806,0,0.05000000074505806
2013-02-01,0.05000000074505806,0.05000000074505806,0.05000000074505806,0.05000000074505806,0,0.05000000074505806
2013-02-04,0.05000000074505806,0.05000000074505806,0.05000000074505806,0.05000000074505806,0,0.05000000074505806
2013-02-05,0.05000000074505806,0.05000000074505806,0.05000000074505806,0.05000000074505806,0,0.05000000074505806
2013-02-06,0.05000000074505806,0.05000000074505806,0.05000000074505806,0.05000000074505806,0,0.05000000074505806
2013-02-07,0.05000000074505806,0.05000000074505806,0.05000000074505806,0.05000000074505806,0,0.05000000074505806
2013-02-08,0.05000000074505806,0.05000000074505806,0.05000000074505806,0.05000000074505806,0,0.05000000074505806
2013-02-11,0.05000000074505806,0.05000000074505806,0.05000000074505806,0.05000000074505806,0,0.05000000074505806
2013-02-12,0.05000000074505806,0.05000000074505806,0.05000000074505806,0.05000000074505806,0,0.05000000074505806
2013-02-13,0.05000000074505806,0.03999999910593033,0.05000000074505806,0.03999999910593033,23000,0.03999999910593033
2013-02-14,0.03999999910593033,0.03999999910593033,0.03999999910593033,0.03999999910593033,0,0.03999999910593033
2013-02-15,0.03999999910593033,0.03999999910593033,0.03999999910593033,0.03999999910593033,0,0.03999999910593033
2013-02-19,0.03999999910593033,0.03999999910593033,0.03999999910593033,0.03999999910593033,0,0.03999999910593033
2013-02-20,0.03999999910593033,0.03999999910593033,0.03999999910593033,0.03999999910593033,0,0.03999999910593033
2013-02-21,0.03999999910593033,0.03999999910593033,0.03999999910593033,0.03999999910593033,0,0.03999999910593033
2013-02-22,0.03999999910593033,0.03999999910593033,0.03999999910593033,0.03999999910593033,0,0.03999999910593033
2013-02-25,0.03999999910593033,0.03999999910593033,0.03999999910593033,0.03999999910593033,0,0.03999999910593033
2013-02-26,0.03999999910593033,0.03999999910593033,0.03999999910593033,0.03999999910593033,24000,0.03999999910593033
2013-02-27,0.03999999910593033,0.03999999910593033,0.03999999910593033,0.03999999910593033,0,0.03999999910593033
2013-02-28,0.03999999910593033,0.03999999910593033,0.03999999910593033,0.03999999910593033,0,0.03999999910593033
2013-03-01,0.03999999910593033,0.03999999910593033,0.03999999910593033,0.03999999910593033,0,0.03999999910593033
2013-03-04,0.03999999910593033,0.03999999910593033,0.03999999910593033,0.03999999910593033,0,0.03999999910593033
2013-03-05,0.03999999910593033,0.03999999910593033,0.03999999910593033,0.03999999910593033,0,0.03999999910593033
2013-03-06,0.03999999910593033,0.03999999910593033,0.03999999910593033,0.03999999910593033,0,0.03999999910593033
2013-03-07,0.03999999910593033,0.03999999910593033,0.03999999910593033,0.03999999910593033,0,0.03999999910593033
2013-03-08,0.03999999910593033,0.03999999910593033,0.03999999910593033,0.03999999910593033,0,0.03999999910593033
2013-03-11,0.03999999910593033,0.03999999910593033,0.03999999910593033,0.03999999910593033,0,0.03999999910593033
2013-03-12,0.03999999910593033,0.03999999910593033,0.03999999910593033,0.03999999910593033,0,0.03999999910593033
2013-03-13,0.03999999910593033,0.03999999910593033,0.03999999910593033,0.03999999910593033,0,0.03999999910593033
2013-03-14,0.03999999910593033,0.03999999910593033,0.03999999910593033,0.03999999910593033,0,0.03999999910593033
2013-03-15,0.03999999910593033,0.03999999910593033,0.03999999910593033,0.03999999910593033,0,0.03999999910593033
2013-03-18,0.03999999910593033,0.03999999910593033,0.03999999910593033,0.03999999910593033,4000,0.03999999910593033
2013-03-19,0.03999999910593033,0.03999999910593033,0.03999999910593033,0.03999999910593033,0,0.03999999910593033
2013-03-20,0.03999999910593033,0.03999999910593033,0.03999999910593033,0.03999999910593033,0,0.03999999910593033
2013-03-21,0.03999999910593033,0.03999999910593033,0.03999999910593033,0.03999999910593033,0,0.03999999910593033
2013-03-22,0.03999999910593033,0.03999999910593033,0.03999999910593033,0.03999999910593033,0,0.03999999910593033
2013-03-25,0.03999999910593033,0.03999999910593033,0.03999999910593033,0.03999999910593033,0,0.03999999910593033
2013-03-26,0.03999999910593033,0.03999999910593033,0.03999999910593033,0.03999999910593033,0,0.03999999910593033
2013-03-27,0.03999999910593033,0.03999999910593033,0.03999999910593033,0.03999999910593033,0,0.03999999910593033
2013-03-28,0.03999999910593033,0.03999999910593033,0.03999999910593033,0.03999999910593033,0,0.03999999910593033
2013-04-01,0.03999999910593033,0.03999999910593033,0.03999999910593033,0.03999999910593033,0,0.03999999910593033
2013-04-02,0.03999999910593033,0.03999999910593033,0.03999999910593033,0.03999999910593033,0,0.03999999910593033
2013-04-03,0.03999999910593033,0.03999999910593033,0.03999999910593033,0.03999999910593033,0,0.03999999910593033
2013-04-04,0.03999999910593033,0.03999999910593033,0.03999999910593033,0.03999999910593033,5000,0.03999999910593033
2013-04-05,0.03999999910593033,0.03999999910593033,0.03999999910593033,0.03999999910593033,0,0.03999999910593033
2013-04-08,0.03999999910593033,0.03999999910593033,0.03999999910593033,0.03999999910593033,0,0.03999999910593033
2013-04-09,0.03999999910593033,0.03999999910593033,0.03999999910593033,0.03999999910593033,0,0.03999999910593033
2013-04-10,0.03999999910593033,0.03999999910593033,0.03999999910593033,0.03999999910593033,0,0.03999999910593033
2013-04-11,0.03999999910593033,0.03999999910593033,0.03999999910593033,0.03999999910593033,0,0.03999999910593033
2013-04-12,0.03999999910593033,0.029999999329447746,0.029999999329447746,0.029999999329447746,69000,0.029999999329447746
2013-04-15,0.029999999329447746,0.019999999552965164,0.029999999329447746,0.019999999552965164,74000,0.019999999552965164
2013-04-16,0.029999999329447746,0.029999999329447746,0.029999999329447746,0.029999999329447746,2000,0.029999999329447746
2013-04-17,0.029999999329447746,0.029999999329447746,0.029999999329447746,0.029999999329447746,0,0.029999999329447746
2013-04-18,0.029999999329447746,0.029999999329447746,0.029999999329447746,0.029999999329447746,1000,0.029999999329447746
2013-04-19,0.029999999329447746,0.029999999329447746,0.029999999329447746,0.029999999329447746,0,0.029999999329447746
2013-04-22,0.029999999329447746,0.029999999329447746,0.029999999329447746,0.029999999329447746,0,0.029999999329447746
2013-04-23,0.019999999552965164,0.019999999552965164,0.019999999552965164,0.019999999552965164,20000,0.019999999552965164
2013-04-24,0.019999999552965164,0.019999999552965164,0.019999999552965164,0.019999999552965164,0,0.019999999552965164
2013-04-25,0.019999999552965164,0.019999999552965164,0.019999999552965164,0.019999999552965164,0,0.019999999552965164
2013-04-26,0.019999999552965164,0.019999999552965164,0.019999999552965164,0.019999999552965164,18800,0.019999999552965164
2013-04-29,0.019999999552965164,0.019999999552965164,0.019999999552965164,0.019999999552965164,0,0.019999999552965164
2013-04-30,0.019999999552965164,0.019999999552965164,0.019999999552965164,0.019999999552965164,0,0.019999999552965164
2013-05-01,0.019999999552965164,0.019999999552965164,0.019999999552965164,0.019999999552965164,0,0.019999999552965164
2013-05-02,0.019999999552965164,0.019999999552965164,0.019999999552965164,0.019999999552965164,0,0.019999999552965164
2013-05-03,0.019999999552965164,0.019999999552965164,0.019999999552965164,0.019999999552965164,0,0.019999999552965164
2013-05-06,0.019999999552965164,0.019999999552965164,0.019999999552965164,0.019999999552965164,0,0.019999999552965164
2013-05-07,0.019999999552965164,0.019999999552965164,0.019999999552965164,0.019999999552965164,0,0.019999999552965164
2013-05-08,0.019999999552965164,0.019999999552965164,0.019999999552965164,0.019999999552965164,0,0.019999999552965164
2013-05-09,0.019999999552965164,0.019999999552965164,0.019999999552965164,0.019999999552965164,0,0.019999999552965164
2013-05-10,0.019999999552965164,0.019999999552965164,0.019999999552965164,0.019999999552965164,0,0.019999999552965164
2013-05-13,0.019999999552965164,0.019999999552965164,0.019999999552965164,0.019999999552965164,0,0.019999999552965164
2013-05-14,0.019999999552965164,0.019999999552965164,0.019999999552965164,0.019999999552965164,0,0.019999999552965164
2013-05-15,0.019999999552965164,0.019999999552965164,0.019999999552965164,0.019999999552965164,0,0.019999999552965164
2013-05-16,0.019999999552965164,0.019999999552965164,0.019999999552965164,0.019999999552965164,0,0.019999999552965164
2013-05-17,0.019999999552965164,0.019999999552965164,0.019999999552965164,0.019999999552965164,0,0.019999999552965164
2013-05-20,0.019999999552965164,0.019999999552965164,0.019999999552965164,0.019999999552965164,0,0.019999999552965164
2013-05-21,0.019999999552965164,0.019999999552965164,0.019999999552965164,0.019999999552965164,2000,0.019999999552965164
2013-05-22,0.019999999552965164,0.019999999552965164,0.019999999552965164,0.019999999552965164,0,0.019999999552965164
2013-05-23,0.019999999552965164,0.019999999552965164,0.019999999552965164,0.019999999552965164,0,0.019999999552965164
2013-05-24,0.019999999552965164,0.019999999552965164,0.019999999552965164,0.019999999552965164,0,0.019999999552965164
2013-05-28,0.019999999552965164,0.019999999552965164,0.019999999552965164,0.019999999552965164,0,0.019999999552965164
2013-05-29,0.019999999552965164,0.019999999552965164,0.019999999552965164,0.019999999552965164,0,0.019999999552965164
2013-05-30,0.019999999552965164,0.019999999552965164,0.019999999552965164,0.019999999552965164,0,0.019999999552965164
2013-05-31,0.019999999552965164,0.019999999552965164,0.019999999552965164,0.019999999552965164,0,0.019999999552965164
2013-06-03,0.019999999552965164,0.019999999552965164,0.019999999552965164,0.019999999552965164,6000,0.019999999552965164
2013-06-04,0.019999999552965164,0.019999999552965164,0.019999999552965164,0.019999999552965164,0,0.019999999552965164
2013-06-05,0.019999999552965164,0.019999999552965164,0.019999999552965164,0.019999999552965164,0,0.019999999552965164
2013-06-06,0.019999999552965164,0.019999999552965164,0.019999999552965164,0.019999999552965164,0,0.019999999552965164
2013-06-07,0.019999999552965164,0.019999999552965164,0.019999999552965164,0.019999999552965164,0,0.019999999552965164
2013-06-10,0.019999999552965164,0.019999999552965164,0.019999999552965164,0.019999999552965164,0,0.019999999552965164
2013-06-11,0.019999999552965164,0.019999999552965164,0.019999999552965164,0.019999999552965164,0,0.019999999552965164
2013-06-12,0.019999999552965164,0.019999999552965164,0.019999999552965164,0.019999999552965164,0,0.019999999552965164
2013-06-13,0.019999999552965164,0.019999999552965164,0.019999999552965164,0.019999999552965164,0,0.019999999552965164
2013-06-14,0.019999999552965164,0.019999999552965164,0.019999999552965164,0.019999999552965164,0,0.019999999552965164
2013-06-17,0.019999999552965164,0.019999999552965164,0.019999999552965164,0.019999999552965164,0,0.019999999552965164
2013-06-18,0.019999999552965164,0.019999999552965164,0.019999999552965164,0.019999999552965164,0,0.019999999552965164
2013-06-19,0.019999999552965164,0.019999999552965164,0.019999999552965164,0.019999999552965164,45500,0.019999999552965164
2013-06-20,0.019999999552965164,0.019999999552965164,0.019999999552965164,0.019999999552965164,0,0.019999999552965164
2013-06-21,0.019999999552965164,0.019999999552965164,0.019999999552965164,0.019999999552965164,0,0.019999999552965164
2013-06-24,0.019999999552965164,0.019999999552965164,0.019999999552965164,0.019999999552965164,0,0.019999999552965164
2013-06-25,0.019999999552965164,0.019999999552965164,0.019999999552965164,0.019999999552965164,0,0.019999999552965164
2013-06-26,0.019999999552965164,0.019999999552965164,0.019999999552965164,0.019999999552965164,0,0.019999999552965164
2013-06-27,0.019999999552965164,0.019999999552965164,0.019999999552965164,0.019999999552965164,0,0.019999999552965164
2013-06-28,0.019999999552965164,0.019999999552965164,0.019999999552965164,0.019999999552965164,0,0.019999999552965164
2013-07-01,0.019999999552965164,0.019999999552965164,0.019999999552965164,0.019999999552965164,0,0.019999999552965164
2013-07-02,0.019999999552965164,0.019999999552965164,0.019999999552965164,0.019999999552965164,0,0.019999999552965164
2013-07-03,0.019999999552965164,0.019999999552965164,0.019999999552965164,0.019999999552965164,0,0.019999999552965164
2013-07-05,0.019999999552965164,0.019999999552965164,0.019999999552965164,0.019999999552965164,0,0.019999999552965164
2013-07-08,0.019999999552965164,0.019999999552965164,0.019999999552965164,0.019999999552965164,0,0.019999999552965164
2013-07-09,0.019999999552965164,0.009999999776482582,0.019999999552965164,0.009999999776482582,24000,0.009999999776482582
2013-07-10,0.009999999776482582,0.009999999776482582,0.009999999776482582,0.009999999776482582,0,0.009999999776482582
2013-07-11,0.009999999776482582,0.009999999776482582,0.009999999776482582,0.009999999776482582,0,0.009999999776482582
2013-07-12,0.009999999776482582,0.009999999776482582,0.009999999776482582,0.009999999776482582,0,0.009999999776482582
2013-07-15,0.009999999776482582,0.009999999776482582,0.009999999776482582,0.009999999776482582,0,0.009999999776482582
2013-07-16,0.009999999776482582,0.009999999776482582,0.009999999776482582,0.009999999776482582,20000,0.009999999776482582
2013-07-17,0.009999999776482582,0.009999999776482582,0.009999999776482582,0.009999999776482582,0,0.009999999776482582
2013-07-18,0.009999999776482582,0.009999999776482582,0.009999999776482582,0.009999999776482582,0,0.009999999776482582
2013-07-19,0.009999999776482582,0.009999999776482582,0.009999999776482582,0.009999999776482582,0,0.009999999776482582
2013-07-22,0.009999999776482582,0.009999999776482582,0.009999999776482582,0.009999999776482582,0,0.009999999776482582
2013-07-23,0.009999999776482582,0.009999999776482582,0.009999999776482582,0.009999999776482582,0,0.009999999776482582
2013-07-24,0.009999999776482582,0.009999999776482582,0.009999999776482582,0.009999999776482582,0,0.009999999776482582
2013-07-25,0.009999999776482582,0.009999999776482582,0.009999999776482582,0.009999999776482582,0,0.009999999776482582
2013-07-26,0.009999999776482582,0.009999999776482582,0.009999999776482582,0.009999999776482582,0,0.009999999776482582
2013-07-29,0.009999999776482582,0.009999999776482582,0.009999999776482582,0.009999999776482582,0,0.009999999776482582
2013-07-30,0.009999999776482582,0.009999999776482582,0.009999999776482582,0.009999999776482582,0,0.009999999776482582
2013-07-31,0.009999999776482582,0.009999999776482582,0.009999999776482582,0.009999999776482582,0,0.009999999776482582
2013-08-01,0.009999999776482582,0.009999999776482582,0.009999999776482582,0.009999999776482582,0,0.009999999776482582
2013-08-02,0.009999999776482582,0.009999999776482582,0.009999999776482582,0.009999999776482582,0,0.009999999776482582
2013-08-05,0.009999999776482582,0.009999999776482582,0.009999999776482582,0.009999999776482582,0,0.009999999776482582
2013-08-06,0.009999999776482582,0.009999999776482582,0.009999999776482582,0.009999999776482582,0,0.009999999776482582
2013-08-07,0.009999999776482582,0.009999999776482582,0.009999999776482582,0.009999999776482582,0,0.009999999776482582
2013-08-08,0.009999999776482582,0.009999999776482582,0.009999999776482582,0.009999999776482582,0,0.009999999776482582
2013-08-09,0.009999999776482582,0.009999999776482582,0.009999999776482582,0.009999999776482582,0,0.009999999776482582
2013-08-12,0.009999999776482582,0.009999999776482582,0.009999999776482582,0.009999999776482582,0,0.009999999776482582
2013-08-13,0.009999999776482582,0.009999999776482582,0.009999999776482582,0.009999999776482582,0,0.009999999776482582
2013-08-14,0.05999999865889549,0.05999999865889549,0.05999999865889549,0.05999999865889549,10000,0.05999999865889549
2013-08-15,0.05999999865889549,0.05999999865889549,0.05999999865889549,0.05999999865889549,0,0.05999999865889549
2013-08-16,0.029999999329447746,0.029999999329447746,0.029999999329447746,0.029999999329447746,20000,0.029999999329447746
2013-08-19,0.029999999329447746,0.029999999329447746,0.029999999329447746,0.029999999329447746,0,0.029999999329447746
2013-08-20,0.029999999329447746,0.029999999329447746,0.029999999329447746,0.029999999329447746,0,0.029999999329447746
2013-08-21,0.029999999329447746,0.029999999329447746,0.029999999329447746,0.029999999329447746,0,0.029999999329447746
2013-08-22,0.03999999910593033,0.03999999910593033,0.03999999910593033,0.03999999910593033,1000,0.03999999910593033
2013-08-23,0.03999999910593033,0.03999999910593033,0.03999999910593033,0.03999999910593033,0,0.03999999910593033
2013-08-26,0.03999999910593033,0.03999999910593033,0.03999999910593033,0.03999999910593033,0,0.03999999910593033
2013-08-27,0.03999999910593033,0.03999999910593033,0.03999999910593033,0.03999999910593033,0,0.03999999910593033
2013-08-28,0.03999999910593033,0.03999999910593033,0.03999999910593033,0.03999999910593033,0,0.03999999910593033
2013-08-29,0.03999999910593033,0.03999999910593033,0.03999999910593033,0.03999999910593033,0,0.03999999910593033
2013-08-30,0.03999999910593033,0.03999999910593033,0.03999999910593033,0.03999999910593033,0,0.03999999910593033
2013-09-03,0.03999999910593033,0.03999999910593033,0.03999999910593033,0.03999999910593033,0,0.03999999910593033
2013-09-04,0.03999999910593033,0.03999999910593033,0.03999999910593033,0.03999999910593033,0,0.03999999910593033
2013-09-05,0.03999999910593033,0.03999999910593033,0.03999999910593033,0.03999999910593033,0,0.03999999910593033
2013-09-06,0.03999999910593033,0.03999999910593033,0.03999999910593033,0.03999999910593033,0,0.03999999910593033
2013-09-09,0.03999999910593033,0.03999999910593033,0.03999999910593033,0.03999999910593033,0,0.03999999910593033
2013-09-10,0.03999999910593033,0.03999999910593033,0.03999999910593033,0.03999999910593033,0,0.03999999910593033
2013-09-11,0.03999999910593033,0.03999999910593033,0.03999999910593033,0.03999999910593033,0,0.03999999910593033
2013-09-12,0.03999999910593033,0.03999999910593033,0.03999999910593033,0.03999999910593033,0,0.03999999910593033
2013-09-13,0.03999999910593033,0.03999999910593033,0.03999999910593033,0.03999999910593033,0,0.03999999910593033
2013-09-16,0.03999999910593033,0.03999999910593033,0.03999999910593033,0.03999999910593033,0,0.03999999910593033
2013-09-17,0.03999999910593033,0.03999999910593033,0.03999999910593033,0.03999999910593033,0,0.03999999910593033
2013-09-18,0.03999999910593033,0.03999999910593033,0.03999999910593033,0.03999999910593033,0,0.03999999910593033
2013-09-19,0.03999999910593033,0.03999999910593033,0.03999999910593033,0.03999999910593033,0,0.03999999910593033
2013-09-20,0.03999999910593033,0.03999999910593033,0.03999999910593033,0.03999999910593033,0,0.03999999910593033
2013-09-23,0.03999999910593033,0.029999999329447746,0.03999999910593033,0.029999999329447746,22000,0.029999999329447746
2013-09-24,0.029999999329447746,0.029999999329447746,0.029999999329447746,0.029999999329447746,0,0.029999999329447746
2013-09-25,0.019999999552965164,0.019999999552965164,0.019999999552965164,0.019999999552965164,1000,0.019999999552965164
2013-09-26,0.019999999552965164,0.019999999552965164,0.019999999552965164,0.019999999552965164,0,0.019999999552965164
2013-09-27,0.019999999552965164,0.019999999552965164,0.019999999552965164,0.019999999552965164,0,0.019999999552965164
2013-09-30,0.019999999552965164,0.019999999552965164,0.019999999552965164,0.019999999552965164,0,0.019999999552965164
2013-10-01,0.019999999552965164,0.019999999552965164,0.019999999552965164,0.019999999552965164,0,0.019999999552965164
2013-10-02,0.019999999552965164,0.019999999552965164,0.019999999552965164,0.019999999552965164,0,0.019999999552965164
2013-10-03,0.019999999552965164,0.019999999552965164,0.019999999552965164,0.019999999552965164,0,0.019999999552965164
2013-10-04,0.019999999552965164,0.019999999552965164,0.019999999552965164,0.019999999552965164,0,0.019999999552965164
2013-10-07,0.019999999552965164,0.019999999552965164,0.019999999552965164,0.019999999552965164,0,0.019999999552965164
2013-10-08,0.019999999552965164,0.019999999552965164,0.019999999552965164,0.019999999552965164,0,0.019999999552965164
2013-10-09,0.019999999552965164,0.019999999552965164,0.019999999552965164,0.019999999552965164,0,0.019999999552965164
2013-10-10,0.019999999552965164,0.019999999552965164,0.019999999552965164,0.019999999552965164,0,0.019999999552965164
2013-10-11,0.019999999552965164,0.019999999552965164,0.019999999552965164,0.019999999552965164,0,0.019999999552965164
2013-10-14,0.019999999552965164,0.019999999552965164,0.019999999552965164,0.019999999552965164,0,0.019999999552965164
2013-10-15,0.019999999552965164,0.019999999552965164,0.019999999552965164,0.019999999552965164,0,0.019999999552965164
2013-10-16,0.019999999552965164,0.019999999552965164,0.019999999552965164,0.019999999552965164,0,0.019999999552965164
2013-10-17,0.019999999552965164,0.019999999552965164,0.019999999552965164,0.019999999552965164,0,0.019999999552965164
2013-10-18,0.019999999552965164,0.019999999552965164,0.019999999552965164,0.019999999552965164,0,0.019999999552965164
2013-10-21,0.019999999552965164,0.019999999552965164,0.019999999552965164,0.019999999552965164,0,0.019999999552965164
2013-10-22,0.019999999552965164,0.019999999552965164,0.019999999552965164,0.019999999552965164,0,0.019999999552965164
2013-10-23,0.019999999552965164,0.019999999552965164,0.019999999552965164,0.019999999552965164,0,0.019999999552965164
2013-10-24,0.019999999552965164,0.019999999552965164,0.019999999552965164,0.019999999552965164,0,0.019999999552965164
2013-10-25,0.019999999552965164,0.019999999552965164,0.019999999552965164,0.019999999552965164,0,0.019999999552965164
2013-10-28,0.019999999552965164,0.019999999552965164,0.019999999552965164,0.019999999552965164,0,0.019999999552965164
2013-10-29,0.019999999552965164,0.019999999552965164,0.019999999552965164,0.019999999552965164,0,0.019999999552965164
2013-10-30,0.019999999552965164,0.019999999552965164,0.019999999552965164,0.019999999552965164,0,0.019999999552965164
2013-10-31,0.019999999552965164,0.019999999552965164,0.019999999552965164,0.019999999552965164,0,0.019999999552965164
2013-11-01,0.019999999552965164,0.019999999552965164,0.019999999552965164,0.019999999552965164,0,0.019999999552965164
2013-11-04,0.019999999552965164,0.019999999552965164,0.019999999552965164,0.019999999552965164,0,0.019999999552965164
2013-11-05,0.019999999552965164,0.019999999552965164,0.019999999552965164,0.019999999552965164,0,0.019999999552965164
2013-11-06,0.029999999329447746,0.029999999329447746,0.029999999329447746,0.029999999329447746,3000,0.029999999329447746
2013-11-07,0.029999999329447746,0.029999999329447746,0.029999999329447746,0.029999999329447746,0,0.029999999329447746
2013-11-08,0.029999999329447746,0.029999999329447746,0.029999999329447746,0.029999999329447746,0,0.029999999329447746
2013-11-11,0.029999999329447746,0.029999999329447746,0.029999999329447746,0.029999999329447746,0,0.029999999329447746
2013-11-12,0.029999999329447746,0.029999999329447746,0.029999999329447746,0.029999999329447746,0,0.029999999329447746
2013-11-13,0.029999999329447746,0.029999999329447746,0.029999999329447746,0.029999999329447746,0,0.029999999329447746
2013-11-14,0.029999999329447746,0.029999999329447746,0.029999999329447746,0.029999999329447746,1500,0.029999999329447746
2013-11-15,0.029999999329447746,0.029999999329447746,0.029999999329447746,0.029999999329447746,0,0.029999999329447746
2013-11-18,0.029999999329447746,0.029999999329447746,0.029999999329447746,0.029999999329447746,0,0.029999999329447746
2013-11-19,0.029999999329447746,0.029999999329447746,0.029999999329447746,0.029999999329447746,0,0.029999999329447746
2013-11-20,0.029999999329447746,0.029999999329447746,0.029999999329447746,0.029999999329447746,0,0.029999999329447746
2013-11-21,0.029999999329447746,0.029999999329447746,0.029999999329447746,0.029999999329447746,0,0.029999999329447746
2013-11-22,0.029999999329447746,0.029999999329447746,0.029999999329447746,0.029999999329447746,0,0.029999999329447746
2013-11-25,0.029999999329447746,0.029999999329447746,0.029999999329447746,0.029999999329447746,0,0.029999999329447746
2013-11-26,0.019999999552965164,0.019999999552965164,0.019999999552965164,0.019999999552965164,2000,0.019999999552965164
2013-11-27,0.019999999552965164,0.019999999552965164,0.019999999552965164,0.019999999552965164,0,0.019999999552965164
2013-11-29,0.019999999552965164,0.019999999552965164,0.019999999552965164,0.019999999552965164,0,0.019999999552965164
2013-12-02,0.019999999552965164,0.019999999552965164,0.019999999552965164,0.019999999552965164,0,0.019999999552965164
2013-12-03,0.019999999552965164,0.019999999552965164,0.019999999552965164,0.019999999552965164,0,0.019999999552965164
2013-12-04,0.019999999552965164,0.019999999552965164,0.019999999552965164,0.019999999552965164,0,0.019999999552965164
2013-12-05,0.019999999552965164,0.019999999552965164,0.019999999552965164,0.019999999552965164,0,0.019999999552965164
2013-12-06,0.019999999552965164,0.019999999552965164,0.019999999552965164,0.019999999552965164,0,0.019999999552965164
2013-12-09,0.019999999552965164,0.019999999552965164,0.019999999552965164,0.019999999552965164,0,0.019999999552965164
2013-12-10,0.019999999552965164,0.019999999552965164,0.019999999552965164,0.019999999552965164,0,0.019999999552965164
2013-12-11,0.019999999552965164,0.019999999552965164,0.019999999552965164,0.019999999552965164,0,0.019999999552965164
2013-12-12,0.019999999552965164,0.019999999552965164,0.019999999552965164,0.019999999552965164,5000,0.019999999552965164
2013-12-13,0.019999999552965164,0.019999999552965164,0.019999999552965164,0.019999999552965164,0,0.019999999552965164
2013-12-16,0.009999999776482582,0.009999999776482582,0.009999999776482582,0.009999999776482582,1500,0.009999999776482582
2013-12-17,0.009999999776482582,0.009999999776482582,0.009999999776482582,0.009999999776482582,0,0.009999999776482582
2013-12-18,0.009999999776482582,0.009999999776482582,0.009999999776482582,0.009999999776482582,0,0.009999999776482582
2013-12-19,0.009999999776482582,0.009999999776482582,0.009999999776482582,0.009999999776482582,0,0.009999999776482582
2013-12-20,0.009999999776482582,0.009999999776482582,0.009999999776482582,0.009999999776482582,0,0.009999999776482582
2013-12-23,0.009999999776482582,0.009999999776482582,0.009999999776482582,0.009999999776482582,0,0.009999999776482582
2013-12-24,0.009999999776482582,0.009999999776482582,0.009999999776482582,0.009999999776482582,0,0.009999999776482582
2013-12-26,0.009999999776482582,0.009999999776482582,0.009999999776482582,0.009999999776482582,0,0.009999999776482582
2013-12-27,0.009999999776482582,0.009999999776482582,0.009999999776482582,0.009999999776482582,0,0.009999999776482582
2013-12-30,0.009999999776482582,0.009999999776482582,0.009999999776482582,0.009999999776482582,0,0.009999999776482582
2013-12-31,0.009999999776482582,0.009999999776482582,0.009999999776482582,0.009999999776482582,0,0.009999999776482582
2014-01-02,0.009999999776482582,0.009999999776482582,0.009999999776482582,0.009999999776482582,0,0.009999999776482582
2014-01-03,0.009999999776482582,0.009999999776482582,0.009999999776482582,0.009999999776482582,0,0.009999999776482582
2014-01-06,0.009999999776482582,0.009999999776482582,0.009999999776482582,0.009999999776482582,0,0.009999999776482582
2014-01-07,0.009999999776482582,0.009999999776482582,0.009999999776482582,0.009999999776482582,0,0.009999999776482582
2014-01-08,0.009999999776482582,0.009999999776482582,0.009999999776482582,0.009999999776482582,0,0.009999999776482582
2014-01-09,0.009999999776482582,0.009999999776482582,0.009999999776482582,0.009999999776482582,0,0.009999999776482582
2014-01-10,0.009999999776482582,0.009999999776482582,0.009999999776482582,0.009999999776482582,0,0.009999999776482582
2014-01-13,0.009999999776482582,0.009999999776482582,0.009999999776482582,0.009999999776482582,0,0.009999999776482582
2014-01-14,0.009999999776482582,0.009999999776482582,0.009999999776482582,0.009999999776482582,0,0.009999999776482582
2014-01-15,0.009999999776482582,0.009999999776482582,0.009999999776482582,0.009999999776482582,0,0.009999999776482582
2014-01-16,0.009999999776482582,0.009999999776482582,0.009999999776482582,0.009999999776482582,0,0.009999999776482582
2014-01-17,0.009999999776482582,0.009999999776482582,0.009999999776482582,0.009999999776482582,0,0.009999999776482582
2014-01-21,0.009999999776482582,0.009999999776482582,0.009999999776482582,0.009999999776482582,0,0.009999999776482582
2014-01-22,0.009999999776482582,0.009999999776482582,0.009999999776482582,0.009999999776482582,0,0.009999999776482582
2014-01-23,0.009999999776482582,0.009999999776482582,0.009999999776482582,0.009999999776482582,0,0.009999999776482582
2014-01-24,0.009999999776482582,0.009999999776482582,0.009999999776482582,0.009999999776482582,0,0.009999999776482582
2014-01-27,0.009999999776482582,0.009999999776482582,0.009999999776482582,0.009999999776482582,0,0.009999999776482582
2014-01-28,0.009999999776482582,0.009999999776482582,0.009999999776482582,0.009999999776482582,0,0.009999999776482582
2014-01-29,0.009999999776482582,0.009999999776482582,0.009999999776482582,0.009999999776482582,0,0.009999999776482582
2014-01-30,0.029999999329447746,0.029999999329447746,0.029999999329447746,0.029999999329447746,800,0.029999999329447746
2014-01-31,0.019999999552965164,0.019999999552965164,0.019999999552965164,0.019999999552965164,5000,0.019999999552965164
2014-02-03,0.019999999552965164,0.019999999552965164,0.019999999552965164,0.019999999552965164,0,0.019999999552965164
2014-02-04,0.019999999552965164,0.019999999552965164,0.019999999552965164,0.019999999552965164,0,0.019999999552965164
2014-02-05,0.019999999552965164,0.019999999552965164,0.019999999552965164,0.019999999552965164,0,0.019999999552965164
2014-02-06,0.019999999552965164,0.019999999552965164,0.019999999552965164,0.019999999552965164,0,0.019999999552965164
2014-02-07,0.019999999552965164,0.019999999552965164,0.019999999552965164,0.019999999552965164,0,0.019999999552965164
2014-02-10,0.019999999552965164,0.019999999552965164,0.019999999552965164,0.019999999552965164,0,0.019999999552965164
2014-02-11,0.019999999552965164,0.019999999552965164,0.019999999552965164,0.019999999552965164,0,0.019999999552965164
2014-02-12,0.029999999329447746,0.029999999329447746,0.029999999329447746,0.029999999329447746,1200,0.029999999329447746
2014-02-13,0.029999999329447746,0.029999999329447746,0.029999999329447746,0.029999999329447746,0,0.029999999329447746
2014-02-14,0.029999999329447746,0.029999999329447746,0.029999999329447746,0.029999999329447746,0,0.029999999329447746
2014-02-18,0.029999999329447746,0.029999999329447746,0.029999999329447746,0.029999999329447746,0,0.029999999329447746
2014-02-19,0.029999999329447746,0.029999999329447746,0.029999999329447746,0.029999999329447746,0,0.029999999329447746
2014-02-20,0.029999999329447746,0.029999999329447746,0.029999999329447746,0.029999999329447746,0,0.029999999329447746
2014-02-21,0.029999999329447746,0.029999999329447746,0.029999999329447746,0.029999999329447746,0,0.029999999329447746
2014-02-24,0.029999999329447746,0.029999999329447746,0.029999999329447746,0.029999999329447746,0,0.029999999329447746
2014-02-25,0.029999999329447746,0.029999999329447746,0.029999999329447746,0.029999999329447746,0,0.029999999329447746
2014-02-26,0.029999999329447746,0.029999999329447746,0.029999999329447746,0.029999999329447746,5500,0.029999999329447746
2014-02-27,0.029999999329447746,0.029999999329447746,0.029999999329447746,0.029999999329447746,0,0.029999999329447746
2014-02-28,0.029999999329447746,0.029999999329447746,0.029999999329447746,0.029999999329447746,0,0.029999999329447746
2014-03-03,0.029999999329447746,0.029999999329447746,0.029999999329447746,0.029999999329447746,0,0.029999999329447746
2014-03-04,0.029999999329447746,0.029999999329447746,0.029999999329447746,0.029999999329447746,0,0.029999999329447746
2014-03-05,0.029999999329447746,0.029999999329447746,0.029999999329447746,0.029999999329447746,0,0.029999999329447746
2014-03-06,0.029999999329447746,0.029999999329447746,0.029999999329447746,0.029999999329447746,0,0.029999999329447746
2014-03-07,0.029999999329447746,0.029999999329447746,0.029999999329447746,0.029999999329447746,0,0.029999999329447746
2014-03-10,0.029999999329447746,0.029999999329447746,0.029999999329447746,0.029999999329447746,0,0.029999999329447746
2014-03-11,0.029999999329447746,0.029999999329447746,0.029999999329447746,0.029999999329447746,0,0.029999999329447746
2014-03-12,0.029999999329447746,0.029999999329447746,0.029999999329447746,0.029999999329447746,0,0.029999999329447746
2014-03-13,0.029999999329447746,0.029999999329447746,0.029999999329447746,0.029999999329447746,0,0.029999999329447746
2014-03-14,0.029999999329447746,0.029999999329447746,0.029999999329447746,0.029999999329447746,0,0.029999999329447746
2014-03-17,0.029999999329447746,0.029999999329447746,0.029999999329447746,0.029999999329447746,2500,0.029999999329447746
2014-03-18,0.029999999329447746,0.029999999329447746,0.029999999329447746,0.029999999329447746,0,0.029999999329447746
2014-03-19,0.029999999329447746,0.029999999329447746,0.029999999329447746,0.029999999329447746,0,0.029999999329447746
2014-03-20,0.029999999329447746,0.029999999329447746,0.029999999329447746,0.029999999329447746,0,0.029999999329447746
2014-03-21,0.029999999329447746,0.029999999329447746,0.029999999329447746,0.029999999329447746,0,0.029999999329447746
2014-03-24,0.029999999329447746,0.029999999329447746,0.029999999329447746,0.029999999329447746,0,0.029999999329447746
2014-03-25,0.029999999329447746,0.029999999329447746,0.029999999329447746,0.029999999329447746,0,0.029999999329447746
2014-03-26,0.029999999329447746,0.029999999329447746,0.029999999329447746,0.029999999329447746,0,0.029999999329447746
2014-03-27,0.029999999329447746,0.029999999329447746,0.029999999329447746,0.029999999329447746,0,0.029999999329447746
2014-03-28,0.029999999329447746,0.029999999329447746,0.029999999329447746,0.029999999329447746,0,0.029999999329447746
2014-03-31,0.029999999329447746,0.029999999329447746,0.029999999329447746,0.029999999329447746,0,0.029999999329447746
2014-04-01,0.029999999329447746,0.029999999329447746,0.029999999329447746,0.029999999329447746,0,0.029999999329447746
2014-04-02,0.029999999329447746,0.029999999329447746,0.029999999329447746,0.029999999329447746,0,0.029999999329447746
2014-04-03,0.029999999329447746,0.029999999329447746,0.029999999329447746,0.029999999329447746,0,0.029999999329447746
2014-04-04,0.019999999552965164,0.019999999552965164,0.019999999552965164,0.019999999552965164,3000,0.019999999552965164
2014-04-07,0.019999999552965164,0.019999999552965164,0.019999999552965164,0.019999999552965164,0,0.019999999552965164
2014-04-08,0.019999999552965164,0.019999999552965164,0.019999999552965164,0.019999999552965164,0,0.019999999552965164
2014-04-09,0.019999999552965164,0.019999999552965164,0.019999999552965164,0.019999999552965164,0,0.019999999552965164
2014-04-10,0.019999999552965164,0.019999999552965164,0.019999999552965164,0.019999999552965164,0,0.019999999552965164
2014-04-11,0.019999999552965164,0.019999999552965164,0.019999999552965164,0.019999999552965164,0,0.019999999552965164
2014-04-14,0.019999999552965164,0.019999999552965164,0.019999999552965164,0.019999999552965164,0,0.019999999552965164
2014-04-15,0.019999999552965164,0.019999999552965164,0.019999999552965164,0.019999999552965164,0,0.019999999552965164
2014-04-16,0.019999999552965164,0.019999999552965164,0.019999999552965164,0.019999999552965164,0,0.019999999552965164
2014-04-17,0.019999999552965164,0.019999999552965164,0.019999999552965164,0.019999999552965164,0,0.019999999552965164
2014-04-21,0.019999999552965164,0.019999999552965164,0.019999999552965164,0.019999999552965164,0,0.019999999552965164
2014-04-22,0.019999999552965164,0.019999999552965164,0.019999999552965164,0.019999999552965164,0,0.019999999552965164
2014-04-23,0.019999999552965164,0.019999999552965164,0.019999999552965164,0.019999999552965164,0,0.019999999552965164
2014-04-24,0.019999999552965164,0.019999999552965164,0.019999999552965164,0.019999999552965164,0,0.019999999552965164
2014-04-25,0.019999999552965164,0.019999999552965164,0.019999999552965164,0.019999999552965164,0,0.019999999552965164
2014-04-28,0.019999999552965164,0.019999999552965164,0.019999999552965164,0.019999999552965164,0,0.019999999552965164
2014-04-29,0.019999999552965164,0.019999999552965164,0.019999999552965164,0.019999999552965164,0,0.019999999552965164
2014-04-30,0.019999999552965164,0.019999999552965164,0.019999999552965164,0.019999999552965164,0,0.019999999552965164
2014-05-01,0.019999999552965164,0.019999999552965164,0.019999999552965164,0.019999999552965164,0,0.019999999552965164
2014-05-02,0.019999999552965164,0.019999999552965164,0.019999999552965164,0.019999999552965164,0,0.019999999552965164
2014-05-05,0.019999999552965164,0.019999999552965164,0.019999999552965164,0.019999999552965164,0,0.019999999552965164
2014-05-06,0.019999999552965164,0.019999999552965164,0.019999999552965164,0.019999999552965164,0,0.019999999552965164
2014-05-07,0.019999999552965164,0.019999999552965164,0.019999999552965164,0.019999999552965164,0,0.019999999552965164
2014-05-08,0.019999999552965164,0.019999999552965164,0.019999999552965164,0.019999999552965164,0,0.019999999552965164
2014-05-09,0.019999999552965164,0.019999999552965164,0.019999999552965164,0.019999999552965164,0,0.019999999552965164
2014-05-12,0.019999999552965164,0.019999999552965164,0.019999999552965164,0.019999999552965164,0,0.019999999552965164
2014-05-13,0.019999999552965164,0.019999999552965164,0.019999999552965164,0.019999999552965164,0,0.019999999552965164
2014-05-14,0.019999999552965164,0.019999999552965164,0.019999999552965164,0.019999999552965164,0,0.019999999552965164
2014-05-15,0.019999999552965164,0.019999999552965164,0.019999999552965164,0.019999999552965164,0,0.019999999552965164
2014-05-16,0.019999999552965164,0.019999999552965164,0.019999999552965164,0.019999999552965164,0,0.019999999552965164
2014-05-19,0.019999999552965164,0.019999999552965164,0.019999999552965164,0.019999999552965164,0,0.019999999552965164
2014-05-20,0.019999999552965164,0.019999999552965164,0.019999999552965164,0.019999999552965164,0,0.019999999552965164
2014-05-21,0.019999999552965164,0.019999999552965164,0.019999999552965164,0.019999999552965164,0,0.019999999552965164
2014-05-22,0.019999999552965164,0.019999999552965164,0.019999999552965164,0.019999999552965164,10000,0.019999999552965164
2014-05-23,0.019999999552965164,0.019999999552965164,0.019999999552965164,0.019999999552965164,0,0.019999999552965164
2014-05-27,0.019999999552965164,0.019999999552965164,0.019999999552965164,0.019999999552965164,0,0.019999999552965164
2014-05-28,0.019999999552965164,0.019999999552965164,0.019999999552965164,0.019999999552965164,0,0.019999999552965164
2014-05-29,0.019999999552965164,0.019999999552965164,0.019999999552965164,0.019999999552965164,0,0.019999999552965164
2014-05-30,0.019999999552965164,0.019999999552965164,0.019999999552965164,0.019999999552965164,0,0.019999999552965164
2014-06-02,0.019999999552965164,0.009999999776482582,0.019999999552965164,0.009999999776482582,80000,0.009999999776482582
2014-06-03,0.009999999776482582,0.009999999776482582,0.009999999776482582,0.009999999776482582,0,0.009999999776482582
2014-06-04,0.009999999776482582,0.009999999776482582,0.009999999776482582,0.009999999776482582,0,0.009999999776482582
2014-06-05,0.009999999776482582,0.009999999776482582,0.009999999776482582,0.009999999776482582,0,0.009999999776482582
2014-06-06,0.009999999776482582,0.009999999776482582,0.009999999776482582,0.009999999776482582,0,0.009999999776482582
2014-06-09,0.009999999776482582,0.009999999776482582,0.009999999776482582,0.009999999776482582,0,0.009999999776482582
2014-06-10,0.009999999776482582,0.009999999776482582,0.009999999776482582,0.009999999776482582,0,0.009999999776482582
2014-06-11,0.029999999329447746,0.029999999329447746,0.029999999329447746,0.029999999329447746,10000,0.029999999329447746
2014-06-12,0.029999999329447746,0.029999999329447746,0.029999999329447746,0.029999999329447746,0,0.029999999329447746
2014-06-13,0.029999999329447746,0.029999999329447746,0.029999999329447746,0.029999999329447746,0,0.029999999329447746
2014-06-16,0.029999999329447746,0.029999999329447746,0.029999999329447746,0.029999999329447746,0,0.029999999329447746
2014-06-17,0.029999999329447746,0.029999999329447746,0.029999999329447746,0.029999999329447746,0,0.029999999329447746
2014-06-18,0.029999999329447746,0.029999999329447746,0.029999999329447746,0.029999999329447746,0,0.029999999329447746
2014-06-19,0.029999999329447746,0.029999999329447746,0.029999999329447746,0.029999999329447746,0,0.029999999329447746
2014-06-20,0.029999999329447746,0.029999999329447746,0.029999999329447746,0.029999999329447746,0,0.029999999329447746
2014-06-23,0.029999999329447746,0.029999999329447746,0.029999999329447746,0.029999999329447746,0,0.029999999329447746
2014-06-24,0.029999999329447746,0.029999999329447746,0.029999999329447746,0.029999999329447746,0,0.029999999329447746
2014-06-25,0.029999999329447746,0.029999999329447746,0.029999999329447746,0.029999999329447746,0,0.029999999329447746
2014-06-26,0.029999999329447746,0.029999999329447746,0.029999999329447746,0.029999999329447746,0,0.029999999329447746
2014-06-27,0.029999999329447746,0.029999999329447746,0.029999999329447746,0.029999999329447746,0,0.029999999329447746
2014-06-30,0.029999999329447746,0.029999999329447746,0.029999999329447746,0.029999999329447746,0,0.029999999329447746
2014-07-01,0.029999999329447746,0.029999999329447746,0.029999999329447746,0.029999999329447746,0,0.029999999329447746
2014-07-02,0.029999999329447746,0.029999999329447746,0.029999999329447746,0.029999999329447746,0,0.029999999329447746
2014-07-03,0.029999999329447746,0.029999999329447746,0.029999999329447746,0.029999999329447746,0,0.029999999329447746
2014-07-07,0.029999999329447746,0.029999999329447746,0.029999999329447746,0.029999999329447746,0,0.029999999329447746
2014-07-08,0.029999999329447746,0.029999999329447746,0.029999999329447746,0.029999999329447746,0,0.029999999329447746
2014-07-09,0.029999999329447746,0.029999999329447746,0.029999999329447746,0.029999999329447746,0,0.029999999329447746
2014-07-10,0.029999999329447746,0.029999999329447746,0.029999999329447746,0.029999999329447746,0,0.029999999329447746
2014-07-11,0.029999999329447746,0.029999999329447746,0.029999999329447746,0.029999999329447746,0,0.029999999329447746
2014-07-14,0.029999999329447746,0.029999999329447746,0.029999999329447746,0.029999999329447746,0,0.029999999329447746
2014-07-15,0.029999999329447746,0.029999999329447746,0.029999999329447746,0.029999999329447746,0,0.029999999329447746
2014-07-16,0.029999999329447746,0.029999999329447746,0.029999999329447746,0.029999999329447746,0,0.029999999329447746
2014-07-17,0.029999999329447746,0.029999999329447746,0.029999999329447746,0.029999999329447746,0,0.029999999329447746
2014-07-18,0.029999999329447746,0.029999999329447746,0.029999999329447746,0.029999999329447746,0,0.029999999329447746
2014-07-21,0.029999999329447746,0.029999999329447746,0.029999999329447746,0.029999999329447746,0,0.029999999329447746
2014-07-22,0.029999999329447746,0.029999999329447746,0.029999999329447746,0.029999999329447746,0,0.029999999329447746
2014-07-23,0.029999999329447746,0.029999999329447746,0.029999999329447746,0.029999999329447746,0,0.029999999329447746
2014-07-24,0.029999999329447746,0.029999999329447746,0.029999999329447746,0.029999999329447746,0,0.029999999329447746
2014-07-25,0.029999999329447746,0.029999999329447746,0.029999999329447746,0.029999999329447746,0,0.029999999329447746
2014-07-28,0.029999999329447746,0.029999999329447746,0.029999999329447746,0.029999999329447746,0,0.029999999329447746
2014-07-29,0.029999999329447746,0.029999999329447746,0.029999999329447746,0.029999999329447746,0,0.029999999329447746
2014-07-30,0.029999999329447746,0.029999999329447746,0.029999999329447746,0.029999999329447746,0,0.029999999329447746
2014-07-31,0.029999999329447746,0.029999999329447746,0.029999999329447746,0.029999999329447746,0,0.029999999329447746
2014-08-01,0.029999999329447746,0.029999999329447746,0.029999999329447746,0.029999999329447746,0,0.029999999329447746
2014-08-04,0.029999999329447746,0.029999999329447746,0.029999999329447746,0.029999999329447746,0,0.029999999329447746
2014-08-05,0.029999999329447746,0.029999999329447746,0.029999999329447746,0.029999999329447746,0,0.029999999329447746
2014-08-06,0.029999999329447746,0.029999999329447746,0.029999999329447746,0.029999999329447746,0,0.029999999329447746
2014-08-07,0.029999999329447746,0.029999999329447746,0.029999999329447746,0.029999999329447746,0,0.029999999329447746
2014-08-08,0.029999999329447746,0.029999999329447746,0.029999999329447746,0.029999999329447746,0,0.029999999329447746
2014-08-11,0.029999999329447746,0.029999999329447746,0.029999999329447746,0.029999999329447746,0,0.029999999329447746
2014-08-12,0.029999999329447746,0.029999999329447746,0.029999999329447746,0.029999999329447746,0,0.029999999329447746
2014-08-13,0.029999999329447746,0.029999999329447746,0.029999999329447746,0.029999999329447746,0,0.029999999329447746
2014-08-14,0.029999999329447746,0.029999999329447746,0.029999999329447746,0.029999999329447746,0,0.029999999329447746
2014-08-15,0.029999999329447746,0.029999999329447746,0.029999999329447746,0.029999999329447746,0,0.029999999329447746
2014-08-18,0.029999999329447746,0.029999999329447746,0.029999999329447746,0.029999999329447746,6000,0.029999999329447746
2014-08-19,0.029999999329447746,0.029999999329447746,0.029999999329447746,0.029999999329447746,0,0.029999999329447746
2014-08-20,0.029999999329447746,0.029999999329447746,0.029999999329447746,0.029999999329447746,14000,0.029999999329447746
2014-08-21,0.029999999329447746,0.029999999329447746,0.029999999329447746,0.029999999329447746,0,0.029999999329447746
2014-08-22,0.029999999329447746,0.029999999329447746,0.029999999329447746,0.029999999329447746,0,0.029999999329447746
2014-08-25,0.029999999329447746,0.029999999329447746,0.029999999329447746,0.029999999329447746,0,0.029999999329447746
2014-08-26,0.07000000029802322,0.05000000074505806,0.07000000029802322,0.05000000074505806,6400,0.05000000074505806
2014-08-27,0.05000000074505806,0.05000000074505806,0.05000000074505806,0.05000000074505806,0,0.05000000074505806
2014-08-28,0.05000000074505806,0.05000000074505806,0.05000000074505806,0.05000000074505806,0,0.05000000074505806
2014-08-29,0.07000000029802322,0.07000000029802322,0.07000000029802322,0.07000000029802322,3000,0.07000000029802322
2014-09-02,0.07000000029802322,0.07000000029802322,0.07000000029802322,0.07000000029802322,5000,0.07000000029802322
2014-09-03,0.07000000029802322,0.07000000029802322,0.07000000029802322,0.07000000029802322,0,0.07000000029802322
2014-09-04,0.07000000029802322,0.07000000029802322,0.07000000029802322,0.07000000029802322,0,0.07000000029802322
2014-09-05,0.07000000029802322,0.07000000029802322,0.07000000029802322,0.07000000029802322,0,0.07000000029802322
2014-09-08,0.07000000029802322,0.07000000029802322,0.07000000029802322,0.07000000029802322,0,0.07000000029802322
2014-09-09,0.07000000029802322,0.07000000029802322,0.07000000029802322,0.07000000029802322,0,0.07000000029802322
2014-09-10,0.07000000029802322,0.07000000029802322,0.07000000029802322,0.07000000029802322,0,0.07000000029802322
2014-09-11,0.07000000029802322,0.07000000029802322,0.07000000029802322,0.07000000029802322,0,0.07000000029802322
2014-09-12,0.07000000029802322,0.07000000029802322,0.07000000029802322,0.07000000029802322,0,0.07000000029802322
2014-09-15,0.07000000029802322,0.07000000029802322,0.07000000029802322,0.07000000029802322,0,0.07000000029802322
2014-09-16,0.03999999910593033,0.03999999910593033,0.03999999910593033,0.03999999910593033,1000,0.03999999910593033
2014-09-17,0.03999999910593033,0.03999999910593033,0.03999999910593033,0.03999999910593033,0,0.03999999910593033
2014-09-18,0.03999999910593033,0.03999999910593033,0.03999999910593033,0.03999999910593033,0,0.03999999910593033
2014-09-19,0.03999999910593033,0.03999999910593033,0.03999999910593033,0.03999999910593033,1000,0.03999999910593033
2014-09-22,0.03999999910593033,0.03999999910593033,0.03999999910593033,0.03999999910593033,0,0.03999999910593033
2014-09-23,0.03999999910593033,0.03999999910593033,0.03999999910593033,0.03999999910593033,0,0.03999999910593033
2014-09-24,0.03999999910593033,0.03999999910593033,0.03999999910593033,0.03999999910593033,0,0.03999999910593033
2014-09-25,0.03999999910593033,0.03999999910593033,0.03999999910593033,0.03999999910593033,0,0.03999999910593033
2014-09-26,0.03999999910593033,0.03999999910593033,0.03999999910593033,0.03999999910593033,5000,0.03999999910593033
2014-09-29,0.03999999910593033,0.03999999910593033,0.03999999910593033,0.03999999910593033,0,0.03999999910593033
2014-09-30,0.03999999910593033,0.03999999910593033,0.03999999910593033,0.03999999910593033,0,0.03999999910593033
2014-10-01,0.029999999329447746,0.029999999329447746,0.029999999329447746,0.029999999329447746,47500,0.029999999329447746
2014-10-02,0.029999999329447746,0.029999999329447746,0.029999999329447746,0.029999999329447746,0,0.029999999329447746
2014-10-03,0.029999999329447746,0.029999999329447746,0.029999999329447746,0.029999999329447746,0,0.029999999329447746
2014-10-06,0.029999999329447746,0.029999999329447746,0.029999999329447746,0.029999999329447746,0,0.029999999329447746
2014-10-07,0.029999999329447746,0.029999999329447746,0.029999999329447746,0.029999999329447746,0,0.029999999329447746
2014-10-08,0.03999999910593033,0.03999999910593033,0.03999999910593033,0.03999999910593033,400,0.03999999910593033
2014-10-09,0.03999999910593033,0.03999999910593033,0.03999999910593033,0.03999999910593033,0,0.03999999910593033
2014-10-10,0.03999999910593033,0.03999999910593033,0.03999999910593033,0.03999999910593033,0,0.03999999910593033
2014-10-13,0.03999999910593033,0.03999999910593033,0.03999999910593033,0.03999999910593033,0,0.03999999910593033
2014-10-14,0.029999999329447746,0.029999999329447746,0.029999999329447746,0.029999999329447746,9000,0.029999999329447746
2014-10-15,0.029999999329447746,0.029999999329447746,0.029999999329447746,0.029999999329447746,0,0.029999999329447746
2014-10-16,0.029999999329447746,0.029999999329447746,0.029999999329447746,0.029999999329447746,0,0.029999999329447746
2014-10-17,0.029999999329447746,0.029999999329447746,0.029999999329447746,0.029999999329447746,0,0.029999999329447746
2014-10-20,0.029999999329447746,0.029999999329447746,0.029999999329447746,0.029999999329447746,0,0.029999999329447746
2014-10-21,0.029999999329447746,0.029999999329447746,0.029999999329447746,0.029999999329447746,0,0.029999999329447746
2014-10-22,0.029999999329447746,0.029999999329447746,0.029999999329447746,0.029999999329447746,0,0.029999999329447746
2014-10-23,0.029999999329447746,0.029999999329447746,0.029999999329447746,0.029999999329447746,0,0.029999999329447746
2014-10-24,0.029999999329447746,0.029999999329447746,0.029999999329447746,0.029999999329447746,0,0.029999999329447746
2014-10-27,0.029999999329447746,0.029999999329447746,0.029999999329447746,0.029999999329447746,0,0.029999999329447746
2014-10-28,0.029999999329447746,0.029999999329447746,0.029999999329447746,0.029999999329447746,0,0.029999999329447746
2014-10-29,0.029999999329447746,0.029999999329447746,0.029999999329447746,0.029999999329447746,0,0.029999999329447746
2014-10-30,0.029999999329447746,0.029999999329447746,0.029999999329447746,0.029999999329447746,0,0.029999999329447746
2014-10-31,0.029999999329447746,0.029999999329447746,0.029999999329447746,0.029999999329447746,0,0.029999999329447746
2014-11-03,0.029999999329447746,0.029999999329447746,0.029999999329447746,0.029999999329447746,0,0.029999999329447746
2014-11-04,0.029999999329447746,0.029999999329447746,0.029999999329447746,0.029999999329447746,0,0.029999999329447746
2014-11-05,0.029999999329447746,0.029999999329447746,0.029999999329447746,0.029999999329447746,0,0.029999999329447746
2014-11-06,0.029999999329447746,0.029999999329447746,0.029999999329447746,0.029999999329447746,0,0.029999999329447746
2014-11-07,0.029999999329447746,0.029999999329447746,0.029999999329447746,0.029999999329447746,0,0.029999999329447746
2014-11-10,0.029999999329447746,0.029999999329447746,0.029999999329447746,0.029999999329447746,0,0.029999999329447746
2014-11-11,0.029999999329447746,0.029999999329447746,0.029999999329447746,0.029999999329447746,0,0.029999999329447746
2014-11-12,0.029999999329447746,0.029999999329447746,0.029999999329447746,0.029999999329447746,0,0.029999999329447746
2014-11-13,0.029999999329447746,0.029999999329447746,0.029999999329447746,0.029999999329447746,0,0.029999999329447746
2014-11-14,0.029999999329447746,0.029999999329447746,0.029999999329447746,0.029999999329447746,0,0.029999999329447746
2014-11-17,0.05000000074505806,0.05000000074505806,0.05000000074505806,0.05000000074505806,10000,0.05000000074505806
2014-11-18,0.05000000074505806,0.05000000074505806,0.05000000074505806,0.05000000074505806,0,0.05000000074505806
2014-11-19,0.05000000074505806,0.05000000074505806,0.05000000074505806,0.05000000074505806,0,0.05000000074505806
2014-11-20,0.05000000074505806,0.05000000074505806,0.05000000074505806,0.05000000074505806,0,0.05000000074505806
2014-11-21,0.05000000074505806,0.05000000074505806,0.05000000074505806,0.05000000074505806,0,0.05000000074505806
2014-11-24,0.05000000074505806,0.05000000074505806,0.05000000074505806,0.05000000074505806,0,0.05000000074505806
2014-11-25,0.05000000074505806,0.05000000074505806,0.05000000074505806,0.05000000074505806,0,0.05000000074505806
2014-11-26,0.05000000074505806,0.05000000074505806,0.05000000074505806,0.05000000074505806,0,0.05000000074505806
2014-11-28,0.05000000074505806,0.05000000074505806,0.05000000074505806,0.05000000074505806,0,0.05000000074505806
2014-12-01,0.05000000074505806,0.05000000074505806,0.05000000074505806,0.05000000074505806,0,0.05000000074505806
2014-12-02,0.05000000074505806,0.05000000074505806,0.05000000074505806,0.05000000074505806,0,0.05000000074505806
2014-12-03,0.05000000074505806,0.05000000074505806,0.05000000074505806,0.05000000074505806,0,0.05000000074505806
2014-12-04,0.019999999552965164,0.009999999776482582,0.019999999552965164,0.009999999776482582,1800,0.009999999776482582
2014-12-05,0.009999999776482582,0.009999999776482582,0.009999999776482582,0.009999999776482582,0,0.009999999776482582
2014-12-08,0.009999999776482582,0.009999999776482582,0.009999999776482582,0.009999999776482582,0,0.009999999776482582
2014-12-09,0.009999999776482582,0.009999999776482582,0.009999999776482582,0.009999999776482582,0,0.009999999776482582
2014-12-10,0.009999999776482582,0.009999999776482582,0.009999999776482582,0.009999999776482582,0,0.009999999776482582
2014-12-11,0.009999999776482582,0.009999999776482582,0.009999999776482582,0.009999999776482582,0,0.009999999776482582
2014-12-12,0.009999999776482582,0.009999999776482582,0.009999999776482582,0.009999999776482582,0,0.009999999776482582
2014-12-15,0.009999999776482582,0.009999999776482582,0.009999999776482582,0.009999999776482582,0,0.009999999776482582
2014-12-16,0.009999999776482582,0.009999999776482582,0.009999999776482582,0.009999999776482582,10000,0.009999999776482582
2014-12-17,0.009999999776482582,0.009999999776482582,0.009999999776482582,0.009999999776482582,0,0.009999999776482582
2014-12-18,0.009999999776482582,0.009999999776482582,0.009999999776482582,0.009999999776482582,13000,0.009999999776482582
2014-12-19,0.009999999776482582,0.009999999776482582,0.009999999776482582,0.009999999776482582,0,0.009999999776482582
2014-12-22,0.009999999776482582,0.009999999776482582,0.009999999776482582,0.009999999776482582,12700,0.009999999776482582
2014-12-23,0.009999999776482582,0.009999999776482582,0.009999999776482582,0.009999999776482582,0,0.009999999776482582
2014-12-24,0.009999999776482582,0.009999999776482582,0.009999999776482582,0.009999999776482582,0,0.009999999776482582
2014-12-26,0.009999999776482582,0.009999999776482582,0.009999999776482582,0.009999999776482582,0,0.009999999776482582
2014-12-29,0.009999999776482582,0.009999999776482582,0.009999999776482582,0.009999999776482582,10000,0.009999999776482582
2014-12-30,0.009999999776482582,0.009999999776482582,0.009999999776482582,0.009999999776482582,0,0.009999999776482582
2014-12-31,0.009999999776482582,0.009999999776482582,0.009999999776482582,0.009999999776482582,0,0.009999999776482582
2015-01-02,0.009999999776482582,0.009999999776482582,0.009999999776482582,0.009999999776482582,0,0.009999999776482582
2015-01-05,0.009999999776482582,0.009999999776482582,0.009999999776482582,0.009999999776482582,0,0.009999999776482582
2015-01-06,0.009999999776482582,0.009999999776482582,0.009999999776482582,0.009999999776482582,0,0.009999999776482582
2015-01-07,0.009999999776482582,0.009999999776482582,0.009999999776482582,0.009999999776482582,0,0.009999999776482582
2015-01-08,0.009999999776482582,0.009999999776482582,0.009999999776482582,0.009999999776482582,0,0.009999999776482582
2015-01-09,0.009999999776482582,0.009999999776482582,0.009999999776482582,0.009999999776482582,0,0.009999999776482582
2015-01-12,0.009999999776482582,0.009999999776482582,0.009999999776482582,0.009999999776482582,0,0.009999999776482582
2015-01-13,0.009999999776482582,0.009999999776482582,0.009999999776482582,0.009999999776482582,0,0.009999999776482582
2015-01-14,0.009999999776482582,0.009999999776482582,0.009999999776482582,0.009999999776482582,0,0.009999999776482582
2015-01-15,0.009999999776482582,0.009999999776482582,0.009999999776482582,0.009999999776482582,0,0.009999999776482582
2015-01-16,0.009999999776482582,0.009999999776482582,0.009999999776482582,0.009999999776482582,0,0.009999999776482582
2015-01-20,0.009999999776482582,0.009999999776482582,0.009999999776482582,0.009999999776482582,0,0.009999999776482582
2015-01-21,0.009999999776482582,0.009999999776482582,0.009999999776482582,0.009999999776482582,0,0.009999999776482582
2015-01-22,0.009999999776482582,0.009999999776482582,0.009999999776482582,0.009999999776482582,0,0.009999999776482582
2015-01-23,0.009999999776482582,0.009999999776482582,0.009999999776482582,0.009999999776482582,0,0.009999999776482582
2015-01-26,0.009999999776482582,0.009999999776482582,0.009999999776482582,0.009999999776482582,0,0.009999999776482582
2015-01-27,0.009999999776482582,0.009999999776482582,0.009999999776482582,0.009999999776482582,1000,0.009999999776482582
2015-01-28,0.009999999776482582,0.009999999776482582,0.009999999776482582,0.009999999776482582,0,0.009999999776482582
2015-01-29,0.009999999776482582,0.009999999776482582,0.009999999776482582,0.009999999776482582,0,0.009999999776482582
2015-01-30,0.009999999776482582,0.009999999776482582,0.009999999776482582,0.009999999776482582,0,0.009999999776482582
2015-02-02,0.009999999776482582,0.009999999776482582,0.009999999776482582,0.009999999776482582,0,0.009999999776482582
2015-02-03,0.009999999776482582,0.009999999776482582,0.009999999776482582,0.009999999776482582,0,0.009999999776482582
2015-02-04,0.009999999776482582,0.009999999776482582,0.009999999776482582,0.009999999776482582,22000,0.009999999776482582
2015-02-05,0.009999999776482582,0.009999999776482582,0.009999999776482582,0.009999999776482582,0,0.009999999776482582
2015-02-06,0.009999999776482582,0.009999999776482582,0.009999999776482582,0.009999999776482582,0,0.009999999776482582
2015-02-09,0.009999999776482582,0.009999999776482582,0.009999999776482582,0.009999999776482582,0,0.009999999776482582
2015-02-10,0.009999999776482582,0.009999999776482582,0.009999999776482582,0.009999999776482582,0,0.009999999776482582
2015-02-11,0.009999999776482582,0.009999999776482582,0.009999999776482582,0.009999999776482582,0,0.009999999776482582
2015-02-12,0.009999999776482582,0.009999999776482582,0.009999999776482582,0.009999999776482582,0,0.009999999776482582
2015-02-13,0.009999999776482582,0.009999999776482582,0.009999999776482582,0.009999999776482582,0,0.009999999776482582
2015-02-17,0.009999999776482582,0.009999999776482582,0.009999999776482582,0.009999999776482582,0,0.009999999776482582
2015-02-18,0.009999999776482582,0.009999999776482582,0.009999999776482582,0.009999999776482582,0,0.009999999776482582
2015-02-19,0.009999999776482582,0.009999999776482582,0.009999999776482582,0.009999999776482582,0,0.009999999776482582
2015-02-20,0.009999999776482582,0.009999999776482582,0.009999999776482582,0.009999999776482582,0,0.009999999776482582
2015-02-23,0.009999999776482582,0.009999999776482582,0.009999999776482582,0.009999999776482582,0,0.009999999776482582
2015-02-24,0.009999999776482582,0.009999999776482582,0.009999999776482582,0.009999999776482582,0,0.009999999776482582
2015-02-25,0.009999999776482582,0.009999999776482582,0.009999999776482582,0.009999999776482582,0,0.009999999776482582
2015-02-26,0.009999999776482582,0.009999999776482582,0.009999999776482582,0.009999999776482582,0,0.009999999776482582
2015-02-27,0.009999999776482582,0.009999999776482582,0.009999999776482582,0.009999999776482582,0,0.009999999776482582
2015-03-02,0.009999999776482582,0.009999999776482582,0.009999999776482582,0.009999999776482582,0,0.009999999776482582
2015-03-03,0.009999999776482582,0.009999999776482582,0.009999999776482582,0.009999999776482582,0,0.009999999776482582
2015-03-04,0.009999999776482582,0.009999999776482582,0.009999999776482582,0.009999999776482582,0,0.009999999776482582
2015-03-05,0.009999999776482582,0.009999999776482582,0.009999999776482582,0.009999999776482582,0,0.009999999776482582
2015-03-06,0.009999999776482582,0.009999999776482582,0.009999999776482582,0.009999999776482582,0,0.009999999776482582
2015-03-09,0.009999999776482582,0.009999999776482582,0.009999999776482582,0.009999999776482582,0,0.009999999776482582
2015-03-10,0.009999999776482582,0.009999999776482582,0.009999999776482582,0.009999999776482582,0,0.009999999776482582
2015-03-11,0.009999999776482582,0.009999999776482582,0.009999999776482582,0.009999999776482582,0,0.009999999776482582
2015-03-12,0.009999999776482582,0.009999999776482582,0.009999999776482582,0.009999999776482582,0,0.009999999776482582
2015-03-13,0.019999999552965164,0.019999999552965164,0.019999999552965164,0.019999999552965164,1000,0.019999999552965164
2015-03-16,0.019999999552965164,0.019999999552965164,0.019999999552965164,0.019999999552965164,0,0.019999999552965164
2015-03-17,0.019999999552965164,0.019999999552965164,0.019999999552965164,0.019999999552965164,0,0.019999999552965164
2015-03-18,0.019999999552965164,0.019999999552965164,0.019999999552965164,0.019999999552965164,0,0.019999999552965164
2015-03-19,0.019999999552965164,0.019999999552965164,0.019999999552965164,0.019999999552965164,0,0.019999999552965164
2015-03-20,0.019999999552965164,0.019999999552965164,0.019999999552965164,0.019999999552965164,0,0.019999999552965164
2015-03-23,0.019999999552965164,0.019999999552965164,0.019999999552965164,0.019999999552965164,0,0.019999999552965164
2015-03-24,0.019999999552965164,0.019999999552965164,0.019999999552965164,0.019999999552965164,0,0.019999999552965164
2015-03-25,0.019999999552965164,0.019999999552965164,0.019999999552965164,0.019999999552965164,0,0.019999999552965164
2015-03-26,0.019999999552965164,0.019999999552965164,0.019999999552965164,0.019999999552965164,0,0.019999999552965164
2015-03-27,0.019999999552965164,0.019999999552965164,0.019999999552965164,0.019999999552965164,0,0.019999999552965164
2015-03-30,0.019999999552965164,0.019999999552965164,0.019999999552965164,0.019999999552965164,0,0.019999999552965164
2015-03-31,0.019999999552965164,0.019999999552965164,0.019999999552965164,0.019999999552965164,0,0.019999999552965164
2015-04-01,0.019999999552965164,0.019999999552965164,0.019999999552965164,0.019999999552965164,0,0.019999999552965164
2015-04-02,0.019999999552965164,0.019999999552965164,0.019999999552965164,0.019999999552965164,0,0.019999999552965164
2015-04-06,0.019999999552965164,0.019999999552965164,0.019999999552965164,0.019999999552965164,0,0.019999999552965164
2015-04-07,0.019999999552965164,0.019999999552965164,0.019999999552965164,0.019999999552965164,0,0.019999999552965164
2015-04-08,0.019999999552965164,0.019999999552965164,0.019999999552965164,0.019999999552965164,0,0.019999999552965164
2015-04-09,0.019999999552965164,0.019999999552965164,0.019999999552965164,0.019999999552965164,0,0.019999999552965164
2015-04-10,0.019999999552965164,0.019999999552965164,0.019999999552965164,0.019999999552965164,0,0.019999999552965164
2015-04-13,0.019999999552965164,0.019999999552965164,0.019999999552965164,0.019999999552965164,0,0.019999999552965164
2015-04-14,0.019999999552965164,0.019999999552965164,0.019999999552965164,0.019999999552965164,0,0.019999999552965164
2015-04-15,0.019999999552965164,0.019999999552965164,0.019999999552965164,0.019999999552965164,0,0.019999999552965164
2015-04-16,0.019999999552965164,0.019999999552965164,0.019999999552965164,0.019999999552965164,0,0.019999999552965164
2015-04-17,0.019999999552965164,0.019999999552965164,0.019999999552965164,0.019999999552965164,0,0.019999999552965164
2015-04-20,0.019999999552965164,0.019999999552965164,0.019999999552965164,0.019999999552965164,0,0.019999999552965164
2015-04-21,0.019999999552965164,0.019999999552965164,0.019999999552965164,0.019999999552965164,0,0.019999999552965164
2015-04-22,0.009999999776482582,0.009999999776482582,0.009999999776482582,0.009999999776482582,10000,0.009999999776482582
2015-04-23,0.009999999776482582,0.009999999776482582,0.009999999776482582,0.009999999776482582,0,0.009999999776482582
2015-04-24,0.009999999776482582,0.009999999776482582,0.009999999776482582,0.009999999776482582,0,0.009999999776482582
2015-04-27,0.009999999776482582,0.009999999776482582,0.009999999776482582,0.009999999776482582,0,0.009999999776482582
2015-04-28,0.009999999776482582,0.009999999776482582,0.009999999776482582,0.009999999776482582,0,0.009999999776482582
2015-04-29,0.009999999776482582,0.009999999776482582,0.009999999776482582,0.009999999776482582,0,0.009999999776482582
2015-04-30,0.009999999776482582,0.009999999776482582,0.009999999776482582,0.009999999776482582,0,0.009999999776482582
2015-05-01,0.009999999776482582,0.009999999776482582,0.009999999776482582,0.009999999776482582,0,0.009999999776482582
2015-05-04,0.009999999776482582,0.009999999776482582,0.009999999776482582,0.009999999776482582,0,0.009999999776482582
2015-05-05,0.009999999776482582,0.009999999776482582,0.009999999776482582,0.009999999776482582,0,0.009999999776482582
2015-05-06,0.009999999776482582,0.009999999776482582,0.009999999776482582,0.009999999776482582,0,0.009999999776482582
2015-05-07,0.009999999776482582,0.009999999776482582,0.009999999776482582,0.009999999776482582,0,0.009999999776482582
2015-05-08,0.009999999776482582,0.009999999776482582,0.009999999776482582,0.009999999776482582,0,0.009999999776482582
2015-05-11,0.009999999776482582,0.009999999776482582,0.009999999776482582,0.009999999776482582,0,0.009999999776482582
2015-05-12,0.009999999776482582,0.009999999776482582,0.009999999776482582,0.009999999776482582,0,0.009999999776482582
2015-05-13,0.009999999776482582,0.009999999776482582,0.009999999776482582,0.009999999776482582,0,0.009999999776482582
2015-05-14,0.009999999776482582,0.009999999776482582,0.009999999776482582,0.009999999776482582,0,0.009999999776482582
2015-05-15,0.009999999776482582,0.009999999776482582,0.009999999776482582,0.009999999776482582,0,0.009999999776482582
2015-05-18,0.009999999776482582,0.009999999776482582,0.009999999776482582,0.009999999776482582,0,0.009999999776482582
2015-05-19,0.009999999776482582,0.009999999776482582,0.009999999776482582,0.009999999776482582,0,0.009999999776482582
2015-05-20,0.009999999776482582,0.009999999776482582,0.009999999776482582,0.009999999776482582,0,0.009999999776482582
2015-05-21,0.009999999776482582,0.009999999776482582,0.009999999776482582,0.009999999776482582,0,0.009999999776482582
2015-05-22,0.009999999776482582,0.009999999776482582,0.009999999776482582,0.009999999776482582,0,0.009999999776482582
2015-05-26,0.009999999776482582,0.009999999776482582,0.009999999776482582,0.009999999776482582,0,0.009999999776482582
2015-05-27,0.009999999776482582,0.009999999776482582,0.009999999776482582,0.009999999776482582,0,0.009999999776482582
2015-05-28,0.009999999776482582,0.009999999776482582,0.009999999776482582,0.009999999776482582,0,0.009999999776482582
2015-05-29,0.009999999776482582,0.009999999776482582,0.009999999776482582,0.009999999776482582,0,0.009999999776482582
2015-06-01,0.009999999776482582,0.009999999776482582,0.009999999776482582,0.009999999776482582,0,0.009999999776482582
2015-06-02,0.009999999776482582,0.009999999776482582,0.009999999776482582,0.009999999776482582,0,0.009999999776482582
2015-06-03,0.009999999776482582,0.009999999776482582,0.009999999776482582,0.009999999776482582,0,0.009999999776482582
2015-06-04,0.009999999776482582,0.009999999776482582,0.009999999776482582,0.009999999776482582,0,0.009999999776482582
2015-06-05,0.009999999776482582,0.009999999776482582,0.009999999776482582,0.009999999776482582,0,0.009999999776482582
2015-06-08,0.009999999776482582,0.009999999776482582,0.009999999776482582,0.009999999776482582,0,0.009999999776482582
2015-06-09,0.009999999776482582,0.009999999776482582,0.009999999776482582,0.009999999776482582,0,0.009999999776482582
2015-06-10,0.009999999776482582,0.009999999776482582,0.009999999776482582,0.009999999776482582,0,0.009999999776482582
2015-06-11,0.009999999776482582,0.009999999776482582,0.009999999776482582,0.009999999776482582,0,0.009999999776482582
2015-06-12,0.009999999776482582,0.009999999776482582,0.009999999776482582,0.009999999776482582,0,0.009999999776482582
2015-06-15,0.009999999776482582,0.009999999776482582,0.009999999776482582,0.009999999776482582,0,0.009999999776482582
2015-06-16,0.009999999776482582,0.009999999776482582,0.009999999776482582,0.009999999776482582,0,0.009999999776482582
2015-06-17,0.009999999776482582,0.009999999776482582,0.009999999776482582,0.009999999776482582,0,0.009999999776482582
2015-06-18,0.009999999776482582,0.009999999776482582,0.009999999776482582,0.009999999776482582,0,0.009999999776482582
2015-06-19,0.009999999776482582,0.009999999776482582,0.009999999776482582,0.009999999776482582,0,0.009999999776482582
2015-06-22,0.009999999776482582,0.009999999776482582,0.009999999776482582,0.009999999776482582,0,0.009999999776482582
2015-06-23,0.009999999776482582,0.009999999776482582,0.009999999776482582,0.009999999776482582,0,0.009999999776482582
2015-06-24,0.009999999776482582,0.009999999776482582,0.009999999776482582,0.009999999776482582,0,0.009999999776482582
2015-06-25,0.009999999776482582,0.009999999776482582,0.009999999776482582,0.009999999776482582,0,0.009999999776482582
2015-06-26,0.009999999776482582,0.009999999776482582,0.009999999776482582,0.009999999776482582,0,0.009999999776482582
2015-06-29,0.009999999776482582,0.009999999776482582,0.009999999776482582,0.009999999776482582,0,0.009999999776482582
2015-06-30,0.009999999776482582,0.009999999776482582,0.009999999776482582,0.009999999776482582,0,0.009999999776482582
2015-07-01,0.009999999776482582,0.009999999776482582,0.009999999776482582,0.009999999776482582,0,0.009999999776482582
2015-07-02,0.009999999776482582,0.009999999776482582,0.009999999776482582,0.009999999776482582,0,0.009999999776482582
2015-07-06,0.009999999776482582,0.009999999776482582,0.009999999776482582,0.009999999776482582,0,0.009999999776482582
2015-07-07,0.009999999776482582,0.009999999776482582,0.009999999776482582,0.009999999776482582,0,0.009999999776482582
2015-07-08,0.009999999776482582,0.009999999776482582,0.009999999776482582,0.009999999776482582,0,0.009999999776482582
2015-07-09,0.009999999776482582,0.009999999776482582,0.009999999776482582,0.009999999776482582,0,0.009999999776482582
2015-07-10,0.009999999776482582,0.009999999776482582,0.009999999776482582,0.009999999776482582,0,0.009999999776482582
2015-07-13,0.009999999776482582,0.009999999776482582,0.009999999776482582,0.009999999776482582,0,0.009999999776482582
2015-07-14,0.009999999776482582,0.009999999776482582,0.009999999776482582,0.009999999776482582,0,0.009999999776482582
2015-07-15,0.009999999776482582,0.009999999776482582,0.009999999776482582,0.009999999776482582,0,0.009999999776482582
2015-07-16,0.009999999776482582,0.009999999776482582,0.009999999776482582,0.009999999776482582,0,0.009999999776482582
2015-07-17,0.009999999776482582,0.009999999776482582,0.009999999776482582,0.009999999776482582,0,0.009999999776482582
2015-07-20,0.009999999776482582,0.009999999776482582,0.009999999776482582,0.009999999776482582,0,0.009999999776482582
2015-07-21,0.009999999776482582,0.009999999776482582,0.009999999776482582,0.009999999776482582,0,0.009999999776482582
2015-07-22,0.009999999776482582,0.009999999776482582,0.009999999776482582,0.009999999776482582,0,0.009999999776482582
2015-07-23,0.019999999552965164,0.019999999552965164,0.019999999552965164,0.019999999552965164,8000,0.019999999552965164
2015-07-24,0.019999999552965164,0.019999999552965164,0.019999999552965164,0.019999999552965164,17500,0.019999999552965164
2015-07-27,0.019999999552965164,0.019999999552965164,0.019999999552965164,0.019999999552965164,0,0.019999999552965164
2015-07-28,0.019999999552965164,0.019999999552965164,0.019999999552965164,0.019999999552965164,0,0.019999999552965164
2015-07-29,0.019999999552965164,0.019999999552965164,0.019999999552965164,0.019999999552965164,0,0.019999999552965164
2015-07-30,0.019999999552965164,0.019999999552965164,0.019999999552965164,0.019999999552965164,0,0.019999999552965164
2015-07-31,0.019999999552965164,0.019999999552965164,0.019999999552965164,0.019999999552965164,0,0.019999999552965164
2015-08-03,0.019999999552965164,0.019999999552965164,0.019999999552965164,0.019999999552965164,0,0.019999999552965164
2015-08-04,0.019999999552965164,0.019999999552965164,0.019999999552965164,0.019999999552965164,0,0.019999999552965164
2015-08-05,0.019999999552965164,0.019999999552965164,0.019999999552965164,0.019999999552965164,0,0.019999999552965164
2015-08-06,0.019999999552965164,0.019999999552965164,0.019999999552965164,0.019999999552965164,0,0.019999999552965164
2015-08-07,0.019999999552965164,0.019999999552965164,0.019999999552965164,0.019999999552965164,0,0.019999999552965164
2015-08-10,0.019999999552965164,0.019999999552965164,0.019999999552965164,0.019999999552965164,0,0.019999999552965164
2015-08-11,0.019999999552965164,0.019999999552965164,0.019999999552965164,0.019999999552965164,0,0.019999999552965164
2015-08-12,0.009999999776482582,0.009999999776482582,0.009999999776482582,0.009999999776482582,5000,0.009999999776482582
2015-08-13,0.009999999776482582,0.009999999776482582,0.009999999776482582,0.009999999776482582,0,0.009999999776482582
2015-08-14,0.009999999776482582,0.009999999776482582,0.009999999776482582,0.009999999776482582,0,0.009999999776482582
2015-08-17,0.009999999776482582,0.009999999776482582,0.009999999776482582,0.009999999776482582,0,0.009999999776482582
2015-08-18,0.019999999552965164,0.019999999552965164,0.019999999552965164,0.019999999552965164,10000,0.019999999552965164
2015-08-19,0.019999999552965164,0.019999999552965164,0.019999999552965164,0.019999999552965164,0,0.019999999552965164
2015-08-20,0.019999999552965164,0.019999999552965164,0.019999999552965164,0.019999999552965164,0,0.019999999552965164
2015-08-21,0.019999999552965164,0.019999999552965164,0.019999999552965164,0.019999999552965164,0,0.019999999552965164
2015-08-24,0.019999999552965164,0.019999999552965164,0.019999999552965164,0.019999999552965164,0,0.019999999552965164
2015-08-25,0.009999999776482582,0.009999999776482582,0.009999999776482582,0.009999999776482582,3000,0.009999999776482582
2015-08-26,0.009999999776482582,0.009999999776482582,0.009999999776482582,0.009999999776482582,0,0.009999999776482582
2015-08-27,0.009999999776482582,0.009999999776482582,0.009999999776482582,0.009999999776482582,0,0.009999999776482582
2015-08-28,0.009999999776482582,0.009999999776482582,0.009999999776482582,0.009999999776482582,0,0.009999999776482582
2015-08-31,0.009999999776482582,0.009999999776482582,0.009999999776482582,0.009999999776482582,0,0.009999999776482582
2015-09-01,0.009999999776482582,0.009999999776482582,0.009999999776482582,0.009999999776482582,0,0.009999999776482582
2015-09-02,0.009999999776482582,0.009999999776482582,0.009999999776482582,0.009999999776482582,0,0.009999999776482582
2015-09-03,0.009999999776482582,0.009999999776482582,0.009999999776482582,0.009999999776482582,0,0.009999999776482582
2015-09-04,0.009999999776482582,0.009999999776482582,0.009999999776482582,0.009999999776482582,0,0.009999999776482582
2015-09-08,0.009999999776482582,0.009999999776482582,0.009999999776482582,0.009999999776482582,0,0.009999999776482582
2015-09-09,0.009999999776482582,0.009999999776482582,0.009999999776482582,0.009999999776482582,0,0.009999999776482582
2015-09-10,0.009999999776482582,0.009999999776482582,0.009999999776482582,0.009999999776482582,0,0.009999999776482582
2015-09-11,0.009999999776482582,0.009999999776482582,0.009999999776482582,0.009999999776482582,0,0.009999999776482582
2015-09-14,0.009999999776482582,0.009999999776482582,0.009999999776482582,0.009999999776482582,0,0.009999999776482582
2015-09-15,0.009999999776482582,0.009999999776482582,0.009999999776482582,0.009999999776482582,0,0.009999999776482582
2015-09-16,0.009999999776482582,0.009999999776482582,0.009999999776482582,0.009999999776482582,0,0.009999999776482582
2015-09-17,0.009999999776482582,0.009999999776482582,0.009999999776482582,0.009999999776482582,0,0.009999999776482582
2015-09-18,0.009999999776482582,0.009999999776482582,0.009999999776482582,0.009999999776482582,1000,0.009999999776482582
2015-09-21,0.009999999776482582,0.009999999776482582,0.009999999776482582,0.009999999776482582,0,0.009999999776482582
2015-09-22,0.009999999776482582,0.009999999776482582,0.009999999776482582,0.009999999776482582,0,0.009999999776482582
2015-09-23,0.019999999552965164,0.019999999552965164,0.019999999552965164,0.019999999552965164,5000,0.019999999552965164
2015-09-24,0.019999999552965164,0.019999999552965164,0.019999999552965164,0.019999999552965164,0,0.019999999552965164
2015-09-25,0.019999999552965164,0.019999999552965164,0.019999999552965164,0.019999999552965164,0,0.019999999552965164
2015-09-28,0.019999999552965164,0.019999999552965164,0.019999999552965164,0.019999999552965164,0,0.019999999552965164
2015-09-29,0.019999999552965164,0.019999999552965164,0.019999999552965164,0.019999999552965164,0,0.019999999552965164
2015-09-30,0.019999999552965164,0.019999999552965164,0.019999999552965164,0.019999999552965164,0,0.019999999552965164
2015-10-01,0.019999999552965164,0.019999999552965164,0.019999999552965164,0.019999999552965164,0,0.019999999552965164
2015-10-02,0.019999999552965164,0.019999999552965164,0.019999999552965164,0.019999999552965164,0,0.019999999552965164
2015-10-05,0.019999999552965164,0.019999999552965164,0.019999999552965164,0.019999999552965164,0,0.019999999552965164
2015-10-06,0.019999999552965164,0.019999999552965164,0.019999999552965164,0.019999999552965164,0,0.019999999552965164
2015-10-07,0.019999999552965164,0.019999999552965164,0.019999999552965164,0.019999999552965164,0,0.019999999552965164
2015-10-08,0.019999999552965164,0.019999999552965164,0.019999999552965164,0.019999999552965164,0,0.019999999552965164
2015-10-09,0.019999999552965164,0.019999999552965164,0.019999999552965164,0.019999999552965164,0,0.019999999552965164
2015-10-12,0.019999999552965164,0.019999999552965164,0.019999999552965164,0.019999999552965164,0,0.019999999552965164
2015-10-13,0.009999999776482582,0.009999999776482582,0.009999999776482582,0.009999999776482582,40000,0.009999999776482582
2015-10-14,0.009999999776482582,0.009999999776482582,0.009999999776482582,0.009999999776482582,0,0.009999999776482582
2015-10-15,0.009999999776482582,0.009999999776482582,0.009999999776482582,0.009999999776482582,0,0.009999999776482582
2015-10-16,0.009999999776482582,0.009999999776482582,0.009999999776482582,0.009999999776482582,0,0.009999999776482582
2015-10-19,0.019999999552965164,0.019999999552965164,0.019999999552965164,0.019999999552965164,1000,0.019999999552965164
2015-10-20,0.019999999552965164,0.019999999552965164,0.019999999552965164,0.019999999552965164,0,0.019999999552965164
2015-10-21,0.019999999552965164,0.019999999552965164,0.019999999552965164,0.019999999552965164,0,0.019999999552965164
2015-10-22,0.019999999552965164,0.019999999552965164,0.019999999552965164,0.019999999552965164,0,0.019999999552965164
2015-10-23,0.019999999552965164,0.019999999552965164,0.019999999552965164,0.019999999552965164,0,0.019999999552965164
2015-10-26,0.019999999552965164,0.019999999552965164,0.019999999552965164,0.019999999552965164,0,0.019999999552965164
2015-10-27,0.019999999552965164,0.019999999552965164,0.019999999552965164,0.019999999552965164,0,0.019999999552965164
2015-10-28,0.019999999552965164,0.019999999552965164,0.019999999552965164,0.019999999552965164,0,0.019999999552965164
2015-10-29,0.019999999552965164,0.019999999552965164,0.019999999552965164,0.019999999552965164,0,0.019999999552965164
2015-10-30,0.019999999552965164,0.019999999552965164,0.019999999552965164,0.019999999552965164,0,0.019999999552965164
2015-11-02,0.019999999552965164,0.019999999552965164,0.019999999552965164,0.019999999552965164,0,0.019999999552965164
2015-11-03,0.019999999552965164,0.019999999552965164,0.019999999552965164,0.019999999552965164,0,0.019999999552965164
2015-11-04,0.019999999552965164,0.019999999552965164,0.019999999552965164,0.019999999552965164,0,0.019999999552965164
2015-11-05,0.019999999552965164,0.019999999552965164,0.019999999552965164,0.019999999552965164,0,0.019999999552965164
2015-11-06,0.019999999552965164,0.019999999552965164,0.019999999552965164,0.019999999552965164,0,0.019999999552965164
2015-11-09,0.019999999552965164,0.019999999552965164,0.019999999552965164,0.019999999552965164,0,0.019999999552965164
2015-11-10,0.019999999552965164,0.019999999552965164,0.019999999552965164,0.019999999552965164,0,0.019999999552965164
2015-11-11,0.019999999552965164,0.019999999552965164,0.019999999552965164,0.019999999552965164,0,0.019999999552965164
2015-11-12,0.019999999552965164,0.019999999552965164,0.019999999552965164,0.019999999552965164,0,0.019999999552965164
2015-11-13,0.019999999552965164,0.019999999552965164,0.019999999552965164,0.019999999552965164,0,0.019999999552965164
2015-11-16,0.019999999552965164,0.019999999552965164,0.019999999552965164,0.019999999552965164,0,0.019999999552965164
2015-11-17,0.019999999552965164,0.019999999552965164,0.019999999552965164,0.019999999552965164,0,0.019999999552965164
2015-11-18,0.019999999552965164,0.019999999552965164,0.019999999552965164,0.019999999552965164,0,0.019999999552965164
2015-11-19,0.019999999552965164,0.019999999552965164,0.019999999552965164,0.019999999552965164,0,0.019999999552965164
2015-11-20,0.019999999552965164,0.019999999552965164,0.019999999552965164,0.019999999552965164,0,0.019999999552965164
2015-11-23,0.019999999552965164,0.019999999552965164,0.019999999552965164,0.019999999552965164,0,0.019999999552965164
2015-11-24,0.019999999552965164,0.019999999552965164,0.019999999552965164,0.019999999552965164,0,0.019999999552965164
2015-11-25,0.019999999552965164,0.019999999552965164,0.019999999552965164,0.019999999552965164,0,0.019999999552965164
2015-11-27,0.019999999552965164,0.019999999552965164,0.019999999552965164,0.019999999552965164,0,0.019999999552965164
2015-11-30,0.019999999552965164,0.019999999552965164,0.019999999552965164,0.019999999552965164,0,0.019999999552965164
2015-12-01,0.019999999552965164,0.019999999552965164,0.019999999552965164,0.019999999552965164,0,0.019999999552965164
2015-12-02,0.019999999552965164,0.019999999552965164,0.019999999552965164,0.019999999552965164,0,0.019999999552965164
2015-12-03,0.019999999552965164,0.019999999552965164,0.019999999552965164,0.019999999552965164,0,0.019999999552965164
2015-12-04,0.019999999552965164,0.019999999552965164,0.019999999552965164,0.019999999552965164,0,0.019999999552965164
2015-12-07,0.019999999552965164,0.019999999552965164,0.019999999552965164,0.019999999552965164,0,0.019999999552965164
2015-12-08,0.019999999552965164,0.019999999552965164,0.019999999552965164,0.019999999552965164,0,0.019999999552965164
2015-12-09,0.019999999552965164,0.019999999552965164,0.019999999552965164,0.019999999552965164,0,0.019999999552965164
2015-12-10,0.019999999552965164,0.019999999552965164,0.019999999552965164,0.019999999552965164,0,0.019999999552965164
2015-12-11,0.019999999552965164,0.019999999552965164,0.019999999552965164,0.019999999552965164,0,0.019999999552965164
2015-12-14,0.019999999552965164,0.019999999552965164,0.019999999552965164,0.019999999552965164,0,0.019999999552965164
2015-12-15,0.019999999552965164,0.019999999552965164,0.019999999552965164,0.019999999552965164,0,0.019999999552965164
2015-12-16,0.019999999552965164,0.019999999552965164,0.019999999552965164,0.019999999552965164,0,0.019999999552965164
2015-12-17,0.019999999552965164,0.019999999552965164,0.019999999552965164,0.019999999552965164,0,0.019999999552965164
2015-12-18,0.019999999552965164,0.019999999552965164,0.019999999552965164,0.019999999552965164,0,0.019999999552965164
2015-12-21,0.019999999552965164,0.019999999552965164,0.019999999552965164,0.019999999552965164,0,0.019999999552965164
2015-12-22,0.019999999552965164,0.019999999552965164,0.019999999552965164,0.019999999552965164,0,0.019999999552965164
2015-12-23,0.019999999552965164,0.019999999552965164,0.019999999552965164,0.019999999552965164,0,0.019999999552965164
2015-12-24,0.019999999552965164,0.019999999552965164,0.019999999552965164,0.019999999552965164,0,0.019999999552965164
2015-12-28,0.009999999776482582,0.009999999776482582,0.009999999776482582,0.009999999776482582,3200,0.009999999776482582
2015-12-29,0.009999999776482582,0.009999999776482582,0.009999999776482582,0.009999999776482582,0,0.009999999776482582
2015-12-30,0.009999999776482582,0.009999999776482582,0.009999999776482582,0.009999999776482582,0,0.009999999776482582
2015-12-31,0.009999999776482582,0.009999999776482582,0.009999999776482582,0.009999999776482582,0,0.009999999776482582
2016-01-04,0.009999999776482582,0.009999999776482582,0.009999999776482582,0.009999999776482582,0,0.009999999776482582
2016-01-05,0.009999999776482582,0.009999999776482582,0.009999999776482582,0.009999999776482582,0,0.009999999776482582
2016-01-06,0.009999999776482582,0.009999999776482582,0.009999999776482582,0.009999999776482582,0,0.009999999776482582
2016-01-07,0.009999999776482582,0.009999999776482582,0.009999999776482582,0.009999999776482582,0,0.009999999776482582
2016-01-08,0.009999999776482582,0.009999999776482582,0.009999999776482582,0.009999999776482582,0,0.009999999776482582
2016-01-11,0.009999999776482582,0.009999999776482582,0.009999999776482582,0.009999999776482582,0,0.009999999776482582
2016-01-12,0.009999999776482582,0.009999999776482582,0.009999999776482582,0.009999999776482582,0,0.009999999776482582
2016-01-13,0.009999999776482582,0.009999999776482582,0.009999999776482582,0.009999999776482582,20000,0.009999999776482582
2016-01-14,0.009999999776482582,0.009999999776482582,0.009999999776482582,0.009999999776482582,0,0.009999999776482582
2016-01-15,0.009999999776482582,0.009999999776482582,0.009999999776482582,0.009999999776482582,0,0.009999999776482582
2016-01-19,0.009999999776482582,0.009999999776482582,0.009999999776482582,0.009999999776482582,0,0.009999999776482582
2016-01-20,0.009999999776482582,0.009999999776482582,0.009999999776482582,0.009999999776482582,10000,0.009999999776482582
2016-01-21,0.009999999776482582,0.009999999776482582,0.009999999776482582,0.009999999776482582,0,0.009999999776482582
2016-01-22,0.009999999776482582,0.009999999776482582,0.009999999776482582,0.009999999776482582,0,0.009999999776482582
2016-01-25,0.009999999776482582,0.009999999776482582,0.009999999776482582,0.009999999776482582,0,0.009999999776482582
2016-01-26,0.009999999776482582,0.009999999776482582,0.009999999776482582,0.009999999776482582,0,0.009999999776482582
2016-01-27,0.009999999776482582,0.009999999776482582,0.009999999776482582,0.009999999776482582,0,0.009999999776482582
2016-01-28,0.009999999776482582,0.009999999776482582,0.009999999776482582,0.009999999776482582,0,0.009999999776482582
2016-01-29,0.009999999776482582,0.009999999776482582,0.009999999776482582,0.009999999776482582,0,0.009999999776482582
2016-02-01,0.009999999776482582,0.009999999776482582,0.009999999776482582,0.009999999776482582,0,0.009999999776482582
2016-02-02,0.009999999776482582,0.009999999776482582,0.009999999776482582,0.009999999776482582,0,0.009999999776482582
2016-02-03,0.009999999776482582,0.009999999776482582,0.009999999776482582,0.009999999776482582,0,0.009999999776482582
2016-02-04,0.009999999776482582,0.009999999776482582,0.009999999776482582,0.009999999776482582,0,0.009999999776482582
2016-02-05,0.009999999776482582,0.009999999776482582,0.009999999776482582,0.009999999776482582,0,0.009999999776482582
2016-02-08,0.009999999776482582,0.009999999776482582,0.009999999776482582,0.009999999776482582,0,0.009999999776482582
2016-02-09,0.009999999776482582,0.009999999776482582,0.009999999776482582,0.009999999776482582,0,0.009999999776482582
2016-02-10,0.009999999776482582,0.009999999776482582,0.009999999776482582,0.009999999776482582,0,0.009999999776482582
2016-02-11,0.009999999776482582,0.009999999776482582,0.009999999776482582,0.009999999776482582,0,0.009999999776482582
2016-02-12,0.009999999776482582,0.009999999776482582,0.009999999776482582,0.009999999776482582,0,0.009999999776482582
2016-02-16,0.009999999776482582,0.009999999776482582,0.009999999776482582,0.009999999776482582,0,0.009999999776482582
2016-02-17,0.009999999776482582,0.009999999776482582,0.009999999776482582,0.009999999776482582,0,0.009999999776482582
2016-02-18,0.009999999776482582,0.009999999776482582,0.009999999776482582,0.009999999776482582,0,0.009999999776482582
2016-02-19,0.009999999776482582,0.009999999776482582,0.009999999776482582,0.009999999776482582,0,0.009999999776482582
2016-02-22,0.009999999776482582,0.009999999776482582,0.009999999776482582,0.009999999776482582,0,0.009999999776482582
2016-02-23,0.009999999776482582,0.009999999776482582,0.009999999776482582,0.009999999776482582,0,0.009999999776482582
2016-02-24,0.009999999776482582,0.009999999776482582,0.009999999776482582,0.009999999776482582,47900,0.009999999776482582
2016-02-25,0.009999999776482582,0.009999999776482582,0.009999999776482582,0.009999999776482582,0,0.009999999776482582
2016-02-26,0.009999999776482582,0.009999999776482582,0.009999999776482582,0.009999999776482582,0,0.009999999776482582
2016-02-29,0.009999999776482582,0.009999999776482582,0.009999999776482582,0.009999999776482582,1000,0.009999999776482582
2016-03-01,0.009999999776482582,0.009999999776482582,0.009999999776482582,0.009999999776482582,0,0.009999999776482582
2016-03-02,0.009999999776482582,0.009999999776482582,0.009999999776482582,0.009999999776482582,0,0.009999999776482582
2016-03-03,0.009999999776482582,0.009999999776482582,0.009999999776482582,0.009999999776482582,0,0.009999999776482582
2016-03-04,0.009999999776482582,0.009999999776482582,0.009999999776482582,0.009999999776482582,0,0.009999999776482582
2016-03-07,0.009999999776482582,0.009999999776482582,0.009999999776482582,0.009999999776482582,0,0.009999999776482582
2016-03-08,0.009999999776482582,0.009999999776482582,0.009999999776482582,0.009999999776482582,0,0.009999999776482582
2016-03-09,0.009999999776482582,0.009999999776482582,0.009999999776482582,0.009999999776482582,0,0.009999999776482582
2016-03-10,0.009999999776482582,0.009999999776482582,0.009999999776482582,0.009999999776482582,0,0.009999999776482582
2016-03-11,0.009999999776482582,0.009999999776482582,0.009999999776482582,0.009999999776482582,0,0.009999999776482582
2016-03-14,0.009999999776482582,0.009999999776482582,0.009999999776482582,0.009999999776482582,0,0.009999999776482582
2016-03-15,0.009999999776482582,0.009999999776482582,0.009999999776482582,0.009999999776482582,0,0.009999999776482582
2016-03-16,0.009999999776482582,0.009999999776482582,0.009999999776482582,0.009999999776482582,0,0.009999999776482582
2016-03-17,0.009999999776482582,0.009999999776482582,0.009999999776482582,0.009999999776482582,0,0.009999999776482582
2016-03-18,0.009999999776482582,0.009999999776482582,0.009999999776482582,0.009999999776482582,0,0.009999999776482582
2016-03-21,0.009999999776482582,0.009999999776482582,0.009999999776482582,0.009999999776482582,0,0.009999999776482582
2016-03-22,0.009999999776482582,0.009999999776482582,0.009999999776482582,0.009999999776482582,0,0.009999999776482582
2016-03-23,0.009999999776482582,0.009999999776482582,0.009999999776482582,0.009999999776482582,0,0.009999999776482582
2016-03-24,0.009999999776482582,0.009999999776482582,0.009999999776482582,0.009999999776482582,0,0.009999999776482582
2016-03-28,0.009999999776482582,0.009999999776482582,0.009999999776482582,0.009999999776482582,0,0.009999999776482582
2016-03-29,0.009999999776482582,0.009999999776482582,0.009999999776482582,0.009999999776482582,0,0.009999999776482582
2016-03-30,0.009999999776482582,0.009999999776482582,0.009999999776482582,0.009999999776482582,0,0.009999999776482582
2016-03-31,0.009999999776482582,0.009999999776482582,0.009999999776482582,0.009999999776482582,0,0.009999999776482582
2016-04-01,0.009999999776482582,0.009999999776482582,0.009999999776482582,0.009999999776482582,0,0.009999999776482582
2016-04-04,0.009999999776482582,0.009999999776482582,0.009999999776482582,0.009999999776482582,0,0.009999999776482582
2016-04-05,0.009999999776482582,0.009999999776482582,0.009999999776482582,0.009999999776482582,0,0.009999999776482582
2016-04-06,0.009999999776482582,0.009999999776482582,0.009999999776482582,0.009999999776482582,0,0.009999999776482582
2016-04-07,0.009999999776482582,0.009999999776482582,0.009999999776482582,0.009999999776482582,0,0.009999999776482582
2016-04-08,0.009999999776482582,0.009999999776482582,0.009999999776482582,0.009999999776482582,0,0.009999999776482582
2016-04-11,0.009999999776482582,0.009999999776482582,0.009999999776482582,0.009999999776482582,0,0.009999999776482582
2016-04-12,0.009999999776482582,0.009999999776482582,0.009999999776482582,0.009999999776482582,0,0.009999999776482582
2016-04-13,0.009999999776482582,0.009999999776482582,0.009999999776482582,0.009999999776482582,22500,0.009999999776482582
2016-04-14,0.019999999552965164,0.009999999776482582,0.019999999552965164,0.009999999776482582,50000,0.009999999776482582
2016-04-15,0.009999999776482582,0.009999999776482582,0.009999999776482582,0.009999999776482582,0,0.009999999776482582
2016-04-18,0.009999999776482582,0.009999999776482582,0.009999999776482582,0.009999999776482582,0,0.009999999776482582
2016-04-19,0.009999999776482582,0.009999999776482582,0.009999999776482582,0.009999999776482582,0,0.009999999776482582
2016-04-20,0.009999999776482582,0.009999999776482582,0.009999999776482582,0.009999999776482582,0,0.009999999776482582
2016-04-21,0.009999999776482582,0.009999999776482582,0.009999999776482582,0.009999999776482582,0,0.009999999776482582
2016-04-22,0.009999999776482582,0.009999999776482582,0.009999999776482582,0.009999999776482582,0,0.009999999776482582
2016-04-25,0.009999999776482582,0.009999999776482582,0.009999999776482582,0.009999999776482582,0,0.009999999776482582
2016-04-26,0.009999999776482582,0.009999999776482582,0.009999999776482582,0.009999999776482582,0,0.009999999776482582
2016-04-27,0.009999999776482582,0.009999999776482582,0.009999999776482582,0.009999999776482582,0,0.009999999776482582
2016-04-28,0.009999999776482582,0.009999999776482582,0.009999999776482582,0.009999999776482582,0,0.009999999776482582
2016-04-29,0.009999999776482582,0.009999999776482582,0.009999999776482582,0.009999999776482582,0,0.009999999776482582
2016-05-02,0.05999999865889549,0.03999999910593033,0.03999999910593033,0.05999999865889549,7000,0.05999999865889549
2016-05-03,0.05999999865889549,0.05999999865889549,0.05999999865889549,0.05999999865889549,0,0.05999999865889549
2016-05-04,0.05999999865889549,0.05999999865889549,0.05999999865889549,0.05999999865889549,0,0.05999999865889549
2016-05-05,0.05999999865889549,0.05999999865889549,0.05999999865889549,0.05999999865889549,0,0.05999999865889549
2016-05-06,0.05999999865889549,0.05999999865889549,0.05999999865889549,0.05999999865889549,0,0.05999999865889549
2016-05-09,0.05999999865889549,0.05999999865889549,0.05999999865889549,0.05999999865889549,0,0.05999999865889549
2016-05-10,0.05999999865889549,0.05999999865889549,0.05999999865889549,0.05999999865889549,0,0.05999999865889549
2016-05-11,0.05999999865889549,0.05999999865889549,0.05999999865889549,0.05999999865889549,0,0.05999999865889549
2016-05-12,0.03999999910593033,0.03999999910593033,0.03999999910593033,0.03999999910593033,3300,0.03999999910593033
2016-05-13,0.03999999910593033,0.03999999910593033,0.03999999910593033,0.03999999910593033,0,0.03999999910593033
2016-05-16,0.03999999910593033,0.03999999910593033,0.03999999910593033,0.03999999910593033,0,0.03999999910593033
2016-05-17,0.03999999910593033,0.03999999910593033,0.03999999910593033,0.03999999910593033,0,0.03999999910593033
2016-05-18,0.03999999910593033,0.03999999910593033,0.03999999910593033,0.03999999910593033,0,0.03999999910593033
2016-05-19,0.03999999910593033,0.03999999910593033,0.03999999910593033,0.03999999910593033,0,0.03999999910593033
2016-05-20,0.03999999910593033,0.03999999910593033,0.03999999910593033,0.03999999910593033,0,0.03999999910593033
2016-05-23,0.03999999910593033,0.03999999910593033,0.03999999910593033,0.03999999910593033,0,0.03999999910593033
2016-05-24,0.03999999910593033,0.03999999910593033,0.03999999910593033,0.03999999910593033,0,0.03999999910593033
2016-05-25,0.03999999910593033,0.03999999910593033,0.03999999910593033,0.03999999910593033,0,0.03999999910593033
2016-05-26,0.03999999910593033,0.03999999910593033,0.03999999910593033,0.03999999910593033,0,0.03999999910593033
2016-05-27,0.05000000074505806,0.05000000074505806,0.05000000074505806,0.05000000074505806,900,0.05000000074505806
2016-05-31,0.05000000074505806,0.05000000074505806,0.05000000074505806,0.05000000074505806,0,0.05000000074505806
2016-06-01,0.05000000074505806,0.05000000074505806,0.05000000074505806,0.05000000074505806,0,0.05000000074505806
2016-06-02,0.05999999865889549,0.05999999865889549,0.05999999865889549,0.05999999865889549,34000,0.05999999865889549
2016-06-03,0.05999999865889549,0.05999999865889549,0.05999999865889549,0.05999999865889549,0,0.05999999865889549
2016-06-06,0.05999999865889549,0.05999999865889549,0.05999999865889549,0.05999999865889549,0,0.05999999865889549
2016-06-07,0.05999999865889549,0.05999999865889549,0.05999999865889549,0.05999999865889549,0,0.05999999865889549
2016-06-08,0.05999999865889549,0.05999999865889549,0.05999999865889549,0.05999999865889549,0,0.05999999865889549
2016-06-09,0.05999999865889549,0.05999999865889549,0.05999999865889549,0.05999999865889549,0,0.05999999865889549
2016-06-10,0.05999999865889549,0.05999999865889549,0.05999999865889549,0.05999999865889549,0,0.05999999865889549
2016-06-13,0.05999999865889549,0.05999999865889549,0.05999999865889549,0.05999999865889549,0,0.05999999865889549
2016-06-14,0.05999999865889549,0.05999999865889549,0.05999999865889549,0.05999999865889549,0,0.05999999865889549
2016-06-15,0.07000000029802322,0.07000000029802322,0.07000000029802322,0.07000000029802322,2000,0.07000000029802322
2016-06-16,0.07000000029802322,0.07000000029802322,0.07000000029802322,0.07000000029802322,0,0.07000000029802322
2016-06-17,0.07000000029802322,0.07000000029802322,0.07000000029802322,0.07000000029802322,0,0.07000000029802322
2016-06-20,0.07000000029802322,0.07000000029802322,0.07000000029802322,0.07000000029802322,0,0.07000000029802322
2016-06-21,0.07000000029802322,0.07000000029802322,0.07000000029802322,0.07000000029802322,0,0.07000000029802322
2016-06-22,0.07000000029802322,0.07000000029802322,0.07000000029802322,0.07000000029802322,0,0.07000000029802322
2016-06-23,0.07000000029802322,0.07000000029802322,0.07000000029802322,0.07000000029802322,0,0.07000000029802322
2016-06-24,0.07000000029802322,0.07000000029802322,0.07000000029802322,0.07000000029802322,0,0.07000000029802322
2016-06-27,0.07000000029802322,0.07000000029802322,0.07000000029802322,0.07000000029802322,0,0.07000000029802322
2016-06-28,0.07000000029802322,0.07000000029802322,0.07000000029802322,0.07000000029802322,0,0.07000000029802322
2016-06-29,0.07000000029802322,0.07000000029802322,0.07000000029802322,0.07000000029802322,0,0.07000000029802322
2016-06-30,0.07000000029802322,0.07000000029802322,0.07000000029802322,0.07000000029802322,0,0.07000000029802322
2016-07-01,0.07000000029802322,0.07000000029802322,0.07000000029802322,0.07000000029802322,0,0.07000000029802322
2016-07-05,0.07000000029802322,0.07000000029802322,0.07000000029802322,0.07000000029802322,0,0.07000000029802322
2016-07-06,0.07000000029802322,0.07000000029802322,0.07000000029802322,0.07000000029802322,0,0.07000000029802322
2016-07-07,0.07000000029802322,0.07000000029802322,0.07000000029802322,0.07000000029802322,0,0.07000000029802322
2016-07-08,0.07000000029802322,0.07000000029802322,0.07000000029802322,0.07000000029802322,0,0.07000000029802322
2016-07-11,0.07000000029802322,0.07000000029802322,0.07000000029802322,0.07000000029802322,0,0.07000000029802322
2016-07-12,0.07000000029802322,0.07000000029802322,0.07000000029802322,0.07000000029802322,0,0.07000000029802322
2016-07-13,0.07000000029802322,0.07000000029802322,0.07000000029802322,0.07000000029802322,0,0.07000000029802322
2016-07-14,0.10000000149011612,0.09000000357627869,0.09000000357627869,0.10000000149011612,9300,0.10000000149011612
2016-07-15,0.10000000149011612,0.10000000149011612,0.10000000149011612,0.10000000149011612,0,0.10000000149011612
2016-07-18,0.10000000149011612,0.10000000149011612,0.10000000149011612,0.10000000149011612,0,0.10000000149011612
2016-07-19,0.10000000149011612,0.10000000149011612,0.10000000149011612,0.10000000149011612,0,0.10000000149011612
2016-07-20,0.10000000149011612,0.10000000149011612,0.10000000149011612,0.10000000149011612,0,0.10000000149011612
2016-07-21,0.10000000149011612,0.10000000149011612,0.10000000149011612,0.10000000149011612,0,0.10000000149011612
2016-07-22,0.10000000149011612,0.10000000149011612,0.10000000149011612,0.10000000149011612,0,0.10000000149011612
2016-07-25,0.10000000149011612,0.10000000149011612,0.10000000149011612,0.10000000149011612,0,0.10000000149011612
2016-07-26,0.09000000357627869,0.09000000357627869,0.09000000357627869,0.09000000357627869,10000,0.09000000357627869
2016-07-27,0.09000000357627869,0.09000000357627869,0.09000000357627869,0.09000000357627869,0,0.09000000357627869
2016-07-28,0.09000000357627869,0.09000000357627869,0.09000000357627869,0.09000000357627869,0,0.09000000357627869
2016-07-29,0.09000000357627869,0.09000000357627869,0.09000000357627869,0.09000000357627869,0,0.09000000357627869
2016-08-01,0.09000000357627869,0.09000000357627869,0.09000000357627869,0.09000000357627869,0,0.09000000357627869
2016-08-02,0.10999999940395355,0.09000000357627869,0.10000000149011612,0.10000000149011612,26000,0.10000000149011612
2016-08-03,0.10000000149011612,0.10000000149011612,0.10000000149011612,0.10000000149011612,2500,0.10000000149011612
2016-08-04,0.07999999821186066,0.07999999821186066,0.07999999821186066,0.07999999821186066,5000,0.07999999821186066
2016-08-05,0.07999999821186066,0.07999999821186066,0.07999999821186066,0.07999999821186066,0,0.07999999821186066
2016-08-08,0.10000000149011612,0.07999999821186066,0.10000000149011612,0.07999999821186066,18000,0.07999999821186066
2016-08-09,0.09000000357627869,0.09000000357627869,0.09000000357627869,0.09000000357627869,3000,0.09000000357627869
2016-08-10,0.07000000029802322,0.07000000029802322,0.07000000029802322,0.07000000029802322,4300,0.07000000029802322
2016-08-11,0.07000000029802322,0.07000000029802322,0.07000000029802322,0.07000000029802322,0,0.07000000029802322
2016-08-12,0.07000000029802322,0.07000000029802322,0.07000000029802322,0.07000000029802322,0,0.07000000029802322
2016-08-15,0.07000000029802322,0.07000000029802322,0.07000000029802322,0.07000000029802322,0,0.07000000029802322
2016-08-16,0.07000000029802322,0.07000000029802322,0.07000000029802322,0.07000000029802322,0,0.07000000029802322
2016-08-17,0.07000000029802322,0.07000000029802322,0.07000000029802322,0.07000000029802322,0,0.07000000029802322
2016-08-18,0.07000000029802322,0.07000000029802322,0.07000000029802322,0.07000000029802322,0,0.07000000029802322
2016-08-19,0.07000000029802322,0.07000000029802322,0.07000000029802322,0.07000000029802322,0,0.07000000029802322
2016-08-22,0.07000000029802322,0.07000000029802322,0.07000000029802322,0.07000000029802322,0,0.07000000029802322
2016-08-23,0.07000000029802322,0.07000000029802322,0.07000000029802322,0.07000000029802322,0,0.07000000029802322
2016-08-24,0.07000000029802322,0.07000000029802322,0.07000000029802322,0.07000000029802322,0,0.07000000029802322
2016-08-25,0.07000000029802322,0.07000000029802322,0.07000000029802322,0.07000000029802322,0,0.07000000029802322
2016-08-26,0.07000000029802322,0.07000000029802322,0.07000000029802322,0.07000000029802322,0,0.07000000029802322
2016-08-29,0.07000000029802322,0.07000000029802322,0.07000000029802322,0.07000000029802322,5000,0.07000000029802322
2016-08-30,0.07000000029802322,0.07000000029802322,0.07000000029802322,0.07000000029802322,5200,0.07000000029802322
2016-08-31,0.07000000029802322,0.07000000029802322,0.07000000029802322,0.07000000029802322,0,0.07000000029802322
2016-09-01,0.07000000029802322,0.07000000029802322,0.07000000029802322,0.07000000029802322,0,0.07000000029802322
2016-09-02,0.07000000029802322,0.07000000029802322,0.07000000029802322,0.07000000029802322,1000,0.07000000029802322
2016-09-06,0.07000000029802322,0.07000000029802322,0.07000000029802322,0.07000000029802322,0,0.07000000029802322
2016-09-07,0.07000000029802322,0.07000000029802322,0.07000000029802322,0.07000000029802322,0,0.07000000029802322
2016-09-08,0.07000000029802322,0.07000000029802322,0.07000000029802322,0.07000000029802322,0,0.07000000029802322
2016-09-09,0.07999999821186066,0.07000000029802322,0.07000000029802322,0.07999999821186066,5500,0.07999999821186066
2016-09-12,0.07999999821186066,0.07999999821186066,0.07999999821186066,0.07999999821186066,0,0.07999999821186066
2016-09-13,0.07999999821186066,0.07999999821186066,0.07999999821186066,0.07999999821186066,0,0.07999999821186066
2016-09-14,0.07999999821186066,0.07999999821186066,0.07999999821186066,0.07999999821186066,0,0.07999999821186066
2016-09-15,0.09000000357627869,0.07000000029802322,0.07000000029802322,0.09000000357627869,17500,0.09000000357627869
2016-09-16,0.07999999821186066,0.07999999821186066,0.07999999821186066,0.07999999821186066,5000,0.07999999821186066
2016-09-19,0.07999999821186066,0.07999999821186066,0.07999999821186066,0.07999999821186066,8000,0.07999999821186066
2016-09-20,0.07999999821186066,0.07999999821186066,0.07999999821186066,0.07999999821186066,0,0.07999999821186066
2016-09-21,0.07999999821186066,0.07999999821186066,0.07999999821186066,0.07999999821186066,0,0.07999999821186066
2016-09-22,0.05000000074505806,0.05000000074505806,0.05000000074505806,0.05000000074505806,3000,0.05000000074505806
2016-09-23,0.05000000074505806,0.05000000074505806,0.05000000074505806,0.05000000074505806,0,0.05000000074505806
2016-09-26,0.05000000074505806,0.05000000074505806,0.05000000074505806,0.05000000074505806,0,0.05000000074505806
2016-09-27,0.05000000074505806,0.05000000074505806,0.05000000074505806,0.05000000074505806,0,0.05000000074505806
2016-09-28,0.05000000074505806,0.05000000074505806,0.05000000074505806,0.05000000074505806,0,0.05000000074505806
2016-09-29,0.05000000074505806,0.05000000074505806,0.05000000074505806,0.05000000074505806,0,0.05000000074505806
2016-09-30,0.05000000074505806,0.05000000074505806,0.05000000074505806,0.05000000074505806,0,0.05000000074505806
2016-10-03,0.05000000074505806,0.05000000074505806,0.05000000074505806,0.05000000074505806,0,0.05000000074505806
2016-10-04,0.05000000074505806,0.05000000074505806,0.05000000074505806,0.05000000074505806,0,0.05000000074505806
2016-10-05,0.05000000074505806,0.05000000074505806,0.05000000074505806,0.05000000074505806,0,0.05000000074505806
2016-10-06,0.05000000074505806,0.05000000074505806,0.05000000074505806,0.05000000074505806,0,0.05000000074505806
2016-10-07,0.05000000074505806,0.05000000074505806,0.05000000074505806,0.05000000074505806,0,0.05000000074505806
2016-10-10,0.05000000074505806,0.05000000074505806,0.05000000074505806,0.05000000074505806,0,0.05000000074505806
2016-10-11,0.05000000074505806,0.05000000074505806,0.05000000074505806,0.05000000074505806,0,0.05000000074505806
2016-10-12,0.05000000074505806,0.05000000074505806,0.05000000074505806,0.05000000074505806,0,0.05000000074505806
2016-10-13,0.05000000074505806,0.05000000074505806,0.05000000074505806,0.05000000074505806,0,0.05000000074505806
2016-10-14,0.05000000074505806,0.05000000074505806,0.05000000074505806,0.05000000074505806,0,0.05000000074505806
2016-10-17,0.05000000074505806,0.05000000074505806,0.05000000074505806,0.05000000074505806,0,0.05000000074505806
2016-10-18,0.05000000074505806,0.05000000074505806,0.05000000074505806,0.05000000074505806,0,0.05000000074505806
2016-10-19,0.05000000074505806,0.05000000074505806,0.05000000074505806,0.05000000074505806,0,0.05000000074505806
2016-10-20,0.05000000074505806,0.05000000074505806,0.05000000074505806,0.05000000074505806,0,0.05000000074505806
2016-10-21,0.05000000074505806,0.05000000074505806,0.05000000074505806,0.05000000074505806,0,0.05000000074505806
2016-10-24,0.05000000074505806,0.05000000074505806,0.05000000074505806,0.05000000074505806,0,0.05000000074505806
2016-10-25,0.05000000074505806,0.05000000074505806,0.05000000074505806,0.05000000074505806,0,0.05000000074505806
2016-10-26,0.05000000074505806,0.05000000074505806,0.05000000074505806,0.05000000074505806,0,0.05000000074505806
2016-10-27,0.05999999865889549,0.05999999865889549,0.05999999865889549,0.05999999865889549,6000,0.05999999865889549
2016-10-28,0.05999999865889549,0.05999999865889549,0.05999999865889549,0.05999999865889549,0,0.05999999865889549
2016-10-31,0.05999999865889549,0.05999999865889549,0.05999999865889549,0.05999999865889549,0,0.05999999865889549
2016-11-01,0.05999999865889549,0.05999999865889549,0.05999999865889549,0.05999999865889549,0,0.05999999865889549
2016-11-02,0.05999999865889549,0.05999999865889549,0.05999999865889549,0.05999999865889549,0,0.05999999865889549
2016-11-03,0.05999999865889549,0.05999999865889549,0.05999999865889549,0.05999999865889549,0,0.05999999865889549
2016-11-04,0.05999999865889549,0.05999999865889549,0.05999999865889549,0.05999999865889549,0,0.05999999865889549
2016-11-07,0.05999999865889549,0.05999999865889549,0.05999999865889549,0.05999999865889549,0,0.05999999865889549
2016-11-08,0.05999999865889549,0.05999999865889549,0.05999999865889549,0.05999999865889549,0,0.05999999865889549
2016-11-09,0.05999999865889549,0.05999999865889549,0.05999999865889549,0.05999999865889549,0,0.05999999865889549
2016-11-10,0.03999999910593033,0.03999999910593033,0.03999999910593033,0.03999999910593033,15000,0.03999999910593033
2016-11-11,0.03999999910593033,0.03999999910593033,0.03999999910593033,0.03999999910593033,0,0.03999999910593033
2016-11-14,0.03999999910593033,0.03999999910593033,0.03999999910593033,0.03999999910593033,0,0.03999999910593033
2016-11-15,0.03999999910593033,0.03999999910593033,0.03999999910593033,0.03999999910593033,0,0.03999999910593033
2016-11-16,0.03999999910593033,0.029999999329447746,0.029999999329447746,0.03999999910593033,5000,0.03999999910593033
2016-11-17,0.03999999910593033,0.03999999910593033,0.03999999910593033,0.03999999910593033,0,0.03999999910593033
2016-11-18,0.05000000074505806,0.05000000074505806,0.05000000074505806,0.05000000074505806,5000,0.05000000074505806
2016-11-21,0.05000000074505806,0.05000000074505806,0.05000000074505806,0.05000000074505806,0,0.05000000074505806
2016-11-22,0.05000000074505806,0.05000000074505806,0.05000000074505806,0.05000000074505806,0,0.05000000074505806
2016-11-23,0.05000000074505806,0.05000000074505806,0.05000000074505806,0.05000000074505806,0,0.05000000074505806
2016-11-25,0.05000000074505806,0.05000000074505806,0.05000000074505806,0.05000000074505806,0,0.05000000074505806
2016-11-28,0.05000000074505806,0.05000000074505806,0.05000000074505806,0.05000000074505806,0,0.05000000074505806
2016-11-29,0.05000000074505806,0.05000000074505806,0.05000000074505806,0.05000000074505806,0,0.05000000074505806
2016-11-30,0.05000000074505806,0.05000000074505806,0.05000000074505806,0.05000000074505806,0,0.05000000074505806
2016-12-01,0.05000000074505806,0.05000000074505806,0.05000000074505806,0.05000000074505806,0,0.05000000074505806
2016-12-02,0.05000000074505806,0.05000000074505806,0.05000000074505806,0.05000000074505806,5000,0.05000000074505806
2016-12-05,0.05999999865889549,0.05000000074505806,0.05000000074505806,0.05999999865889549,10000,0.05999999865889549
2016-12-06,0.05999999865889549,0.05999999865889549,0.05999999865889549,0.05999999865889549,0,0.05999999865889549
2016-12-07,0.05999999865889549,0.05999999865889549,0.05999999865889549,0.05999999865889549,0,0.05999999865889549
2016-12-08,0.05999999865889549,0.05999999865889549,0.05999999865889549,0.05999999865889549,0,0.05999999865889549
2016-12-09,0.05000000074505806,0.05000000074505806,0.05000000074505806,0.05000000074505806,4500,0.05000000074505806
2016-12-12,0.05000000074505806,0.05000000074505806,0.05000000074505806,0.05000000074505806,13000,0.05000000074505806
2016-12-13,0.05000000074505806,0.05000000074505806,0.05000000074505806,0.05000000074505806,0,0.05000000074505806
2016-12-14,0.05000000074505806,0.05000000074505806,0.05000000074505806,0.05000000074505806,5600,0.05000000074505806
2016-12-15,0.05000000074505806,0.05000000074505806,0.05000000074505806,0.05000000074505806,0,0.05000000074505806
2016-12-16,0.05000000074505806,0.05000000074505806,0.05000000074505806,0.05000000074505806,0,0.05000000074505806
2016-12-19,0.05000000074505806,0.05000000074505806,0.05000000074505806,0.05000000074505806,0,0.05000000074505806
2016-12-20,0.05000000074505806,0.05000000074505806,0.05000000074505806,0.05000000074505806,0,0.05000000074505806
2016-12-21,0.05000000074505806,0.05000000074505806,0.05000000074505806,0.05000000074505806,0,0.05000000074505806
2016-12-22,0.05000000074505806,0.05000000074505806,0.05000000074505806,0.05000000074505806,0,0.05000000074505806
2016-12-23,0.05000000074505806,0.05000000074505806,0.05000000074505806,0.05000000074505806,0,0.05000000074505806
2016-12-27,0.05000000074505806,0.05000000074505806,0.05000000074505806,0.05000000074505806,0,0.05000000074505806
2016-12-28,0.05000000074505806,0.05000000074505806,0.05000000074505806,0.05000000074505806,0,0.05000000074505806
2016-12-29,0.05000000074505806,0.05000000074505806,0.05000000074505806,0.05000000074505806,0,0.05000000074505806
2016-12-30,0.05000000074505806,0.05000000074505806,0.05000000074505806,0.05000000074505806,0,0.05000000074505806
2017-01-03,0.05000000074505806,0.05000000074505806,0.05000000074505806,0.05000000074505806,0,0.05000000074505806
2017-01-04,0.05999999865889549,0.05000000074505806,0.05000000074505806,0.05999999865889549,21000,0.05999999865889549
2017-01-05,0.05999999865889549,0.05000000074505806,0.05000000074505806,0.05999999865889549,10000,0.05999999865889549
2017-01-06,0.05999999865889549,0.05999999865889549,0.05999999865889549,0.05999999865889549,0,0.05999999865889549
2017-01-09,0.05999999865889549,0.05999999865889549,0.05999999865889549,0.05999999865889549,0,0.05999999865889549
2017-01-10,0.05999999865889549,0.05999999865889549,0.05999999865889549,0.05999999865889549,0,0.05999999865889549
2017-01-11,0.05999999865889549,0.05999999865889549,0.05999999865889549,0.05999999865889549,2700,0.05999999865889549
2017-01-12,0.05999999865889549,0.05000000074505806,0.05999999865889549,0.05000000074505806,5000,0.05000000074505806
2017-01-13,0.05000000074505806,0.05000000074505806,0.05000000074505806,0.05000000074505806,0,0.05000000074505806
2017-01-17,0.05000000074505806,0.05000000074505806,0.05000000074505806,0.05000000074505806,0,0.05000000074505806
2017-01-18,0.05000000074505806,0.05000000074505806,0.05000000074505806,0.05000000074505806,0,0.05000000074505806
2017-01-19,0.05000000074505806,0.05000000074505806,0.05000000074505806,0.05000000074505806,0,0.05000000074505806
2017-01-20,0.05000000074505806,0.05000000074505806,0.05000000074505806,0.05000000074505806,0,0.05000000074505806
2017-01-23,0.05000000074505806,0.05000000074505806,0.05000000074505806,0.05000000074505806,0,0.05000000074505806
2017-01-24,0.05000000074505806,0.05000000074505806,0.05000000074505806,0.05000000074505806,0,0.05000000074505806
2017-01-25,0.05000000074505806,0.05000000074505806,0.05000000074505806,0.05000000074505806,0,0.05000000074505806
2017-01-26,0.05000000074505806,0.05000000074505806,0.05000000074505806,0.05000000074505806,0,0.05000000074505806
2017-01-27,0.05000000074505806,0.05000000074505806,0.05000000074505806,0.05000000074505806,0,0.05000000074505806
2017-01-30,0.05000000074505806,0.05000000074505806,0.05000000074505806,0.05000000074505806,18600,0.05000000074505806
2017-01-31,0.05000000074505806,0.05000000074505806,0.05000000074505806,0.05000000074505806,0,0.05000000074505806
2017-02-01,0.05000000074505806,0.03999999910593033,0.05000000074505806,0.03999999910593033,85700,0.03999999910593033
2017-02-02,0.03999999910593033,0.03999999910593033,0.03999999910593033,0.03999999910593033,0,0.03999999910593033
2017-02-03,0.03999999910593033,0.03999999910593033,0.03999999910593033,0.03999999910593033,0,0.03999999910593033
2017-02-06,0.05000000074505806,0.03999999910593033,0.05000000074505806,0.03999999910593033,10000,0.03999999910593033
2017-02-07,0.03999999910593033,0.03999999910593033,0.03999999910593033,0.03999999910593033,500,0.03999999910593033
2017-02-08,0.03999999910593033,0.03999999910593033,0.03999999910593033,0.03999999910593033,0,0.03999999910593033
2017-02-09,0.03999999910593033,0.03999999910593033,0.03999999910593033,0.03999999910593033,0,0.03999999910593033
2017-02-10,0.03999999910593033,0.03999999910593033,0.03999999910593033,0.03999999910593033,0,0.03999999910593033
2017-02-13,0.03999999910593033,0.03999999910593033,0.03999999910593033,0.03999999910593033,0,0.03999999910593033
2017-02-14,0.07000000029802322,0.07000000029802322,0.07000000029802322,0.07000000029802322,10000,0.07000000029802322
2017-02-15,0.07999999821186066,0.07000000029802322,0.07999999821186066,0.07000000029802322,18000,0.07000000029802322
2017-02-16,0.07999999821186066,0.07999999821186066,0.07999999821186066,0.07999999821186066,12000,0.07999999821186066
2017-02-17,0.05999999865889549,0.05999999865889549,0.05999999865889549,0.05999999865889549,2000,0.05999999865889549
2017-02-21,0.07000000029802322,0.07000000029802322,0.07000000029802322,0.07000000029802322,10000,0.07000000029802322
2017-02-22,0.07000000029802322,0.07000000029802322,0.07000000029802322,0.07000000029802322,0,0.07000000029802322
2017-02-23,0.07000000029802322,0.07000000029802322,0.07000000029802322,0.07000000029802322,0,0.07000000029802322
2017-02-24,0.07000000029802322,0.07000000029802322,0.07000000029802322,0.07000000029802322,0,0.07000000029802322
2017-02-27,0.07000000029802322,0.07000000029802322,0.07000000029802322,0.07000000029802322,0,0.07000000029802322
2017-02-28,0.07000000029802322,0.07000000029802322,0.07000000029802322,0.07000000029802322,0,0.07000000029802322
2017-03-01,0.07000000029802322,0.07000000029802322,0.07000000029802322,0.07000000029802322,0,0.07000000029802322
2017-03-02,0.07000000029802322,0.07000000029802322,0.07000000029802322,0.07000000029802322,0,0.07000000029802322
2017-03-03,0.05999999865889549,0.05999999865889549,0.05999999865889549,0.05999999865889549,5000,0.05999999865889549
2017-03-06,0.05999999865889549,0.05999999865889549,0.05999999865889549,0.05999999865889549,0,0.05999999865889549
2017-03-07,0.05999999865889549,0.05999999865889549,0.05999999865889549,0.05999999865889549,0,0.05999999865889549
2017-03-08,0.05999999865889549,0.05999999865889549,0.05999999865889549,0.05999999865889549,0,0.05999999865889549
2017-03-09,0.05999999865889549,0.05999999865889549,0.05999999865889549,0.05999999865889549,0,0.05999999865889549
2017-03-10,0.05999999865889549,0.05999999865889549,0.05999999865889549,0.05999999865889549,0,0.05999999865889549
2017-03-13,0.05999999865889549,0.05999999865889549,0.05999999865889549,0.05999999865889549,0,0.05999999865889549
2017-03-14,0.05999999865889549,0.05999999865889549,0.05999999865889549,0.05999999865889549,0,0.05999999865889549
2017-03-15,0.05000000074505806,0.05000000074505806,0.05000000074505806,0.05000000074505806,400,0.05000000074505806
2017-03-16,0.05000000074505806,0.05000000074505806,0.05000000074505806,0.05000000074505806,0,0.05000000074505806
2017-03-17,0.05000000074505806,0.05000000074505806,0.05000000074505806,0.05000000074505806,0,0.05000000074505806
2017-03-20,0.05000000074505806,0.05000000074505806,0.05000000074505806,0.05000000074505806,0,0.05000000074505806
2017-03-21,0.05000000074505806,0.05000000074505806,0.05000000074505806,0.05000000074505806,0,0.05000000074505806
2017-03-22,0.05000000074505806,0.05000000074505806,0.05000000074505806,0.05000000074505806,0,0.05000000074505806
2017-03-23,0.05000000074505806,0.05000000074505806,0.05000000074505806,0.05000000074505806,0,0.05000000074505806
2017-03-24,0.05000000074505806,0.05000000074505806,0.05000000074505806,0.05000000074505806,0,0.05000000074505806
2017-03-27,0.05000000074505806,0.05000000074505806,0.05000000074505806,0.05000000074505806,0,0.05000000074505806
2017-03-28,0.05000000074505806,0.05000000074505806,0.05000000074505806,0.05000000074505806,0,0.05000000074505806
2017-03-29,0.05000000074505806,0.05000000074505806,0.05000000074505806,0.05000000074505806,0,0.05000000074505806
2017-03-30,0.05000000074505806,0.05000000074505806,0.05000000074505806,0.05000000074505806,0,0.05000000074505806
2017-03-31,0.05000000074505806,0.05000000074505806,0.05000000074505806,0.05000000074505806,0,0.05000000074505806
2017-04-03,0.05000000074505806,0.05000000074505806,0.05000000074505806,0.05000000074505806,0,0.05000000074505806
2017-04-04,0.05000000074505806,0.05000000074505806,0.05000000074505806,0.05000000074505806,0,0.05000000074505806
2017-04-05,0.05000000074505806,0.05000000074505806,0.05000000074505806,0.05000000074505806,0,0.05000000074505806
2017-04-06,0.05000000074505806,0.05000000074505806,0.05000000074505806,0.05000000074505806,0,0.05000000074505806
2017-04-07,0.05000000074505806,0.05000000074505806,0.05000000074505806,0.05000000074505806,1200,0.05000000074505806
2017-04-10,0.05000000074505806,0.05000000074505806,0.05000000074505806,0.05000000074505806,0,0.05000000074505806
2017-04-11,0.05000000074505806,0.05000000074505806,0.05000000074505806,0.05000000074505806,0,0.05000000074505806
2017-04-12,0.05000000074505806,0.05000000074505806,0.05000000074505806,0.05000000074505806,0,0.05000000074505806
2017-04-13,0.05999999865889549,0.05999999865889549,0.05999999865889549,0.05999999865889549,10000,0.05999999865889549
2017-04-17,0.05999999865889549,0.05999999865889549,0.05999999865889549,0.05999999865889549,0,0.05999999865889549
2017-04-18,0.05999999865889549,0.05999999865889549,0.05999999865889549,0.05999999865889549,0,0.05999999865889549
2017-04-19,0.05999999865889549,0.05999999865889549,0.05999999865889549,0.05999999865889549,0,0.05999999865889549
2017-04-20,0.05000000074505806,0.05000000074505806,0.05000000074505806,0.05000000074505806,5000,0.05000000074505806
2017-04-21,0.05000000074505806,0.05000000074505806,0.05000000074505806,0.05000000074505806,0,0.05000000074505806
2017-04-24,0.05000000074505806,0.05000000074505806,0.05000000074505806,0.05000000074505806,0,0.05000000074505806
2017-04-25,0.05000000074505806,0.05000000074505806,0.05000000074505806,0.05000000074505806,2500,0.05000000074505806
2017-04-26,0.05000000074505806,0.05000000074505806,0.05000000074505806,0.05000000074505806,0,0.05000000074505806
2017-04-27,0.05000000074505806,0.05000000074505806,0.05000000074505806,0.05000000074505806,0,0.05000000074505806
2017-04-28,0.05000000074505806,0.05000000074505806,0.05000000074505806,0.05000000074505806,0,0.05000000074505806
2017-05-01,0.05000000074505806,0.05000000074505806,0.05000000074505806,0.05000000074505806,0,0.05000000074505806
2017-05-02,0.05000000074505806,0.05000000074505806,0.05000000074505806,0.05000000074505806,0,0.05000000074505806
2017-05-03,0.05000000074505806,0.05000000074505806,0.05000000074505806,0.05000000074505806,0,0.05000000074505806
2017-05-04,0.05000000074505806,0.05000000074505806,0.05000000074505806,0.05000000074505806,0,0.05000000074505806
2017-05-05,0.05000000074505806,0.05000000074505806,0.05000000074505806,0.05000000074505806,0,0.05000000074505806
2017-05-08,0.05000000074505806,0.05000000074505806,0.05000000074505806,0.05000000074505806,0,0.05000000074505806
2017-05-09,0.05000000074505806,0.05000000074505806,0.05000000074505806,0.05000000074505806,0,0.05000000074505806
2017-05-10,0.05000000074505806,0.05000000074505806,0.05000000074505806,0.05000000074505806,0,0.05000000074505806
2017-05-11,0.05000000074505806,0.05000000074505806,0.05000000074505806,0.05000000074505806,0,0.05000000074505806
2017-05-12,0.03999999910593033,0.03999999910593033,0.03999999910593033,0.03999999910593033,9000,0.03999999910593033
2017-05-15,0.03999999910593033,0.03999999910593033,0.03999999910593033,0.03999999910593033,0,0.03999999910593033
2017-05-16,0.03999999910593033,0.03999999910593033,0.03999999910593033,0.03999999910593033,16000,0.03999999910593033
2017-05-17,0.03999999910593033,0.03999999910593033,0.03999999910593033,0.03999999910593033,0,0.03999999910593033
2017-05-18,0.03999999910593033,0.03999999910593033,0.03999999910593033,0.03999999910593033,0,0.03999999910593033
2017-05-19,0.03999999910593033,0.03999999910593033,0.03999999910593033,0.03999999910593033,0,0.03999999910593033
2017-05-22,0.03999999910593033,0.03999999910593033,0.03999999910593033,0.03999999910593033,0,0.03999999910593033
2017-05-23,0.03999999910593033,0.03999999910593033,0.03999999910593033,0.03999999910593033,0,0.03999999910593033
2017-05-24,0.03999999910593033,0.03999999910593033,0.03999999910593033,0.03999999910593033,0,0.03999999910593033
2017-05-25,0.03999999910593033,0.03999999910593033,0.03999999910593033,0.03999999910593033,0,0.03999999910593033
2017-05-26,0.03999999910593033,0.03999999910593033,0.03999999910593033,0.03999999910593033,0,0.03999999910593033
2017-05-30,0.03999999910593033,0.03999999910593033,0.03999999910593033,0.03999999910593033,0,0.03999999910593033
2017-05-31,0.03999999910593033,0.03999999910593033,0.03999999910593033,0.03999999910593033,0,0.03999999910593033
2017-06-01,0.03999999910593033,0.03999999910593033,0.03999999910593033,0.03999999910593033,0,0.03999999910593033
2017-06-02,0.03999999910593033,0.03999999910593033,0.03999999910593033,0.03999999910593033,0,0.03999999910593033
2017-06-05,0.03999999910593033,0.03999999910593033,0.03999999910593033,0.03999999910593033,0,0.03999999910593033
2017-06-06,0.03999999910593033,0.03999999910593033,0.03999999910593033,0.03999999910593033,0,0.03999999910593033
2017-06-07,0.03999999910593033,0.03999999910593033,0.03999999910593033,0.03999999910593033,0,0.03999999910593033
2017-06-08,0.03999999910593033,0.03999999910593033,0.03999999910593033,0.03999999910593033,0,0.03999999910593033
2017-06-09,0.03999999910593033,0.03999999910593033,0.03999999910593033,0.03999999910593033,0,0.03999999910593033
2017-06-12,0.03999999910593033,0.03999999910593033,0.03999999910593033,0.03999999910593033,0,0.03999999910593033
2017-06-13,0.03999999910593033,0.03999999910593033,0.03999999910593033,0.03999999910593033,0,0.03999999910593033
2017-06-14,0.03999999910593033,0.03999999910593033,0.03999999910593033,0.03999999910593033,0,0.03999999910593033
2017-06-15,0.03999999910593033,0.03999999910593033,0.03999999910593033,0.03999999910593033,0,0.03999999910593033
2017-06-16,0.03999999910593033,0.03999999910593033,0.03999999910593033,0.03999999910593033,0,0.03999999910593033
2017-06-19,0.03999999910593033,0.03999999910593033,0.03999999910593033,0.03999999910593033,0,0.03999999910593033
2017-06-20,0.03999999910593033,0.03999999910593033,0.03999999910593033,0.03999999910593033,0,0.03999999910593033
2017-06-21,0.03999999910593033,0.03999999910593033,0.03999999910593033,0.03999999910593033,0,0.03999999910593033
2017-06-22,0.03999999910593033,0.03999999910593033,0.03999999910593033,0.03999999910593033,0,0.03999999910593033
2017-06-23,0.03999999910593033,0.03999999910593033,0.03999999910593033,0.03999999910593033,0,0.03999999910593033
2017-06-26,0.03999999910593033,0.03999999910593033,0.03999999910593033,0.03999999910593033,0,0.03999999910593033
2017-06-27,0.03999999910593033,0.03999999910593033,0.03999999910593033,0.03999999910593033,0,0.03999999910593033
2017-06-28,0.03999999910593033,0.03999999910593033,0.03999999910593033,0.03999999910593033,0,0.03999999910593033
2017-06-29,0.03999999910593033,0.03999999910593033,0.03999999910593033,0.03999999910593033,0,0.03999999910593033
2017-06-30,0.03999999910593033,0.03999999910593033,0.03999999910593033,0.03999999910593033,0,0.03999999910593033
2017-07-03,0.03999999910593033,0.03999999910593033,0.03999999910593033,0.03999999910593033,0,0.03999999910593033
2017-07-05,0.03999999910593033,0.03999999910593033,0.03999999910593033,0.03999999910593033,0,0.03999999910593033
2017-07-06,0.03999999910593033,0.03999999910593033,0.03999999910593033,0.03999999910593033,0,0.03999999910593033
2017-07-07,0.03999999910593033,0.03999999910593033,0.03999999910593033,0.03999999910593033,0,0.03999999910593033
2017-07-10,0.03999999910593033,0.03999999910593033,0.03999999910593033,0.03999999910593033,0,0.03999999910593033
2017-07-11,0.03999999910593033,0.03999999910593033,0.03999999910593033,0.03999999910593033,0,0.03999999910593033
2017-07-12,0.03999999910593033,0.03999999910593033,0.03999999910593033,0.03999999910593033,0,0.03999999910593033
2017-07-13,0.03999999910593033,0.03999999910593033,0.03999999910593033,0.03999999910593033,0,0.03999999910593033
2017-07-14,0.03999999910593033,0.03999999910593033,0.03999999910593033,0.03999999910593033,0,0.03999999910593033
2017-07-17,0.03999999910593033,0.03999999910593033,0.03999999910593033,0.03999999910593033,0,0.03999999910593033
2017-07-18,0.03999999910593033,0.03999999910593033,0.03999999910593033,0.03999999910593033,0,0.03999999910593033
2017-07-19,0.03999999910593033,0.03999999910593033,0.03999999910593033,0.03999999910593033,0,0.03999999910593033
2017-07-20,0.03999999910593033,0.03999999910593033,0.03999999910593033,0.03999999910593033,0,0.03999999910593033
2017-07-21,0.03999999910593033,0.03999999910593033,0.03999999910593033,0.03999999910593033,1800,0.03999999910593033
2017-07-24,0.03999999910593033,0.03999999910593033,0.03999999910593033,0.03999999910593033,0,0.03999999910593033
2017-07-25,0.03999999910593033,0.03999999910593033,0.03999999910593033,0.03999999910593033,0,0.03999999910593033
2017-07-26,0.03999999910593033,0.03999999910593033,0.03999999910593033,0.03999999910593033,0,0.03999999910593033
2017-07-27,0.03999999910593033,0.03999999910593033,0.03999999910593033,0.03999999910593033,0,0.03999999910593033
2017-07-28,0.03999999910593033,0.03999999910593033,0.03999999910593033,0.03999999910593033,0,0.03999999910593033
2017-07-31,0.03999999910593033,0.03999999910593033,0.03999999910593033,0.03999999910593033,0,0.03999999910593033
2017-08-01,0.029999999329447746,0.029999999329447746,0.029999999329447746,0.029999999329447746,3700,0.029999999329447746
2017-08-02,0.029999999329447746,0.029999999329447746,0.029999999329447746,0.029999999329447746,0,0.029999999329447746
2017-08-03,0.029999999329447746,0.029999999329447746,0.029999999329447746,0.029999999329447746,0,0.029999999329447746
2017-08-04,0.029999999329447746,0.029999999329447746,0.029999999329447746,0.029999999329447746,0,0.029999999329447746
2017-08-07,0.029999999329447746,0.029999999329447746,0.029999999329447746,0.029999999329447746,0,0.029999999329447746
2017-08-08,0.029999999329447746,0.029999999329447746,0.029999999329447746,0.029999999329447746,0,0.029999999329447746
2017-08-09,0.029999999329447746,0.029999999329447746,0.029999999329447746,0.029999999329447746,0,0.029999999329447746
2017-08-10,0.09000000357627869,0.09000000357627869,0.09000000357627869,0.09000000357627869,17000,0.09000000357627869
2017-08-11,0.09000000357627869,0.09000000357627869,0.09000000357627869,0.09000000357627869,0,0.09000000357627869
2017-08-14,0.09000000357627869,0.09000000357627869,0.09000000357627869,0.09000000357627869,33000,0.09000000357627869
2017-08-15,0.09000000357627869,0.07999999821186066,0.07999999821186066,0.09000000357627869,2000,0.09000000357627869
2017-08-16,0.07999999821186066,0.07999999821186066,0.07999999821186066,0.07999999821186066,2500,0.07999999821186066
2017-08-17,0.07999999821186066,0.07999999821186066,0.07999999821186066,0.07999999821186066,0,0.07999999821186066
2017-08-18,0.07999999821186066,0.07999999821186066,0.07999999821186066,0.07999999821186066,0,0.07999999821186066
2017-08-21,0.07999999821186066,0.07999999821186066,0.07999999821186066,0.07999999821186066,0,0.07999999821186066
2017-08-22,0.07999999821186066,0.07999999821186066,0.07999999821186066,0.07999999821186066,0,0.07999999821186066
2017-08-23,0.07999999821186066,0.07999999821186066,0.07999999821186066,0.07999999821186066,0,0.07999999821186066
2017-08-24,0.07999999821186066,0.07999999821186066,0.07999999821186066,0.07999999821186066,0,0.07999999821186066
2017-08-25,0.07999999821186066,0.07999999821186066,0.07999999821186066,0.07999999821186066,0,0.07999999821186066
2017-08-28,0.07999999821186066,0.07999999821186066,0.07999999821186066,0.07999999821186066,0,0.07999999821186066
2017-08-29,0.07999999821186066,0.07999999821186066,0.07999999821186066,0.07999999821186066,0,0.07999999821186066
2017-08-30,0.07999999821186066,0.07999999821186066,0.07999999821186066,0.07999999821186066,0,0.07999999821186066
2017-08-31,0.07999999821186066,0.07999999821186066,0.07999999821186066,0.07999999821186066,18800,0.07999999821186066
2017-09-01,0.05999999865889549,0.05999999865889549,0.05999999865889549,0.05999999865889549,2000,0.05999999865889549
2017-09-05,0.07000000029802322,0.05999999865889549,0.05999999865889549,0.05999999865889549,18000,0.05999999865889549
2017-09-06,0.05999999865889549,0.05999999865889549,0.05999999865889549,0.05999999865889549,0,0.05999999865889549
2017-09-07,0.07999999821186066,0.07999999821186066,0.07999999821186066,0.07999999821186066,9000,0.07999999821186066
2017-09-08,0.07999999821186066,0.07999999821186066,0.07999999821186066,0.07999999821186066,70000,0.07999999821186066
2017-09-11,0.09000000357627869,0.07999999821186066,0.07999999821186066,0.09000000357627869,33000,0.09000000357627869
2017-09-12,0.09000000357627869,0.09000000357627869,0.09000000357627869,0.09000000357627869,0,0.09000000357627869
2017-09-13,0.09000000357627869,0.09000000357627869,0.09000000357627869,0.09000000357627869,0,0.09000000357627869
2017-09-14,0.10000000149011612,0.07999999821186066,0.07999999821186066,0.09000000357627869,119000,0.09000000357627869
2017-09-15,0.09000000357627869,0.07999999821186066,0.07999999821186066,0.09000000357627869,17500,0.09000000357627869
2017-09-18,0.10000000149011612,0.09000000357627869,0.09000000357627869,0.09000000357627869,204800,0.09000000357627869
2017-09-19,0.10000000149011612,0.07999999821186066,0.09000000357627869,0.10000000149011612,218400,0.10000000149011612
2017-09-20,0.10999999940395355,0.07999999821186066,0.10000000149011612,0.10999999940395355,76500,0.10999999940395355
2017-09-21,0.10000000149011612,0.09000000357627869,0.09000000357627869,0.10000000149011612,90900,0.10000000149011612
2017-09-22,0.10000000149011612,0.10000000149011612,0.10000000149011612,0.10000000149011612,5000,0.10000000149011612
2017-09-25,0.09000000357627869,0.09000000357627869,0.09000000357627869,0.09000000357627869,27500,0.09000000357627869
2017-09-26,0.10000000149011612,0.09000000357627869,0.09000000357627869,0.09000000357627869,73000,0.09000000357627869
2017-09-27,0.09000000357627869,0.07999999821186066,0.09000000357627869,0.09000000357627869,35500,0.09000000357627869
2017-09-28,0.07999999821186066,0.07999999821186066,0.07999999821186066,0.07999999821186066,10000,0.07999999821186066
2017-09-29,0.09000000357627869,0.07000000029802322,0.07999999821186066,0.09000000357627869,66000,0.09000000357627869
2017-10-02,0.09000000357627869,0.09000000357627869,0.09000000357627869,0.09000000357627869,0,0.09000000357627869
2017-10-03,0.07999999821186066,0.07999999821186066,0.07999999821186066,0.07999999821186066,500,0.07999999821186066
2017-10-04,0.09000000357627869,0.05999999865889549,0.07999999821186066,0.09000000357627869,25600,0.09000000357627869
2017-10-05,0.09000000357627869,0.05999999865889549,0.05999999865889549,0.09000000357627869,5500,0.09000000357627869
2017-10-06,0.09000000357627869,0.09000000357627869,0.09000000357627869,0.09000000357627869,0,0.09000000357627869
2017-10-09,0.09000000357627869,0.09000000357627869,0.09000000357627869,0.09000000357627869,0,0.09000000357627869
2017-10-10,0.09000000357627869,0.09000000357627869,0.09000000357627869,0.09000000357627869,0,0.09000000357627869
2017-10-11,0.09000000357627869,0.09000000357627869,0.09000000357627869,0.09000000357627869,0,0.09000000357627869
2017-10-12,0.09000000357627869,0.09000000357627869,0.09000000357627869,0.09000000357627869,0,0.09000000357627869
2017-10-13,0.05999999865889549,0.05999999865889549,0.05999999865889549,0.05999999865889549,1000,0.05999999865889549
2017-10-16,0.07999999821186066,0.07000000029802322,0.07000000029802322,0.07000000029802322,47900,0.07000000029802322
2017-10-17,0.07999999821186066,0.07000000029802322,0.07000000029802322,0.07000000029802322,14000,0.07000000029802322
2017-10-18,0.07000000029802322,0.07000000029802322,0.07000000029802322,0.07000000029802322,0,0.07000000029802322
2017-10-19,0.05999999865889549,0.05999999865889549,0.05999999865889549,0.05999999865889549,21000,0.05999999865889549
2017-10-20,0.05999999865889549,0.05999999865889549,0.05999999865889549,0.05999999865889549,0,0.05999999865889549
2017-10-23,0.05999999865889549,0.05999999865889549,0.05999999865889549,0.05999999865889549,0,0.05999999865889549
2017-10-24,0.07000000029802322,0.07000000029802322,0.07000000029802322,0.07000000029802322,8000,0.07000000029802322
2017-10-25,0.05999999865889549,0.05999999865889549,0.05999999865889549,0.05999999865889549,8000,0.05999999865889549
2017-10-26,0.05999999865889549,0.05999999865889549,0.05999999865889549,0.05999999865889549,0,0.05999999865889549
2017-10-27,0.05999999865889549,0.05999999865889549,0.05999999865889549,0.05999999865889549,0,0.05999999865889549
2017-10-30,0.05999999865889549,0.05999999865889549,0.05999999865889549,0.05999999865889549,0,0.05999999865889549
2017-10-31,0.05000000074505806,0.05000000074505806,0.05000000074505806,0.05000000074505806,5000,0.05000000074505806
2017-11-01,0.05000000074505806,0.05000000074505806,0.05000000074505806,0.05000000074505806,0,0.05000000074505806
2017-11-02,0.05000000074505806,0.05000000074505806,0.05000000074505806,0.05000000074505806,10500,0.05000000074505806
2017-11-03,0.05999999865889549,0.05000000074505806,0.05999999865889549,0.05000000074505806,15400,0.05000000074505806
2017-11-06,0.05000000074505806,0.05000000074505806,0.05000000074505806,0.05000000074505806,0,0.05000000074505806
2017-11-07,0.05000000074505806,0.05000000074505806,0.05000000074505806,0.05000000074505806,0,0.05000000074505806
2017-11-08,0.05000000074505806,0.05000000074505806,0.05000000074505806,0.05000000074505806,0,0.05000000074505806
2017-11-09,0.05000000074505806,0.05000000074505806,0.05000000074505806,0.05000000074505806,10500,0.05000000074505806
2017-11-10,0.05999999865889549,0.05999999865889549,0.05999999865889549,0.05999999865889549,10000,0.05999999865889549
2017-11-13,0.05999999865889549,0.05999999865889549,0.05999999865889549,0.05999999865889549,0,0.05999999865889549
2017-11-14,0.05999999865889549,0.05999999865889549,0.05999999865889549,0.05999999865889549,0,0.05999999865889549
2017-11-15,0.05999999865889549,0.05999999865889549,0.05999999865889549,0.05999999865889549,0,0.05999999865889549
2017-11-16,0.03999999910593033,0.03999999910593033,0.03999999910593033,0.03999999910593033,13000,0.03999999910593033
2017-11-17,0.03999999910593033,0.03999999910593033,0.03999999910593033,0.03999999910593033,0,0.03999999910593033
2017-11-20,0.03999999910593033,0.03999999910593033,0.03999999910593033,0.03999999910593033,0,0.03999999910593033
2017-11-21,0.03999999910593033,0.03999999910593033,0.03999999910593033,0.03999999910593033,0,0.03999999910593033
2017-11-22,0.03999999910593033,0.03999999910593033,0.03999999910593033,0.03999999910593033,0,0.03999999910593033
2017-11-24,0.03999999910593033,0.03999999910593033,0.03999999910593033,0.03999999910593033,0,0.03999999910593033
2017-11-27,0.03999999910593033,0.03999999910593033,0.03999999910593033,0.03999999910593033,0,0.03999999910593033
2017-11-28,0.03999999910593033,0.03999999910593033,0.03999999910593033,0.03999999910593033,0,0.03999999910593033
2017-11-29,0.03999999910593033,0.03999999910593033,0.03999999910593033,0.03999999910593033,0,0.03999999910593033
2017-11-30,0.03999999910593033,0.03999999910593033,0.03999999910593033,0.03999999910593033,0,0.03999999910593033
2017-12-01,0.03999999910593033,0.03999999910593033,0.03999999910593033,0.03999999910593033,0,0.03999999910593033
2017-12-04,0.03999999910593033,0.03999999910593033,0.03999999910593033,0.03999999910593033,0,0.03999999910593033
2017-12-05,0.03999999910593033,0.03999999910593033,0.03999999910593033,0.03999999910593033,0,0.03999999910593033
2017-12-06,0.03999999910593033,0.03999999910593033,0.03999999910593033,0.03999999910593033,0,0.03999999910593033
2017-12-07,0.03999999910593033,0.03999999910593033,0.03999999910593033,0.03999999910593033,0,0.03999999910593033
2017-12-08,0.03999999910593033,0.03999999910593033,0.03999999910593033,0.03999999910593033,0,0.03999999910593033
2017-12-11,0.03999999910593033,0.03999999910593033,0.03999999910593033,0.03999999910593033,6000,0.03999999910593033
2017-12-12,0.03999999910593033,0.03999999910593033,0.03999999910593033,0.03999999910593033,0,0.03999999910593033
2017-12-13,0.03999999910593033,0.03999999910593033,0.03999999910593033,0.03999999910593033,0,0.03999999910593033
2017-12-14,0.03999999910593033,0.03999999910593033,0.03999999910593033,0.03999999910593033,0,0.03999999910593033
2017-12-15,0.03999999910593033,0.03999999910593033,0.03999999910593033,0.03999999910593033,0,0.03999999910593033
2017-12-18,0.03999999910593033,0.03999999910593033,0.03999999910593033,0.03999999910593033,0,0.03999999910593033
2017-12-19,0.03999999910593033,0.03999999910593033,0.03999999910593033,0.03999999910593033,0,0.03999999910593033
2017-12-20,0.03999999910593033,0.03999999910593033,0.03999999910593033,0.03999999910593033,0,0.03999999910593033
2017-12-21,0.03999999910593033,0.03999999910593033,0.03999999910593033,0.03999999910593033,0,0.03999999910593033
2017-12-22,0.03999999910593033,0.03999999910593033,0.03999999910593033,0.03999999910593033,0,0.03999999910593033
2017-12-26,0.03999999910593033,0.03999999910593033,0.03999999910593033,0.03999999910593033,0,0.03999999910593033
2017-12-27,0.05999999865889549,0.05999999865889549,0.05999999865889549,0.05999999865889549,18000,0.05999999865889549
2017-12-28,0.05999999865889549,0.05999999865889549,0.05999999865889549,0.05999999865889549,0,0.05999999865889549
2017-12-29,0.05999999865889549,0.05999999865889549,0.05999999865889549,0.05999999865889549,0,0.05999999865889549
2018-01-02,0.05999999865889549,0.05999999865889549,0.05999999865889549,0.05999999865889549,0,0.05999999865889549
2018-01-03,0.05999999865889549,0.05999999865889549,0.05999999865889549,0.05999999865889549,3000,0.05999999865889549
2018-01-04,0.05999999865889549,0.05999999865889549,0.05999999865889549,0.05999999865889549,0,0.05999999865889549
2018-01-05,0.05999999865889549,0.05999999865889549,0.05999999865889549,0.05999999865889549,0,0.05999999865889549
2018-01-08,0.05999999865889549,0.05999999865889549,0.05999999865889549,0.05999999865889549,0,0.05999999865889549
2018-01-09,0.05999999865889549,0.05999999865889549,0.05999999865889549,0.05999999865889549,2500,0.05999999865889549
2018-01-10,0.05999999865889549,0.05999999865889549,0.05999999865889549,0.05999999865889549,10000,0.05999999865889549
2018-01-11,0.05999999865889549,0.05999999865889549,0.05999999865889549,0.05999999865889549,0,0.05999999865889549
2018-01-12,0.05999999865889549,0.05999999865889549,0.05999999865889549,0.05999999865889549,0,0.05999999865889549
2018-01-16,0.05999999865889549,0.05999999865889549,0.05999999865889549,0.05999999865889549,0,0.05999999865889549
2018-01-17,0.07000000029802322,0.05999999865889549,0.05999999865889549,0.07000000029802322,10500,0.07000000029802322
2018-01-18,0.07000000029802322,0.07000000029802322,0.07000000029802322,0.07000000029802322,5000,0.07000000029802322
2018-01-19,0.07000000029802322,0.07000000029802322,0.07000000029802322,0.07000000029802322,0,0.07000000029802322
2018-01-22,0.07000000029802322,0.07000000029802322,0.07000000029802322,0.07000000029802322,0,0.07000000029802322
2018-01-23,0.07000000029802322,0.07000000029802322,0.07000000029802322,0.07000000029802322,0,0.07000000029802322
2018-01-24,0.07000000029802322,0.07000000029802322,0.07000000029802322,0.07000000029802322,0,0.07000000029802322
2018-01-25,0.07000000029802322,0.07000000029802322,0.07000000029802322,0.07000000029802322,0,0.07000000029802322
2018-01-26,0.07000000029802322,0.07000000029802322,0.07000000029802322,0.07000000029802322,0,0.07000000029802322
2018-01-29,0.07000000029802322,0.07000000029802322,0.07000000029802322,0.07000000029802322,0,0.07000000029802322
2018-01-30,0.07000000029802322,0.07000000029802322,0.07000000029802322,0.07000000029802322,0,0.07000000029802322
2018-01-31,0.07000000029802322,0.07000000029802322,0.07000000029802322,0.07000000029802322,0,0.07000000029802322
2018-02-01,0.07000000029802322,0.07000000029802322,0.07000000029802322,0.07000000029802322,0,0.07000000029802322
2018-02-02,0.07000000029802322,0.07000000029802322,0.07000000029802322,0.07000000029802322,0,0.07000000029802322
2018-02-05,0.07000000029802322,0.07000000029802322,0.07000000029802322,0.07000000029802322,0,0.07000000029802322
2018-02-06,0.07000000029802322,0.07000000029802322,0.07000000029802322,0.07000000029802322,0,0.07000000029802322
2018-02-07,0.07000000029802322,0.07000000029802322,0.07000000029802322,0.07000000029802322,0,0.07000000029802322
2018-02-08,0.07000000029802322,0.07000000029802322,0.07000000029802322,0.07000000029802322,0,0.07000000029802322
2018-02-09,0.07000000029802322,0.07000000029802322,0.07000000029802322,0.07000000029802322,0,0.07000000029802322
2018-02-12,0.03999999910593033,0.03999999910593033,0.03999999910593033,0.03999999910593033,1000,0.03999999910593033
2018-02-13,0.03999999910593033,0.03999999910593033,0.03999999910593033,0.03999999910593033,0,0.03999999910593033
2018-02-14,0.03999999910593033,0.03999999910593033,0.03999999910593033,0.03999999910593033,0,0.03999999910593033
2018-02-15,0.03999999910593033,0.03999999910593033,0.03999999910593033,0.03999999910593033,0,0.03999999910593033
2018-02-16,0.03999999910593033,0.03999999910593033,0.03999999910593033,0.03999999910593033,0,0.03999999910593033
2018-02-20,0.03999999910593033,0.03999999910593033,0.03999999910593033,0.03999999910593033,0,0.03999999910593033
2018-02-21,0.05999999865889549,0.05999999865889549,0.05999999865889549,0.05999999865889549,1000,0.05999999865889549
2018-02-22,0.05999999865889549,0.05999999865889549,0.05999999865889549,0.05999999865889549,0,0.05999999865889549
2018-02-23,0.05999999865889549,0.05999999865889549,0.05999999865889549,0.05999999865889549,0,0.05999999865889549
2018-02-26,0.05999999865889549,0.05999999865889549,0.05999999865889549,0.05999999865889549,0,0.05999999865889549
2018-02-27,0.05999999865889549,0.05999999865889549,0.05999999865889549,0.05999999865889549,0,0.05999999865889549
2018-02-28,0.05999999865889549,0.05999999865889549,0.05999999865889549,0.05999999865889549,0,0.05999999865889549
2018-03-01,0.05999999865889549,0.05999999865889549,0.05999999865889549,0.05999999865889549,0,0.05999999865889549
2018-03-02,0.05999999865889549,0.05999999865889549,0.05999999865889549,0.05999999865889549,0,0.05999999865889549
2018-03-05,0.05999999865889549,0.05999999865889549,0.05999999865889549,0.05999999865889549,0,0.05999999865889549
2018-03-06,0.05999999865889549,0.05999999865889549,0.05999999865889549,0.05999999865889549,0,0.05999999865889549
2018-03-07,0.05999999865889549,0.05999999865889549,0.05999999865889549,0.05999999865889549,0,0.05999999865889549
2018-03-08,0.05999999865889549,0.05999999865889549,0.05999999865889549,0.05999999865889549,0,0.05999999865889549
2018-03-09,0.05999999865889549,0.05999999865889549,0.05999999865889549,0.05999999865889549,0,0.05999999865889549
2018-03-12,0.05999999865889549,0.05999999865889549,0.05999999865889549,0.05999999865889549,0,0.05999999865889549
2018-03-13,0.05999999865889549,0.05999999865889549,0.05999999865889549,0.05999999865889549,0,0.05999999865889549
2018-03-14,0.05999999865889549,0.05999999865889549,0.05999999865889549,0.05999999865889549,0,0.05999999865889549
2018-03-15,0.05999999865889549,0.05999999865889549,0.05999999865889549,0.05999999865889549,0,0.05999999865889549
2018-03-16,0.05999999865889549,0.05999999865889549,0.05999999865889549,0.05999999865889549,0,0.05999999865889549
2018-03-19,0.05999999865889549,0.05999999865889549,0.05999999865889549,0.05999999865889549,0,0.05999999865889549
2018-03-20,0.05999999865889549,0.05999999865889549,0.05999999865889549,0.05999999865889549,0,0.05999999865889549
2018-03-21,0.05999999865889549,0.05999999865889549,0.05999999865889549,0.05999999865889549,0,0.05999999865889549
2018-03-22,0.05999999865889549,0.05999999865889549,0.05999999865889549,0.05999999865889549,0,0.05999999865889549
2018-03-23,0.05999999865889549,0.05999999865889549,0.05999999865889549,0.05999999865889549,55000,0.05999999865889549
2018-03-26,0.05999999865889549,0.05999999865889549,0.05999999865889549,0.05999999865889549,0,0.05999999865889549
2018-03-27,0.05999999865889549,0.05999999865889549,0.05999999865889549,0.05999999865889549,0,0.05999999865889549
2018-03-28,0.05999999865889549,0.05999999865889549,0.05999999865889549,0.05999999865889549,0,0.05999999865889549
2018-03-29,0.05999999865889549,0.05999999865889549,0.05999999865889549,0.05999999865889549,0,0.05999999865889549
2018-04-02,0.05999999865889549,0.05999999865889549,0.05999999865889549,0.05999999865889549,0,0.05999999865889549
2018-04-03,0.03999999910593033,0.03999999910593033,0.03999999910593033,0.03999999910593033,9000,0.03999999910593033
2018-04-04,0.03999999910593033,0.03999999910593033,0.03999999910593033,0.03999999910593033,0,0.03999999910593033
2018-04-05,0.03999999910593033,0.03999999910593033,0.03999999910593033,0.03999999910593033,0,0.03999999910593033
2018-04-06,0.07000000029802322,0.07000000029802322,0.07000000029802322,0.07000000029802322,1000,0.07000000029802322
2018-04-09,0.05999999865889549,0.05000000074505806,0.05999999865889549,0.05000000074505806,8800,0.05000000074505806
2018-04-10,0.05000000074505806,0.05000000074505806,0.05000000074505806,0.05000000074505806,0,0.05000000074505806
2018-04-11,0.05000000074505806,0.05000000074505806,0.05000000074505806,0.05000000074505806,0,0.05000000074505806
2018-04-12,0.05000000074505806,0.05000000074505806,0.05000000074505806,0.05000000074505806,0,0.05000000074505806
2018-04-13,0.05000000074505806,0.05000000074505806,0.05000000074505806,0.05000000074505806,0,0.05000000074505806
2018-04-16,0.05000000074505806,0.05000000074505806,0.05000000074505806,0.05000000074505806,0,0.05000000074505806
2018-04-17,0.05000000074505806,0.05000000074505806,0.05000000074505806,0.05000000074505806,0,0.05000000074505806
2018-04-18,0.05000000074505806,0.05000000074505806,0.05000000074505806,0.05000000074505806,0,0.05000000074505806
2018-04-19,0.05000000074505806,0.05000000074505806,0.05000000074505806,0.05000000074505806,0,0.05000000074505806
2018-04-20,0.05000000074505806,0.05000000074505806,0.05000000074505806,0.05000000074505806,0,0.05000000074505806
2018-04-23,0.05000000074505806,0.05000000074505806,0.05000000074505806,0.05000000074505806,0,0.05000000074505806
2018-04-24,0.05000000074505806,0.05000000074505806,0.05000000074505806,0.05000000074505806,0,0.05000000074505806
2018-04-25,0.05000000074505806,0.05000000074505806,0.05000000074505806,0.05000000074505806,0,0.05000000074505806
2018-04-26,0.05000000074505806,0.05000000074505806,0.05000000074505806,0.05000000074505806,0,0.05000000074505806
2018-04-27,0.05000000074505806,0.05000000074505806,0.05000000074505806,0.05000000074505806,0,0.05000000074505806
2018-04-30,0.05000000074505806,0.05000000074505806,0.05000000074505806,0.05000000074505806,0,0.05000000074505806
2018-05-01,0.05000000074505806,0.05000000074505806,0.05000000074505806,0.05000000074505806,0,0.05000000074505806
2018-05-02,0.05000000074505806,0.05000000074505806,0.05000000074505806,0.05000000074505806,0,0.05000000074505806
2018-05-03,0.05000000074505806,0.05000000074505806,0.05000000074505806,0.05000000074505806,0,0.05000000074505806
2018-05-04,0.05000000074505806,0.05000000074505806,0.05000000074505806,0.05000000074505806,0,0.05000000074505806
2018-05-07,0.05000000074505806,0.05000000074505806,0.05000000074505806,0.05000000074505806,0,0.05000000074505806
2018-05-08,0.05000000074505806,0.05000000074505806,0.05000000074505806,0.05000000074505806,0,0.05000000074505806
2018-05-09,0.05000000074505806,0.05000000074505806,0.05000000074505806,0.05000000074505806,0,0.05000000074505806
2018-05-10,0.05000000074505806,0.05000000074505806,0.05000000074505806,0.05000000074505806,0,0.05000000074505806
2018-05-11,0.05000000074505806,0.05000000074505806,0.05000000074505806,0.05000000074505806,0,0.05000000074505806
2018-05-14,0.05000000074505806,0.05000000074505806,0.05000000074505806,0.05000000074505806,0,0.05000000074505806
2018-05-15,0.05000000074505806,0.05000000074505806,0.05000000074505806,0.05000000074505806,0,0.05000000074505806
2018-05-16,0.05000000074505806,0.05000000074505806,0.05000000074505806,0.05000000074505806,0,0.05000000074505806
2018-05-17,0.05000000074505806,0.05000000074505806,0.05000000074505806,0.05000000074505806,0,0.05000000074505806
2018-05-18,0.05000000074505806,0.05000000074505806,0.05000000074505806,0.05000000074505806,0,0.05000000074505806
2018-05-21,0.05000000074505806,0.05000000074505806,0.05000000074505806,0.05000000074505806,0,0.05000000074505806
2018-05-22,0.05000000074505806,0.05000000074505806,0.05000000074505806,0.05000000074505806,0,0.05000000074505806
2018-05-23,0.05000000074505806,0.05000000074505806,0.05000000074505806,0.05000000074505806,0,0.05000000074505806
2018-05-24,0.05000000074505806,0.05000000074505806,0.05000000074505806,0.05000000074505806,0,0.05000000074505806
2018-05-25,0.05000000074505806,0.05000000074505806,0.05000000074505806,0.05000000074505806,0,0.05000000074505806
2018-05-29,0.05000000074505806,0.05000000074505806,0.05000000074505806,0.05000000074505806,0,0.05000000074505806
2018-05-30,0.05000000074505806,0.05000000074505806,0.05000000074505806,0.05000000074505806,0,0.05000000074505806
2018-05-31,0.05000000074505806,0.05000000074505806,0.05000000074505806,0.05000000074505806,0,0.05000000074505806
2018-06-01,0.05000000074505806,0.05000000074505806,0.05000000074505806,0.05000000074505806,0,0.05000000074505806
2018-06-04,0.05000000074505806,0.05000000074505806,0.05000000074505806,0.05000000074505806,0,0.05000000074505806
2018-06-05,0.05000000074505806,0.05000000074505806,0.05000000074505806,0.05000000074505806,1000,0.05000000074505806
2018-06-06,0.05000000074505806,0.05000000074505806,0.05000000074505806,0.05000000074505806,0,0.05000000074505806
2018-06-07,0.05000000074505806,0.05000000074505806,0.05000000074505806,0.05000000074505806,0,0.05000000074505806
2018-06-08,0.05000000074505806,0.05000000074505806,0.05000000074505806,0.05000000074505806,0,0.05000000074505806
2018-06-11,0.05000000074505806,0.05000000074505806,0.05000000074505806,0.05000000074505806,0,0.05000000074505806
2018-06-12,0.05000000074505806,0.05000000074505806,0.05000000074505806,0.05000000074505806,0,0.05000000074505806
2018-06-13,0.05000000074505806,0.05000000074505806,0.05000000074505806,0.05000000074505806,500,0.05000000074505806
2018-06-14,0.05000000074505806,0.05000000074505806,0.05000000074505806,0.05000000074505806,0,0.05000000074505806
2018-06-15,0.05000000074505806,0.05000000074505806,0.05000000074505806,0.05000000074505806,0,0.05000000074505806
2018-06-18,0.05000000074505806,0.05000000074505806,0.05000000074505806,0.05000000074505806,0,0.05000000074505806
2018-06-19,0.05000000074505806,0.05000000074505806,0.05000000074505806,0.05000000074505806,0,0.05000000074505806
2018-06-20,0.05000000074505806,0.05000000074505806,0.05000000074505806,0.05000000074505806,0,0.05000000074505806
2018-06-21,0.03999999910593033,0.03999999910593033,0.03999999910593033,0.03999999910593033,1000,0.03999999910593033
2018-06-22,0.03999999910593033,0.03999999910593033,0.03999999910593033,0.03999999910593033,0,0.03999999910593033
2018-06-25,0.03999999910593033,0.03999999910593033,0.03999999910593033,0.03999999910593033,0,0.03999999910593033
2018-06-26,0.03999999910593033,0.03999999910593033,0.03999999910593033,0.03999999910593033,0,0.03999999910593033
2018-06-27,0.03999999910593033,0.03999999910593033,0.03999999910593033,0.03999999910593033,0,0.03999999910593033
2018-06-28,0.03999999910593033,0.03999999910593033,0.03999999910593033,0.03999999910593033,0,0.03999999910593033
2018-06-29,0.03999999910593033,0.03999999910593033,0.03999999910593033,0.03999999910593033,0,0.03999999910593033
2018-07-02,0.03999999910593033,0.03999999910593033,0.03999999910593033,0.03999999910593033,0,0.03999999910593033
2018-07-03,0.03999999910593033,0.03999999910593033,0.03999999910593033,0.03999999910593033,0,0.03999999910593033
2018-07-05,0.03999999910593033,0.03999999910593033,0.03999999910593033,0.03999999910593033,0,0.03999999910593033
2018-07-06,0.03999999910593033,0.03999999910593033,0.03999999910593033,0.03999999910593033,0,0.03999999910593033
2018-07-09,0.07999999821186066,0.05999999865889549,0.05999999865889549,0.07999999821186066,154000,0.07999999821186066
2018-07-10,0.07000000029802322,0.07000000029802322,0.07000000029802322,0.07000000029802322,31500,0.07000000029802322
2018-07-11,0.07000000029802322,0.07000000029802322,0.07000000029802322,0.07000000029802322,300,0.07000000029802322
2018-07-12,0.07000000029802322,0.07000000029802322,0.07000000029802322,0.07000000029802322,0,0.07000000029802322
2018-07-13,0.07000000029802322,0.07000000029802322,0.07000000029802322,0.07000000029802322,0,0.07000000029802322
2018-07-16,0.07000000029802322,0.07000000029802322,0.07000000029802322,0.07000000029802322,400,0.07000000029802322
2018-07-17,0.07000000029802322,0.07000000029802322,0.07000000029802322,0.07000000029802322,0,0.07000000029802322
2018-07-18,0.07000000029802322,0.07000000029802322,0.07000000029802322,0.07000000029802322,0,0.07000000029802322
2018-07-19,0.05999999865889549,0.05999999865889549,0.05999999865889549,0.05999999865889549,1200,0.05999999865889549
2018-07-20,0.05999999865889549,0.05999999865889549,0.05999999865889549,0.05999999865889549,0,0.05999999865889549
2018-07-23,0.05999999865889549,0.05999999865889549,0.05999999865889549,0.05999999865889549,0,0.05999999865889549
2018-07-24,0.05999999865889549,0.05999999865889549,0.05999999865889549,0.05999999865889549,0,0.05999999865889549
2018-07-25,0.07000000029802322,0.07000000029802322,0.07000000029802322,0.07000000029802322,6000,0.07000000029802322
2018-07-26,0.07000000029802322,0.07000000029802322,0.07000000029802322,0.07000000029802322,0,0.07000000029802322
2018-07-27,0.07000000029802322,0.07000000029802322,0.07000000029802322,0.07000000029802322,2000,0.07000000029802322
2018-07-30,0.07000000029802322,0.05000000074505806,0.05999999865889549,0.05000000074505806,6000,0.05000000074505806
2018-07-31,0.05000000074505806,0.05000000074505806,0.05000000074505806,0.05000000074505806,0,0.05000000074505806
2018-08-01,0.05000000074505806,0.05000000074505806,0.05000000074505806,0.05000000074505806,0,0.05000000074505806
2018-08-02,0.05000000074505806,0.05000000074505806,0.05000000074505806,0.05000000074505806,0,0.05000000074505806
2018-08-03,0.05000000074505806,0.05000000074505806,0.05000000074505806,0.05000000074505806,0,0.05000000074505806
2018-08-06,0.05000000074505806,0.05000000074505806,0.05000000074505806,0.05000000074505806,0,0.05000000074505806
2018-08-07,0.05000000074505806,0.05000000074505806,0.05000000074505806,0.05000000074505806,0,0.05000000074505806
2018-08-08,0.05000000074505806,0.05000000074505806,0.05000000074505806,0.05000000074505806,0,0.05000000074505806
2018-08-09,0.05999999865889549,0.05999999865889549,0.05999999865889549,0.05999999865889549,1000,0.05999999865889549
2018-08-10,0.05999999865889549,0.05999999865889549,0.05999999865889549,0.05999999865889549,0,0.05999999865889549
2018-08-13,0.05999999865889549,0.05999999865889549,0.05999999865889549,0.05999999865889549,0,0.05999999865889549
2018-08-14,0.05999999865889549,0.03999999910593033,0.03999999910593033,0.05999999865889549,3000,0.05999999865889549
2018-08-15,0.05999999865889549,0.05999999865889549,0.05999999865889549,0.05999999865889549,0,0.05999999865889549
2018-08-16,0.05999999865889549,0.05999999865889549,0.05999999865889549,0.05999999865889549,0,0.05999999865889549
2018-08-17,0.05999999865889549,0.05999999865889549,0.05999999865889549,0.05999999865889549,0,0.05999999865889549
2018-08-20,0.05999999865889549,0.05999999865889549,0.05999999865889549,0.05999999865889549,2000,0.05999999865889549
2018-08-21,0.05999999865889549,0.05999999865889549,0.05999999865889549,0.05999999865889549,0,0.05999999865889549
2018-08-22,0.05999999865889549,0.05999999865889549,0.05999999865889549,0.05999999865889549,0,0.05999999865889549
2018-08-23,0.05999999865889549,0.05999999865889549,0.05999999865889549,0.05999999865889549,0,0.05999999865889549
2018-08-24,0.05999999865889549,0.05999999865889549,0.05999999865889549,0.05999999865889549,0,0.05999999865889549
2018-08-27,0.05999999865889549,0.05999999865889549,0.05999999865889549,0.05999999865889549,0,0.05999999865889549
2018-08-28,0.05999999865889549,0.05999999865889549,0.05999999865889549,0.05999999865889549,0,0.05999999865889549
2018-08-29,0.05999999865889549,0.05999999865889549,0.05999999865889549,0.05999999865889549,0,0.05999999865889549
2018-08-30,0.05999999865889549,0.05999999865889549,0.05999999865889549,0.05999999865889549,0,0.05999999865889549
2018-08-31,0.05999999865889549,0.05999999865889549,0.05999999865889549,0.05999999865889549,0,0.05999999865889549
2018-09-04,0.05999999865889549,0.05999999865889549,0.05999999865889549,0.05999999865889549,0,0.05999999865889549
2018-09-05,0.05999999865889549,0.05999999865889549,0.05999999865889549,0.05999999865889549,0,0.05999999865889549
2018-09-06,0.05999999865889549,0.05999999865889549,0.05999999865889549,0.05999999865889549,0,0.05999999865889549
2018-09-07,0.05999999865889549,0.05999999865889549,0.05999999865889549,0.05999999865889549,0,0.05999999865889549
2018-09-10,0.05999999865889549,0.05999999865889549,0.05999999865889549,0.05999999865889549,0,0.05999999865889549
2018-09-11,0.05999999865889549,0.05999999865889549,0.05999999865889549,0.05999999865889549,0,0.05999999865889549
2018-09-12,0.05999999865889549,0.05999999865889549,0.05999999865889549,0.05999999865889549,0,0.05999999865889549
2018-09-13,0.05999999865889549,0.05999999865889549,0.05999999865889549,0.05999999865889549,0,0.05999999865889549
2018-09-14,0.05999999865889549,0.05999999865889549,0.05999999865889549,0.05999999865889549,0,0.05999999865889549
2018-09-17,0.05999999865889549,0.05999999865889549,0.05999999865889549,0.05999999865889549,0,0.05999999865889549
2018-09-18,0.03999999910593033,0.03999999910593033,0.03999999910593033,0.03999999910593033,19800,0.03999999910593033
2018-09-19,0.03999999910593033,0.03999999910593033,0.03999999910593033,0.03999999910593033,5000,0.03999999910593033
2018-09-20,0.03999999910593033,0.03999999910593033,0.03999999910593033,0.03999999910593033,20000,0.03999999910593033
2018-09-21,0.03999999910593033,0.03999999910593033,0.03999999910593033,0.03999999910593033,0,0.03999999910593033
2018-09-24,0.03999999910593033,0.03999999910593033,0.03999999910593033,0.03999999910593033,0,0.03999999910593033
2018-09-25,0.03999999910593033,0.03999999910593033,0.03999999910593033,0.03999999910593033,0,0.03999999910593033
2018-09-26,0.03999999910593033,0.03999999910593033,0.03999999910593033,0.03999999910593033,26200,0.03999999910593033
2018-09-27,0.03999999910593033,0.03999999910593033,0.03999999910593033,0.03999999910593033,5500,0.03999999910593033
2018-09-28,0.03999999910593033,0.03999999910593033,0.03999999910593033,0.03999999910593033,0,0.03999999910593033
2018-10-01,0.03999999910593033,0.03999999910593033,0.03999999910593033,0.03999999910593033,0,0.03999999910593033
2018-10-02,0.03999999910593033,0.03999999910593033,0.03999999910593033,0.03999999910593033,0,0.03999999910593033
2018-10-03,0.03999999910593033,0.03999999910593033,0.03999999910593033,0.03999999910593033,0,0.03999999910593033
2018-10-04,0.03999999910593033,0.03999999910593033,0.03999999910593033,0.03999999910593033,79000,0.03999999910593033
2018-10-05,0.03999999910593033,0.03999999910593033,0.03999999910593033,0.03999999910593033,0,0.03999999910593033
2018-10-08,0.03999999910593033,0.03999999910593033,0.03999999910593033,0.03999999910593033,0,0.03999999910593033
2018-10-09,0.03999999910593033,0.03999999910593033,0.03999999910593033,0.03999999910593033,0,0.03999999910593033
2018-10-10,0.03999999910593033,0.03999999910593033,0.03999999910593033,0.03999999910593033,0,0.03999999910593033
2018-10-11,0.03999999910593033,0.03999999910593033,0.03999999910593033,0.03999999910593033,0,0.03999999910593033
2018-10-12,0.03999999910593033,0.03999999910593033,0.03999999910593033,0.03999999910593033,0,0.03999999910593033
2018-10-15,0.03999999910593033,0.03999999910593033,0.03999999910593033,0.03999999910593033,1500,0.03999999910593033
2018-10-16,0.03999999910593033,0.03999999910593033,0.03999999910593033,0.03999999910593033,0,0.03999999910593033
2018-10-17,0.03999999910593033,0.03999999910593033,0.03999999910593033,0.03999999910593033,0,0.03999999910593033
2018-10-18,0.03999999910593033,0.03999999910593033,0.03999999910593033,0.03999999910593033,0,0.03999999910593033
2018-10-19,0.03999999910593033,0.03999999910593033,0.03999999910593033,0.03999999910593033,0,0.03999999910593033
2018-10-22,0.03999999910593033,0.03999999910593033,0.03999999910593033,0.03999999910593033,0,0.03999999910593033
2018-10-23,0.03999999910593033,0.03999999910593033,0.03999999910593033,0.03999999910593033,0,0.03999999910593033
2018-10-24,0.03999999910593033,0.03999999910593033,0.03999999910593033,0.03999999910593033,0,0.03999999910593033
2018-10-25,0.03999999910593033,0.03999999910593033,0.03999999910593033,0.03999999910593033,0,0.03999999910593033
2018-10-26,0.03999999910593033,0.03999999910593033,0.03999999910593033,0.03999999910593033,0,0.03999999910593033
2018-10-29,0.03999999910593033,0.03999999910593033,0.03999999910593033,0.03999999910593033,0,0.03999999910593033
2018-10-30,0.029999999329447746,0.019999999552965164,0.019999999552965164,0.029999999329447746,6000,0.029999999329447746
2018-10-31,0.029999999329447746,0.029999999329447746,0.029999999329447746,0.029999999329447746,0,0.029999999329447746
2018-11-01,0.029999999329447746,0.029999999329447746,0.029999999329447746,0.029999999329447746,0,0.029999999329447746
2018-11-02,0.029999999329447746,0.029999999329447746,0.029999999329447746,0.029999999329447746,0,0.029999999329447746
2018-11-05,0.029999999329447746,0.029999999329447746,0.029999999329447746,0.029999999329447746,0,0.029999999329447746
2018-11-06,0.029999999329447746,0.029999999329447746,0.029999999329447746,0.029999999329447746,0,0.029999999329447746
2018-11-07,0.029999999329447746,0.029999999329447746,0.029999999329447746,0.029999999329447746,0,0.029999999329447746
2018-11-08,0.029999999329447746,0.029999999329447746,0.029999999329447746,0.029999999329447746,0,0.029999999329447746
2018-11-09,0.029999999329447746,0.029999999329447746,0.029999999329447746,0.029999999329447746,0,0.029999999329447746
2018-11-12,0.029999999329447746,0.029999999329447746,0.029999999329447746,0.029999999329447746,0,0.029999999329447746
2018-11-13,0.029999999329447746,0.029999999329447746,0.029999999329447746,0.029999999329447746,0,0.029999999329447746
2018-11-14,0.029999999329447746,0.029999999329447746,0.029999999329447746,0.029999999329447746,0,0.029999999329447746
2018-11-15,0.029999999329447746,0.029999999329447746,0.029999999329447746,0.029999999329447746,0,0.029999999329447746
2018-11-16,0.029999999329447746,0.029999999329447746,0.029999999329447746,0.029999999329447746,0,0.029999999329447746
2018-11-19,0.029999999329447746,0.029999999329447746,0.029999999329447746,0.029999999329447746,0,0.029999999329447746
2018-11-20,0.029999999329447746,0.029999999329447746,0.029999999329447746,0.029999999329447746,0,0.029999999329447746
2018-11-21,0.029999999329447746,0.029999999329447746,0.029999999329447746,0.029999999329447746,0,0.029999999329447746
2018-11-23,0.029999999329447746,0.029999999329447746,0.029999999329447746,0.029999999329447746,0,0.029999999329447746
2018-11-26,0.029999999329447746,0.029999999329447746,0.029999999329447746,0.029999999329447746,0,0.029999999329447746
2018-11-27,0.029999999329447746,0.029999999329447746,0.029999999329447746,0.029999999329447746,0,0.029999999329447746
2018-11-28,0.029999999329447746,0.029999999329447746,0.029999999329447746,0.029999999329447746,0,0.029999999329447746
2018-11-29,0.029999999329447746,0.029999999329447746,0.029999999329447746,0.029999999329447746,0,0.029999999329447746
2018-11-30,0.029999999329447746,0.029999999329447746,0.029999999329447746,0.029999999329447746,0,0.029999999329447746
2018-12-03,0.029999999329447746,0.029999999329447746,0.029999999329447746,0.029999999329447746,0,0.029999999329447746
2018-12-04,0.029999999329447746,0.029999999329447746,0.029999999329447746,0.029999999329447746,0,0.029999999329447746
2018-12-06,0.029999999329447746,0.029999999329447746,0.029999999329447746,0.029999999329447746,0,0.029999999329447746
2018-12-07,0.029999999329447746,0.029999999329447746,0.029999999329447746,0.029999999329447746,0,0.029999999329447746
2018-12-10,0.029999999329447746,0.009999999776482582,0.019999999552965164,0.029999999329447746,855500,0.029999999329447746
2018-12-11,0.029999999329447746,0.029999999329447746,0.029999999329447746,0.029999999329447746,0,0.029999999329447746
2018-12-12,0.029999999329447746,0.029999999329447746,0.029999999329447746,0.029999999329447746,0,0.029999999329447746
2018-12-13,0.029999999329447746,0.029999999329447746,0.029999999329447746,0.029999999329447746,0,0.029999999329447746
2018-12-14,0.029999999329447746,0.029999999329447746,0.029999999329447746,0.029999999329447746,0,0.029999999329447746
2018-12-17,0.029999999329447746,0.029999999329447746,0.029999999329447746,0.029999999329447746,0,0.029999999329447746
2018-12-18,0.029999999329447746,0.029999999329447746,0.029999999329447746,0.029999999329447746,0,0.029999999329447746
2018-12-19,0.029999999329447746,0.029999999329447746,0.029999999329447746,0.029999999329447746,0,0.029999999329447746
2018-12-20,0.029999999329447746,0.029999999329447746,0.029999999329447746,0.029999999329447746,0,0.029999999329447746
2018-12-21,0.029999999329447746,0.029999999329447746,0.029999999329447746,0.029999999329447746,0,0.029999999329447746
2018-12-24,0.029999999329447746,0.029999999329447746,0.029999999329447746,0.029999999329447746,0,0.029999999329447746
2018-12-26,0.029999999329447746,0.029999999329447746,0.029999999329447746,0.029999999329447746,0,0.029999999329447746
2018-12-27,0.029999999329447746,0.029999999329447746,0.029999999329447746,0.029999999329447746,0,0.029999999329447746
2018-12-28,0.029999999329447746,0.029999999329447746,0.029999999329447746,0.029999999329447746,0,0.029999999329447746
2018-12-31,0.019999999552965164,0.019999999552965164,0.019999999552965164,0.019999999552965164,2300,0.019999999552965164
2019-01-02,0.019999999552965164,0.019999999552965164,0.019999999552965164,0.019999999552965164,0,0.019999999552965164
2019-01-03,0.019999999552965164,0.019999999552965164,0.019999999552965164,0.019999999552965164,0,0.019999999552965164
2019-01-04,0.019999999552965164,0.019999999552965164,0.019999999552965164,0.019999999552965164,0,0.019999999552965164
2019-01-07,0.019999999552965164,0.019999999552965164,0.019999999552965164,0.019999999552965164,0,0.019999999552965164
2019-01-08,0.019999999552965164,0.019999999552965164,0.019999999552965164,0.019999999552965164,0,0.019999999552965164
2019-01-09,0.019999999552965164,0.019999999552965164,0.019999999552965164,0.019999999552965164,0,0.019999999552965164
2019-01-10,0.019999999552965164,0.019999999552965164,0.019999999552965164,0.019999999552965164,0,0.019999999552965164
2019-01-11,0.019999999552965164,0.019999999552965164,0.019999999552965164,0.019999999552965164,7500,0.019999999552965164
2019-01-14,0.019999999552965164,0.019999999552965164,0.019999999552965164,0.019999999552965164,0,0.019999999552965164
2019-01-15,0.029999999329447746,0.029999999329447746,0.029999999329447746,0.029999999329447746,5000,0.029999999329447746
2019-01-16,0.029999999329447746,0.029999999329447746,0.029999999329447746,0.029999999329447746,0,0.029999999329447746
2019-01-17,0.029999999329447746,0.029999999329447746,0.029999999329447746,0.029999999329447746,0,0.029999999329447746
2019-01-18,0.029999999329447746,0.029999999329447746,0.029999999329447746,0.029999999329447746,0,0.029999999329447746
2019-01-22,0.029999999329447746,0.029999999329447746,0.029999999329447746,0.029999999329447746,0,0.029999999329447746
2019-01-23,0.029999999329447746,0.029999999329447746,0.029999999329447746,0.029999999329447746,0,0.029999999329447746
2019-01-24,0.029999999329447746,0.029999999329447746,0.029999999329447746,0.029999999329447746,0,0.029999999329447746
2019-01-25,0.029999999329447746,0.029999999329447746,0.029999999329447746,0.029999999329447746,0,0.029999999329447746
2019-01-28,0.029999999329447746,0.029999999329447746,0.029999999329447746,0.029999999329447746,0,0.029999999329447746
2019-01-29,0.029999999329447746,0.029999999329447746,0.029999999329447746,0.029999999329447746,0,0.029999999329447746
2019-01-30,0.029999999329447746,0.029999999329447746,0.029999999329447746,0.029999999329447746,0,0.029999999329447746
2019-01-31,0.029999999329447746,0.029999999329447746,0.029999999329447746,0.029999999329447746,1000,0.029999999329447746
2019-02-01,0.029999999329447746,0.029999999329447746,0.029999999329447746,0.029999999329447746,0,0.029999999329447746
2019-02-04,0.029999999329447746,0.029999999329447746,0.029999999329447746,0.029999999329447746,0,0.029999999329447746
2019-02-05,0.029999999329447746,0.029999999329447746,0.029999999329447746,0.029999999329447746,0,0.029999999329447746
2019-02-06,0.029999999329447746,0.019999999552965164,0.029999999329447746,0.019999999552965164,7000,0.019999999552965164
2019-02-07,0.029999999329447746,0.029999999329447746,0.029999999329447746,0.029999999329447746,2000,0.029999999329447746
2019-02-08,0.029999999329447746,0.029999999329447746,0.029999999329447746,0.029999999329447746,0,0.029999999329447746
2019-02-11,0.029999999329447746,0.029999999329447746,0.029999999329447746,0.029999999329447746,0,0.029999999329447746
2019-02-12,0.029999999329447746,0.029999999329447746,0.029999999329447746,0.029999999329447746,0,0.029999999329447746
2019-02-13,0.029999999329447746,0.029999999329447746,0.029999999329447746,0.029999999329447746,0,0.029999999329447746
2019-02-14,0.029999999329447746,0.029999999329447746,0.029999999329447746,0.029999999329447746,0,0.029999999329447746
2019-02-15,0.029999999329447746,0.029999999329447746,0.029999999329447746,0.029999999329447746,0,0.029999999329447746
2019-02-19,0.029999999329447746,0.029999999329447746,0.029999999329447746,0.029999999329447746,0,0.029999999329447746
2019-02-20,0.029999999329447746,0.029999999329447746,0.029999999329447746,0.029999999329447746,40000,0.029999999329447746
2019-02-21,0.029999999329447746,0.029999999329447746,0.029999999329447746,0.029999999329447746,0,0.029999999329447746
2019-02-22,0.029999999329447746,0.029999999329447746,0.029999999329447746,0.029999999329447746,0,0.029999999329447746
2019-02-25,0.029999999329447746,0.029999999329447746,0.029999999329447746,0.029999999329447746,0,0.029999999329447746
2019-02-26,0.029999999329447746,0.029999999329447746,0.029999999329447746,0.029999999329447746,0,0.029999999329447746
2019-02-27,0.029999999329447746,0.029999999329447746,0.029999999329447746,0.029999999329447746,0,0.029999999329447746
2019-02-28,0.029999999329447746,0.029999999329447746,0.029999999329447746,0.029999999329447746,0,0.029999999329447746
2019-03-01,0.029999999329447746,0.019999999552965164,0.019999999552965164,0.029999999329447746,10000,0.029999999329447746
2019-03-04,0.029999999329447746,0.029999999329447746,0.029999999329447746,0.029999999329447746,0,0.029999999329447746
2019-03-05,0.029999999329447746,0.029999999329447746,0.029999999329447746,0.029999999329447746,0,0.029999999329447746
2019-03-06,0.029999999329447746,0.029999999329447746,0.029999999329447746,0.029999999329447746,0,0.029999999329447746
2019-03-07,0.029999999329447746,0.029999999329447746,0.029999999329447746,0.029999999329447746,0,0.029999999329447746
2019-03-08,0.029999999329447746,0.029999999329447746,0.029999999329447746,0.029999999329447746,0,0.029999999329447746
2019-03-11,0.029999999329447746,0.029999999329447746,0.029999999329447746,0.029999999329447746,0,0.029999999329447746
2019-03-12,0.029999999329447746,0.029999999329447746,0.029999999329447746,0.029999999329447746,0,0.029999999329447746
2019-03-13,0.029999999329447746,0.029999999329447746,0.029999999329447746,0.029999999329447746,0,0.029999999329447746
2019-03-14,0.029999999329447746,0.029999999329447746,0.029999999329447746,0.029999999329447746,0,0.029999999329447746
2019-03-15,0.029999999329447746,0.029999999329447746,0.029999999329447746,0.029999999329447746,0,0.029999999329447746
2019-03-18,0.029999999329447746,0.029999999329447746,0.029999999329447746,0.029999999329447746,0,0.029999999329447746
2019-03-19,0.029999999329447746,0.019999999552965164,0.029999999329447746,0.019999999552965164,7000,0.019999999552965164
2019-03-20,0.019999999552965164,0.019999999552965164,0.019999999552965164,0.019999999552965164,0,0.019999999552965164
2019-03-21,0.019999999552965164,0.019999999552965164,0.019999999552965164,0.019999999552965164,0,0.019999999552965164
2019-03-22,0.019999999552965164,0.019999999552965164,0.019999999552965164,0.019999999552965164,0,0.019999999552965164
2019-03-25,0.019999999552965164,0.019999999552965164,0.019999999552965164,0.019999999552965164,0,0.019999999552965164
2019-03-26,0.029999999329447746,0.019999999552965164,0.029999999329447746,0.019999999552965164,31000,0.019999999552965164
2019-03-27,0.019999999552965164,0.019999999552965164,0.019999999552965164,0.019999999552965164,0,0.019999999552965164
2019-03-28,0.019999999552965164,0.019999999552965164,0.019999999552965164,0.019999999552965164,0,0.019999999552965164
2019-03-29,0.019999999552965164,0.019999999552965164,0.019999999552965164,0.019999999552965164,0,0.019999999552965164
2019-04-01,0.019999999552965164,0.019999999552965164,0.019999999552965164,0.019999999552965164,0,0.019999999552965164
2019-04-02,0.019999999552965164,0.019999999552965164,0.019999999552965164,0.019999999552965164,0,0.019999999552965164
2019-04-03,0.019999999552965164,0.019999999552965164,0.019999999552965164,0.019999999552965164,0,0.019999999552965164
2019-04-04,0.019999999552965164,0.019999999552965164,0.019999999552965164,0.019999999552965164,0,0.019999999552965164
2019-04-05,0.019999999552965164,0.019999999552965164,0.019999999552965164,0.019999999552965164,0,0.019999999552965164
2019-04-08,0.029999999329447746,0.029999999329447746,0.029999999329447746,0.029999999329447746,25600,0.029999999329447746
2019-04-09,0.029999999329447746,0.029999999329447746,0.029999999329447746,0.029999999329447746,0,0.029999999329447746
2019-04-10,0.029999999329447746,0.029999999329447746,0.029999999329447746,0.029999999329447746,0,0.029999999329447746
2019-04-11,0.029999999329447746,0.029999999329447746,0.029999999329447746,0.029999999329447746,0,0.029999999329447746
2019-04-12,0.029999999329447746,0.029999999329447746,0.029999999329447746,0.029999999329447746,0,0.029999999329447746
2019-04-15,0.029999999329447746,0.029999999329447746,0.029999999329447746,0.029999999329447746,0,0.029999999329447746
2019-04-16,0.029999999329447746,0.029999999329447746,0.029999999329447746,0.029999999329447746,0,0.029999999329447746
2019-04-17,0.029999999329447746,0.029999999329447746,0.029999999329447746,0.029999999329447746,0,0.029999999329447746
2019-04-18,0.029999999329447746,0.029999999329447746,0.029999999329447746,0.029999999329447746,0,0.029999999329447746
2019-04-22,0.029999999329447746,0.029999999329447746,0.029999999329447746,0.029999999329447746,0,0.029999999329447746
2019-04-23,0.019999999552965164,0.019999999552965164,0.019999999552965164,0.019999999552965164,100,0.019999999552965164
2019-04-24,0.019999999552965164,0.019999999552965164,0.019999999552965164,0.019999999552965164,3000,0.019999999552965164
2019-04-25,0.029999999329447746,0.029999999329447746,0.029999999329447746,0.029999999329447746,55000,0.029999999329447746
2019-04-26,0.029999999329447746,0.029999999329447746,0.029999999329447746,0.029999999329447746,0,0.029999999329447746
2019-04-29,0.029999999329447746,0.029999999329447746,0.029999999329447746,0.029999999329447746,0,0.029999999329447746
2019-04-30,0.029999999329447746,0.029999999329447746,0.029999999329447746,0.029999999329447746,0,0.029999999329447746
2019-05-01,0.029999999329447746,0.029999999329447746,0.029999999329447746,0.029999999329447746,0,0.029999999329447746
2019-05-02,0.019999999552965164,0.019999999552965164,0.019999999552965164,0.019999999552965164,8000,0.019999999552965164
2019-05-03,0.019999999552965164,0.019999999552965164,0.019999999552965164,0.019999999552965164,0,0.019999999552965164
2019-05-06,0.019999999552965164,0.019999999552965164,0.019999999552965164,0.019999999552965164,0,0.019999999552965164
2019-05-07,0.019999999552965164,0.019999999552965164,0.019999999552965164,0.019999999552965164,0,0.019999999552965164
2019-05-08,0.019999999552965164,0.019999999552965164,0.019999999552965164,0.019999999552965164,0,0.019999999552965164
2019-05-09,0.019999999552965164,0.019999999552965164,0.019999999552965164,0.019999999552965164,0,0.019999999552965164
2019-05-10,0.019999999552965164,0.019999999552965164,0.019999999552965164,0.019999999552965164,0,0.019999999552965164
2019-05-13,0.019999999552965164,0.019999999552965164,0.019999999552965164,0.019999999552965164,0,0.019999999552965164
2019-05-14,0.019999999552965164,0.019999999552965164,0.019999999552965164,0.019999999552965164,100,0.019999999552965164
2019-05-15,0.019999999552965164,0.019999999552965164,0.019999999552965164,0.019999999552965164,0,0.019999999552965164
2019-05-16,0.019999999552965164,0.019999999552965164,0.019999999552965164,0.019999999552965164,0,0.019999999552965164
2019-05-17,0.019999999552965164,0.019999999552965164,0.019999999552965164,0.019999999552965164,0,0.019999999552965164
2019-05-20,0.019999999552965164,0.019999999552965164,0.019999999552965164,0.019999999552965164,0,0.019999999552965164
2019-05-21,0.019999999552965164,0.019999999552965164,0.019999999552965164,0.019999999552965164,0,0.019999999552965164
2019-05-22,0.019999999552965164,0.019999999552965164,0.019999999552965164,0.019999999552965164,0,0.019999999552965164
2019-05-23,0.019999999552965164,0.019999999552965164,0.019999999552965164,0.019999999552965164,0,0.019999999552965164
2019-05-24,0.019999999552965164,0.019999999552965164,0.019999999552965164,0.019999999552965164,0,0.019999999552965164
2019-05-28,0.019999999552965164,0.019999999552965164,0.019999999552965164,0.019999999552965164,0,0.019999999552965164
2019-05-29,0.019999999552965164,0.019999999552965164,0.019999999552965164,0.019999999552965164,0,0.019999999552965164
2019-05-30,0.019999999552965164,0.019999999552965164,0.019999999552965164,0.019999999552965164,0,0.019999999552965164
2019-05-31,0.029999999329447746,0.019999999552965164,0.019999999552965164,0.029999999329447746,1000,0.029999999329447746
2019-06-03,0.029999999329447746,0.029999999329447746,0.029999999329447746,0.029999999329447746,0,0.029999999329447746
2019-06-04,0.029999999329447746,0.029999999329447746,0.029999999329447746,0.029999999329447746,0,0.029999999329447746
2019-06-05,0.029999999329447746,0.029999999329447746,0.029999999329447746,0.029999999329447746,0,0.029999999329447746
2019-06-06,0.029999999329447746,0.029999999329447746,0.029999999329447746,0.029999999329447746,0,0.029999999329447746
2019-06-07,0.029999999329447746,0.029999999329447746,0.029999999329447746,0.029999999329447746,0,0.029999999329447746
2019-06-10,0.029999999329447746,0.029999999329447746,0.029999999329447746,0.029999999329447746,100,0.029999999329447746
2019-06-11,0.029999999329447746,0.029999999329447746,0.029999999329447746,0.029999999329447746,0,0.029999999329447746
2019-06-12,0.029999999329447746,0.029999999329447746,0.029999999329447746,0.029999999329447746,0,0.029999999329447746
2019-06-13,0.029999999329447746,0.029999999329447746,0.029999999329447746,0.029999999329447746,0,0.029999999329447746
2019-06-14,0.029999999329447746,0.029999999329447746,0.029999999329447746,0.029999999329447746,0,0.029999999329447746
2019-06-17,0.029999999329447746,0.029999999329447746,0.029999999329447746,0.029999999329447746,0,0.029999999329447746
2019-06-18,0.029999999329447746,0.029999999329447746,0.029999999329447746,0.029999999329447746,0,0.029999999329447746
2019-06-19,0.029999999329447746,0.029999999329447746,0.029999999329447746,0.029999999329447746,0,0.029999999329447746
2019-06-20,0.029999999329447746,0.029999999329447746,0.029999999329447746,0.029999999329447746,0,0.029999999329447746
2019-06-21,0.029999999329447746,0.029999999329447746,0.029999999329447746,0.029999999329447746,0,0.029999999329447746
2019-06-24,0.03999999910593033,0.019999999552965164,0.019999999552965164,0.03999999910593033,4500,0.03999999910593033
2019-06-25,0.03999999910593033,0.03999999910593033,0.03999999910593033,0.03999999910593033,0,0.03999999910593033
2019-06-26,0.03999999910593033,0.03999999910593033,0.03999999910593033,0.03999999910593033,0,0.03999999910593033
2019-06-27,0.03999999910593033,0.03999999910593033,0.03999999910593033,0.03999999910593033,0,0.03999999910593033
2019-06-28,0.03999999910593033,0.03999999910593033,0.03999999910593033,0.03999999910593033,0,0.03999999910593033
2019-07-01,0.03999999910593033,0.03999999910593033,0.03999999910593033,0.03999999910593033,0,0.03999999910593033
2019-07-02,0.03999999910593033,0.03999999910593033,0.03999999910593033,0.03999999910593033,0,0.03999999910593033
2019-07-03,0.03999999910593033,0.03999999910593033,0.03999999910593033,0.03999999910593033,0,0.03999999910593033
2019-07-05,0.03999999910593033,0.03999999910593033,0.03999999910593033,0.03999999910593033,0,0.03999999910593033
2019-07-08,0.03999999910593033,0.03999999910593033,0.03999999910593033,0.03999999910593033,0,0.03999999910593033
2019-07-09,0.03999999910593033,0.03999999910593033,0.03999999910593033,0.03999999910593033,0,0.03999999910593033
2019-07-10,0.03999999910593033,0.03999999910593033,0.03999999910593033,0.03999999910593033,0,0.03999999910593033
2019-07-11,0.03999999910593033,0.03999999910593033,0.03999999910593033,0.03999999910593033,0,0.03999999910593033
2019-07-12,0.03999999910593033,0.03999999910593033,0.03999999910593033,0.03999999910593033,0,0.03999999910593033
2019-07-15,0.03999999910593033,0.03999999910593033,0.03999999910593033,0.03999999910593033,0,0.03999999910593033
2019-07-16,0.029999999329447746,0.029999999329447746,0.029999999329447746,0.029999999329447746,3000,0.029999999329447746
2019-07-17,0.029999999329447746,0.029999999329447746,0.029999999329447746,0.029999999329447746,0,0.029999999329447746
2019-07-18,0.029999999329447746,0.029999999329447746,0.029999999329447746,0.029999999329447746,0,0.029999999329447746
2019-07-19,0.029999999329447746,0.029999999329447746,0.029999999329447746,0.029999999329447746,0,0.029999999329447746
2019-07-22,0.03999999910593033,0.03999999910593033,0.03999999910593033,0.03999999910593033,1900,0.03999999910593033
2019-07-23,0.03999999910593033,0.03999999910593033,0.03999999910593033,0.03999999910593033,2000,0.03999999910593033
2019-07-24,0.03999999910593033,0.03999999910593033,0.03999999910593033,0.03999999910593033,0,0.03999999910593033
2019-07-25,0.05999999865889549,0.05999999865889549,0.05999999865889549,0.05999999865889549,1000,0.05999999865889549
2019-07-26,0.05999999865889549,0.05999999865889549,0.05999999865889549,0.05999999865889549,0,0.05999999865889549
2019-07-29,0.05999999865889549,0.05999999865889549,0.05999999865889549,0.05999999865889549,1000,0.05999999865889549
2019-07-30,0.07000000029802322,0.07000000029802322,0.07000000029802322,0.07000000029802322,1000,0.07000000029802322
2019-07-31,0.07000000029802322,0.07000000029802322,0.07000000029802322,0.07000000029802322,1000,0.07000000029802322
2019-08-01,0.07000000029802322,0.07000000029802322,0.07000000029802322,0.07000000029802322,10000,0.07000000029802322
2019-08-02,0.07000000029802322,0.07000000029802322,0.07000000029802322,0.07000000029802322,20000,0.07000000029802322
2019-08-05,0.07000000029802322,0.07000000029802322,0.07000000029802322,0.07000000029802322,20000,0.07000000029802322
2019-08-06,0.07000000029802322,0.07000000029802322,0.07000000029802322,0.07000000029802322,20000,0.07000000029802322
2019-08-07,0.07000000029802322,0.07000000029802322,0.07000000029802322,0.07000000029802322,20000,0.07000000029802322
2019-08-08,0.07000000029802322,0.07000000029802322,0.07000000029802322,0.07000000029802322,20000,0.07000000029802322
2019-08-09,0.07000000029802322,0.07000000029802322,0.07000000029802322,0.07000000029802322,20000,0.07000000029802322
2019-08-12,0.07000000029802322,0.07000000029802322,0.07000000029802322,0.07000000029802322,45000,0.07000000029802322
2019-08-13,0.07000000029802322,0.07000000029802322,0.07000000029802322,0.07000000029802322,45000,0.07000000029802322
2019-08-14,0.07000000029802322,0.07000000029802322,0.07000000029802322,0.07000000029802322,45000,0.07000000029802322
2019-08-15,0.07999999821186066,0.07999999821186066,0.07999999821186066,0.07999999821186066,6100,0.07999999821186066
2019-08-16,0.07999999821186066,0.07999999821186066,0.07999999821186066,0.07999999821186066,0,0.07999999821186066
2019-08-19,0.07999999821186066,0.07999999821186066,0.07999999821186066,0.07999999821186066,0,0.07999999821186066
2019-08-20,0.07000000029802322,0.07000000029802322,0.07000000029802322,0.07000000029802322,500,0.07000000029802322
2019-08-21,0.07000000029802322,0.07000000029802322,0.07000000029802322,0.07000000029802322,0,0.07000000029802322
2019-08-22,0.07000000029802322,0.07000000029802322,0.07000000029802322,0.07000000029802322,0,0.07000000029802322
2019-08-23,0.07000000029802322,0.07000000029802322,0.07000000029802322,0.07000000029802322,0,0.07000000029802322
2019-08-26,0.07000000029802322,0.07000000029802322,0.07000000029802322,0.07000000029802322,0,0.07000000029802322
2019-08-27,0.07000000029802322,0.07000000029802322,0.07000000029802322,0.07000000029802322,0,0.07000000029802322
2019-08-28,0.07000000029802322,0.07000000029802322,0.07000000029802322,0.07000000029802322,0,0.07000000029802322
2019-08-29,0.07000000029802322,0.07000000029802322,0.07000000029802322,0.07000000029802322,0,0.07000000029802322
2019-08-30,0.07000000029802322,0.07000000029802322,0.07000000029802322,0.07000000029802322,0,0.07000000029802322
2019-09-03,0.07000000029802322,0.07000000029802322,0.07000000029802322,0.07000000029802322,0,0.07000000029802322
2019-09-04,0.07999999821186066,0.07999999821186066,0.07999999821186066,0.07999999821186066,23500,0.07999999821186066
2019-09-05,0.07999999821186066,0.07999999821186066,0.07999999821186066,0.07999999821186066,0,0.07999999821186066
2019-09-06,0.05999999865889549,0.05999999865889549,0.05999999865889549,0.05999999865889549,500,0.05999999865889549
2019-09-09,0.05999999865889549,0.05999999865889549,0.05999999865889549,0.05999999865889549,0,0.05999999865889549
2019-09-10,0.05999999865889549,0.05999999865889549,0.05999999865889549,0.05999999865889549,0,0.05999999865889549
2019-09-11,0.05999999865889549,0.05999999865889549,0.05999999865889549,0.05999999865889549,0,0.05999999865889549
2019-09-12,0.05999999865889549,0.05999999865889549,0.05999999865889549,0.05999999865889549,0,0.05999999865889549
2019-09-13,0.05999999865889549,0.05999999865889549,0.05999999865889549,0.05999999865889549,0,0.05999999865889549
2019-09-16,0.05999999865889549,0.05999999865889549,0.05999999865889549,0.05999999865889549,0,0.05999999865889549
2019-09-17,0.05999999865889549,0.05999999865889549,0.05999999865889549,0.05999999865889549,0,0.05999999865889549
2019-09-18,0.05999999865889549,0.05999999865889549,0.05999999865889549,0.05999999865889549,0,0.05999999865889549
2019-09-19,0.05999999865889549,0.05999999865889549,0.05999999865889549,0.05999999865889549,0,0.05999999865889549
2019-09-20,0.05999999865889549,0.05999999865889549,0.05999999865889549,0.05999999865889549,0,0.05999999865889549
2019-09-23,0.05999999865889549,0.05999999865889549,0.05999999865889549,0.05999999865889549,0,0.05999999865889549
2019-09-24,0.05000000074505806,0.03999999910593033,0.05000000074505806,0.03999999910593033,40000,0.03999999910593033
2019-09-25,0.03999999910593033,0.03999999910593033,0.03999999910593033,0.03999999910593033,0,0.03999999910593033
2019-09-26,0.03999999910593033,0.03999999910593033,0.03999999910593033,0.03999999910593033,0,0.03999999910593033
2019-09-27,0.03999999910593033,0.03999999910593033,0.03999999910593033,0.03999999910593033,0,0.03999999910593033
2019-09-30,0.03999999910593033,0.03999999910593033,0.03999999910593033,0.03999999910593033,0,0.03999999910593033
2019-10-01,0.03999999910593033,0.03999999910593033,0.03999999910593033,0.03999999910593033,10000,0.03999999910593033
2019-10-02,0.03999999910593033,0.03999999910593033,0.03999999910593033,0.03999999910593033,0,0.03999999910593033
2019-10-03,0.03999999910593033,0.03999999910593033,0.03999999910593033,0.03999999910593033,0,0.03999999910593033
2019-10-04,0.03999999910593033,0.03999999910593033,0.03999999910593033,0.03999999910593033,0,0.03999999910593033
2019-10-07,0.03999999910593033,0.03999999910593033,0.03999999910593033,0.03999999910593033,0,0.03999999910593033
2019-10-08,0.05000000074505806,0.05000000074505806,0.05000000074505806,0.05000000074505806,14000,0.05000000074505806
2019-10-09,0.05000000074505806,0.05000000074505806,0.05000000074505806,0.05000000074505806,0,0.05000000074505806
2019-10-10,0.05000000074505806,0.05000000074505806,0.05000000074505806,0.05000000074505806,0,0.05000000074505806
2019-10-11,0.05000000074505806,0.05000000074505806,0.05000000074505806,0.05000000074505806,0,0.05000000074505806
2019-10-14,0.05000000074505806,0.05000000074505806,0.05000000074505806,0.05000000074505806,0,0.05000000074505806
2019-10-15,0.05000000074505806,0.05000000074505806,0.05000000074505806,0.05000000074505806,0,0.05000000074505806
2019-10-16,0.05000000074505806,0.05000000074505806,0.05000000074505806,0.05000000074505806,0,0.05000000074505806
2019-10-17,0.05000000074505806,0.05000000074505806,0.05000000074505806,0.05000000074505806,0,0.05000000074505806
2019-10-18,0.05000000074505806,0.05000000074505806,0.05000000074505806,0.05000000074505806,0,0.05000000074505806
2019-10-21,0.05000000074505806,0.05000000074505806,0.05000000074505806,0.05000000074505806,0,0.05000000074505806
2019-10-22,0.03999999910593033,0.03999999910593033,0.03999999910593033,0.03999999910593033,20000,0.03999999910593033
2019-10-23,0.03999999910593033,0.03999999910593033,0.03999999910593033,0.03999999910593033,0,0.03999999910593033
2019-10-24,0.03999999910593033,0.03999999910593033,0.03999999910593033,0.03999999910593033,0,0.03999999910593033
2019-10-25,0.03999999910593033,0.03999999910593033,0.03999999910593033,0.03999999910593033,0,0.03999999910593033
2019-10-28,0.03999999910593033,0.03999999910593033,0.03999999910593033,0.03999999910593033,0,0.03999999910593033
2019-10-29,0.03999999910593033,0.03999999910593033,0.03999999910593033,0.03999999910593033,0,0.03999999910593033
2019-10-30,0.03999999910593033,0.03999999910593033,0.03999999910593033,0.03999999910593033,0,0.03999999910593033
2019-10-31,0.03999999910593033,0.03999999910593033,0.03999999910593033,0.03999999910593033,0,0.03999999910593033
2019-11-01,0.07999999821186066,0.05999999865889549,0.05999999865889549,0.07999999821186066,91500,0.07999999821186066
2019-11-04,0.07999999821186066,0.07999999821186066,0.07999999821186066,0.07999999821186066,4000,0.07999999821186066
2019-11-05,0.07000000029802322,0.03999999910593033,0.03999999910593033,0.07000000029802322,3600,0.07000000029802322
2019-11-06,0.07000000029802322,0.07000000029802322,0.07000000029802322,0.07000000029802322,0,0.07000000029802322
2019-11-07,0.07000000029802322,0.07000000029802322,0.07000000029802322,0.07000000029802322,10000,0.07000000029802322
2019-11-08,0.07000000029802322,0.07000000029802322,0.07000000029802322,0.07000000029802322,0,0.07000000029802322
2019-11-11,0.05000000074505806,0.05000000074505806,0.05000000074505806,0.05000000074505806,6000,0.05000000074505806
2019-11-12,0.05000000074505806,0.05000000074505806,0.05000000074505806,0.05000000074505806,0,0.05000000074505806
2019-11-13,0.05000000074505806,0.05000000074505806,0.05000000074505806,0.05000000074505806,0,0.05000000074505806
2019-11-14,0.05000000074505806,0.05000000074505806,0.05000000074505806,0.05000000074505806,0,0.05000000074505806
2019-11-15,0.05000000074505806,0.05000000074505806,0.05000000074505806,0.05000000074505806,0,0.05000000074505806
2019-11-18,0.05000000074505806,0.05000000074505806,0.05000000074505806,0.05000000074505806,0,0.05000000074505806
2019-11-19,0.05000000074505806,0.05000000074505806,0.05000000074505806,0.05000000074505806,0,0.05000000074505806
2019-11-20,0.03999999910593033,0.03999999910593033,0.03999999910593033,0.03999999910593033,2000,0.03999999910593033
2019-11-21,0.03999999910593033,0.03999999910593033,0.03999999910593033,0.03999999910593033,1000,0.03999999910593033
2019-11-22,0.03999999910593033,0.03999999910593033,0.03999999910593033,0.03999999910593033,0,0.03999999910593033
2019-11-25,0.03999999910593033,0.03999999910593033,0.03999999910593033,0.03999999910593033,0,0.03999999910593033
2019-11-26,0.03999999910593033,0.03999999910593033,0.03999999910593033,0.03999999910593033,0,0.03999999910593033
2019-11-27,0.03999999910593033,0.03999999910593033,0.03999999910593033,0.03999999910593033,0,0.03999999910593033
2019-11-29,0.03999999910593033,0.03999999910593033,0.03999999910593033,0.03999999910593033,0,0.03999999910593033
2019-12-02,0.03999999910593033,0.03999999910593033,0.03999999910593033,0.03999999910593033,0,0.03999999910593033
2019-12-03,0.03999999910593033,0.03999999910593033,0.03999999910593033,0.03999999910593033,1000,0.03999999910593033
2019-12-04,0.03999999910593033,0.03999999910593033,0.03999999910593033,0.03999999910593033,0,0.03999999910593033
2019-12-05,0.03999999910593033,0.03999999910593033,0.03999999910593033,0.03999999910593033,0,0.03999999910593033
2019-12-06,0.03999999910593033,0.03999999910593033,0.03999999910593033,0.03999999910593033,0,0.03999999910593033
2019-12-09,0.03999999910593033,0.03999999910593033,0.03999999910593033,0.03999999910593033,3600,0.03999999910593033
2019-12-10,0.03999999910593033,0.03999999910593033,0.03999999910593033,0.03999999910593033,0,0.03999999910593033
2019-12-11,0.03999999910593033,0.03999999910593033,0.03999999910593033,0.03999999910593033,0,0.03999999910593033
2019-12-12,0.03999999910593033,0.03999999910593033,0.03999999910593033,0.03999999910593033,0,0.03999999910593033
2019-12-13,0.05000000074505806,0.03999999910593033,0.03999999910593033,0.05000000074505806,11000,0.05000000074505806
2019-12-16,0.05000000074505806,0.05000000074505806,0.05000000074505806,0.05000000074505806,0,0.05000000074505806
2019-12-17,0.05000000074505806,0.05000000074505806,0.05000000074505806,0.05000000074505806,0,0.05000000074505806
2019-12-18,0.05000000074505806,0.05000000074505806,0.05000000074505806,0.05000000074505806,0,0.05000000074505806
2019-12-19,0.05000000074505806,0.05000000074505806,0.05000000074505806,0.05000000074505806,0,0.05000000074505806
2019-12-20,0.05000000074505806,0.05000000074505806,0.05000000074505806,0.05000000074505806,1000,0.05000000074505806
2019-12-23,0.05000000074505806,0.05000000074505806,0.05000000074505806,0.05000000074505806,0,0.05000000074505806
2019-12-24,0.05000000074505806,0.05000000074505806,0.05000000074505806,0.05000000074505806,0,0.05000000074505806
2019-12-26,0.05000000074505806,0.05000000074505806,0.05000000074505806,0.05000000074505806,0,0.05000000074505806
2019-12-27,0.05000000074505806,0.03999999910593033,0.05000000074505806,0.03999999910593033,7000,0.03999999910593033
2019-12-30,0.05000000074505806,0.05000000074505806,0.05000000074505806,0.05000000074505806,5000,0.05000000074505806
2019-12-31,0.07000000029802322,0.07000000029802322,0.07000000029802322,0.07000000029802322,900,0.07000000029802322
2020-01-02,0.05000000074505806,0.05000000074505806,0.05000000074505806,0.05000000074505806,2100,0.05000000074505806
2020-01-03,0.05000000074505806,0.05000000074505806,0.05000000074505806,0.05000000074505806,0,0.05000000074505806
2020-01-06,0.05999999865889549,0.05999999865889549,0.05999999865889549,0.05999999865889549,2000,0.05999999865889549
2020-01-07,0.05999999865889549,0.05999999865889549,0.05999999865889549,0.05999999865889549,14000,0.05999999865889549
2020-01-08,0.09000000357627869,0.07000000029802322,0.07000000029802322,0.07000000029802322,13500,0.07000000029802322
2020-01-09,0.07000000029802322,0.07000000029802322,0.07000000029802322,0.07000000029802322,1000,0.07000000029802322
2020-01-10,0.07000000029802322,0.07000000029802322,0.07000000029802322,0.07000000029802322,100,0.07000000029802322
2020-01-13,0.07000000029802322,0.07000000029802322,0.07000000029802322,0.07000000029802322,0,0.07000000029802322
2020-01-14,0.07000000029802322,0.07000000029802322,0.07000000029802322,0.07000000029802322,0,0.07000000029802322
2020-01-15,0.07999999821186066,0.07999999821186066,0.07999999821186066,0.07999999821186066,5000,0.07999999821186066
2020-01-16,0.07999999821186066,0.07999999821186066,0.07999999821186066,0.07999999821186066,0,0.07999999821186066
2020-01-17,0.07999999821186066,0.07999999821186066,0.07999999821186066,0.07999999821186066,0,0.07999999821186066
2020-01-21,0.07999999821186066,0.07999999821186066,0.07999999821186066,0.07999999821186066,0,0.07999999821186066
2020-01-22,0.07999999821186066,0.07999999821186066,0.07999999821186066,0.07999999821186066,0,0.07999999821186066
2020-01-23,0.05999999865889549,0.05999999865889549,0.05999999865889549,0.05999999865889549,2000,0.05999999865889549
2020-01-24,0.05999999865889549,0.05999999865889549,0.05999999865889549,0.05999999865889549,0,0.05999999865889549
2020-01-27,0.05999999865889549,0.05999999865889549,0.05999999865889549,0.05999999865889549,0,0.05999999865889549
2020-01-28,0.05999999865889549,0.05999999865889549,0.05999999865889549,0.05999999865889549,0,0.05999999865889549
2020-01-29,0.05999999865889549,0.05999999865889549,0.05999999865889549,0.05999999865889549,0,0.05999999865889549
2020-01-30,0.05999999865889549,0.05999999865889549,0.05999999865889549,0.05999999865889549,0,0.05999999865889549
2020-01-31,0.07000000029802322,0.07000000029802322,0.07000000029802322,0.07000000029802322,1500,0.07000000029802322
2020-02-03,0.07000000029802322,0.07000000029802322,0.07000000029802322,0.07000000029802322,0,0.07000000029802322
2020-02-04,0.05000000074505806,0.05000000074505806,0.05000000074505806,0.05000000074505806,300,0.05000000074505806
2020-02-05,0.05000000074505806,0.05000000074505806,0.05000000074505806,0.05000000074505806,0,0.05000000074505806
2020-02-06,0.07000000029802322,0.07000000029802322,0.07000000029802322,0.07000000029802322,18000,0.07000000029802322
2020-02-07,0.07000000029802322,0.07000000029802322,0.07000000029802322,0.07000000029802322,0,0.07000000029802322
2020-02-10,0.07000000029802322,0.07000000029802322,0.07000000029802322,0.07000000029802322,2000,0.07000000029802322
2020-02-11,0.05999999865889549,0.05999999865889549,0.05999999865889549,0.05999999865889549,1000,0.05999999865889549
2020-02-12,0.05999999865889549,0.05999999865889549,0.05999999865889549,0.05999999865889549,0,0.05999999865889549
2020-02-13,0.05999999865889549,0.05999999865889549,0.05999999865889549,0.05999999865889549,0,0.05999999865889549
2020-02-14,0.05999999865889549,0.05999999865889549,0.05999999865889549,0.05999999865889549,0,0.05999999865889549
2020-02-18,0.05999999865889549,0.05999999865889549,0.05999999865889549,0.05999999865889549,0,0.05999999865889549
2020-02-19,0.05999999865889549,0.05999999865889549,0.05999999865889549,0.05999999865889549,0,0.05999999865889549
2020-02-20,0.05999999865889549,0.05999999865889549,0.05999999865889549,0.05999999865889549,0,0.05999999865889549
2020-02-21,0.05999999865889549,0.05999999865889549,0.05999999865889549,0.05999999865889549,0,0.05999999865889549
2020-02-24,0.05000000074505806,0.05000000074505806,0.05000000074505806,0.05000000074505806,1000,0.05000000074505806
2020-02-25,0.05000000074505806,0.05000000074505806,0.05000000074505806,0.05000000074505806,0,0.05000000074505806
2020-02-26,0.05000000074505806,0.05000000074505806,0.05000000074505806,0.05000000074505806,0,0.05000000074505806
2020-02-27,0.05000000074505806,0.05000000074505806,0.05000000074505806,0.05000000074505806,0,0.05000000074505806
2020-02-28,0.05000000074505806,0.05000000074505806,0.05000000074505806,0.05000000074505806,0,0.05000000074505806
2020-03-02,0.05000000074505806,0.05000000074505806,0.05000000074505806,0.05000000074505806,1000,0.05000000074505806
2020-03-03,0.05000000074505806,0.05000000074505806,0.05000000074505806,0.05000000074505806,0,0.05000000074505806
2020-03-04,0.05000000074505806,0.05000000074505806,0.05000000074505806,0.05000000074505806,0,0.05000000074505806
2020-03-05,0.05000000074505806,0.05000000074505806,0.05000000074505806,0.05000000074505806,0,0.05000000074505806
2020-03-06,0.05000000074505806,0.05000000074505806,0.05000000074505806,0.05000000074505806,0,0.05000000074505806
2020-03-09,0.05000000074505806,0.05000000074505806,0.05000000074505806,0.05000000074505806,0,0.05000000074505806
2020-03-10,0.05000000074505806,0.05000000074505806,0.05000000074505806,0.05000000074505806,0,0.05000000074505806
2020-03-11,0.05000000074505806,0.05000000074505806,0.05000000074505806,0.05000000074505806,0,0.05000000074505806
2020-03-12,0.05000000074505806,0.05000000074505806,0.05000000074505806,0.05000000074505806,0,0.05000000074505806
2020-03-13,0.05000000074505806,0.05000000074505806,0.05000000074505806,0.05000000074505806,0,0.05000000074505806
2020-03-16,0.05000000074505806,0.05000000074505806,0.05000000074505806,0.05000000074505806,0,0.05000000074505806
2020-03-17,0.05000000074505806,0.05000000074505806,0.05000000074505806,0.05000000074505806,0,0.05000000074505806
2020-03-18,0.05000000074505806,0.05000000074505806,0.05000000074505806,0.05000000074505806,25000,0.05000000074505806
2020-03-19,0.05000000074505806,0.05000000074505806,0.05000000074505806,0.05000000074505806,0,0.05000000074505806
2020-03-20,0.05000000074505806,0.05000000074505806,0.05000000074505806,0.05000000074505806,700,0.05000000074505806
2020-03-23,0.05000000074505806,0.029999999329447746,0.029999999329447746,0.05000000074505806,12500,0.05000000074505806
2020-03-24,0.05000000074505806,0.05000000074505806,0.05000000074505806,0.05000000074505806,0,0.05000000074505806
2020-03-25,0.05000000074505806,0.05000000074505806,0.05000000074505806,0.05000000074505806,5100,0.05000000074505806
2020-03-26,0.05000000074505806,0.05000000074505806,0.05000000074505806,0.05000000074505806,0,0.05000000074505806
2020-03-27,0.03999999910593033,0.03999999910593033,0.03999999910593033,0.03999999910593033,2000,0.03999999910593033
2020-03-30,0.03999999910593033,0.03999999910593033,0.03999999910593033,0.03999999910593033,0,0.03999999910593033
2020-03-31,0.03999999910593033,0.03999999910593033,0.03999999910593033,0.03999999910593033,0,0.03999999910593033
2020-04-01,0.03999999910593033,0.03999999910593033,0.03999999910593033,0.03999999910593033,0,0.03999999910593033
2020-04-02,0.03999999910593033,0.03999999910593033,0.03999999910593033,0.03999999910593033,0,0.03999999910593033
2020-04-03,0.03999999910593033,0.03999999910593033,0.03999999910593033,0.03999999910593033,0,0.03999999910593033
2020-04-06,0.05000000074505806,0.03999999910593033,0.05000000074505806,0.03999999910593033,9000,0.03999999910593033
2020-04-07,0.03999999910593033,0.03999999910593033,0.03999999910593033,0.03999999910593033,0,0.03999999910593033
2020-04-08,0.03999999910593033,0.03999999910593033,0.03999999910593033,0.03999999910593033,0,0.03999999910593033
2020-04-09,0.03999999910593033,0.03999999910593033,0.03999999910593033,0.03999999910593033,5000,0.03999999910593033
2020-04-13,0.03999999910593033,0.03999999910593033,0.03999999910593033,0.03999999910593033,0,0.03999999910593033
2020-04-14,0.05000000074505806,0.03999999910593033,0.05000000074505806,0.03999999910593033,3000,0.03999999910593033
2020-04-15,0.03999999910593033,0.03999999910593033,0.03999999910593033,0.03999999910593033,8200,0.03999999910593033
2020-04-16,0.05000000074505806,0.05000000074505806,0.05000000074505806,0.05000000074505806,10000,0.05000000074505806
2020-04-17,0.05000000074505806,0.05000000074505806,0.05000000074505806,0.05000000074505806,0,0.05000000074505806
2020-04-20,0.05000000074505806,0.05000000074505806,0.05000000074505806,0.05000000074505806,0,0.05000000074505806
2020-04-21,0.05000000074505806,0.05000000074505806,0.05000000074505806,0.05000000074505806,0,0.05000000074505806
2020-04-22,0.05000000074505806,0.05000000074505806,0.05000000074505806,0.05000000074505806,0,0.05000000074505806
2020-04-23,0.05000000074505806,0.05000000074505806,0.05000000074505806,0.05000000074505806,0,0.05000000074505806
2020-04-24,0.05000000074505806,0.05000000074505806,0.05000000074505806,0.05000000074505806,0,0.05000000074505806
2020-04-27,0.05000000074505806,0.05000000074505806,0.05000000074505806,0.05000000074505806,0,0.05000000074505806
2020-04-28,0.03999999910593033,0.03999999910593033,0.03999999910593033,0.03999999910593033,1000,0.03999999910593033
2020-04-29,0.05000000074505806,0.05000000074505806,0.05000000074505806,0.05000000074505806,21000,0.05000000074505806
2020-04-30,0.07000000029802322,0.05999999865889549,0.05999999865889549,0.07000000029802322,7300,0.07000000029802322
2020-05-01,0.07000000029802322,0.07000000029802322,0.07000000029802322,0.07000000029802322,0,0.07000000029802322
2020-05-04,0.07000000029802322,0.07000000029802322,0.07000000029802322,0.07000000029802322,0,0.07000000029802322
2020-05-05,0.07000000029802322,0.07000000029802322,0.07000000029802322,0.07000000029802322,0,0.07000000029802322
2020-05-06,0.05999999865889549,0.05999999865889549,0.05999999865889549,0.05999999865889549,400,0.05999999865889549
2020-05-07,0.05000000074505806,0.03999999910593033,0.05000000074505806,0.03999999910593033,20000,0.03999999910593033
2020-05-08,0.03999999910593033,0.03999999910593033,0.03999999910593033,0.03999999910593033,0,0.03999999910593033
2020-05-11,0.05000000074505806,0.05000000074505806,0.05000000074505806,0.05000000074505806,15000,0.05000000074505806
2020-05-12,0.05000000074505806,0.05000000074505806,0.05000000074505806,0.05000000074505806,0,0.05000000074505806
2020-05-13,0.05000000074505806,0.05000000074505806,0.05000000074505806,0.05000000074505806,0,0.05000000074505806
2020-05-14,0.05000000074505806,0.05000000074505806,0.05000000074505806,0.05000000074505806,1000,0.05000000074505806
2020-05-15,0.05000000074505806,0.05000000074505806,0.05000000074505806,0.05000000074505806,0,0.05000000074505806
2020-05-18,0.05000000074505806,0.05000000074505806,0.05000000074505806,0.05000000074505806,0,0.05000000074505806
2020-05-19,0.07000000029802322,0.05999999865889549,0.07000000029802322,0.05999999865889549,10600,0.05999999865889549
2020-05-20,0.05999999865889549,0.05999999865889549,0.05999999865889549,0.05999999865889549,27000,0.05999999865889549
2020-05-21,0.05999999865889549,0.05999999865889549,0.05999999865889549,0.05999999865889549,0,0.05999999865889549
2020-05-22,0.05999999865889549,0.05999999865889549,0.05999999865889549,0.05999999865889549,0,0.05999999865889549
2020-05-26,0.05999999865889549,0.05999999865889549,0.05999999865889549,0.05999999865889549,0,0.05999999865889549
2020-05-27,0.05999999865889549,0.05999999865889549,0.05999999865889549,0.05999999865889549,0,0.05999999865889549
2020-05-28,0.05999999865889549,0.05999999865889549,0.05999999865889549,0.05999999865889549,13000,0.05999999865889549
2020-05-29,0.05999999865889549,0.05999999865889549,0.05999999865889549,0.05999999865889549,0,0.05999999865889549
2020-06-01,0.07000000029802322,0.05999999865889549,0.05999999865889549,0.07000000029802322,9600,0.07000000029802322
2020-06-02,0.15000000596046448,0.10999999940395355,0.10999999940395355,0.11999999731779099,343000,0.11999999731779099
2020-06-03,0.12999999523162842,0.11999999731779099,0.12999999523162842,0.11999999731779099,55800,0.11999999731779099
2020-06-04,0.12999999523162842,0.11999999731779099,0.12999999523162842,0.11999999731779099,14300,0.11999999731779099
2020-06-05,0.12999999523162842,0.11999999731779099,0.12999999523162842,0.11999999731779099,7600,0.11999999731779099
2020-06-08,0.12999999523162842,0.11999999731779099,0.11999999731779099,0.12999999523162842,12800,0.12999999523162842
2020-06-09,0.14000000059604645,0.10999999940395355,0.14000000059604645,0.10999999940395355,24300,0.10999999940395355
2020-06-10,0.14000000059604645,0.11999999731779099,0.12999999523162842,0.14000000059604645,30000,0.14000000059604645
2020-06-11,0.14000000059604645,0.11999999731779099,0.14000000059604645,0.14000000059604645,80500,0.14000000059604645
2020-06-12,0.12999999523162842,0.10999999940395355,0.12999999523162842,0.12999999523162842,33200,0.12999999523162842
2020-06-15,0.11999999731779099,0.10999999940395355,0.10999999940395355,0.11999999731779099,35000,0.11999999731779099
2020-06-16,0.18000000715255737,0.11999999731779099,0.11999999731779099,0.17000000178813934,143000,0.17000000178813934
2020-06-17,0.17000000178813934,0.15000000596046448,0.1599999964237213,0.1599999964237213,73900,0.1599999964237213
2020-06-18,0.15000000596046448,0.14000000059604645,0.15000000596046448,0.14000000059604645,7600,0.14000000059604645
2020-06-19,0.17000000178813934,0.14000000059604645,0.14000000059604645,0.15000000596046448,34500,0.15000000596046448
2020-06-22,0.1599999964237213,0.14000000059604645,0.1599999964237213,0.14000000059604645,37900,0.14000000059604645
2020-06-23,0.15000000596046448,0.12999999523162842,0.15000000596046448,0.12999999523162842,68800,0.12999999523162842
2020-06-24,0.12999999523162842,0.12999999523162842,0.12999999523162842,0.12999999523162842,4000,0.12999999523162842
2020-06-25,0.12999999523162842,0.12999999523162842,0.12999999523162842,0.12999999523162842,0,0.12999999523162842
2020-06-26,0.15000000596046448,0.12999999523162842,0.15000000596046448,0.14000000059604645,17000,0.14000000059604645
2020-06-29,0.1599999964237213,0.12999999523162842,0.14000000059604645,0.1599999964237213,41200,0.1599999964237213
2020-06-30,0.15000000596046448,0.15000000596046448,0.15000000596046448,0.15000000596046448,1500,0.15000000596046448
2020-07-01,0.15000000596046448,0.15000000596046448,0.15000000596046448,0.15000000596046448,0,0.15000000596046448
2020-07-02,0.15000000596046448,0.15000000596046448,0.15000000596046448,0.15000000596046448,4000,0.15000000596046448
2020-07-06,0.18000000715255737,0.17000000178813934,0.18000000715255737,0.17000000178813934,15000,0.17000000178813934
2020-07-07,0.18000000715255737,0.18000000715255737,0.18000000715255737,0.18000000715255737,1300,0.18000000715255737
2020-07-08,0.18000000715255737,0.1599999964237213,0.18000000715255737,0.17000000178813934,37900,0.17000000178813934
2020-07-09,0.1599999964237213,0.1599999964237213,0.1599999964237213,0.1599999964237213,2500,0.1599999964237213
2020-07-10,0.17000000178813934,0.15000000596046448,0.17000000178813934,0.17000000178813934,94000,0.17000000178813934
2020-07-13,0.17000000178813934,0.17000000178813934,0.17000000178813934,0.17000000178813934,3400,0.17000000178813934
2020-07-14,0.18000000715255737,0.1599999964237213,0.17000000178813934,0.1599999964237213,44800,0.1599999964237213
2020-07-15,0.18000000715255737,0.17000000178813934,0.17000000178813934,0.17000000178813934,38800,0.17000000178813934
2020-07-16,0.17000000178813934,0.17000000178813934,0.17000000178813934,0.17000000178813934,20000,0.17000000178813934
2020-07-17,0.1599999964237213,0.1599999964237213,0.1599999964237213,0.1599999964237213,3900,0.1599999964237213
2020-07-20,0.17000000178813934,0.1599999964237213,0.1599999964237213,0.17000000178813934,58000,0.17000000178813934
2020-07-21,0.20999999344348907,0.18000000715255737,0.18000000715255737,0.20999999344348907,291600,0.20999999344348907
2020-07-22,0.2199999988079071,0.1899999976158142,0.20999999344348907,0.20999999344348907,60600,0.20999999344348907
2020-07-23,0.1899999976158142,0.17000000178813934,0.1899999976158142,0.18000000715255737,22500,0.18000000715255737
2020-07-24,0.18000000715255737,0.17000000178813934,0.18000000715255737,0.17000000178813934,44500,0.17000000178813934
2020-07-27,0.1899999976158142,0.17000000178813934,0.17000000178813934,0.18000000715255737,65900,0.18000000715255737
2020-07-28,0.18000000715255737,0.18000000715255737,0.18000000715255737,0.18000000715255737,0,0.18000000715255737
2020-07-29,0.2199999988079071,0.20000000298023224,0.20999999344348907,0.20000000298023224,81400,0.20000000298023224
2020-07-30,0.20000000298023224,0.18000000715255737,0.1899999976158142,0.20000000298023224,58200,0.20000000298023224
2020-07-31,0.2199999988079071,0.20000000298023224,0.2199999988079071,0.20000000298023224,52600,0.20000000298023224
2020-08-03,0.20000000298023224,0.20000000298023224,0.20000000298023224,0.20000000298023224,0,0.20000000298023224
2020-08-04,0.23999999463558197,0.20000000298023224,0.20000000298023224,0.23999999463558197,62000,0.23999999463558197
2020-08-05,0.25999999046325684,0.23000000417232513,0.25,0.23000000417232513,32000,0.23000000417232513
2020-08-06,0.25,0.23000000417232513,0.25,0.23000000417232513,21900,0.23000000417232513
2020-08-07,0.23000000417232513,0.20999999344348907,0.23000000417232513,0.2199999988079071,64200,0.2199999988079071
2020-08-10,0.23000000417232513,0.20999999344348907,0.23000000417232513,0.20999999344348907,32500,0.20999999344348907
2020-08-11,0.23000000417232513,0.20999999344348907,0.23000000417232513,0.23000000417232513,16800,0.23000000417232513
2020-08-12,0.23000000417232513,0.23000000417232513,0.23000000417232513,0.23000000417232513,24300,0.23000000417232513
2020-08-13,0.23000000417232513,0.20999999344348907,0.2199999988079071,0.2199999988079071,56000,0.2199999988079071
2020-08-14,0.2199999988079071,0.20999999344348907,0.2199999988079071,0.20999999344348907,6000,0.20999999344348907
2020-08-17,0.23999999463558197,0.20999999344348907,0.2199999988079071,0.20999999344348907,125800,0.20999999344348907
2020-08-18,0.23999999463558197,0.2199999988079071,0.2199999988079071,0.23999999463558197,37400,0.23999999463558197
2020-08-19,0.2199999988079071,0.1899999976158142,0.20999999344348907,0.1899999976158142,27400,0.1899999976158142
2020-08-20,0.2199999988079071,0.20000000298023224,0.2199999988079071,0.20999999344348907,62700,0.20999999344348907
2020-08-21,0.1899999976158142,0.17000000178813934,0.1899999976158142,0.17000000178813934,107800,0.17000000178813934
2020-08-24,0.1899999976158142,0.1599999964237213,0.1599999964237213,0.17000000178813934,45300,0.17000000178813934
2020-08-25,0.1599999964237213,0.15000000596046448,0.15000000596046448,0.15000000596046448,19800,0.15000000596046448
2020-08-26,0.1599999964237213,0.14000000059604645,0.15000000596046448,0.15000000596046448,24400,0.15000000596046448
2020-08-27,0.17000000178813934,0.15000000596046448,0.15000000596046448,0.17000000178813934,17200,0.17000000178813934
2020-08-28,0.2199999988079071,0.1899999976158142,0.20999999344348907,0.2199999988079071,86100,0.2199999988079071
2020-08-31,0.2199999988079071,0.2199999988079071,0.2199999988079071,0.2199999988079071,57000,0.2199999988079071
2020-09-01,0.23999999463558197,0.2199999988079071,0.23999999463558197,0.2199999988079071,60700,0.2199999988079071
2020-09-02,0.23000000417232513,0.23000000417232513,0.23000000417232513,0.23000000417232513,2000,0.23000000417232513
2020-09-03,0.23000000417232513,0.2199999988079071,0.2199999988079071,0.2199999988079071,8300,0.2199999988079071
2020-09-04,0.23999999463558197,0.20000000298023224,0.20000000298023224,0.23999999463558197,74500,0.23999999463558197
2020-09-08,0.23999999463558197,0.20000000298023224,0.23999999463558197,0.2199999988079071,35600,0.2199999988079071
2020-09-09,0.20999999344348907,0.18000000715255737,0.20999999344348907,0.18000000715255737,10600,0.18000000715255737
2020-09-10,0.20000000298023224,0.1899999976158142,0.20000000298023224,0.1899999976158142,16100,0.1899999976158142
2020-09-11,0.2199999988079071,0.18000000715255737,0.1899999976158142,0.2199999988079071,32200,0.2199999988079071
2020-09-14,0.2199999988079071,0.2199999988079071,0.2199999988079071,0.2199999988079071,100,0.2199999988079071
2020-09-15,0.20999999344348907,0.20999999344348907,0.20999999344348907,0.20999999344348907,3800,0.20999999344348907
2020-09-16,0.2199999988079071,0.20000000298023224,0.20000000298023224,0.2199999988079071,8500,0.2199999988079071
2020-09-17,0.20999999344348907,0.20999999344348907,0.20999999344348907,0.20999999344348907,600,0.20999999344348907
2020-09-18,0.20999999344348907,0.20000000298023224,0.20000000298023224,0.20999999344348907,5400,0.20999999344348907
2020-09-21,0.20999999344348907,0.1899999976158142,0.20999999344348907,0.20000000298023224,6700,0.20000000298023224
2020-09-22,0.1899999976158142,0.1899999976158142,0.1899999976158142,0.1899999976158142,2600,0.1899999976158142
2020-09-23,0.1899999976158142,0.14000000059604645,0.18000000715255737,0.15000000596046448,97500,0.15000000596046448
2020-09-24,0.18000000715255737,0.1599999964237213,0.1599999964237213,0.18000000715255737,18400,0.18000000715255737
2020-09-25,0.1899999976158142,0.14000000059604645,0.1599999964237213,0.1899999976158142,42200,0.1899999976158142
2020-09-28,0.1899999976158142,0.17000000178813934,0.1899999976158142,0.18000000715255737,11400,0.18000000715255737
2020-09-29,0.18000000715255737,0.18000000715255737,0.18000000715255737,0.18000000715255737,0,0.18000000715255737
2020-09-30,0.1899999976158142,0.17000000178813934,0.1899999976158142,0.18000000715255737,2300,0.18000000715255737
2020-10-01,0.18000000715255737,0.1599999964237213,0.17000000178813934,0.18000000715255737,6000,0.18000000715255737
2020-10-02,0.18000000715255737,0.1599999964237213,0.1599999964237213,0.18000000715255737,19700,0.18000000715255737
2020-10-05,0.1899999976158142,0.18000000715255737,0.1899999976158142,0.18000000715255737,2000,0.18000000715255737
2020-10-06,0.1899999976158142,0.18000000715255737,0.18000000715255737,0.1899999976158142,5500,0.1899999976158142
2020-10-07,0.1899999976158142,0.17000000178813934,0.1899999976158142,0.1899999976158142,49200,0.1899999976158142
2020-10-08,0.1899999976158142,0.1599999964237213,0.18000000715255737,0.18000000715255737,2200,0.18000000715255737
2020-10-09,0.18000000715255737,0.18000000715255737,0.18000000715255737,0.18000000715255737,300,0.18000000715255737
2020-10-12,0.18000000715255737,0.18000000715255737,0.18000000715255737,0.18000000715255737,0,0.18000000715255737
2020-10-13,0.18000000715255737,0.18000000715255737,0.18000000715255737,0.18000000715255737,0,0.18000000715255737
2020-10-14,0.1899999976158142,0.18000000715255737,0.18000000715255737,0.1899999976158142,12000,0.1899999976158142
2020-10-15,0.1899999976158142,0.17000000178813934,0.17000000178813934,0.1899999976158142,18100,0.1899999976158142
2020-10-16,0.18000000715255737,0.18000000715255737,0.18000000715255737,0.18000000715255737,100,0.18000000715255737
2020-10-19,0.1599999964237213,0.1599999964237213,0.1599999964237213,0.1599999964237213,100,0.1599999964237213
2020-10-20,0.1899999976158142,0.18000000715255737,0.1899999976158142,0.18000000715255737,5200,0.18000000715255737
2020-10-21,0.18000000715255737,0.18000000715255737,0.18000000715255737,0.18000000715255737,0,0.18000000715255737
2020-10-22,0.18000000715255737,0.18000000715255737,0.18000000715255737,0.18000000715255737,600,0.18000000715255737
2020-10-23,0.18000000715255737,0.18000000715255737,0.18000000715255737,0.18000000715255737,0,0.18000000715255737
2020-10-26,0.18000000715255737,0.18000000715255737,0.18000000715255737,0.18000000715255737,0,0.18000000715255737
2020-10-27,0.18000000715255737,0.18000000715255737,0.18000000715255737,0.18000000715255737,0,0.18000000715255737
2020-10-28,0.17000000178813934,0.11999999731779099,0.1599999964237213,0.15000000596046448,57800,0.15000000596046448
2020-10-29,0.15000000596046448,0.14000000059604645,0.15000000596046448,0.14000000059604645,2000,0.14000000059604645
2020-10-30,0.14000000059604645,0.14000000059604645,0.14000000059604645,0.14000000059604645,500,0.14000000059604645
2020-11-02,0.1599999964237213,0.14000000059604645,0.1599999964237213,0.14000000059604645,26300,0.14000000059604645
2020-11-03,0.1899999976158142,0.1599999964237213,0.1899999976158142,0.1599999964237213,1400,0.1599999964237213
2020-11-04,0.1899999976158142,0.17000000178813934,0.1899999976158142,0.17000000178813934,20200,0.17000000178813934
2020-11-05,0.18000000715255737,0.17000000178813934,0.18000000715255737,0.17000000178813934,10200,0.17000000178813934
2020-11-06,0.20999999344348907,0.1599999964237213,0.1899999976158142,0.20000000298023224,20600,0.20000000298023224
2020-11-09,0.1899999976158142,0.18000000715255737,0.18000000715255737,0.1899999976158142,6600,0.1899999976158142
2020-11-10,0.20000000298023224,0.20000000298023224,0.20000000298023224,0.20000000298023224,400,0.20000000298023224
2020-11-11,0.20000000298023224,0.20000000298023224,0.20000000298023224,0.20000000298023224,0,0.20000000298023224
2020-11-12,0.1599999964237213,0.15000000596046448,0.15000000596046448,0.1599999964237213,6500,0.1599999964237213
2020-11-13,0.1899999976158142,0.18000000715255737,0.1899999976158142,0.18000000715255737,10700,0.18000000715255737
2020-11-16,0.1899999976158142,0.1599999964237213,0.1899999976158142,0.18000000715255737,13800,0.18000000715255737
2020-11-17,0.18000000715255737,0.18000000715255737,0.18000000715255737,0.18000000715255737,0,0.18000000715255737
2020-11-18,0.1599999964237213,0.14000000059604645,0.15000000596046448,0.1599999964237213,2500,0.1599999964237213
