Date,High,Low,Open,Close,Volume,Adj Close
2009-01-12,0.15000000596046448,0.15000000596046448,0.15000000596046448,0.15000000596046448,5448.0,0.15000000596046448
2009-01-16,0.03999999910593033,0.03999999910593033,0.03999999910593033,0.03999999910593033,6616.0,0.03999999910593033
2009-02-20,0.07999999821186066,0.07999999821186066,0.07999999821186066,0.07999999821186066,166.0,0.07999999821186066
2009-03-17,0.07999999821186066,0.07999999821186066,0.07999999821186066,0.07999999821186066,683.0,0.07999999821186066
2009-03-31,0.07999999821186066,0.07999999821186066,0.07999999821186066,0.07999999821186066,1104.0,0.07999999821186066
2009-04-08,0.07999999821186066,0.07999999821186066,0.07999999821186066,0.07999999821186066,6896.0,0.07999999821186066
2009-04-16,0.07999999821186066,0.07999999821186066,0.07999999821186066,0.07999999821186066,4999.0,0.07999999821186066
2009-04-20,0.07999999821186066,0.07999999821186066,0.07999999821186066,0.07999999821186066,326.0,0.07999999821186066
2009-05-19,0.07999999821186066,0.07999999821186066,0.07999999821186066,0.07999999821186066,110.0,0.07999999821186066
2009-05-22,0.07999999821186066,0.07999999821186066,0.07999999821186066,0.07999999821186066,1019.0,0.07999999821186066
2009-05-26,0.07999999821186066,0.07999999821186066,0.07999999821186066,0.07999999821186066,1000.0,0.07999999821186066
2009-05-28,0.07999999821186066,0.07999999821186066,0.07999999821186066,0.07999999821186066,500.0,0.07999999821186066
2009-06-05,0.07999999821186066,0.07999999821186066,0.07999999821186066,0.07999999821186066,113.0,0.07999999821186066
2009-06-11,0.07999999821186066,0.07999999821186066,0.07999999821186066,0.07999999821186066,1350.0,0.07999999821186066
2009-06-25,0.07999999821186066,0.07999999821186066,0.07999999821186066,0.07999999821186066,650.0,0.07999999821186066
2009-07-13,0.07999999821186066,0.07999999821186066,0.07999999821186066,0.07999999821186066,0.0,0.07999999821186066
2009-07-14,0.07999999821186066,0.07999999821186066,0.07999999821186066,0.07999999821186066,0.0,0.07999999821186066
2009-07-15,0.07999999821186066,0.07999999821186066,0.07999999821186066,0.07999999821186066,0.0,0.07999999821186066
2009-07-16,0.07999999821186066,0.07999999821186066,0.07999999821186066,0.07999999821186066,0.0,0.07999999821186066
2009-07-17,0.07999999821186066,0.07999999821186066,0.07999999821186066,0.07999999821186066,0.0,0.07999999821186066
2009-07-20,0.07999999821186066,0.07999999821186066,0.07999999821186066,0.07999999821186066,0.0,0.07999999821186066
2009-07-21,0.07999999821186066,0.07999999821186066,0.07999999821186066,0.07999999821186066,0.0,0.07999999821186066
2009-07-22,0.07999999821186066,0.07999999821186066,0.07999999821186066,0.07999999821186066,0.0,0.07999999821186066
2009-07-23,0.07999999821186066,0.07999999821186066,0.07999999821186066,0.07999999821186066,0.0,0.07999999821186066
2009-07-24,0.07999999821186066,0.07999999821186066,0.07999999821186066,0.07999999821186066,0.0,0.07999999821186066
2009-07-27,0.07999999821186066,0.07999999821186066,0.07999999821186066,0.07999999821186066,0.0,0.07999999821186066
2009-07-28,0.07999999821186066,0.07999999821186066,0.07999999821186066,0.07999999821186066,0.0,0.07999999821186066
2009-07-29,0.07999999821186066,0.07999999821186066,0.07999999821186066,0.07999999821186066,0.0,0.07999999821186066
2009-07-30,0.07999999821186066,0.07999999821186066,0.07999999821186066,0.07999999821186066,0.0,0.07999999821186066
2009-07-31,0.07999999821186066,0.07999999821186066,0.07999999821186066,0.07999999821186066,0.0,0.07999999821186066
2009-08-03,0.07999999821186066,0.07999999821186066,0.07999999821186066,0.07999999821186066,0.0,0.07999999821186066
2009-08-04,0.07999999821186066,0.07999999821186066,0.07999999821186066,0.07999999821186066,0.0,0.07999999821186066
2009-08-05,0.07999999821186066,0.07999999821186066,0.07999999821186066,0.07999999821186066,0.0,0.07999999821186066
2009-08-06,0.10000000149011612,0.10000000149011612,0.10000000149011612,0.10000000149011612,4571.0,0.10000000149011612
2009-08-07,0.10000000149011612,0.10000000149011612,0.10000000149011612,0.10000000149011612,0.0,0.10000000149011612
2009-08-10,0.10000000149011612,0.10000000149011612,0.10000000149011612,0.10000000149011612,0.0,0.10000000149011612
2009-08-11,0.10000000149011612,0.10000000149011612,0.10000000149011612,0.10000000149011612,0.0,0.10000000149011612
2009-08-12,0.10000000149011612,0.10000000149011612,0.10000000149011612,0.10000000149011612,0.0,0.10000000149011612
2009-08-13,0.10000000149011612,0.10000000149011612,0.10000000149011612,0.10000000149011612,0.0,0.10000000149011612
2009-08-14,0.10000000149011612,0.10000000149011612,0.10000000149011612,0.10000000149011612,0.0,0.10000000149011612
2009-08-17,0.10000000149011612,0.10000000149011612,0.10000000149011612,0.10000000149011612,0.0,0.10000000149011612
2009-08-18,0.10000000149011612,0.10000000149011612,0.10000000149011612,0.10000000149011612,0.0,0.10000000149011612
2009-08-19,0.10000000149011612,0.10000000149011612,0.10000000149011612,0.10000000149011612,0.0,0.10000000149011612
2009-08-20,0.10000000149011612,0.10000000149011612,0.10000000149011612,0.10000000149011612,333.0,0.10000000149011612
2009-08-21,0.10000000149011612,0.10000000149011612,0.10000000149011612,0.10000000149011612,0.0,0.10000000149011612
2009-08-24,0.10000000149011612,0.10000000149011612,0.10000000149011612,0.10000000149011612,0.0,0.10000000149011612
2009-08-25,0.10000000149011612,0.10000000149011612,0.10000000149011612,0.10000000149011612,0.0,0.10000000149011612
2009-08-26,0.10000000149011612,0.10000000149011612,0.10000000149011612,0.10000000149011612,0.0,0.10000000149011612
2009-08-27,0.10000000149011612,0.10000000149011612,0.10000000149011612,0.10000000149011612,0.0,0.10000000149011612
2009-08-28,0.10000000149011612,0.10000000149011612,0.10000000149011612,0.10000000149011612,0.0,0.10000000149011612
2009-08-31,0.10000000149011612,0.10000000149011612,0.10000000149011612,0.10000000149011612,0.0,0.10000000149011612
2009-09-01,0.10000000149011612,0.10000000149011612,0.10000000149011612,0.10000000149011612,0.0,0.10000000149011612
2009-09-02,0.10000000149011612,0.10000000149011612,0.10000000149011612,0.10000000149011612,0.0,0.10000000149011612
2009-09-03,0.10000000149011612,0.10000000149011612,0.10000000149011612,0.10000000149011612,0.0,0.10000000149011612
2009-09-04,0.15000000596046448,0.15000000596046448,0.15000000596046448,0.15000000596046448,416.0,0.15000000596046448
2009-09-15,0.10000000149011612,0.10000000149011612,0.10000000149011612,0.10000000149011612,158.0,0.10000000149011612
2009-09-18,0.11999999731779099,0.11999999731779099,0.11999999731779099,0.11999999731779099,1683.0,0.11999999731779099
2009-09-21,0.10000000149011612,0.10000000149011612,0.10000000149011612,0.10000000149011612,333.0,0.10000000149011612
2009-10-23,0.20000000298023224,0.20000000298023224,0.20000000298023224,0.20000000298023224,100.0,0.20000000298023224
2009-11-19,0.20000000298023224,0.20000000298023224,0.20000000298023224,0.20000000298023224,333.0,0.20000000298023224
2009-11-27,0.20000000298023224,0.20000000298023224,0.20000000298023224,0.20000000298023224,697.0,0.20000000298023224
2009-12-08,0.20000000298023224,0.20000000298023224,0.20000000298023224,0.20000000298023224,216.0,0.20000000298023224
2009-12-10,0.20000000298023224,0.20000000298023224,0.20000000298023224,0.20000000298023224,770.0,0.20000000298023224
2009-12-14,0.20000000298023224,0.20000000298023224,0.20000000298023224,0.20000000298023224,300.0,0.20000000298023224
2009-12-16,0.20000000298023224,0.20000000298023224,0.20000000298023224,0.20000000298023224,166.0,0.20000000298023224
2009-12-30,0.20000000298023224,0.20000000298023224,0.20000000298023224,0.20000000298023224,249.0,0.20000000298023224
2009-12-31,0.20000000298023224,0.20000000298023224,0.20000000298023224,0.20000000298023224,8670.0,0.20000000298023224
2010-02-17,0.20000000298023224,0.1599999964237213,0.20000000298023224,0.1599999964237213,3037.0,0.1599999964237213
2010-02-25,0.20000000298023224,0.15000000596046448,0.20000000298023224,0.15000000596046448,166.0,0.15000000596046448
2010-02-26,0.20000000298023224,0.15000000596046448,0.20000000298023224,0.15000000596046448,821.0,0.15000000596046448
2010-03-04,0.20000000298023224,0.15000000596046448,0.20000000298023224,0.15000000596046448,166.0,0.15000000596046448
2010-03-09,0.15000000596046448,0.15000000596046448,0.15000000596046448,0.15000000596046448,166.0,0.15000000596046448
2010-03-24,0.20000000298023224,0.15000000596046448,0.20000000298023224,0.15000000596046448,1099.0,0.15000000596046448
2010-06-01,0.20000000298023224,0.15000000596046448,0.20000000298023224,0.15000000596046448,200.0,0.15000000596046448
2010-06-09,0.20000000298023224,0.15000000596046448,0.20000000298023224,0.15000000596046448,166.0,0.15000000596046448
2010-06-28,0.20000000298023224,0.15000000596046448,0.20000000298023224,0.15000000596046448,100.0,0.15000000596046448
2010-06-29,0.15000000596046448,0.15000000596046448,0.15000000596046448,0.15000000596046448,100.0,0.15000000596046448
2010-07-29,0.15000000596046448,0.15000000596046448,0.15000000596046448,0.15000000596046448,2499.0,0.15000000596046448
2010-08-09,0.15000000596046448,0.15000000596046448,0.15000000596046448,0.15000000596046448,416.0,0.15000000596046448
2010-08-11,0.15000000596046448,0.15000000596046448,0.15000000596046448,0.15000000596046448,666.0,0.15000000596046448
2010-08-19,0.15000000596046448,0.15000000596046448,0.15000000596046448,0.15000000596046448,225.0,0.15000000596046448
2010-09-07,0.20000000298023224,0.15000000596046448,0.20000000298023224,0.15000000596046448,288.0,0.15000000596046448
2010-09-14,0.15000000596046448,0.15000000596046448,0.15000000596046448,0.15000000596046448,333.0,0.15000000596046448
2010-10-01,0.15000000596046448,0.15000000596046448,0.15000000596046448,0.15000000596046448,184.0,0.15000000596046448
2010-10-05,0.15000000596046448,0.15000000596046448,0.15000000596046448,0.15000000596046448,250.0,0.15000000596046448
2010-10-20,0.15000000596046448,0.15000000596046448,0.15000000596046448,0.15000000596046448,233.0,0.15000000596046448
2010-11-11,0.15000000596046448,0.15000000596046448,0.15000000596046448,0.15000000596046448,3000.0,0.15000000596046448
2010-12-01,0.05000000074505806,0.029999999329447746,0.05000000074505806,0.029999999329447746,20416.0,0.029999999329447746
2010-12-15,0.019999999552965164,0.019999999552965164,0.019999999552965164,0.019999999552965164,1947.0,0.019999999552965164
2010-12-20,0.019999999552965164,0.019999999552965164,0.019999999552965164,0.019999999552965164,125.0,0.019999999552965164
2010-12-23,0.019999999552965164,0.019999999552965164,0.019999999552965164,0.019999999552965164,584.0,0.019999999552965164
2010-12-29,0.019999999552965164,0.019999999552965164,0.019999999552965164,0.019999999552965164,834.0,0.019999999552965164
2010-12-31,0.019999999552965164,0.019999999552965164,0.019999999552965164,0.019999999552965164,166.0,0.019999999552965164
2011-02-25,0.017999999225139618,0.017999999225139618,0.017999999225139618,0.017999999225139618,166.0,0.017999999225139618
2011-03-07,0.009999999776482582,0.009999999776482582,0.009999999776482582,0.009999999776482582,250.0,0.009999999776482582
2011-03-10,0.017999999225139618,0.017999999225139618,0.017999999225139618,0.017999999225139618,333.0,0.017999999225139618
2011-03-31,0.01899999938905239,0.01899999938905239,0.01899999938905239,0.01899999938905239,5000.0,0.01899999938905239
2011-04-11,0.017999999225139618,0.017999999225139618,0.017999999225139618,0.017999999225139618,166.0,0.017999999225139618
2011-04-20,0.019999999552965164,0.019999999552965164,0.019999999552965164,0.019999999552965164,500.0,0.019999999552965164
2011-05-02,0.029999999329447746,0.029999999329447746,0.029999999329447746,0.029999999329447746,5000.0,0.029999999329447746
2011-05-03,0.041999999433755875,0.03999999910593033,0.03999999910593033,0.041999999433755875,15333.0,0.041999999433755875
2011-05-12,0.05000000074505806,0.05000000074505806,0.05000000074505806,0.05000000074505806,5000.0,0.05000000074505806
2011-06-01,0.052000001072883606,0.052000001072883606,0.052000001072883606,0.052000001072883606,3333.0,0.052000001072883606
2011-06-03,0.052000001072883606,0.052000001072883606,0.052000001072883606,0.052000001072883606,3333.0,0.052000001072883606
2011-06-14,0.052000001072883606,0.052000001072883606,0.052000001072883606,0.052000001072883606,3500.0,0.052000001072883606
2011-06-23,0.052000001072883606,0.052000001072883606,0.052000001072883606,0.052000001072883606,2950.0,0.052000001072883606
2011-08-05,0.052000001072883606,0.052000001072883606,0.052000001072883606,0.052000001072883606,166.0,0.052000001072883606
2011-08-09,0.052000001072883606,0.052000001072883606,0.052000001072883606,0.052000001072883606,2000.0,0.052000001072883606
2011-08-18,0.052000001072883606,0.052000001072883606,0.052000001072883606,0.052000001072883606,833.0,0.052000001072883606
2011-09-07,0.052000001072883606,0.052000001072883606,0.052000001072883606,0.052000001072883606,833.0,0.052000001072883606
2011-09-12,0.052000001072883606,0.052000001072883606,0.052000001072883606,0.052000001072883606,500.0,0.052000001072883606
2011-09-13,0.052000001072883606,0.052000001072883606,0.052000001072883606,0.052000001072883606,5000.0,0.052000001072883606
2011-09-26,0.052000001072883606,0.052000001072883606,0.052000001072883606,0.052000001072883606,833.0,0.052000001072883606
2011-09-27,0.052000001072883606,0.052000001072883606,0.052000001072883606,0.052000001072883606,424.0,0.052000001072883606
2011-09-28,0.052000001072883606,0.052000001072883606,0.052000001072883606,0.052000001072883606,166.0,0.052000001072883606
2011-11-17,0.052000001072883606,0.052000001072883606,0.052000001072883606,0.052000001072883606,0.0,0.052000001072883606
2011-11-18,0.052000001072883606,0.052000001072883606,0.052000001072883606,0.052000001072883606,0.0,0.052000001072883606
2011-11-21,0.052000001072883606,0.052000001072883606,0.052000001072883606,0.052000001072883606,0.0,0.052000001072883606
2011-11-22,0.029999999329447746,0.029999999329447746,0.029999999329447746,0.029999999329447746,5000.0,0.029999999329447746
2011-11-23,0.029999999329447746,0.029999999329447746,0.029999999329447746,0.029999999329447746,0.0,0.029999999329447746
2011-11-25,0.029999999329447746,0.029999999329447746,0.029999999329447746,0.029999999329447746,0.0,0.029999999329447746
2011-11-28,0.029999999329447746,0.029999999329447746,0.029999999329447746,0.029999999329447746,0.0,0.029999999329447746
2011-11-29,0.029999999329447746,0.029999999329447746,0.029999999329447746,0.029999999329447746,0.0,0.029999999329447746
2011-11-30,0.029999999329447746,0.029999999329447746,0.029999999329447746,0.029999999329447746,0.0,0.029999999329447746
2011-12-01,0.029999999329447746,0.029999999329447746,0.029999999329447746,0.029999999329447746,0.0,0.029999999329447746
2011-12-02,0.029999999329447746,0.029999999329447746,0.029999999329447746,0.029999999329447746,0.0,0.029999999329447746
2011-12-05,0.029999999329447746,0.029999999329447746,0.029999999329447746,0.029999999329447746,0.0,0.029999999329447746
2011-12-06,0.03999999910593033,0.03999999910593033,0.03999999910593033,0.03999999910593033,10200.0,0.03999999910593033
2011-12-07,0.03999999910593033,0.03999999910593033,0.03999999910593033,0.03999999910593033,0.0,0.03999999910593033
2011-12-08,0.03999999910593033,0.03999999910593033,0.03999999910593033,0.03999999910593033,13000.0,0.03999999910593033
2011-12-09,0.03999999910593033,0.03999999910593033,0.03999999910593033,0.03999999910593033,0.0,0.03999999910593033
2011-12-12,0.03999999910593033,0.03999999910593033,0.03999999910593033,0.03999999910593033,0.0,0.03999999910593033
2011-12-13,0.03999999910593033,0.03999999910593033,0.03999999910593033,0.03999999910593033,0.0,0.03999999910593033
2011-12-14,0.03999999910593033,0.03999999910593033,0.03999999910593033,0.03999999910593033,0.0,0.03999999910593033
2011-12-15,0.05000000074505806,0.05000000074505806,0.05000000074505806,0.05000000074505806,5000.0,0.05000000074505806
2011-12-16,0.05000000074505806,0.05000000074505806,0.05000000074505806,0.05000000074505806,0.0,0.05000000074505806
2011-12-19,0.05000000074505806,0.05000000074505806,0.05000000074505806,0.05000000074505806,0.0,0.05000000074505806
2011-12-20,0.05000000074505806,0.05000000074505806,0.05000000074505806,0.05000000074505806,0.0,0.05000000074505806
2011-12-21,0.05000000074505806,0.05000000074505806,0.05000000074505806,0.05000000074505806,0.0,0.05000000074505806
2011-12-22,0.05000000074505806,0.05000000074505806,0.05000000074505806,0.05000000074505806,0.0,0.05000000074505806
2011-12-23,0.05000000074505806,0.05000000074505806,0.05000000074505806,0.05000000074505806,0.0,0.05000000074505806
2011-12-27,0.05000000074505806,0.05000000074505806,0.05000000074505806,0.05000000074505806,0.0,0.05000000074505806
2011-12-28,0.05000000074505806,0.05000000074505806,0.05000000074505806,0.05000000074505806,0.0,0.05000000074505806
2011-12-29,0.05000000074505806,0.05000000074505806,0.05000000074505806,0.05000000074505806,0.0,0.05000000074505806
2011-12-30,0.05000000074505806,0.05000000074505806,0.05000000074505806,0.05000000074505806,0.0,0.05000000074505806
2012-01-03,0.05000000074505806,0.05000000074505806,0.05000000074505806,0.05000000074505806,0.0,0.05000000074505806
2012-01-04,0.05000000074505806,0.05000000074505806,0.05000000074505806,0.05000000074505806,0.0,0.05000000074505806
2012-01-05,0.05000000074505806,0.05000000074505806,0.05000000074505806,0.05000000074505806,0.0,0.05000000074505806
2012-01-06,0.05000000074505806,0.05000000074505806,0.05000000074505806,0.05000000074505806,0.0,0.05000000074505806
2012-01-09,0.05000000074505806,0.05000000074505806,0.05000000074505806,0.05000000074505806,0.0,0.05000000074505806
2012-01-10,0.019999999552965164,0.019999999552965164,0.019999999552965164,0.019999999552965164,2000.0,0.019999999552965164
2012-01-11,0.019999999552965164,0.019999999552965164,0.019999999552965164,0.019999999552965164,0.0,0.019999999552965164
2012-01-12,0.019999999552965164,0.019999999552965164,0.019999999552965164,0.019999999552965164,0.0,0.019999999552965164
2012-01-13,0.019999999552965164,0.019999999552965164,0.019999999552965164,0.019999999552965164,0.0,0.019999999552965164
2012-01-17,0.019999999552965164,0.019999999552965164,0.019999999552965164,0.019999999552965164,0.0,0.019999999552965164
2012-01-18,0.019999999552965164,0.019999999552965164,0.019999999552965164,0.019999999552965164,0.0,0.019999999552965164
2012-01-19,0.009999999776482582,0.009999999776482582,0.009999999776482582,0.009999999776482582,100.0,0.009999999776482582
2012-01-20,0.029999999329447746,0.029999999329447746,0.029999999329447746,0.029999999329447746,5000.0,0.029999999329447746
2012-01-23,0.029999999329447746,0.029999999329447746,0.029999999329447746,0.029999999329447746,0.0,0.029999999329447746
2012-01-24,0.029999999329447746,0.029999999329447746,0.029999999329447746,0.029999999329447746,0.0,0.029999999329447746
2012-01-25,0.029999999329447746,0.029999999329447746,0.029999999329447746,0.029999999329447746,0.0,0.029999999329447746
2012-01-26,0.019999999552965164,0.019999999552965164,0.019999999552965164,0.019999999552965164,366.0,0.019999999552965164
2012-01-27,0.019999999552965164,0.019999999552965164,0.019999999552965164,0.019999999552965164,0.0,0.019999999552965164
2012-01-30,0.019999999552965164,0.019999999552965164,0.019999999552965164,0.019999999552965164,0.0,0.019999999552965164
2012-01-31,0.019999999552965164,0.019999999552965164,0.019999999552965164,0.019999999552965164,0.0,0.019999999552965164
2012-02-01,0.019999999552965164,0.019999999552965164,0.019999999552965164,0.019999999552965164,0.0,0.019999999552965164
2012-02-02,0.019999999552965164,0.019999999552965164,0.019999999552965164,0.019999999552965164,0.0,0.019999999552965164
2012-02-03,0.019999999552965164,0.019999999552965164,0.019999999552965164,0.019999999552965164,0.0,0.019999999552965164
2012-02-06,0.019999999552965164,0.019999999552965164,0.019999999552965164,0.019999999552965164,0.0,0.019999999552965164
2012-02-07,0.019999999552965164,0.019999999552965164,0.019999999552965164,0.019999999552965164,166.0,0.019999999552965164
2012-02-08,0.019999999552965164,0.019999999552965164,0.019999999552965164,0.019999999552965164,0.0,0.019999999552965164
2012-02-09,0.019999999552965164,0.019999999552965164,0.019999999552965164,0.019999999552965164,0.0,0.019999999552965164
2012-02-10,0.019999999552965164,0.019999999552965164,0.019999999552965164,0.019999999552965164,0.0,0.019999999552965164
2012-02-13,0.019999999552965164,0.019999999552965164,0.019999999552965164,0.019999999552965164,0.0,0.019999999552965164
2012-02-14,0.019999999552965164,0.019999999552965164,0.019999999552965164,0.019999999552965164,0.0,0.019999999552965164
2012-02-15,0.019999999552965164,0.019999999552965164,0.019999999552965164,0.019999999552965164,0.0,0.019999999552965164
2012-02-16,0.019999999552965164,0.019999999552965164,0.019999999552965164,0.019999999552965164,0.0,0.019999999552965164
2012-02-17,0.019999999552965164,0.019999999552965164,0.019999999552965164,0.019999999552965164,0.0,0.019999999552965164
2012-02-21,0.019999999552965164,0.019999999552965164,0.019999999552965164,0.019999999552965164,0.0,0.019999999552965164
2012-02-22,0.019999999552965164,0.019999999552965164,0.019999999552965164,0.019999999552965164,0.0,0.019999999552965164
2012-02-23,0.019999999552965164,0.019999999552965164,0.019999999552965164,0.019999999552965164,0.0,0.019999999552965164
2012-02-24,0.019999999552965164,0.019999999552965164,0.019999999552965164,0.019999999552965164,0.0,0.019999999552965164
2012-02-27,0.019999999552965164,0.019999999552965164,0.019999999552965164,0.019999999552965164,0.0,0.019999999552965164
2012-02-28,0.019999999552965164,0.019999999552965164,0.019999999552965164,0.019999999552965164,0.0,0.019999999552965164
2012-02-29,0.019999999552965164,0.019999999552965164,0.019999999552965164,0.019999999552965164,0.0,0.019999999552965164
2012-03-01,0.019999999552965164,0.019999999552965164,0.019999999552965164,0.019999999552965164,0.0,0.019999999552965164
2012-03-02,0.019999999552965164,0.019999999552965164,0.019999999552965164,0.019999999552965164,0.0,0.019999999552965164
2012-03-05,0.019999999552965164,0.019999999552965164,0.019999999552965164,0.019999999552965164,0.0,0.019999999552965164
2012-03-06,0.019999999552965164,0.019999999552965164,0.019999999552965164,0.019999999552965164,0.0,0.019999999552965164
2012-03-07,0.019999999552965164,0.019999999552965164,0.019999999552965164,0.019999999552965164,5395.0,0.019999999552965164
2012-03-08,0.019999999552965164,0.019999999552965164,0.019999999552965164,0.019999999552965164,0.0,0.019999999552965164
2012-03-09,0.019999999552965164,0.019999999552965164,0.019999999552965164,0.019999999552965164,0.0,0.019999999552965164
2012-03-12,0.019999999552965164,0.019999999552965164,0.019999999552965164,0.019999999552965164,0.0,0.019999999552965164
2012-03-13,0.019999999552965164,0.019999999552965164,0.019999999552965164,0.019999999552965164,0.0,0.019999999552965164
2012-03-14,0.019999999552965164,0.019999999552965164,0.019999999552965164,0.019999999552965164,0.0,0.019999999552965164
2012-03-15,0.019999999552965164,0.019999999552965164,0.019999999552965164,0.019999999552965164,0.0,0.019999999552965164
2012-03-16,0.019999999552965164,0.019999999552965164,0.019999999552965164,0.019999999552965164,0.0,0.019999999552965164
2012-03-19,0.019999999552965164,0.019999999552965164,0.019999999552965164,0.019999999552965164,0.0,0.019999999552965164
2012-03-20,0.019999999552965164,0.019999999552965164,0.019999999552965164,0.019999999552965164,0.0,0.019999999552965164
2012-03-21,0.019999999552965164,0.019999999552965164,0.019999999552965164,0.019999999552965164,0.0,0.019999999552965164
2012-03-22,0.019999999552965164,0.019999999552965164,0.019999999552965164,0.019999999552965164,0.0,0.019999999552965164
2012-03-23,0.019999999552965164,0.019999999552965164,0.019999999552965164,0.019999999552965164,0.0,0.019999999552965164
2012-03-26,0.019999999552965164,0.019999999552965164,0.019999999552965164,0.019999999552965164,0.0,0.019999999552965164
2012-03-27,0.019999999552965164,0.019999999552965164,0.019999999552965164,0.019999999552965164,666.0,0.019999999552965164
2012-03-28,0.019999999552965164,0.019999999552965164,0.019999999552965164,0.019999999552965164,0.0,0.019999999552965164
2012-03-29,0.019999999552965164,0.019999999552965164,0.019999999552965164,0.019999999552965164,0.0,0.019999999552965164
2012-03-30,0.019999999552965164,0.019999999552965164,0.019999999552965164,0.019999999552965164,0.0,0.019999999552965164
2012-04-02,0.019999999552965164,0.019999999552965164,0.019999999552965164,0.019999999552965164,0.0,0.019999999552965164
2012-04-03,0.019999999552965164,0.019999999552965164,0.019999999552965164,0.019999999552965164,0.0,0.019999999552965164
2012-04-04,0.019999999552965164,0.019999999552965164,0.019999999552965164,0.019999999552965164,0.0,0.019999999552965164
2012-04-05,0.019999999552965164,0.019999999552965164,0.019999999552965164,0.019999999552965164,0.0,0.019999999552965164
2012-04-09,0.019999999552965164,0.019999999552965164,0.019999999552965164,0.019999999552965164,0.0,0.019999999552965164
2012-04-10,0.019999999552965164,0.019999999552965164,0.019999999552965164,0.019999999552965164,0.0,0.019999999552965164
2012-04-11,0.019999999552965164,0.019999999552965164,0.019999999552965164,0.019999999552965164,0.0,0.019999999552965164
2012-04-12,0.019999999552965164,0.019999999552965164,0.019999999552965164,0.019999999552965164,0.0,0.019999999552965164
2012-04-13,0.019999999552965164,0.019999999552965164,0.019999999552965164,0.019999999552965164,0.0,0.019999999552965164
2012-04-16,0.0020000000949949026,0.0020000000949949026,0.0020000000949949026,0.0020000000949949026,790.0,0.0020000000949949026
2012-04-17,0.0020000000949949026,0.0020000000949949026,0.0020000000949949026,0.0020000000949949026,0.0,0.0020000000949949026
2012-04-18,0.0020000000949949026,0.0020000000949949026,0.0020000000949949026,0.0020000000949949026,0.0,0.0020000000949949026
2012-04-19,0.0020000000949949026,0.0020000000949949026,0.0020000000949949026,0.0020000000949949026,166.0,0.0020000000949949026
2012-04-20,0.0020000000949949026,0.0020000000949949026,0.0020000000949949026,0.0020000000949949026,0.0,0.0020000000949949026
2012-04-23,0.0020000000949949026,0.0020000000949949026,0.0020000000949949026,0.0020000000949949026,0.0,0.0020000000949949026
2012-04-24,0.0020000000949949026,0.0020000000949949026,0.0020000000949949026,0.0020000000949949026,166.0,0.0020000000949949026
2012-04-25,0.0020000000949949026,0.0020000000949949026,0.0020000000949949026,0.0020000000949949026,0.0,0.0020000000949949026
2012-04-26,0.0020000000949949026,0.0020000000949949026,0.0020000000949949026,0.0020000000949949026,0.0,0.0020000000949949026
2012-04-27,0.0020000000949949026,0.0020000000949949026,0.0020000000949949026,0.0020000000949949026,0.0,0.0020000000949949026
2012-04-30,0.0020000000949949026,0.0020000000949949026,0.0020000000949949026,0.0020000000949949026,0.0,0.0020000000949949026
2012-05-01,0.0020000000949949026,0.0020000000949949026,0.0020000000949949026,0.0020000000949949026,0.0,0.0020000000949949026
2012-05-02,0.0020000000949949026,0.0020000000949949026,0.0020000000949949026,0.0020000000949949026,0.0,0.0020000000949949026
2012-05-03,0.0020000000949949026,0.0020000000949949026,0.0020000000949949026,0.0020000000949949026,0.0,0.0020000000949949026
2012-05-04,0.0020000000949949026,0.0020000000949949026,0.0020000000949949026,0.0020000000949949026,0.0,0.0020000000949949026
2012-05-07,0.0020000000949949026,0.0020000000949949026,0.0020000000949949026,0.0020000000949949026,0.0,0.0020000000949949026
2012-05-08,0.0020000000949949026,0.0020000000949949026,0.0020000000949949026,0.0020000000949949026,0.0,0.0020000000949949026
2012-05-09,0.0020000000949949026,0.0020000000949949026,0.0020000000949949026,0.0020000000949949026,0.0,0.0020000000949949026
2012-05-10,0.0020000000949949026,0.0020000000949949026,0.0020000000949949026,0.0020000000949949026,0.0,0.0020000000949949026
2012-05-11,0.0020000000949949026,0.0020000000949949026,0.0020000000949949026,0.0020000000949949026,0.0,0.0020000000949949026
2012-05-14,0.0020000000949949026,0.0020000000949949026,0.0020000000949949026,0.0020000000949949026,0.0,0.0020000000949949026
2012-05-15,0.0020000000949949026,0.0020000000949949026,0.0020000000949949026,0.0020000000949949026,0.0,0.0020000000949949026
2012-05-16,0.0020000000949949026,0.0020000000949949026,0.0020000000949949026,0.0020000000949949026,0.0,0.0020000000949949026
2012-05-17,0.0020000000949949026,0.0020000000949949026,0.0020000000949949026,0.0020000000949949026,0.0,0.0020000000949949026
2012-05-18,0.0020000000949949026,0.0020000000949949026,0.0020000000949949026,0.0020000000949949026,0.0,0.0020000000949949026
2012-05-21,0.0020000000949949026,0.0020000000949949026,0.0020000000949949026,0.0020000000949949026,0.0,0.0020000000949949026
2012-05-22,0.0020000000949949026,0.0020000000949949026,0.0020000000949949026,0.0020000000949949026,0.0,0.0020000000949949026
2012-05-23,0.0020000000949949026,0.0020000000949949026,0.0020000000949949026,0.0020000000949949026,0.0,0.0020000000949949026
2012-05-24,0.0020000000949949026,0.0020000000949949026,0.0020000000949949026,0.0020000000949949026,0.0,0.0020000000949949026
2012-05-25,0.0020000000949949026,0.0020000000949949026,0.0020000000949949026,0.0020000000949949026,0.0,0.0020000000949949026
2012-05-29,0.0020000000949949026,0.0020000000949949026,0.0020000000949949026,0.0020000000949949026,0.0,0.0020000000949949026
2012-05-30,0.0020000000949949026,0.0020000000949949026,0.0020000000949949026,0.0020000000949949026,0.0,0.0020000000949949026
2012-05-31,0.0020000000949949026,0.0020000000949949026,0.0020000000949949026,0.0020000000949949026,0.0,0.0020000000949949026
2012-06-01,0.0020000000949949026,0.0020000000949949026,0.0020000000949949026,0.0020000000949949026,0.0,0.0020000000949949026
2012-06-04,0.0020000000949949026,0.0020000000949949026,0.0020000000949949026,0.0020000000949949026,166.0,0.0020000000949949026
2012-06-05,0.0020000000949949026,0.0020000000949949026,0.0020000000949949026,0.0020000000949949026,0.0,0.0020000000949949026
2012-06-06,0.0020000000949949026,0.0020000000949949026,0.0020000000949949026,0.0020000000949949026,0.0,0.0020000000949949026
2012-06-07,0.0020000000949949026,0.0020000000949949026,0.0020000000949949026,0.0020000000949949026,0.0,0.0020000000949949026
2012-06-08,0.0020000000949949026,0.0020000000949949026,0.0020000000949949026,0.0020000000949949026,0.0,0.0020000000949949026
2012-06-11,0.0020000000949949026,0.0020000000949949026,0.0020000000949949026,0.0020000000949949026,0.0,0.0020000000949949026
2012-06-12,0.0020000000949949026,0.0020000000949949026,0.0020000000949949026,0.0020000000949949026,0.0,0.0020000000949949026
2012-06-13,0.0020000000949949026,0.0020000000949949026,0.0020000000949949026,0.0020000000949949026,0.0,0.0020000000949949026
2012-06-14,0.0020000000949949026,0.0020000000949949026,0.0020000000949949026,0.0020000000949949026,0.0,0.0020000000949949026
2012-06-15,0.0020000000949949026,0.0020000000949949026,0.0020000000949949026,0.0020000000949949026,0.0,0.0020000000949949026
2012-06-18,0.0020000000949949026,0.0020000000949949026,0.0020000000949949026,0.0020000000949949026,100.0,0.0020000000949949026
2012-06-19,0.0020000000949949026,0.0020000000949949026,0.0020000000949949026,0.0020000000949949026,0.0,0.0020000000949949026
2012-06-20,0.0020000000949949026,0.0020000000949949026,0.0020000000949949026,0.0020000000949949026,0.0,0.0020000000949949026
2012-06-21,0.0020000000949949026,0.0020000000949949026,0.0020000000949949026,0.0020000000949949026,0.0,0.0020000000949949026
2012-06-22,0.0020000000949949026,0.0020000000949949026,0.0020000000949949026,0.0020000000949949026,0.0,0.0020000000949949026
2012-06-25,0.0020000000949949026,0.0020000000949949026,0.0020000000949949026,0.0020000000949949026,0.0,0.0020000000949949026
2012-06-26,0.0020000000949949026,0.0020000000949949026,0.0020000000949949026,0.0020000000949949026,0.0,0.0020000000949949026
2012-06-27,0.0020000000949949026,0.0020000000949949026,0.0020000000949949026,0.0020000000949949026,0.0,0.0020000000949949026
2012-06-28,0.0020000000949949026,0.0020000000949949026,0.0020000000949949026,0.0020000000949949026,0.0,0.0020000000949949026
2012-06-29,0.0020000000949949026,0.0020000000949949026,0.0020000000949949026,0.0020000000949949026,0.0,0.0020000000949949026
2012-07-02,0.0020000000949949026,0.0020000000949949026,0.0020000000949949026,0.0020000000949949026,0.0,0.0020000000949949026
2012-07-03,0.0020000000949949026,0.0020000000949949026,0.0020000000949949026,0.0020000000949949026,0.0,0.0020000000949949026
2012-07-05,0.0020000000949949026,0.0020000000949949026,0.0020000000949949026,0.0020000000949949026,0.0,0.0020000000949949026
2012-07-06,0.0020000000949949026,0.0020000000949949026,0.0020000000949949026,0.0020000000949949026,0.0,0.0020000000949949026
2012-07-09,0.0020000000949949026,0.0020000000949949026,0.0020000000949949026,0.0020000000949949026,0.0,0.0020000000949949026
2012-07-10,0.0020000000949949026,0.0020000000949949026,0.0020000000949949026,0.0020000000949949026,0.0,0.0020000000949949026
2012-07-11,0.0020000000949949026,0.0020000000949949026,0.0020000000949949026,0.0020000000949949026,0.0,0.0020000000949949026
2012-07-12,0.0020000000949949026,0.0020000000949949026,0.0020000000949949026,0.0020000000949949026,0.0,0.0020000000949949026
2012-07-13,0.0020000000949949026,0.0020000000949949026,0.0020000000949949026,0.0020000000949949026,0.0,0.0020000000949949026
2012-07-16,0.0020000000949949026,0.0020000000949949026,0.0020000000949949026,0.0020000000949949026,0.0,0.0020000000949949026
2012-07-17,0.0020000000949949026,0.0020000000949949026,0.0020000000949949026,0.0020000000949949026,0.0,0.0020000000949949026
2012-07-18,0.0020000000949949026,0.0020000000949949026,0.0020000000949949026,0.0020000000949949026,0.0,0.0020000000949949026
2012-07-19,0.0020000000949949026,0.0020000000949949026,0.0020000000949949026,0.0020000000949949026,0.0,0.0020000000949949026
2012-07-20,0.0020000000949949026,0.0020000000949949026,0.0020000000949949026,0.0020000000949949026,0.0,0.0020000000949949026
2012-07-23,0.0020000000949949026,0.0020000000949949026,0.0020000000949949026,0.0020000000949949026,0.0,0.0020000000949949026
2012-07-24,0.0020000000949949026,0.0020000000949949026,0.0020000000949949026,0.0020000000949949026,0.0,0.0020000000949949026
2012-07-25,0.0020000000949949026,0.0020000000949949026,0.0020000000949949026,0.0020000000949949026,0.0,0.0020000000949949026
2012-07-26,0.0020000000949949026,0.0020000000949949026,0.0020000000949949026,0.0020000000949949026,0.0,0.0020000000949949026
2012-07-27,0.0020000000949949026,0.0020000000949949026,0.0020000000949949026,0.0020000000949949026,0.0,0.0020000000949949026
2012-07-30,0.0020000000949949026,0.0020000000949949026,0.0020000000949949026,0.0020000000949949026,0.0,0.0020000000949949026
2012-07-31,0.0020000000949949026,0.0020000000949949026,0.0020000000949949026,0.0020000000949949026,0.0,0.0020000000949949026
2012-08-01,0.0020000000949949026,0.0020000000949949026,0.0020000000949949026,0.0020000000949949026,11499.0,0.0020000000949949026
2012-08-02,0.0020000000949949026,0.0020000000949949026,0.0020000000949949026,0.0020000000949949026,0.0,0.0020000000949949026
2012-08-03,0.0020000000949949026,0.0020000000949949026,0.0020000000949949026,0.0020000000949949026,0.0,0.0020000000949949026
2012-08-06,0.0005000000237487257,0.0005000000237487257,0.0005000000237487257,0.0005000000237487257,183.0,0.0005000000237487257
2012-08-07,0.0005000000237487257,0.0005000000237487257,0.0005000000237487257,0.0005000000237487257,0.0,0.0005000000237487257
2012-08-08,0.0005000000237487257,0.0005000000237487257,0.0005000000237487257,0.0005000000237487257,0.0,0.0005000000237487257
2012-08-09,0.0005000000237487257,0.0005000000237487257,0.0005000000237487257,0.0005000000237487257,0.0,0.0005000000237487257
2012-08-10,0.0005000000237487257,0.0005000000237487257,0.0005000000237487257,0.0005000000237487257,0.0,0.0005000000237487257
2012-08-13,0.0005000000237487257,0.0005000000237487257,0.0005000000237487257,0.0005000000237487257,0.0,0.0005000000237487257
2012-08-14,0.0005000000237487257,0.0005000000237487257,0.0005000000237487257,0.0005000000237487257,0.0,0.0005000000237487257
2012-08-15,0.0005000000237487257,0.0005000000237487257,0.0005000000237487257,0.0005000000237487257,0.0,0.0005000000237487257
2012-08-16,0.0005000000237487257,0.0005000000237487257,0.0005000000237487257,0.0005000000237487257,0.0,0.0005000000237487257
2012-08-17,0.0005000000237487257,0.0005000000237487257,0.0005000000237487257,0.0005000000237487257,0.0,0.0005000000237487257
2012-08-20,0.0005000000237487257,0.0005000000237487257,0.0005000000237487257,0.0005000000237487257,0.0,0.0005000000237487257
2012-08-21,0.0005000000237487257,0.0005000000237487257,0.0005000000237487257,0.0005000000237487257,0.0,0.0005000000237487257
2012-08-22,0.0005000000237487257,0.0005000000237487257,0.0005000000237487257,0.0005000000237487257,0.0,0.0005000000237487257
2012-08-23,0.0005000000237487257,0.0005000000237487257,0.0005000000237487257,0.0005000000237487257,0.0,0.0005000000237487257
2012-08-24,0.0005000000237487257,0.0005000000237487257,0.0005000000237487257,0.0005000000237487257,0.0,0.0005000000237487257
2012-08-27,0.0005000000237487257,0.0005000000237487257,0.0005000000237487257,0.0005000000237487257,0.0,0.0005000000237487257
2012-08-28,0.0005000000237487257,0.0005000000237487257,0.0005000000237487257,0.0005000000237487257,0.0,0.0005000000237487257
2012-08-29,0.0005000000237487257,0.0005000000237487257,0.0005000000237487257,0.0005000000237487257,0.0,0.0005000000237487257
2012-08-30,0.0005000000237487257,0.0005000000237487257,0.0005000000237487257,0.0005000000237487257,0.0,0.0005000000237487257
2012-08-31,0.0005000000237487257,0.0005000000237487257,0.0005000000237487257,0.0005000000237487257,0.0,0.0005000000237487257
2012-09-04,0.0005000000237487257,0.0005000000237487257,0.0005000000237487257,0.0005000000237487257,0.0,0.0005000000237487257
2012-09-05,0.0005000000237487257,0.0005000000237487257,0.0005000000237487257,0.0005000000237487257,0.0,0.0005000000237487257
2012-09-06,0.0005000000237487257,0.0005000000237487257,0.0005000000237487257,0.0005000000237487257,0.0,0.0005000000237487257
2012-09-07,0.0005000000237487257,0.0005000000237487257,0.0005000000237487257,0.0005000000237487257,0.0,0.0005000000237487257
2012-09-10,0.0005000000237487257,0.0005000000237487257,0.0005000000237487257,0.0005000000237487257,0.0,0.0005000000237487257
2012-09-11,0.0005000000237487257,0.0005000000237487257,0.0005000000237487257,0.0005000000237487257,0.0,0.0005000000237487257
2012-09-12,0.0005000000237487257,0.0005000000237487257,0.0005000000237487257,0.0005000000237487257,0.0,0.0005000000237487257
2012-09-13,0.0005000000237487257,0.0005000000237487257,0.0005000000237487257,0.0005000000237487257,0.0,0.0005000000237487257
2012-09-14,0.0005000000237487257,0.0005000000237487257,0.0005000000237487257,0.0005000000237487257,0.0,0.0005000000237487257
2012-09-17,0.0005000000237487257,0.0005000000237487257,0.0005000000237487257,0.0005000000237487257,0.0,0.0005000000237487257
2012-09-18,0.0005000000237487257,0.0005000000237487257,0.0005000000237487257,0.0005000000237487257,0.0,0.0005000000237487257
2012-09-19,0.0005000000237487257,0.0005000000237487257,0.0005000000237487257,0.0005000000237487257,0.0,0.0005000000237487257
2012-09-20,0.0005000000237487257,0.0005000000237487257,0.0005000000237487257,0.0005000000237487257,0.0,0.0005000000237487257
2012-09-21,0.0005000000237487257,0.0005000000237487257,0.0005000000237487257,0.0005000000237487257,0.0,0.0005000000237487257
2012-09-24,0.0005000000237487257,0.0005000000237487257,0.0005000000237487257,0.0005000000237487257,0.0,0.0005000000237487257
2012-09-25,0.0005000000237487257,0.0005000000237487257,0.0005000000237487257,0.0005000000237487257,0.0,0.0005000000237487257
2012-09-26,0.0005000000237487257,0.0005000000237487257,0.0005000000237487257,0.0005000000237487257,0.0,0.0005000000237487257
2012-09-27,0.0005000000237487257,0.0005000000237487257,0.0005000000237487257,0.0005000000237487257,0.0,0.0005000000237487257
2012-09-28,0.0005000000237487257,0.0005000000237487257,0.0005000000237487257,0.0005000000237487257,0.0,0.0005000000237487257
2012-10-01,0.0005000000237487257,0.0005000000237487257,0.0005000000237487257,0.0005000000237487257,0.0,0.0005000000237487257
2012-10-02,0.0005000000237487257,0.0005000000237487257,0.0005000000237487257,0.0005000000237487257,0.0,0.0005000000237487257
2012-10-03,0.0005000000237487257,0.0005000000237487257,0.0005000000237487257,0.0005000000237487257,0.0,0.0005000000237487257
2012-10-04,0.002300000051036477,0.002300000051036477,0.002300000051036477,0.002300000051036477,166.0,0.002300000051036477
2012-10-05,0.002300000051036477,0.002300000051036477,0.002300000051036477,0.002300000051036477,0.0,0.002300000051036477
2012-10-08,0.002300000051036477,0.002300000051036477,0.002300000051036477,0.002300000051036477,0.0,0.002300000051036477
2012-10-09,0.002300000051036477,0.002300000051036477,0.002300000051036477,0.002300000051036477,0.0,0.002300000051036477
2012-10-10,0.002300000051036477,0.002300000051036477,0.002300000051036477,0.002300000051036477,0.0,0.002300000051036477
2012-10-11,0.002300000051036477,0.002300000051036477,0.002300000051036477,0.002300000051036477,0.0,0.002300000051036477
2012-10-12,0.002300000051036477,0.002300000051036477,0.002300000051036477,0.002300000051036477,0.0,0.002300000051036477
2012-10-15,0.002300000051036477,0.002300000051036477,0.002300000051036477,0.002300000051036477,0.0,0.002300000051036477
2012-10-16,0.002300000051036477,0.002300000051036477,0.002300000051036477,0.002300000051036477,0.0,0.002300000051036477
2012-10-17,0.002300000051036477,0.002300000051036477,0.002300000051036477,0.002300000051036477,0.0,0.002300000051036477
2012-10-18,0.002300000051036477,0.002300000051036477,0.002300000051036477,0.002300000051036477,0.0,0.002300000051036477
2012-10-19,0.002300000051036477,0.002300000051036477,0.002300000051036477,0.002300000051036477,0.0,0.002300000051036477
2012-10-22,0.002300000051036477,0.002300000051036477,0.002300000051036477,0.002300000051036477,0.0,0.002300000051036477
2012-10-23,0.002300000051036477,0.002300000051036477,0.002300000051036477,0.002300000051036477,0.0,0.002300000051036477
2012-10-24,0.002300000051036477,0.002300000051036477,0.002300000051036477,0.002300000051036477,0.0,0.002300000051036477
2012-10-25,0.002300000051036477,0.002300000051036477,0.002300000051036477,0.002300000051036477,0.0,0.002300000051036477
2012-10-26,0.002300000051036477,0.002300000051036477,0.002300000051036477,0.002300000051036477,0.0,0.002300000051036477
2012-10-31,0.002300000051036477,0.002300000051036477,0.002300000051036477,0.002300000051036477,0.0,0.002300000051036477
2012-11-01,0.002300000051036477,0.002300000051036477,0.002300000051036477,0.002300000051036477,0.0,0.002300000051036477
2012-11-02,0.002300000051036477,0.002300000051036477,0.002300000051036477,0.002300000051036477,0.0,0.002300000051036477
2012-11-05,0.002300000051036477,0.002300000051036477,0.002300000051036477,0.002300000051036477,0.0,0.002300000051036477
2012-11-06,0.002300000051036477,0.002300000051036477,0.002300000051036477,0.002300000051036477,0.0,0.002300000051036477
2012-11-07,0.002300000051036477,0.002300000051036477,0.002300000051036477,0.002300000051036477,0.0,0.002300000051036477
2012-11-08,0.002300000051036477,0.002300000051036477,0.002300000051036477,0.002300000051036477,0.0,0.002300000051036477
2012-11-09,0.002300000051036477,0.002300000051036477,0.002300000051036477,0.002300000051036477,0.0,0.002300000051036477
2012-11-12,0.002300000051036477,0.002300000051036477,0.002300000051036477,0.002300000051036477,0.0,0.002300000051036477
2012-11-13,0.002300000051036477,0.002300000051036477,0.002300000051036477,0.002300000051036477,166.0,0.002300000051036477
2012-11-14,0.002300000051036477,0.002300000051036477,0.002300000051036477,0.002300000051036477,0.0,0.002300000051036477
2012-11-15,0.002300000051036477,0.002300000051036477,0.002300000051036477,0.002300000051036477,0.0,0.002300000051036477
2012-11-16,0.002300000051036477,0.002300000051036477,0.002300000051036477,0.002300000051036477,0.0,0.002300000051036477
2012-11-19,0.002300000051036477,0.002300000051036477,0.002300000051036477,0.002300000051036477,0.0,0.002300000051036477
2012-11-20,0.002300000051036477,0.002300000051036477,0.002300000051036477,0.002300000051036477,300.0,0.002300000051036477
2012-11-21,0.002300000051036477,0.002300000051036477,0.002300000051036477,0.002300000051036477,0.0,0.002300000051036477
2012-11-23,0.002300000051036477,0.002300000051036477,0.002300000051036477,0.002300000051036477,0.0,0.002300000051036477
2012-11-26,0.002300000051036477,0.002300000051036477,0.002300000051036477,0.002300000051036477,0.0,0.002300000051036477
2012-11-27,0.002300000051036477,0.002300000051036477,0.002300000051036477,0.002300000051036477,0.0,0.002300000051036477
2012-11-28,0.002300000051036477,0.002300000051036477,0.002300000051036477,0.002300000051036477,0.0,0.002300000051036477
2012-11-29,0.002300000051036477,0.002300000051036477,0.002300000051036477,0.002300000051036477,0.0,0.002300000051036477
2012-11-30,0.002300000051036477,0.002300000051036477,0.002300000051036477,0.002300000051036477,0.0,0.002300000051036477
2012-12-03,0.002300000051036477,0.002300000051036477,0.002300000051036477,0.002300000051036477,0.0,0.002300000051036477
2012-12-04,0.002300000051036477,0.002300000051036477,0.002300000051036477,0.002300000051036477,0.0,0.002300000051036477
2012-12-05,0.002300000051036477,0.002300000051036477,0.002300000051036477,0.002300000051036477,0.0,0.002300000051036477
2012-12-06,0.002300000051036477,0.002300000051036477,0.002300000051036477,0.002300000051036477,0.0,0.002300000051036477
2012-12-07,0.002300000051036477,0.002300000051036477,0.002300000051036477,0.002300000051036477,0.0,0.002300000051036477
2012-12-10,0.002300000051036477,0.002300000051036477,0.002300000051036477,0.002300000051036477,0.0,0.002300000051036477
2012-12-11,0.002300000051036477,0.002300000051036477,0.002300000051036477,0.002300000051036477,0.0,0.002300000051036477
2012-12-12,0.002300000051036477,0.002300000051036477,0.002300000051036477,0.002300000051036477,0.0,0.002300000051036477
2012-12-13,0.002300000051036477,0.002300000051036477,0.002300000051036477,0.002300000051036477,0.0,0.002300000051036477
2012-12-14,0.002300000051036477,0.002300000051036477,0.002300000051036477,0.002300000051036477,0.0,0.002300000051036477
2012-12-17,0.002300000051036477,0.002300000051036477,0.002300000051036477,0.002300000051036477,0.0,0.002300000051036477
2012-12-18,0.002300000051036477,0.002300000051036477,0.002300000051036477,0.002300000051036477,0.0,0.002300000051036477
2012-12-19,0.002300000051036477,0.002300000051036477,0.002300000051036477,0.002300000051036477,3815.0,0.002300000051036477
2012-12-20,0.002300000051036477,0.002300000051036477,0.002300000051036477,0.002300000051036477,0.0,0.002300000051036477
2012-12-21,0.002300000051036477,0.002300000051036477,0.002300000051036477,0.002300000051036477,0.0,0.002300000051036477
2012-12-24,0.002300000051036477,0.002300000051036477,0.002300000051036477,0.002300000051036477,0.0,0.002300000051036477
2012-12-26,0.002300000051036477,0.002300000051036477,0.002300000051036477,0.002300000051036477,0.0,0.002300000051036477
2012-12-27,0.002300000051036477,0.002300000051036477,0.002300000051036477,0.002300000051036477,0.0,0.002300000051036477
2012-12-28,0.002300000051036477,0.002300000051036477,0.002300000051036477,0.002300000051036477,0.0,0.002300000051036477
2012-12-31,0.002300000051036477,0.002300000051036477,0.002300000051036477,0.002300000051036477,0.0,0.002300000051036477
2013-01-02,0.002300000051036477,0.002300000051036477,0.002300000051036477,0.002300000051036477,0.0,0.002300000051036477
2013-01-03,0.002300000051036477,0.002300000051036477,0.002300000051036477,0.002300000051036477,0.0,0.002300000051036477
2013-01-04,0.002300000051036477,0.002300000051036477,0.002300000051036477,0.002300000051036477,0.0,0.002300000051036477
2013-01-07,0.002300000051036477,0.002300000051036477,0.002300000051036477,0.002300000051036477,0.0,0.002300000051036477
2013-01-08,0.002300000051036477,0.002300000051036477,0.002300000051036477,0.002300000051036477,0.0,0.002300000051036477
2013-01-09,0.002300000051036477,0.002300000051036477,0.002300000051036477,0.002300000051036477,0.0,0.002300000051036477
2013-01-10,0.002300000051036477,0.002300000051036477,0.002300000051036477,0.002300000051036477,0.0,0.002300000051036477
2013-01-11,0.002300000051036477,0.002300000051036477,0.002300000051036477,0.002300000051036477,0.0,0.002300000051036477
2013-01-14,0.002300000051036477,0.002300000051036477,0.002300000051036477,0.002300000051036477,0.0,0.002300000051036477
2013-01-15,0.002300000051036477,0.002300000051036477,0.002300000051036477,0.002300000051036477,0.0,0.002300000051036477
2013-01-16,0.002300000051036477,0.002300000051036477,0.002300000051036477,0.002300000051036477,0.0,0.002300000051036477
2013-01-17,0.002300000051036477,0.002300000051036477,0.002300000051036477,0.002300000051036477,0.0,0.002300000051036477
2013-01-18,0.002300000051036477,0.002300000051036477,0.002300000051036477,0.002300000051036477,57825.0,0.002300000051036477
2013-01-22,0.002300000051036477,0.002300000051036477,0.002300000051036477,0.002300000051036477,0.0,0.002300000051036477
2013-01-23,0.002300000051036477,0.002300000051036477,0.002300000051036477,0.002300000051036477,3295.0,0.002300000051036477
2013-01-24,0.002300000051036477,0.002300000051036477,0.002300000051036477,0.002300000051036477,0.0,0.002300000051036477
2013-01-25,0.002300000051036477,0.002300000051036477,0.002300000051036477,0.002300000051036477,0.0,0.002300000051036477
2013-01-28,0.002300000051036477,0.002300000051036477,0.002300000051036477,0.002300000051036477,0.0,0.002300000051036477
2013-01-29,0.002300000051036477,0.002300000051036477,0.002300000051036477,0.002300000051036477,0.0,0.002300000051036477
2013-01-30,0.002300000051036477,0.002300000051036477,0.002300000051036477,0.002300000051036477,0.0,0.002300000051036477
2013-01-31,0.002300000051036477,0.002300000051036477,0.002300000051036477,0.002300000051036477,0.0,0.002300000051036477
2013-02-01,0.002300000051036477,0.002300000051036477,0.002300000051036477,0.002300000051036477,0.0,0.002300000051036477
2013-02-04,0.002300000051036477,0.002300000051036477,0.002300000051036477,0.002300000051036477,0.0,0.002300000051036477
2013-02-05,0.002300000051036477,0.002300000051036477,0.002300000051036477,0.002300000051036477,0.0,0.002300000051036477
2013-02-06,0.002300000051036477,0.002300000051036477,0.002300000051036477,0.002300000051036477,0.0,0.002300000051036477
2013-02-07,0.002300000051036477,0.002300000051036477,0.002300000051036477,0.002300000051036477,0.0,0.002300000051036477
2013-02-08,0.002300000051036477,0.002300000051036477,0.002300000051036477,0.002300000051036477,0.0,0.002300000051036477
2013-02-11,0.002300000051036477,0.002300000051036477,0.002300000051036477,0.002300000051036477,0.0,0.002300000051036477
2013-02-12,0.002300000051036477,0.002300000051036477,0.002300000051036477,0.002300000051036477,0.0,0.002300000051036477
2013-02-13,0.002300000051036477,0.002300000051036477,0.002300000051036477,0.002300000051036477,0.0,0.002300000051036477
2013-02-14,0.002300000051036477,0.002300000051036477,0.002300000051036477,0.002300000051036477,0.0,0.002300000051036477
2013-02-15,0.002300000051036477,0.002300000051036477,0.002300000051036477,0.002300000051036477,0.0,0.002300000051036477
2013-02-19,0.002300000051036477,0.002300000051036477,0.002300000051036477,0.002300000051036477,0.0,0.002300000051036477
2013-02-20,0.002300000051036477,0.002300000051036477,0.002300000051036477,0.002300000051036477,0.0,0.002300000051036477
2013-02-21,0.002300000051036477,0.002300000051036477,0.002300000051036477,0.002300000051036477,0.0,0.002300000051036477
2013-02-22,0.002300000051036477,0.002300000051036477,0.002300000051036477,0.002300000051036477,0.0,0.002300000051036477
2013-02-25,0.002300000051036477,0.002300000051036477,0.002300000051036477,0.002300000051036477,0.0,0.002300000051036477
2013-02-26,0.002300000051036477,0.002300000051036477,0.002300000051036477,0.002300000051036477,0.0,0.002300000051036477
2013-02-27,0.002300000051036477,0.002300000051036477,0.002300000051036477,0.002300000051036477,0.0,0.002300000051036477
2013-02-28,0.002300000051036477,0.002300000051036477,0.002300000051036477,0.002300000051036477,0.0,0.002300000051036477
2013-03-01,0.002300000051036477,0.002300000051036477,0.002300000051036477,0.002300000051036477,0.0,0.002300000051036477
2013-03-04,0.002300000051036477,0.002300000051036477,0.002300000051036477,0.002300000051036477,0.0,0.002300000051036477
2013-03-05,0.002300000051036477,0.002300000051036477,0.002300000051036477,0.002300000051036477,0.0,0.002300000051036477
2013-03-06,0.002300000051036477,0.002300000051036477,0.002300000051036477,0.002300000051036477,0.0,0.002300000051036477
2013-03-07,0.002300000051036477,0.002300000051036477,0.002300000051036477,0.002300000051036477,0.0,0.002300000051036477
2013-03-08,0.002300000051036477,0.002300000051036477,0.002300000051036477,0.002300000051036477,0.0,0.002300000051036477
2013-03-11,0.002300000051036477,0.002300000051036477,0.002300000051036477,0.002300000051036477,0.0,0.002300000051036477
2013-03-12,0.002300000051036477,0.002300000051036477,0.002300000051036477,0.002300000051036477,0.0,0.002300000051036477
2013-03-13,0.002300000051036477,0.002300000051036477,0.002300000051036477,0.002300000051036477,0.0,0.002300000051036477
2013-03-14,0.002300000051036477,0.002300000051036477,0.002300000051036477,0.002300000051036477,0.0,0.002300000051036477
2013-03-15,0.002300000051036477,0.002300000051036477,0.002300000051036477,0.002300000051036477,0.0,0.002300000051036477
2013-03-18,0.002300000051036477,0.002300000051036477,0.002300000051036477,0.002300000051036477,0.0,0.002300000051036477
2013-03-19,0.002300000051036477,0.002300000051036477,0.002300000051036477,0.002300000051036477,0.0,0.002300000051036477
2013-03-20,0.002300000051036477,0.002300000051036477,0.002300000051036477,0.002300000051036477,0.0,0.002300000051036477
2013-03-21,0.002300000051036477,0.002300000051036477,0.002300000051036477,0.002300000051036477,0.0,0.002300000051036477
2013-03-22,0.002300000051036477,0.002300000051036477,0.002300000051036477,0.002300000051036477,0.0,0.002300000051036477
2013-03-25,0.002300000051036477,0.002300000051036477,0.002300000051036477,0.002300000051036477,0.0,0.002300000051036477
2013-03-26,0.029999999329447746,0.029999999329447746,0.029999999329447746,0.029999999329447746,5000.0,0.029999999329447746
2013-03-27,0.029999999329447746,0.029999999329447746,0.029999999329447746,0.029999999329447746,0.0,0.029999999329447746
2013-03-28,0.029999999329447746,0.029999999329447746,0.029999999329447746,0.029999999329447746,0.0,0.029999999329447746
2013-04-01,0.029999999329447746,0.029999999329447746,0.029999999329447746,0.029999999329447746,0.0,0.029999999329447746
2013-04-02,0.029999999329447746,0.029999999329447746,0.029999999329447746,0.029999999329447746,0.0,0.029999999329447746
2013-04-03,0.019999999552965164,0.019999999552965164,0.019999999552965164,0.019999999552965164,866.0,0.019999999552965164
2013-04-04,0.019999999552965164,0.019999999552965164,0.019999999552965164,0.019999999552965164,0.0,0.019999999552965164
2013-04-05,0.019999999552965164,0.019999999552965164,0.019999999552965164,0.019999999552965164,0.0,0.019999999552965164
2013-04-08,0.019999999552965164,0.019999999552965164,0.019999999552965164,0.019999999552965164,0.0,0.019999999552965164
2013-04-09,0.019999999552965164,0.019999999552965164,0.019999999552965164,0.019999999552965164,0.0,0.019999999552965164
2013-04-10,0.019999999552965164,0.019999999552965164,0.019999999552965164,0.019999999552965164,0.0,0.019999999552965164
2013-04-11,0.019999999552965164,0.019999999552965164,0.019999999552965164,0.019999999552965164,10000.0,0.019999999552965164
2013-04-12,0.019999999552965164,0.019999999552965164,0.019999999552965164,0.019999999552965164,0.0,0.019999999552965164
2013-04-15,0.019999999552965164,0.019999999552965164,0.019999999552965164,0.019999999552965164,0.0,0.019999999552965164
2013-04-16,0.019999999552965164,0.019999999552965164,0.019999999552965164,0.019999999552965164,0.0,0.019999999552965164
2013-04-17,0.019999999552965164,0.019999999552965164,0.019999999552965164,0.019999999552965164,0.0,0.019999999552965164
2013-04-18,0.019999999552965164,0.019999999552965164,0.019999999552965164,0.019999999552965164,0.0,0.019999999552965164
2013-04-19,0.019999999552965164,0.019999999552965164,0.019999999552965164,0.019999999552965164,0.0,0.019999999552965164
2013-04-22,0.019999999552965164,0.019999999552965164,0.019999999552965164,0.019999999552965164,0.0,0.019999999552965164
2013-04-23,0.019999999552965164,0.019999999552965164,0.019999999552965164,0.019999999552965164,0.0,0.019999999552965164
2013-04-24,0.019999999552965164,0.019999999552965164,0.019999999552965164,0.019999999552965164,0.0,0.019999999552965164
2013-04-25,0.019999999552965164,0.019999999552965164,0.019999999552965164,0.019999999552965164,6333.0,0.019999999552965164
2013-04-26,0.019999999552965164,0.019999999552965164,0.019999999552965164,0.019999999552965164,0.0,0.019999999552965164
2013-04-29,0.019999999552965164,0.019999999552965164,0.019999999552965164,0.019999999552965164,0.0,0.019999999552965164
2013-04-30,0.019999999552965164,0.019999999552965164,0.019999999552965164,0.019999999552965164,0.0,0.019999999552965164
2013-05-01,0.019999999552965164,0.019999999552965164,0.019999999552965164,0.019999999552965164,118.0,0.019999999552965164
2013-05-02,0.019999999552965164,0.019999999552965164,0.019999999552965164,0.019999999552965164,0.0,0.019999999552965164
2013-05-03,0.019999999552965164,0.019999999552965164,0.019999999552965164,0.019999999552965164,0.0,0.019999999552965164
2013-05-06,0.019999999552965164,0.019999999552965164,0.019999999552965164,0.019999999552965164,0.0,0.019999999552965164
2013-05-07,0.019999999552965164,0.019999999552965164,0.019999999552965164,0.019999999552965164,0.0,0.019999999552965164
2013-05-08,0.019999999552965164,0.019999999552965164,0.019999999552965164,0.019999999552965164,0.0,0.019999999552965164
2013-05-09,0.019999999552965164,0.019999999552965164,0.019999999552965164,0.019999999552965164,0.0,0.019999999552965164
2013-05-10,0.019999999552965164,0.019999999552965164,0.019999999552965164,0.019999999552965164,0.0,0.019999999552965164
2013-05-13,0.019999999552965164,0.019999999552965164,0.019999999552965164,0.019999999552965164,0.0,0.019999999552965164
2013-05-14,0.019999999552965164,0.019999999552965164,0.019999999552965164,0.019999999552965164,0.0,0.019999999552965164
2013-05-15,0.019999999552965164,0.019999999552965164,0.019999999552965164,0.019999999552965164,0.0,0.019999999552965164
2013-05-16,0.019999999552965164,0.019999999552965164,0.019999999552965164,0.019999999552965164,0.0,0.019999999552965164
2013-05-17,0.019999999552965164,0.019999999552965164,0.019999999552965164,0.019999999552965164,0.0,0.019999999552965164
2013-05-20,0.019999999552965164,0.019999999552965164,0.019999999552965164,0.019999999552965164,0.0,0.019999999552965164
2013-05-21,0.019999999552965164,0.019999999552965164,0.019999999552965164,0.019999999552965164,0.0,0.019999999552965164
2013-05-22,0.019999999552965164,0.019999999552965164,0.019999999552965164,0.019999999552965164,0.0,0.019999999552965164
2013-05-23,0.019999999552965164,0.019999999552965164,0.019999999552965164,0.019999999552965164,0.0,0.019999999552965164
2013-05-24,0.019999999552965164,0.019999999552965164,0.019999999552965164,0.019999999552965164,0.0,0.019999999552965164
2013-05-28,0.019999999552965164,0.009999999776482582,0.019999999552965164,0.009999999776482582,20000.0,0.009999999776482582
2013-05-29,0.009999999776482582,0.009999999776482582,0.009999999776482582,0.009999999776482582,0.0,0.009999999776482582
2013-05-30,0.009999999776482582,0.009999999776482582,0.009999999776482582,0.009999999776482582,0.0,0.009999999776482582
2013-05-31,0.009999999776482582,0.009999999776482582,0.009999999776482582,0.009999999776482582,0.0,0.009999999776482582
2013-06-03,0.009999999776482582,0.009999999776482582,0.009999999776482582,0.009999999776482582,0.0,0.009999999776482582
2013-06-04,0.009999999776482582,0.009999999776482582,0.009999999776482582,0.009999999776482582,0.0,0.009999999776482582
2013-06-05,0.009999999776482582,0.009999999776482582,0.009999999776482582,0.009999999776482582,0.0,0.009999999776482582
2013-06-06,0.009999999776482582,0.009999999776482582,0.009999999776482582,0.009999999776482582,0.0,0.009999999776482582
2013-06-07,0.009999999776482582,0.009999999776482582,0.009999999776482582,0.009999999776482582,0.0,0.009999999776482582
2013-06-10,0.009999999776482582,0.009999999776482582,0.009999999776482582,0.009999999776482582,0.0,0.009999999776482582
2013-06-11,0.009999999776482582,0.009999999776482582,0.009999999776482582,0.009999999776482582,0.0,0.009999999776482582
2013-06-12,0.009999999776482582,0.009999999776482582,0.009999999776482582,0.009999999776482582,0.0,0.009999999776482582
2013-06-13,0.009999999776482582,0.009999999776482582,0.009999999776482582,0.009999999776482582,0.0,0.009999999776482582
2013-06-14,0.009999999776482582,0.009999999776482582,0.009999999776482582,0.009999999776482582,0.0,0.009999999776482582
2013-06-17,0.009999999776482582,0.00800000037997961,0.009999999776482582,0.00800000037997961,20000.0,0.00800000037997961
2013-06-18,0.03999999910593033,0.03999999910593033,0.03999999910593033,0.03999999910593033,10000.0,0.03999999910593033
2013-06-19,0.03999999910593033,0.03999999910593033,0.03999999910593033,0.03999999910593033,0.0,0.03999999910593033
2013-06-20,0.03999999910593033,0.03999999910593033,0.03999999910593033,0.03999999910593033,0.0,0.03999999910593033
2013-06-21,0.029999999329447746,0.0020000000949949026,0.0020000000949949026,0.029999999329447746,10216.0,0.029999999329447746
2013-06-24,0.029999999329447746,0.029999999329447746,0.029999999329447746,0.029999999329447746,0.0,0.029999999329447746
2013-06-25,0.029999999329447746,0.029999999329447746,0.029999999329447746,0.029999999329447746,0.0,0.029999999329447746
2013-06-26,0.029999999329447746,0.029999999329447746,0.029999999329447746,0.029999999329447746,10000.0,0.029999999329447746
2013-06-27,0.03999999910593033,0.03999999910593033,0.03999999910593033,0.03999999910593033,20000.0,0.03999999910593033
2013-06-28,0.03500000014901161,0.03500000014901161,0.03500000014901161,0.03500000014901161,9266.0,0.03500000014901161
2013-07-01,0.03500000014901161,0.03500000014901161,0.03500000014901161,0.03500000014901161,0.0,0.03500000014901161
2013-07-02,0.03500000014901161,0.03500000014901161,0.03500000014901161,0.03500000014901161,0.0,0.03500000014901161
2013-07-03,0.03500000014901161,0.03500000014901161,0.03500000014901161,0.03500000014901161,0.0,0.03500000014901161
2013-07-05,0.03500000014901161,0.03500000014901161,0.03500000014901161,0.03500000014901161,0.0,0.03500000014901161
2013-07-08,0.05000000074505806,0.05000000074505806,0.05000000074505806,0.05000000074505806,1484.0,0.05000000074505806
2013-07-09,0.05000000074505806,0.05000000074505806,0.05000000074505806,0.05000000074505806,0.0,0.05000000074505806
2013-07-10,0.05000000074505806,0.05000000074505806,0.05000000074505806,0.05000000074505806,0.0,0.05000000074505806
2013-07-11,0.05000000074505806,0.05000000074505806,0.05000000074505806,0.05000000074505806,0.0,0.05000000074505806
2013-07-12,0.05000000074505806,0.05000000074505806,0.05000000074505806,0.05000000074505806,0.0,0.05000000074505806
2013-07-15,0.05000000074505806,0.05000000074505806,0.05000000074505806,0.05000000074505806,0.0,0.05000000074505806
2013-07-16,0.05000000074505806,0.05000000074505806,0.05000000074505806,0.05000000074505806,0.0,0.05000000074505806
2013-07-17,0.05000000074505806,0.05000000074505806,0.05000000074505806,0.05000000074505806,0.0,0.05000000074505806
2013-07-18,0.05000000074505806,0.05000000074505806,0.05000000074505806,0.05000000074505806,10000.0,0.05000000074505806
2013-07-19,0.05000000074505806,0.05000000074505806,0.05000000074505806,0.05000000074505806,0.0,0.05000000074505806
2013-07-22,0.05000000074505806,0.05000000074505806,0.05000000074505806,0.05000000074505806,0.0,0.05000000074505806
2013-07-23,0.05000000074505806,0.05000000074505806,0.05000000074505806,0.05000000074505806,0.0,0.05000000074505806
2013-07-24,0.05000000074505806,0.05000000074505806,0.05000000074505806,0.05000000074505806,0.0,0.05000000074505806
2013-07-25,0.05000000074505806,0.05000000074505806,0.05000000074505806,0.05000000074505806,0.0,0.05000000074505806
2013-07-26,0.05000000074505806,0.05000000074505806,0.05000000074505806,0.05000000074505806,0.0,0.05000000074505806
2013-07-29,0.05000000074505806,0.05000000074505806,0.05000000074505806,0.05000000074505806,400.0,0.05000000074505806
2013-07-30,0.05000000074505806,0.05000000074505806,0.05000000074505806,0.05000000074505806,0.0,0.05000000074505806
2013-07-31,0.05000000074505806,0.05000000074505806,0.05000000074505806,0.05000000074505806,0.0,0.05000000074505806
2013-08-01,0.05000000074505806,0.05000000074505806,0.05000000074505806,0.05000000074505806,0.0,0.05000000074505806
2013-08-02,0.05000000074505806,0.05000000074505806,0.05000000074505806,0.05000000074505806,0.0,0.05000000074505806
2013-08-05,0.05000000074505806,0.05000000074505806,0.05000000074505806,0.05000000074505806,0.0,0.05000000074505806
2013-08-06,0.05000000074505806,0.05000000074505806,0.05000000074505806,0.05000000074505806,0.0,0.05000000074505806
2013-08-07,0.05000000074505806,0.05000000074505806,0.05000000074505806,0.05000000074505806,0.0,0.05000000074505806
2013-08-08,0.07000000029802322,0.07000000029802322,0.07000000029802322,0.07000000029802322,259.0,0.07000000029802322
2013-08-09,0.07000000029802322,0.07000000029802322,0.07000000029802322,0.07000000029802322,0.0,0.07000000029802322
2013-08-12,0.10000000149011612,0.10000000149011612,0.10000000149011612,0.10000000149011612,5000.0,0.10000000149011612
2013-08-13,0.10000000149011612,0.10000000149011612,0.10000000149011612,0.10000000149011612,0.0,0.10000000149011612
2013-08-14,0.10999999940395355,0.10999999940395355,0.10999999940395355,0.10999999940395355,748.0,0.10999999940395355
2013-08-15,0.10999999940395355,0.10999999940395355,0.10999999940395355,0.10999999940395355,0.0,0.10999999940395355
2013-08-16,0.10999999940395355,0.10999999940395355,0.10999999940395355,0.10999999940395355,0.0,0.10999999940395355
2013-08-19,0.10999999940395355,0.10999999940395355,0.10999999940395355,0.10999999940395355,0.0,0.10999999940395355
2013-08-20,0.10999999940395355,0.10999999940395355,0.10999999940395355,0.10999999940395355,0.0,0.10999999940395355
2013-08-21,0.10999999940395355,0.10999999940395355,0.10999999940395355,0.10999999940395355,0.0,0.10999999940395355
2013-08-22,0.10999999940395355,0.10999999940395355,0.10999999940395355,0.10999999940395355,0.0,0.10999999940395355
2013-08-23,0.10999999940395355,0.10999999940395355,0.10999999940395355,0.10999999940395355,0.0,0.10999999940395355
2013-08-26,0.10999999940395355,0.10999999940395355,0.10999999940395355,0.10999999940395355,0.0,0.10999999940395355
2013-08-27,0.10999999940395355,0.10999999940395355,0.10999999940395355,0.10999999940395355,0.0,0.10999999940395355
2013-08-28,0.10999999940395355,0.10999999940395355,0.10999999940395355,0.10999999940395355,0.0,0.10999999940395355
2013-08-29,0.15000000596046448,0.15000000596046448,0.15000000596046448,0.15000000596046448,10000.0,0.15000000596046448
2013-08-30,0.20000000298023224,0.20000000298023224,0.20000000298023224,0.20000000298023224,2500.0,0.20000000298023224
2013-09-03,0.20000000298023224,0.20000000298023224,0.20000000298023224,0.20000000298023224,0.0,0.20000000298023224
2013-09-04,0.20000000298023224,0.20000000298023224,0.20000000298023224,0.20000000298023224,0.0,0.20000000298023224
2013-09-05,0.4000000059604645,0.4000000059604645,0.4000000059604645,0.4000000059604645,2500.0,0.4000000059604645
2013-09-06,0.44999998807907104,0.4000000059604645,0.44999998807907104,0.4000000059604645,3260.0,0.4000000059604645
2013-09-09,0.4000000059604645,0.4000000059604645,0.4000000059604645,0.4000000059604645,0.0,0.4000000059604645
2013-09-10,0.4000000059604645,0.4000000059604645,0.4000000059604645,0.4000000059604645,0.0,0.4000000059604645
2013-09-11,0.4000000059604645,0.4000000059604645,0.4000000059604645,0.4000000059604645,0.0,0.4000000059604645
2013-09-12,0.4000000059604645,0.4000000059604645,0.4000000059604645,0.4000000059604645,0.0,0.4000000059604645
2013-09-13,0.4000000059604645,0.4000000059604645,0.4000000059604645,0.4000000059604645,0.0,0.4000000059604645
2013-09-16,0.4000000059604645,0.4000000059604645,0.4000000059604645,0.4000000059604645,0.0,0.4000000059604645
2013-09-17,0.4000000059604645,0.4000000059604645,0.4000000059604645,0.4000000059604645,0.0,0.4000000059604645
2013-09-18,0.4000000059604645,0.4000000059604645,0.4000000059604645,0.4000000059604645,0.0,0.4000000059604645
2013-09-19,0.4000000059604645,0.4000000059604645,0.4000000059604645,0.4000000059604645,0.0,0.4000000059604645
2013-09-20,0.4000000059604645,0.4000000059604645,0.4000000059604645,0.4000000059604645,0.0,0.4000000059604645
2013-09-23,0.4000000059604645,0.4000000059604645,0.4000000059604645,0.4000000059604645,0.0,0.4000000059604645
2013-09-24,0.4000000059604645,0.4000000059604645,0.4000000059604645,0.4000000059604645,0.0,0.4000000059604645
2013-09-25,0.15000000596046448,0.15000000596046448,0.15000000596046448,0.15000000596046448,260.0,0.15000000596046448
2013-09-26,0.15000000596046448,0.15000000596046448,0.15000000596046448,0.15000000596046448,0.0,0.15000000596046448
2013-09-27,0.15000000596046448,0.15000000596046448,0.15000000596046448,0.15000000596046448,0.0,0.15000000596046448
2013-09-30,0.15000000596046448,0.15000000596046448,0.15000000596046448,0.15000000596046448,0.0,0.15000000596046448
2013-10-01,0.15000000596046448,0.15000000596046448,0.15000000596046448,0.15000000596046448,0.0,0.15000000596046448
2013-10-02,0.15000000596046448,0.15000000596046448,0.15000000596046448,0.15000000596046448,0.0,0.15000000596046448
2013-10-03,0.15000000596046448,0.15000000596046448,0.15000000596046448,0.15000000596046448,0.0,0.15000000596046448
2013-10-04,0.15000000596046448,0.15000000596046448,0.15000000596046448,0.15000000596046448,0.0,0.15000000596046448
2013-10-07,0.15000000596046448,0.15000000596046448,0.15000000596046448,0.15000000596046448,0.0,0.15000000596046448
2013-10-08,0.10000000149011612,0.10000000149011612,0.10000000149011612,0.10000000149011612,333.0,0.10000000149011612
2013-10-09,0.10000000149011612,0.10000000149011612,0.10000000149011612,0.10000000149011612,0.0,0.10000000149011612
2013-10-10,0.10000000149011612,0.10000000149011612,0.10000000149011612,0.10000000149011612,0.0,0.10000000149011612
2013-10-11,0.10000000149011612,0.10000000149011612,0.10000000149011612,0.10000000149011612,0.0,0.10000000149011612
2013-10-14,0.10999999940395355,0.10999999940395355,0.10999999940395355,0.10999999940395355,2140.0,0.10999999940395355
2013-10-15,0.09000000357627869,0.09000000357627869,0.09000000357627869,0.09000000357627869,441.0,0.09000000357627869
2013-10-16,0.09000000357627869,0.09000000357627869,0.09000000357627869,0.09000000357627869,166.0,0.09000000357627869
2013-10-17,0.10000000149011612,0.10000000149011612,0.10000000149011612,0.10000000149011612,382.0,0.10000000149011612
2013-10-18,0.10000000149011612,0.10000000149011612,0.10000000149011612,0.10000000149011612,0.0,0.10000000149011612
2013-10-21,0.15000000596046448,0.15000000596046448,0.15000000596046448,0.15000000596046448,5000.0,0.15000000596046448
2013-10-22,0.15000000596046448,0.15000000596046448,0.15000000596046448,0.15000000596046448,0.0,0.15000000596046448
2013-10-23,0.15000000596046448,0.15000000596046448,0.15000000596046448,0.15000000596046448,0.0,0.15000000596046448
2013-10-24,0.15000000596046448,0.15000000596046448,0.15000000596046448,0.15000000596046448,0.0,0.15000000596046448
2013-10-25,0.15000000596046448,0.15000000596046448,0.15000000596046448,0.15000000596046448,0.0,0.15000000596046448
2013-10-28,0.15000000596046448,0.15000000596046448,0.15000000596046448,0.15000000596046448,0.0,0.15000000596046448
2013-10-29,0.15000000596046448,0.15000000596046448,0.15000000596046448,0.15000000596046448,0.0,0.15000000596046448
2013-10-30,0.15000000596046448,0.15000000596046448,0.15000000596046448,0.15000000596046448,0.0,0.15000000596046448
2013-10-31,0.15000000596046448,0.15000000596046448,0.15000000596046448,0.15000000596046448,0.0,0.15000000596046448
2013-11-01,0.15000000596046448,0.15000000596046448,0.15000000596046448,0.15000000596046448,0.0,0.15000000596046448
2013-11-04,0.15000000596046448,0.15000000596046448,0.15000000596046448,0.15000000596046448,333.0,0.15000000596046448
2013-11-05,0.15000000596046448,0.15000000596046448,0.15000000596046448,0.15000000596046448,0.0,0.15000000596046448
2013-11-06,0.20000000298023224,0.20000000298023224,0.20000000298023224,0.20000000298023224,7500.0,0.20000000298023224
2013-11-07,0.20000000298023224,0.20000000298023224,0.20000000298023224,0.20000000298023224,0.0,0.20000000298023224
2013-11-08,0.20000000298023224,0.20000000298023224,0.20000000298023224,0.20000000298023224,0.0,0.20000000298023224
2013-11-11,0.20000000298023224,0.20000000298023224,0.20000000298023224,0.20000000298023224,0.0,0.20000000298023224
2013-11-12,0.20000000298023224,0.20000000298023224,0.20000000298023224,0.20000000298023224,0.0,0.20000000298023224
2013-11-13,0.20000000298023224,0.20000000298023224,0.20000000298023224,0.20000000298023224,0.0,0.20000000298023224
2013-11-14,0.20000000298023224,0.20000000298023224,0.20000000298023224,0.20000000298023224,0.0,0.20000000298023224
2013-11-15,0.20000000298023224,0.20000000298023224,0.20000000298023224,0.20000000298023224,666.0,0.20000000298023224
2013-11-18,0.20000000298023224,0.20000000298023224,0.20000000298023224,0.20000000298023224,0.0,0.20000000298023224
2013-11-19,0.20000000298023224,0.20000000298023224,0.20000000298023224,0.20000000298023224,0.0,0.20000000298023224
2013-11-20,0.20000000298023224,0.20000000298023224,0.20000000298023224,0.20000000298023224,20000.0,0.20000000298023224
2013-11-21,0.20000000298023224,0.20000000298023224,0.20000000298023224,0.20000000298023224,0.0,0.20000000298023224
2013-11-22,0.20000000298023224,0.20000000298023224,0.20000000298023224,0.20000000298023224,12500.0,0.20000000298023224
2013-11-25,0.20000000298023224,0.20000000298023224,0.20000000298023224,0.20000000298023224,0.0,0.20000000298023224
2013-11-26,0.20000000298023224,0.20000000298023224,0.20000000298023224,0.20000000298023224,0.0,0.20000000298023224
2013-11-27,0.20000000298023224,0.20000000298023224,0.20000000298023224,0.20000000298023224,0.0,0.20000000298023224
2013-11-29,0.20000000298023224,0.20000000298023224,0.20000000298023224,0.20000000298023224,0.0,0.20000000298023224
2013-12-02,0.20000000298023224,0.15000000596046448,0.20000000298023224,0.15000000596046448,14525.0,0.15000000596046448
2013-12-03,0.15000000596046448,0.15000000596046448,0.15000000596046448,0.15000000596046448,0.0,0.15000000596046448
2013-12-04,0.15000000596046448,0.15000000596046448,0.15000000596046448,0.15000000596046448,0.0,0.15000000596046448
2013-12-05,0.15000000596046448,0.15000000596046448,0.15000000596046448,0.15000000596046448,0.0,0.15000000596046448
2013-12-06,0.15000000596046448,0.15000000596046448,0.15000000596046448,0.15000000596046448,812.0,0.15000000596046448
2013-12-09,0.15000000596046448,0.15000000596046448,0.15000000596046448,0.15000000596046448,0.0,0.15000000596046448
2013-12-10,0.20000000298023224,0.15000000596046448,0.20000000298023224,0.15000000596046448,20113.0,0.15000000596046448
2013-12-11,0.15000000596046448,0.15000000596046448,0.15000000596046448,0.15000000596046448,0.0,0.15000000596046448
2013-12-12,0.20000000298023224,0.20000000298023224,0.20000000298023224,0.20000000298023224,2500.0,0.20000000298023224
2013-12-13,0.20000000298023224,0.20000000298023224,0.20000000298023224,0.20000000298023224,2500.0,0.20000000298023224
2013-12-16,0.20000000298023224,0.20000000298023224,0.20000000298023224,0.20000000298023224,0.0,0.20000000298023224
2013-12-17,0.20000000298023224,0.20000000298023224,0.20000000298023224,0.20000000298023224,0.0,0.20000000298023224
2013-12-18,0.20000000298023224,0.20000000298023224,0.20000000298023224,0.20000000298023224,0.0,0.20000000298023224
2013-12-19,0.20000000298023224,0.20000000298023224,0.20000000298023224,0.20000000298023224,0.0,0.20000000298023224
2013-12-20,0.20000000298023224,0.20000000298023224,0.20000000298023224,0.20000000298023224,0.0,0.20000000298023224
2013-12-23,0.20000000298023224,0.20000000298023224,0.20000000298023224,0.20000000298023224,0.0,0.20000000298023224
2013-12-24,0.20000000298023224,0.20000000298023224,0.20000000298023224,0.20000000298023224,0.0,0.20000000298023224
2013-12-26,0.20000000298023224,0.20000000298023224,0.20000000298023224,0.20000000298023224,0.0,0.20000000298023224
2013-12-27,0.20000000298023224,0.20000000298023224,0.20000000298023224,0.20000000298023224,0.0,0.20000000298023224
2013-12-30,0.15000000596046448,0.15000000596046448,0.15000000596046448,0.15000000596046448,8004.0,0.15000000596046448
2013-12-31,0.15000000596046448,0.15000000596046448,0.15000000596046448,0.15000000596046448,0.0,0.15000000596046448
2014-01-02,0.15000000596046448,0.15000000596046448,0.15000000596046448,0.15000000596046448,0.0,0.15000000596046448
2014-01-03,0.15000000596046448,0.15000000596046448,0.15000000596046448,0.15000000596046448,0.0,0.15000000596046448
2014-01-06,0.20000000298023224,0.20000000298023224,0.20000000298023224,0.20000000298023224,12500.0,0.20000000298023224
2014-01-07,0.20000000298023224,0.20000000298023224,0.20000000298023224,0.20000000298023224,0.0,0.20000000298023224
2014-01-08,0.20000000298023224,0.20000000298023224,0.20000000298023224,0.20000000298023224,0.0,0.20000000298023224
2014-01-09,0.20000000298023224,0.15000000596046448,0.20000000298023224,0.20000000298023224,16100.0,0.20000000298023224
2014-01-10,0.20000000298023224,0.20000000298023224,0.20000000298023224,0.20000000298023224,2732.0,0.20000000298023224
2014-01-13,0.20000000298023224,0.20000000298023224,0.20000000298023224,0.20000000298023224,0.0,0.20000000298023224
2014-01-14,0.20000000298023224,0.20000000298023224,0.20000000298023224,0.20000000298023224,0.0,0.20000000298023224
2014-01-15,0.20000000298023224,0.20000000298023224,0.20000000298023224,0.20000000298023224,0.0,0.20000000298023224
2014-01-16,0.20000000298023224,0.20000000298023224,0.20000000298023224,0.20000000298023224,0.0,0.20000000298023224
2014-01-17,0.20000000298023224,0.20000000298023224,0.20000000298023224,0.20000000298023224,0.0,0.20000000298023224
2014-01-21,0.20000000298023224,0.20000000298023224,0.20000000298023224,0.20000000298023224,0.0,0.20000000298023224
2014-01-22,0.20000000298023224,0.20000000298023224,0.20000000298023224,0.20000000298023224,0.0,0.20000000298023224
2014-01-23,0.20000000298023224,0.20000000298023224,0.20000000298023224,0.20000000298023224,0.0,0.20000000298023224
2014-01-24,0.25,0.25,0.25,0.25,2500.0,0.25
2014-01-27,0.25,0.25,0.25,0.25,0.0,0.25
2014-01-28,0.25,0.25,0.25,0.25,0.0,0.25
2014-01-29,0.25,0.25,0.25,0.25,0.0,0.25
2014-01-30,0.25,0.25,0.25,0.25,2500.0,0.25
2014-01-31,0.25,0.25,0.25,0.25,0.0,0.25
2014-02-03,0.25,0.25,0.25,0.25,2500.0,0.25
2014-02-04,0.25,0.25,0.25,0.25,2500.0,0.25
2014-02-05,0.25,0.25,0.25,0.25,20329.0,0.25
2014-02-06,0.25,0.25,0.25,0.25,0.0,0.25
2014-02-07,0.25,0.25,0.25,0.25,0.0,0.25
2014-02-10,0.2199999988079071,0.2199999988079071,0.2199999988079071,0.2199999988079071,1100.0,0.2199999988079071
2014-02-11,0.2199999988079071,0.2199999988079071,0.2199999988079071,0.2199999988079071,0.0,0.2199999988079071
2014-02-12,0.25,0.2199999988079071,0.2199999988079071,0.25,1063.0,0.25
2014-02-13,0.25999999046325684,0.25999999046325684,0.25999999046325684,0.25999999046325684,2000.0,0.25999999046325684
2014-02-14,0.25999999046325684,0.25999999046325684,0.25999999046325684,0.25999999046325684,0.0,0.25999999046325684
2014-02-18,0.25,0.25,0.25,0.25,3000.0,0.25
2014-02-19,0.25,0.25,0.25,0.25,0.0,0.25
2014-02-20,0.25,0.25,0.25,0.25,0.0,0.25
2014-02-21,0.25,0.2199999988079071,0.2199999988079071,0.25,2633.0,0.25
2014-02-24,0.25,0.25,0.25,0.25,0.0,0.25
2014-02-25,0.25,0.25,0.25,0.25,0.0,0.25
2014-02-26,0.25,0.25,0.25,0.25,0.0,0.25
2014-02-27,0.25,0.25,0.25,0.25,0.0,0.25
2014-02-28,0.25,0.25,0.25,0.25,0.0,0.25
2014-03-03,0.25,0.25,0.25,0.25,2500.0,0.25
2014-03-04,0.25,0.25,0.25,0.25,0.0,0.25
2014-03-05,0.25,0.2199999988079071,0.2199999988079071,0.25,3333.0,0.25
2014-03-06,0.25,0.25,0.25,0.25,0.0,0.25
2014-03-07,0.25,0.25,0.25,0.25,0.0,0.25
2014-03-10,0.25,0.25,0.25,0.25,0.0,0.25
2014-03-11,0.25,0.25,0.25,0.25,0.0,0.25
2014-03-12,0.25,0.25,0.25,0.25,0.0,0.25
2014-03-13,0.25,0.25,0.25,0.25,0.0,0.25
2014-03-14,0.25,0.25,0.25,0.25,0.0,0.25
2014-03-17,0.25,0.25,0.25,0.25,0.0,0.25
2014-03-18,0.25,0.25,0.25,0.25,0.0,0.25
2014-03-19,0.25,0.25,0.25,0.25,0.0,0.25
2014-03-20,0.25,0.25,0.25,0.25,0.0,0.25
2014-03-21,0.25,0.2199999988079071,0.2199999988079071,0.25,7541.0,0.25
2014-03-24,0.2199999988079071,0.2199999988079071,0.2199999988079071,0.2199999988079071,133.0,0.2199999988079071
2014-03-25,0.2199999988079071,0.2199999988079071,0.2199999988079071,0.2199999988079071,0.0,0.2199999988079071
2014-03-26,0.2199999988079071,0.2199999988079071,0.2199999988079071,0.2199999988079071,0.0,0.2199999988079071
2014-03-27,0.2199999988079071,0.2199999988079071,0.2199999988079071,0.2199999988079071,0.0,0.2199999988079071
2014-03-28,0.2199999988079071,0.2199999988079071,0.2199999988079071,0.2199999988079071,0.0,0.2199999988079071
2014-03-31,0.25,0.23000000417232513,0.25,0.23000000417232513,2785.0,0.23000000417232513
2014-04-01,0.23000000417232513,0.23000000417232513,0.23000000417232513,0.23000000417232513,0.0,0.23000000417232513
2014-04-02,0.23000000417232513,0.23000000417232513,0.23000000417232513,0.23000000417232513,0.0,0.23000000417232513
2014-04-03,0.23000000417232513,0.23000000417232513,0.23000000417232513,0.23000000417232513,0.0,0.23000000417232513
2014-04-04,0.23000000417232513,0.23000000417232513,0.23000000417232513,0.23000000417232513,0.0,0.23000000417232513
2014-04-07,0.23000000417232513,0.23000000417232513,0.23000000417232513,0.23000000417232513,0.0,0.23000000417232513
2014-04-08,0.25,0.25,0.25,0.25,2500.0,0.25
2014-04-09,0.25,0.25,0.25,0.25,0.0,0.25
2014-04-10,0.25,0.25,0.25,0.25,0.0,0.25
2014-04-11,0.25,0.25,0.25,0.25,0.0,0.25
2014-04-14,0.25,0.25,0.25,0.25,0.0,0.25
2014-04-15,0.25,0.25,0.25,0.25,0.0,0.25
2014-04-16,0.25,0.25,0.25,0.25,0.0,0.25
2014-04-17,0.25,0.25,0.25,0.25,0.0,0.25
2014-04-21,0.25,0.25,0.25,0.25,2500.0,0.25
2014-04-22,0.25,0.25,0.25,0.25,0.0,0.25
2014-04-23,0.25,0.25,0.25,0.25,0.0,0.25
2014-04-24,0.25,0.25,0.25,0.25,0.0,0.25
2014-04-25,0.25,0.25,0.25,0.25,0.0,0.25
2014-04-28,0.25,0.25,0.25,0.25,0.0,0.25
2014-04-29,0.25,0.25,0.25,0.25,0.0,0.25
2014-04-30,0.25,0.25,0.25,0.25,0.0,0.25
2014-05-01,0.25,0.25,0.25,0.25,0.0,0.25
2014-05-02,0.25,0.25,0.25,0.25,0.0,0.25
2014-05-05,0.25,0.25,0.25,0.25,0.0,0.25
2014-05-06,0.25,0.25,0.25,0.25,0.0,0.25
2014-05-07,0.25,0.25,0.25,0.25,0.0,0.25
2014-05-08,0.25,0.25,0.25,0.25,0.0,0.25
2014-05-09,0.25,0.25,0.25,0.25,0.0,0.25
2014-05-12,0.25,0.25,0.25,0.25,0.0,0.25
2014-05-13,0.25,0.25,0.25,0.25,0.0,0.25
2014-05-14,0.25,0.25,0.25,0.25,0.0,0.25
2014-05-15,0.23000000417232513,0.10000000149011612,0.23000000417232513,0.20000000298023224,19166.0,0.20000000298023224
2014-05-16,0.20000000298023224,0.20000000298023224,0.20000000298023224,0.20000000298023224,0.0,0.20000000298023224
2014-05-19,0.20000000298023224,0.20000000298023224,0.20000000298023224,0.20000000298023224,0.0,0.20000000298023224
2014-05-20,0.20000000298023224,0.20000000298023224,0.20000000298023224,0.20000000298023224,0.0,0.20000000298023224
2014-05-21,0.20000000298023224,0.20000000298023224,0.20000000298023224,0.20000000298023224,0.0,0.20000000298023224
2014-05-22,0.20000000298023224,0.20000000298023224,0.20000000298023224,0.20000000298023224,0.0,0.20000000298023224
2014-05-23,0.20000000298023224,0.20000000298023224,0.20000000298023224,0.20000000298023224,0.0,0.20000000298023224
2014-05-27,0.20000000298023224,0.20000000298023224,0.20000000298023224,0.20000000298023224,0.0,0.20000000298023224
2014-05-28,0.20000000298023224,0.20000000298023224,0.20000000298023224,0.20000000298023224,0.0,0.20000000298023224
2014-05-29,0.20000000298023224,0.20000000298023224,0.20000000298023224,0.20000000298023224,0.0,0.20000000298023224
2014-05-30,0.20000000298023224,0.20000000298023224,0.20000000298023224,0.20000000298023224,0.0,0.20000000298023224
2014-06-02,0.20000000298023224,0.20000000298023224,0.20000000298023224,0.20000000298023224,2483.0,0.20000000298023224
2014-06-03,0.20000000298023224,0.20000000298023224,0.20000000298023224,0.20000000298023224,0.0,0.20000000298023224
2014-06-04,0.20000000298023224,0.20000000298023224,0.20000000298023224,0.20000000298023224,0.0,0.20000000298023224
2014-06-05,0.20000000298023224,0.20000000298023224,0.20000000298023224,0.20000000298023224,0.0,0.20000000298023224
2014-06-06,0.20000000298023224,0.20000000298023224,0.20000000298023224,0.20000000298023224,0.0,0.20000000298023224
2014-06-09,0.20000000298023224,0.20000000298023224,0.20000000298023224,0.20000000298023224,0.0,0.20000000298023224
2014-06-10,0.20000000298023224,0.20000000298023224,0.20000000298023224,0.20000000298023224,0.0,0.20000000298023224
2014-06-11,0.20000000298023224,0.20000000298023224,0.20000000298023224,0.20000000298023224,0.0,0.20000000298023224
2014-06-12,0.20000000298023224,0.20000000298023224,0.20000000298023224,0.20000000298023224,0.0,0.20000000298023224
2014-06-13,0.20000000298023224,0.20000000298023224,0.20000000298023224,0.20000000298023224,0.0,0.20000000298023224
2014-06-16,0.20000000298023224,0.20000000298023224,0.20000000298023224,0.20000000298023224,0.0,0.20000000298023224
2014-06-17,0.20000000298023224,0.20000000298023224,0.20000000298023224,0.20000000298023224,0.0,0.20000000298023224
2014-06-18,0.20000000298023224,0.20000000298023224,0.20000000298023224,0.20000000298023224,0.0,0.20000000298023224
2014-06-19,0.20000000298023224,0.20000000298023224,0.20000000298023224,0.20000000298023224,0.0,0.20000000298023224
2014-06-20,0.20000000298023224,0.20000000298023224,0.20000000298023224,0.20000000298023224,0.0,0.20000000298023224
2014-06-23,0.20000000298023224,0.20000000298023224,0.20000000298023224,0.20000000298023224,0.0,0.20000000298023224
2014-06-24,0.20000000298023224,0.20000000298023224,0.20000000298023224,0.20000000298023224,0.0,0.20000000298023224
2014-06-25,0.20000000298023224,0.20000000298023224,0.20000000298023224,0.20000000298023224,0.0,0.20000000298023224
2014-06-26,0.20000000298023224,0.20000000298023224,0.20000000298023224,0.20000000298023224,0.0,0.20000000298023224
2014-06-27,0.12999999523162842,0.12999999523162842,0.12999999523162842,0.12999999523162842,333.0,0.12999999523162842
2014-06-30,0.20000000298023224,0.20000000298023224,0.20000000298023224,0.20000000298023224,2500.0,0.20000000298023224
2014-07-01,0.20000000298023224,0.20000000298023224,0.20000000298023224,0.20000000298023224,0.0,0.20000000298023224
2014-07-02,0.20000000298023224,0.20000000298023224,0.20000000298023224,0.20000000298023224,0.0,0.20000000298023224
2014-07-03,0.20000000298023224,0.20000000298023224,0.20000000298023224,0.20000000298023224,0.0,0.20000000298023224
2014-07-07,0.20000000298023224,0.20000000298023224,0.20000000298023224,0.20000000298023224,0.0,0.20000000298023224
2014-07-08,0.20000000298023224,0.20000000298023224,0.20000000298023224,0.20000000298023224,0.0,0.20000000298023224
2014-07-09,0.20000000298023224,0.20000000298023224,0.20000000298023224,0.20000000298023224,1900.0,0.20000000298023224
2014-07-10,0.20000000298023224,0.20000000298023224,0.20000000298023224,0.20000000298023224,0.0,0.20000000298023224
2014-07-11,0.20000000298023224,0.20000000298023224,0.20000000298023224,0.20000000298023224,0.0,0.20000000298023224
2014-07-14,0.20000000298023224,0.15000000596046448,0.15000000596046448,0.20000000298023224,3200.0,0.20000000298023224
2014-07-15,0.20000000298023224,0.20000000298023224,0.20000000298023224,0.20000000298023224,0.0,0.20000000298023224
2014-07-16,0.20000000298023224,0.15000000596046448,0.15000000596046448,0.20000000298023224,916.0,0.20000000298023224
2014-07-17,0.20000000298023224,0.20000000298023224,0.20000000298023224,0.20000000298023224,0.0,0.20000000298023224
2014-07-18,0.20000000298023224,0.20000000298023224,0.20000000298023224,0.20000000298023224,0.0,0.20000000298023224
2014-07-21,0.20000000298023224,0.20000000298023224,0.20000000298023224,0.20000000298023224,0.0,0.20000000298023224
2014-07-22,0.20000000298023224,0.20000000298023224,0.20000000298023224,0.20000000298023224,0.0,0.20000000298023224
2014-07-23,0.20000000298023224,0.20000000298023224,0.20000000298023224,0.20000000298023224,0.0,0.20000000298023224
2014-07-24,0.20000000298023224,0.20000000298023224,0.20000000298023224,0.20000000298023224,0.0,0.20000000298023224
2014-07-25,0.20000000298023224,0.20000000298023224,0.20000000298023224,0.20000000298023224,0.0,0.20000000298023224
2014-07-28,0.20000000298023224,0.20000000298023224,0.20000000298023224,0.20000000298023224,0.0,0.20000000298023224
2014-07-29,0.20000000298023224,0.20000000298023224,0.20000000298023224,0.20000000298023224,0.0,0.20000000298023224
2014-07-30,0.20000000298023224,0.20000000298023224,0.20000000298023224,0.20000000298023224,0.0,0.20000000298023224
2014-07-31,0.20000000298023224,0.20000000298023224,0.20000000298023224,0.20000000298023224,0.0,0.20000000298023224
2014-08-01,0.20000000298023224,0.20000000298023224,0.20000000298023224,0.20000000298023224,0.0,0.20000000298023224
2014-08-04,0.20000000298023224,0.20000000298023224,0.20000000298023224,0.20000000298023224,0.0,0.20000000298023224
2014-08-05,0.20000000298023224,0.20000000298023224,0.20000000298023224,0.20000000298023224,0.0,0.20000000298023224
2014-08-06,0.20000000298023224,0.20000000298023224,0.20000000298023224,0.20000000298023224,2500.0,0.20000000298023224
2014-08-07,0.23000000417232513,0.23000000417232513,0.23000000417232513,0.23000000417232513,1000.0,0.23000000417232513
2014-08-08,0.23000000417232513,0.23000000417232513,0.23000000417232513,0.23000000417232513,0.0,0.23000000417232513
2014-08-11,0.23000000417232513,0.23000000417232513,0.23000000417232513,0.23000000417232513,0.0,0.23000000417232513
2014-08-12,0.23000000417232513,0.23000000417232513,0.23000000417232513,0.23000000417232513,0.0,0.23000000417232513
2014-08-13,0.23000000417232513,0.23000000417232513,0.23000000417232513,0.23000000417232513,0.0,0.23000000417232513
2014-08-14,0.23000000417232513,0.23000000417232513,0.23000000417232513,0.23000000417232513,0.0,0.23000000417232513
2014-08-15,0.23000000417232513,0.23000000417232513,0.23000000417232513,0.23000000417232513,0.0,0.23000000417232513
2014-08-18,0.23000000417232513,0.23000000417232513,0.23000000417232513,0.23000000417232513,0.0,0.23000000417232513
2014-08-19,0.23000000417232513,0.23000000417232513,0.23000000417232513,0.23000000417232513,0.0,0.23000000417232513
2014-08-20,0.23000000417232513,0.23000000417232513,0.23000000417232513,0.23000000417232513,0.0,0.23000000417232513
2014-08-21,0.23000000417232513,0.23000000417232513,0.23000000417232513,0.23000000417232513,0.0,0.23000000417232513
2014-08-22,0.23000000417232513,0.23000000417232513,0.23000000417232513,0.23000000417232513,0.0,0.23000000417232513
2014-08-25,0.23000000417232513,0.23000000417232513,0.23000000417232513,0.23000000417232513,0.0,0.23000000417232513
2014-08-26,0.23000000417232513,0.23000000417232513,0.23000000417232513,0.23000000417232513,0.0,0.23000000417232513
2014-08-27,0.23000000417232513,0.23000000417232513,0.23000000417232513,0.23000000417232513,0.0,0.23000000417232513
2014-08-28,0.23000000417232513,0.23000000417232513,0.23000000417232513,0.23000000417232513,0.0,0.23000000417232513
2014-08-29,0.23000000417232513,0.23000000417232513,0.23000000417232513,0.23000000417232513,0.0,0.23000000417232513
2014-09-02,0.23000000417232513,0.23000000417232513,0.23000000417232513,0.23000000417232513,0.0,0.23000000417232513
2014-09-03,0.25,0.15000000596046448,0.15000000596046448,0.25,4888.0,0.25
2014-09-04,0.25,0.25,0.25,0.25,0.0,0.25
2014-09-05,0.25,0.25,0.25,0.25,0.0,0.25
2014-09-08,0.25,0.25,0.25,0.25,0.0,0.25
2014-09-09,0.25,0.25,0.25,0.25,0.0,0.25
2014-09-10,0.25,0.25,0.25,0.25,0.0,0.25
2014-09-11,0.30000001192092896,0.15000000596046448,0.15000000596046448,0.30000001192092896,683.0,0.30000001192092896
2014-09-12,0.30000001192092896,0.30000001192092896,0.30000001192092896,0.30000001192092896,0.0,0.30000001192092896
2014-09-15,0.30000001192092896,0.30000001192092896,0.30000001192092896,0.30000001192092896,0.0,0.30000001192092896
2014-09-16,0.30000001192092896,0.30000001192092896,0.30000001192092896,0.30000001192092896,0.0,0.30000001192092896
2014-09-17,0.15000000596046448,0.15000000596046448,0.15000000596046448,0.15000000596046448,7000.0,0.15000000596046448
2014-09-18,0.20000000298023224,0.20000000298023224,0.20000000298023224,0.20000000298023224,1000.0,0.20000000298023224
2014-09-19,0.20000000298023224,0.20000000298023224,0.20000000298023224,0.20000000298023224,0.0,0.20000000298023224
2014-09-22,0.20000000298023224,0.20000000298023224,0.20000000298023224,0.20000000298023224,0.0,0.20000000298023224
2014-09-23,0.20000000298023224,0.20000000298023224,0.20000000298023224,0.20000000298023224,0.0,0.20000000298023224
2014-09-24,0.20000000298023224,0.20000000298023224,0.20000000298023224,0.20000000298023224,0.0,0.20000000298023224
2014-09-25,0.20000000298023224,0.20000000298023224,0.20000000298023224,0.20000000298023224,0.0,0.20000000298023224
2014-09-26,0.20000000298023224,0.20000000298023224,0.20000000298023224,0.20000000298023224,0.0,0.20000000298023224
2014-09-29,0.20000000298023224,0.20000000298023224,0.20000000298023224,0.20000000298023224,0.0,0.20000000298023224
2014-09-30,0.20000000298023224,0.20000000298023224,0.20000000298023224,0.20000000298023224,0.0,0.20000000298023224
2014-10-01,0.20000000298023224,0.20000000298023224,0.20000000298023224,0.20000000298023224,0.0,0.20000000298023224
2014-10-02,0.20000000298023224,0.20000000298023224,0.20000000298023224,0.20000000298023224,0.0,0.20000000298023224
2014-10-03,0.20000000298023224,0.20000000298023224,0.20000000298023224,0.20000000298023224,0.0,0.20000000298023224
2014-10-06,0.15000000596046448,0.10000000149011612,0.10999999940395355,0.15000000596046448,5421.0,0.15000000596046448
2014-10-07,0.15000000596046448,0.15000000596046448,0.15000000596046448,0.15000000596046448,0.0,0.15000000596046448
2014-10-08,0.14000000059604645,0.10999999940395355,0.11999999731779099,0.14000000059604645,7033.0,0.14000000059604645
2014-10-09,0.14000000059604645,0.14000000059604645,0.14000000059604645,0.14000000059604645,0.0,0.14000000059604645
2014-10-10,0.14000000059604645,0.14000000059604645,0.14000000059604645,0.14000000059604645,0.0,0.14000000059604645
2014-10-13,0.14000000059604645,0.14000000059604645,0.14000000059604645,0.14000000059604645,0.0,0.14000000059604645
2014-10-14,0.14000000059604645,0.14000000059604645,0.14000000059604645,0.14000000059604645,0.0,0.14000000059604645
2014-10-15,0.14000000059604645,0.14000000059604645,0.14000000059604645,0.14000000059604645,0.0,0.14000000059604645
2014-10-16,0.14000000059604645,0.14000000059604645,0.14000000059604645,0.14000000059604645,0.0,0.14000000059604645
2014-10-17,0.14000000059604645,0.14000000059604645,0.14000000059604645,0.14000000059604645,0.0,0.14000000059604645
2014-10-20,0.14000000059604645,0.14000000059604645,0.14000000059604645,0.14000000059604645,0.0,0.14000000059604645
2014-10-21,0.14000000059604645,0.14000000059604645,0.14000000059604645,0.14000000059604645,0.0,0.14000000059604645
2014-10-22,0.14000000059604645,0.14000000059604645,0.14000000059604645,0.14000000059604645,0.0,0.14000000059604645
2014-10-23,0.14000000059604645,0.14000000059604645,0.14000000059604645,0.14000000059604645,0.0,0.14000000059604645
2014-10-24,0.14000000059604645,0.14000000059604645,0.14000000059604645,0.14000000059604645,0.0,0.14000000059604645
2014-10-27,0.10999999940395355,0.10999999940395355,0.10999999940395355,0.10999999940395355,10646.0,0.10999999940395355
2014-10-28,0.10999999940395355,0.10999999940395355,0.10999999940395355,0.10999999940395355,0.0,0.10999999940395355
2014-10-29,0.10999999940395355,0.10999999940395355,0.10999999940395355,0.10999999940395355,0.0,0.10999999940395355
2014-10-30,0.10999999940395355,0.10999999940395355,0.10999999940395355,0.10999999940395355,0.0,0.10999999940395355
2014-10-31,0.12999999523162842,0.11999999731779099,0.11999999731779099,0.12999999523162842,3500.0,0.12999999523162842
2014-11-03,0.12999999523162842,0.12999999523162842,0.12999999523162842,0.12999999523162842,0.0,0.12999999523162842
2014-11-04,0.12999999523162842,0.10999999940395355,0.10999999940395355,0.12999999523162842,5100.0,0.12999999523162842
2014-11-05,0.12999999523162842,0.12999999523162842,0.12999999523162842,0.12999999523162842,0.0,0.12999999523162842
2014-11-06,0.12999999523162842,0.12999999523162842,0.12999999523162842,0.12999999523162842,0.0,0.12999999523162842
2014-11-07,0.12999999523162842,0.12999999523162842,0.12999999523162842,0.12999999523162842,0.0,0.12999999523162842
2014-11-10,0.12999999523162842,0.12999999523162842,0.12999999523162842,0.12999999523162842,0.0,0.12999999523162842
2014-11-11,0.12999999523162842,0.12999999523162842,0.12999999523162842,0.12999999523162842,0.0,0.12999999523162842
2014-11-12,0.12999999523162842,0.12999999523162842,0.12999999523162842,0.12999999523162842,0.0,0.12999999523162842
2014-11-13,0.12999999523162842,0.12999999523162842,0.12999999523162842,0.12999999523162842,0.0,0.12999999523162842
2014-11-14,0.12999999523162842,0.12999999523162842,0.12999999523162842,0.12999999523162842,0.0,0.12999999523162842
2014-11-17,0.12999999523162842,0.12999999523162842,0.12999999523162842,0.12999999523162842,0.0,0.12999999523162842
2014-11-18,0.12999999523162842,0.12999999523162842,0.12999999523162842,0.12999999523162842,0.0,0.12999999523162842
2014-11-19,0.12999999523162842,0.12999999523162842,0.12999999523162842,0.12999999523162842,0.0,0.12999999523162842
2014-11-20,0.12999999523162842,0.12999999523162842,0.12999999523162842,0.12999999523162842,0.0,0.12999999523162842
2014-11-21,0.12999999523162842,0.12999999523162842,0.12999999523162842,0.12999999523162842,0.0,0.12999999523162842
2014-11-24,0.12999999523162842,0.12999999523162842,0.12999999523162842,0.12999999523162842,0.0,0.12999999523162842
2014-11-25,0.12999999523162842,0.10999999940395355,0.10999999940395355,0.12999999523162842,5100.0,0.12999999523162842
2014-11-26,0.10999999940395355,0.07000000029802322,0.10000000149011612,0.10999999940395355,11472.0,0.10999999940395355
2014-11-28,0.11999999731779099,0.11999999731779099,0.11999999731779099,0.11999999731779099,100.0,0.11999999731779099
2014-12-01,0.11999999731779099,0.10000000149011612,0.10000000149011612,0.11999999731779099,3205.0,0.11999999731779099
2014-12-02,0.11999999731779099,0.11999999731779099,0.11999999731779099,0.11999999731779099,0.0,0.11999999731779099
2014-12-03,0.11999999731779099,0.11999999731779099,0.11999999731779099,0.11999999731779099,3500.0,0.11999999731779099
2014-12-04,0.11999999731779099,0.11999999731779099,0.11999999731779099,0.11999999731779099,200.0,0.11999999731779099
2014-12-05,0.11999999731779099,0.11999999731779099,0.11999999731779099,0.11999999731779099,0.0,0.11999999731779099
2014-12-08,0.11999999731779099,0.11999999731779099,0.11999999731779099,0.11999999731779099,0.0,0.11999999731779099
2014-12-09,0.11999999731779099,0.11999999731779099,0.11999999731779099,0.11999999731779099,0.0,0.11999999731779099
2014-12-10,0.11999999731779099,0.11999999731779099,0.11999999731779099,0.11999999731779099,0.0,0.11999999731779099
2014-12-11,0.15000000596046448,0.10000000149011612,0.10000000149011612,0.15000000596046448,433.0,0.15000000596046448
2014-12-12,0.15000000596046448,0.15000000596046448,0.15000000596046448,0.15000000596046448,100.0,0.15000000596046448
2014-12-15,0.15000000596046448,0.10000000149011612,0.10000000149011612,0.15000000596046448,2000.0,0.15000000596046448
2014-12-16,0.15000000596046448,0.15000000596046448,0.15000000596046448,0.15000000596046448,0.0,0.15000000596046448
2014-12-17,0.15000000596046448,0.15000000596046448,0.15000000596046448,0.15000000596046448,0.0,0.15000000596046448
2014-12-18,0.15000000596046448,0.15000000596046448,0.15000000596046448,0.15000000596046448,0.0,0.15000000596046448
2014-12-19,0.15000000596046448,0.15000000596046448,0.15000000596046448,0.15000000596046448,0.0,0.15000000596046448
2014-12-22,0.15000000596046448,0.15000000596046448,0.15000000596046448,0.15000000596046448,0.0,0.15000000596046448
2014-12-23,0.15000000596046448,0.15000000596046448,0.15000000596046448,0.15000000596046448,0.0,0.15000000596046448
2014-12-24,0.15000000596046448,0.15000000596046448,0.15000000596046448,0.15000000596046448,0.0,0.15000000596046448
2014-12-26,0.15000000596046448,0.15000000596046448,0.15000000596046448,0.15000000596046448,0.0,0.15000000596046448
2014-12-29,0.15000000596046448,0.15000000596046448,0.15000000596046448,0.15000000596046448,0.0,0.15000000596046448
2014-12-30,0.15000000596046448,0.15000000596046448,0.15000000596046448,0.15000000596046448,0.0,0.15000000596046448
2014-12-31,0.15000000596046448,0.15000000596046448,0.15000000596046448,0.15000000596046448,0.0,0.15000000596046448
2015-01-02,0.15000000596046448,0.15000000596046448,0.15000000596046448,0.15000000596046448,0.0,0.15000000596046448
2015-01-05,0.15000000596046448,0.15000000596046448,0.15000000596046448,0.15000000596046448,0.0,0.15000000596046448
2015-01-06,0.15000000596046448,0.15000000596046448,0.15000000596046448,0.15000000596046448,0.0,0.15000000596046448
2015-01-07,0.15000000596046448,0.15000000596046448,0.15000000596046448,0.15000000596046448,1500.0,0.15000000596046448
2015-01-08,0.15000000596046448,0.15000000596046448,0.15000000596046448,0.15000000596046448,0.0,0.15000000596046448
2015-01-09,0.15000000596046448,0.15000000596046448,0.15000000596046448,0.15000000596046448,0.0,0.15000000596046448
2015-01-12,0.15000000596046448,0.15000000596046448,0.15000000596046448,0.15000000596046448,0.0,0.15000000596046448
2015-01-13,0.15000000596046448,0.15000000596046448,0.15000000596046448,0.15000000596046448,0.0,0.15000000596046448
2015-01-14,0.15000000596046448,0.15000000596046448,0.15000000596046448,0.15000000596046448,0.0,0.15000000596046448
2015-01-15,0.15000000596046448,0.15000000596046448,0.15000000596046448,0.15000000596046448,0.0,0.15000000596046448
2015-01-16,0.15000000596046448,0.15000000596046448,0.15000000596046448,0.15000000596046448,0.0,0.15000000596046448
2015-01-20,0.15000000596046448,0.15000000596046448,0.15000000596046448,0.15000000596046448,0.0,0.15000000596046448
2015-01-21,0.15000000596046448,0.15000000596046448,0.15000000596046448,0.15000000596046448,0.0,0.15000000596046448
2015-01-22,0.15000000596046448,0.15000000596046448,0.15000000596046448,0.15000000596046448,0.0,0.15000000596046448
2015-01-23,0.15000000596046448,0.15000000596046448,0.15000000596046448,0.15000000596046448,0.0,0.15000000596046448
2015-01-26,0.15000000596046448,0.15000000596046448,0.15000000596046448,0.15000000596046448,0.0,0.15000000596046448
2015-01-27,0.15000000596046448,0.15000000596046448,0.15000000596046448,0.15000000596046448,0.0,0.15000000596046448
2015-01-28,0.15000000596046448,0.15000000596046448,0.15000000596046448,0.15000000596046448,0.0,0.15000000596046448
2015-01-29,0.15000000596046448,0.15000000596046448,0.15000000596046448,0.15000000596046448,0.0,0.15000000596046448
2015-01-30,0.15000000596046448,0.15000000596046448,0.15000000596046448,0.15000000596046448,0.0,0.15000000596046448
2015-02-02,0.15000000596046448,0.15000000596046448,0.15000000596046448,0.15000000596046448,0.0,0.15000000596046448
2015-02-03,0.15000000596046448,0.15000000596046448,0.15000000596046448,0.15000000596046448,0.0,0.15000000596046448
2015-02-04,0.15000000596046448,0.15000000596046448,0.15000000596046448,0.15000000596046448,0.0,0.15000000596046448
2015-02-05,0.15000000596046448,0.15000000596046448,0.15000000596046448,0.15000000596046448,0.0,0.15000000596046448
2015-02-06,0.15000000596046448,0.15000000596046448,0.15000000596046448,0.15000000596046448,0.0,0.15000000596046448
2015-02-09,0.10000000149011612,0.10000000149011612,0.10000000149011612,0.10000000149011612,1056.0,0.10000000149011612
2015-02-10,0.15000000596046448,0.10000000149011612,0.15000000596046448,0.15000000596046448,1235.0,0.15000000596046448
2015-02-11,0.15000000596046448,0.15000000596046448,0.15000000596046448,0.15000000596046448,0.0,0.15000000596046448
2015-02-12,0.15000000596046448,0.15000000596046448,0.15000000596046448,0.15000000596046448,0.0,0.15000000596046448
2015-02-13,0.15000000596046448,0.15000000596046448,0.15000000596046448,0.15000000596046448,0.0,0.15000000596046448
2015-02-17,0.15000000596046448,0.10000000149011612,0.10000000149011612,0.15000000596046448,1353.0,0.15000000596046448
2015-02-18,0.15000000596046448,0.15000000596046448,0.15000000596046448,0.15000000596046448,500.0,0.15000000596046448
2015-02-19,0.15000000596046448,0.15000000596046448,0.15000000596046448,0.15000000596046448,0.0,0.15000000596046448
2015-02-20,0.15000000596046448,0.10204999893903732,0.10204999893903732,0.15000000596046448,608.0,0.15000000596046448
2015-02-23,0.15000000596046448,0.15000000596046448,0.15000000596046448,0.15000000596046448,0.0,0.15000000596046448
2015-02-24,0.15000000596046448,0.15000000596046448,0.15000000596046448,0.15000000596046448,1500.0,0.15000000596046448
2015-02-25,0.15000000596046448,0.15000000596046448,0.15000000596046448,0.15000000596046448,0.0,0.15000000596046448
2015-02-26,0.15000000596046448,0.15000000596046448,0.15000000596046448,0.15000000596046448,0.0,0.15000000596046448
2015-02-27,0.15000000596046448,0.15000000596046448,0.15000000596046448,0.15000000596046448,0.0,0.15000000596046448
2015-03-02,0.15000000596046448,0.15000000596046448,0.15000000596046448,0.15000000596046448,0.0,0.15000000596046448
2015-03-03,0.15000000596046448,0.15000000596046448,0.15000000596046448,0.15000000596046448,0.0,0.15000000596046448
2015-03-04,0.15000000596046448,0.15000000596046448,0.15000000596046448,0.15000000596046448,0.0,0.15000000596046448
2015-03-05,0.15000000596046448,0.15000000596046448,0.15000000596046448,0.15000000596046448,0.0,0.15000000596046448
2015-03-06,0.15000000596046448,0.15000000596046448,0.15000000596046448,0.15000000596046448,0.0,0.15000000596046448
2015-03-09,0.15000000596046448,0.15000000596046448,0.15000000596046448,0.15000000596046448,0.0,0.15000000596046448
2015-03-10,0.15000000596046448,0.15000000596046448,0.15000000596046448,0.15000000596046448,0.0,0.15000000596046448
2015-03-11,0.15000000596046448,0.15000000596046448,0.15000000596046448,0.15000000596046448,0.0,0.15000000596046448
2015-03-12,0.15000000596046448,0.15000000596046448,0.15000000596046448,0.15000000596046448,0.0,0.15000000596046448
2015-03-13,0.15000000596046448,0.15000000596046448,0.15000000596046448,0.15000000596046448,0.0,0.15000000596046448
2015-03-16,0.15000000596046448,0.15000000596046448,0.15000000596046448,0.15000000596046448,0.0,0.15000000596046448
2015-03-17,0.15000000596046448,0.15000000596046448,0.15000000596046448,0.15000000596046448,0.0,0.15000000596046448
2015-03-18,0.15000000596046448,0.15000000596046448,0.15000000596046448,0.15000000596046448,0.0,0.15000000596046448
2015-03-19,0.15000000596046448,0.15000000596046448,0.15000000596046448,0.15000000596046448,0.0,0.15000000596046448
2015-03-20,0.15000000596046448,0.15000000596046448,0.15000000596046448,0.15000000596046448,0.0,0.15000000596046448
2015-03-23,0.15000000596046448,0.15000000596046448,0.15000000596046448,0.15000000596046448,0.0,0.15000000596046448
2015-03-24,0.15000000596046448,0.15000000596046448,0.15000000596046448,0.15000000596046448,0.0,0.15000000596046448
2015-03-25,0.15000000596046448,0.15000000596046448,0.15000000596046448,0.15000000596046448,0.0,0.15000000596046448
2015-03-26,0.15000000596046448,0.15000000596046448,0.15000000596046448,0.15000000596046448,0.0,0.15000000596046448
2015-03-27,0.15000000596046448,0.15000000596046448,0.15000000596046448,0.15000000596046448,0.0,0.15000000596046448
2015-03-30,0.15000000596046448,0.15000000596046448,0.15000000596046448,0.15000000596046448,0.0,0.15000000596046448
2015-03-31,0.15000000596046448,0.15000000596046448,0.15000000596046448,0.15000000596046448,0.0,0.15000000596046448
2015-04-01,0.15000000596046448,0.15000000596046448,0.15000000596046448,0.15000000596046448,0.0,0.15000000596046448
2015-04-02,0.15000000596046448,0.15000000596046448,0.15000000596046448,0.15000000596046448,0.0,0.15000000596046448
2015-04-06,0.15000000596046448,0.15000000596046448,0.15000000596046448,0.15000000596046448,0.0,0.15000000596046448
2015-04-07,0.15000000596046448,0.15000000596046448,0.15000000596046448,0.15000000596046448,0.0,0.15000000596046448
2015-04-08,0.15000000596046448,0.15000000596046448,0.15000000596046448,0.15000000596046448,0.0,0.15000000596046448
2015-04-09,0.15000000596046448,0.15000000596046448,0.15000000596046448,0.15000000596046448,0.0,0.15000000596046448
2015-04-10,0.15000000596046448,0.15000000596046448,0.15000000596046448,0.15000000596046448,0.0,0.15000000596046448
2015-04-13,0.15000000596046448,0.15000000596046448,0.15000000596046448,0.15000000596046448,0.0,0.15000000596046448
2015-04-14,0.15000000596046448,0.15000000596046448,0.15000000596046448,0.15000000596046448,0.0,0.15000000596046448
2015-04-15,0.15000000596046448,0.15000000596046448,0.15000000596046448,0.15000000596046448,0.0,0.15000000596046448
2015-04-16,0.15000000596046448,0.15000000596046448,0.15000000596046448,0.15000000596046448,0.0,0.15000000596046448
2015-04-17,0.15000000596046448,0.15000000596046448,0.15000000596046448,0.15000000596046448,0.0,0.15000000596046448
2015-04-20,0.15000000596046448,0.15000000596046448,0.15000000596046448,0.15000000596046448,0.0,0.15000000596046448
2015-04-21,0.10999999940395355,0.05999999865889549,0.10000000149011612,0.10999999940395355,35826.0,0.10999999940395355
2015-04-22,0.10999999940395355,0.10999999940395355,0.10999999940395355,0.10999999940395355,0.0,0.10999999940395355
2015-04-23,0.15000000596046448,0.10000000149011612,0.10000000149011612,0.15000000596046448,5100.0,0.15000000596046448
2015-04-24,0.15000000596046448,0.15000000596046448,0.15000000596046448,0.15000000596046448,0.0,0.15000000596046448
2015-04-27,0.15000000596046448,0.15000000596046448,0.15000000596046448,0.15000000596046448,0.0,0.15000000596046448
2015-04-28,0.15000000596046448,0.15000000596046448,0.15000000596046448,0.15000000596046448,0.0,0.15000000596046448
2015-04-29,0.20000000298023224,0.10000000149011612,0.15000000596046448,0.20000000298023224,7000.0,0.20000000298023224
2015-04-30,0.2199999988079071,0.19990000128746033,0.20000000298023224,0.2199999988079071,2600.0,0.2199999988079071
2015-05-01,0.25,0.18000000715255737,0.2199999988079071,0.25,15000.0,0.25
2015-05-04,0.25,0.20000000298023224,0.20000000298023224,0.25,3000.0,0.25
2015-05-05,0.25,0.25,0.25,0.25,0.0,0.25
2015-05-06,0.25,0.25,0.25,0.25,0.0,0.25
2015-05-07,0.25,0.25,0.25,0.25,0.0,0.25
2015-05-08,0.25,0.25,0.25,0.25,0.0,0.25
2015-05-11,0.25,0.25,0.25,0.25,0.0,0.25
2015-05-12,0.25,0.25,0.25,0.25,0.0,0.25
2015-05-13,0.25,0.25,0.25,0.25,0.0,0.25
2015-05-14,0.25,0.25,0.25,0.25,0.0,0.25
2015-05-15,0.25,0.25,0.25,0.25,0.0,0.25
2015-05-18,0.25,0.25,0.25,0.25,0.0,0.25
2015-05-19,0.25,0.25,0.25,0.25,0.0,0.25
2015-05-20,0.25,0.25,0.25,0.25,0.0,0.25
2015-05-21,0.25,0.25,0.25,0.25,0.0,0.25
2015-05-22,0.25,0.25,0.25,0.25,0.0,0.25
2015-05-26,0.25,0.25,0.25,0.25,0.0,0.25
2015-05-27,0.25,0.25,0.25,0.25,0.0,0.25
2015-05-28,0.25,0.25,0.25,0.25,0.0,0.25
2015-05-29,0.25,0.25,0.25,0.25,0.0,0.25
2015-06-01,0.25,0.25,0.25,0.25,0.0,0.25
2015-06-02,0.25,0.25,0.25,0.25,0.0,0.25
2015-06-03,0.25,0.25,0.25,0.25,0.0,0.25
2015-06-04,0.25,0.25,0.25,0.25,0.0,0.25
2015-06-05,0.20000000298023224,0.17000000178813934,0.17000000178813934,0.20000000298023224,1300.0,0.20000000298023224
2015-06-08,0.20000000298023224,0.20000000298023224,0.20000000298023224,0.20000000298023224,0.0,0.20000000298023224
2015-06-09,0.20000000298023224,0.20000000298023224,0.20000000298023224,0.20000000298023224,0.0,0.20000000298023224
2015-06-10,0.20000000298023224,0.20000000298023224,0.20000000298023224,0.20000000298023224,0.0,0.20000000298023224
2015-06-11,0.20000000298023224,0.20000000298023224,0.20000000298023224,0.20000000298023224,0.0,0.20000000298023224
2015-06-12,0.20000000298023224,0.20000000298023224,0.20000000298023224,0.20000000298023224,0.0,0.20000000298023224
2015-06-15,0.20000000298023224,0.20000000298023224,0.20000000298023224,0.20000000298023224,0.0,0.20000000298023224
2015-06-16,0.20000000298023224,0.20000000298023224,0.20000000298023224,0.20000000298023224,0.0,0.20000000298023224
2015-06-17,0.20000000298023224,0.20000000298023224,0.20000000298023224,0.20000000298023224,0.0,0.20000000298023224
2015-06-18,0.20000000298023224,0.20000000298023224,0.20000000298023224,0.20000000298023224,0.0,0.20000000298023224
2015-06-19,0.20000000298023224,0.20000000298023224,0.20000000298023224,0.20000000298023224,0.0,0.20000000298023224
2015-06-22,0.20000000298023224,0.20000000298023224,0.20000000298023224,0.20000000298023224,0.0,0.20000000298023224
2015-06-23,0.17000000178813934,0.17000000178813934,0.17000000178813934,0.17000000178813934,5000.0,0.17000000178813934
2015-06-24,0.17000000178813934,0.12999999523162842,0.12999999523162842,0.17000000178813934,416.0,0.17000000178813934
2015-06-25,0.17000000178813934,0.17000000178813934,0.17000000178813934,0.17000000178813934,0.0,0.17000000178813934
2015-06-26,0.17000000178813934,0.17000000178813934,0.17000000178813934,0.17000000178813934,0.0,0.17000000178813934
2015-06-29,0.17000000178813934,0.17000000178813934,0.17000000178813934,0.17000000178813934,0.0,0.17000000178813934
2015-06-30,0.17000000178813934,0.12999999523162842,0.12999999523162842,0.17000000178813934,233.0,0.17000000178813934
2015-07-01,0.17000000178813934,0.17000000178813934,0.17000000178813934,0.17000000178813934,0.0,0.17000000178813934
2015-07-02,0.17000000178813934,0.17000000178813934,0.17000000178813934,0.17000000178813934,0.0,0.17000000178813934
2015-07-06,0.17000000178813934,0.17000000178813934,0.17000000178813934,0.17000000178813934,0.0,0.17000000178813934
2015-07-07,0.17000000178813934,0.17000000178813934,0.17000000178813934,0.17000000178813934,0.0,0.17000000178813934
2015-07-08,0.17000000178813934,0.17000000178813934,0.17000000178813934,0.17000000178813934,0.0,0.17000000178813934
2015-07-09,0.17000000178813934,0.17000000178813934,0.17000000178813934,0.17000000178813934,0.0,0.17000000178813934
2015-07-10,0.17000000178813934,0.17000000178813934,0.17000000178813934,0.17000000178813934,0.0,0.17000000178813934
2015-07-13,0.17000000178813934,0.17000000178813934,0.17000000178813934,0.17000000178813934,0.0,0.17000000178813934
2015-07-14,0.17000000178813934,0.17000000178813934,0.17000000178813934,0.17000000178813934,0.0,0.17000000178813934
2015-07-15,0.17000000178813934,0.17000000178813934,0.17000000178813934,0.17000000178813934,0.0,0.17000000178813934
2015-07-16,0.17000000178813934,0.17000000178813934,0.17000000178813934,0.17000000178813934,0.0,0.17000000178813934
2015-07-17,0.17000000178813934,0.17000000178813934,0.17000000178813934,0.17000000178813934,0.0,0.17000000178813934
2015-07-20,0.17000000178813934,0.17000000178813934,0.17000000178813934,0.17000000178813934,0.0,0.17000000178813934
2015-07-21,0.17000000178813934,0.17000000178813934,0.17000000178813934,0.17000000178813934,0.0,0.17000000178813934
2015-07-22,0.17000000178813934,0.17000000178813934,0.17000000178813934,0.17000000178813934,0.0,0.17000000178813934
2015-07-23,0.17000000178813934,0.17000000178813934,0.17000000178813934,0.17000000178813934,0.0,0.17000000178813934
2015-07-24,0.17000000178813934,0.17000000178813934,0.17000000178813934,0.17000000178813934,0.0,0.17000000178813934
2015-07-27,0.17000000178813934,0.17000000178813934,0.17000000178813934,0.17000000178813934,0.0,0.17000000178813934
2015-07-28,0.17000000178813934,0.17000000178813934,0.17000000178813934,0.17000000178813934,0.0,0.17000000178813934
2015-07-29,0.17000000178813934,0.17000000178813934,0.17000000178813934,0.17000000178813934,0.0,0.17000000178813934
2015-07-30,0.17000000178813934,0.17000000178813934,0.17000000178813934,0.17000000178813934,0.0,0.17000000178813934
2015-07-31,0.17000000178813934,0.17000000178813934,0.17000000178813934,0.17000000178813934,0.0,0.17000000178813934
2015-08-03,0.17000000178813934,0.17000000178813934,0.17000000178813934,0.17000000178813934,0.0,0.17000000178813934
2015-08-04,0.17000000178813934,0.17000000178813934,0.17000000178813934,0.17000000178813934,0.0,0.17000000178813934
2015-08-05,0.17000000178813934,0.17000000178813934,0.17000000178813934,0.17000000178813934,0.0,0.17000000178813934
2015-08-06,0.17000000178813934,0.17000000178813934,0.17000000178813934,0.17000000178813934,0.0,0.17000000178813934
2015-08-07,0.17000000178813934,0.17000000178813934,0.17000000178813934,0.17000000178813934,0.0,0.17000000178813934
2015-08-10,0.17000000178813934,0.17000000178813934,0.17000000178813934,0.17000000178813934,0.0,0.17000000178813934
2015-08-11,0.17000000178813934,0.17000000178813934,0.17000000178813934,0.17000000178813934,0.0,0.17000000178813934
2015-08-12,0.17000000178813934,0.12999999523162842,0.12999999523162842,0.17000000178813934,266.0,0.17000000178813934
2015-08-13,0.17000000178813934,0.17000000178813934,0.17000000178813934,0.17000000178813934,0.0,0.17000000178813934
2015-08-14,0.17000000178813934,0.17000000178813934,0.17000000178813934,0.17000000178813934,0.0,0.17000000178813934
2015-08-17,0.17000000178813934,0.17000000178813934,0.17000000178813934,0.17000000178813934,0.0,0.17000000178813934
2015-08-18,0.17000000178813934,0.17000000178813934,0.17000000178813934,0.17000000178813934,0.0,0.17000000178813934
2015-08-19,0.17000000178813934,0.17000000178813934,0.17000000178813934,0.17000000178813934,0.0,0.17000000178813934
2015-08-20,0.17000000178813934,0.17000000178813934,0.17000000178813934,0.17000000178813934,0.0,0.17000000178813934
2015-08-21,0.17000000178813934,0.17000000178813934,0.17000000178813934,0.17000000178813934,0.0,0.17000000178813934
2015-08-24,0.17000000178813934,0.17000000178813934,0.17000000178813934,0.17000000178813934,0.0,0.17000000178813934
2015-08-25,0.17000000178813934,0.17000000178813934,0.17000000178813934,0.17000000178813934,0.0,0.17000000178813934
2015-08-26,0.15000000596046448,0.15000000596046448,0.15000000596046448,0.15000000596046448,2000.0,0.15000000596046448
2015-08-27,0.15000000596046448,0.15000000596046448,0.15000000596046448,0.15000000596046448,0.0,0.15000000596046448
2015-08-28,0.15000000596046448,0.15000000596046448,0.15000000596046448,0.15000000596046448,0.0,0.15000000596046448
2015-08-31,0.15000000596046448,0.15000000596046448,0.15000000596046448,0.15000000596046448,0.0,0.15000000596046448
2015-09-01,0.15000000596046448,0.15000000596046448,0.15000000596046448,0.15000000596046448,0.0,0.15000000596046448
2015-09-02,0.15000000596046448,0.15000000596046448,0.15000000596046448,0.15000000596046448,0.0,0.15000000596046448
2015-09-03,0.15000000596046448,0.15000000596046448,0.15000000596046448,0.15000000596046448,0.0,0.15000000596046448
2015-09-04,0.15000000596046448,0.15000000596046448,0.15000000596046448,0.15000000596046448,0.0,0.15000000596046448
2015-09-08,0.15000000596046448,0.15000000596046448,0.15000000596046448,0.15000000596046448,0.0,0.15000000596046448
2015-09-09,0.15000000596046448,0.15000000596046448,0.15000000596046448,0.15000000596046448,0.0,0.15000000596046448
2015-09-10,0.15000000596046448,0.15000000596046448,0.15000000596046448,0.15000000596046448,0.0,0.15000000596046448
2015-09-11,0.15000000596046448,0.15000000596046448,0.15000000596046448,0.15000000596046448,0.0,0.15000000596046448
2015-09-14,0.15000000596046448,0.15000000596046448,0.15000000596046448,0.15000000596046448,0.0,0.15000000596046448
2015-09-15,0.15000000596046448,0.15000000596046448,0.15000000596046448,0.15000000596046448,0.0,0.15000000596046448
2015-09-16,0.15000000596046448,0.15000000596046448,0.15000000596046448,0.15000000596046448,0.0,0.15000000596046448
2015-09-17,0.15000000596046448,0.15000000596046448,0.15000000596046448,0.15000000596046448,0.0,0.15000000596046448
2015-09-18,0.15000000596046448,0.15000000596046448,0.15000000596046448,0.15000000596046448,0.0,0.15000000596046448
2015-09-21,0.15000000596046448,0.15000000596046448,0.15000000596046448,0.15000000596046448,0.0,0.15000000596046448
2015-09-22,0.15000000596046448,0.15000000596046448,0.15000000596046448,0.15000000596046448,0.0,0.15000000596046448
2015-09-23,0.15000000596046448,0.15000000596046448,0.15000000596046448,0.15000000596046448,0.0,0.15000000596046448
2015-09-24,0.15000000596046448,0.15000000596046448,0.15000000596046448,0.15000000596046448,0.0,0.15000000596046448
2015-09-25,0.15000000596046448,0.15000000596046448,0.15000000596046448,0.15000000596046448,0.0,0.15000000596046448
2015-09-28,0.15000000596046448,0.15000000596046448,0.15000000596046448,0.15000000596046448,0.0,0.15000000596046448
2015-09-29,0.15000000596046448,0.15000000596046448,0.15000000596046448,0.15000000596046448,0.0,0.15000000596046448
2015-09-30,0.15000000596046448,0.15000000596046448,0.15000000596046448,0.15000000596046448,0.0,0.15000000596046448
2015-10-01,0.15000000596046448,0.12999999523162842,0.12999999523162842,0.15000000596046448,3039.0,0.15000000596046448
2015-10-02,0.15000000596046448,0.15000000596046448,0.15000000596046448,0.15000000596046448,0.0,0.15000000596046448
2015-10-05,0.15000000596046448,0.15000000596046448,0.15000000596046448,0.15000000596046448,0.0,0.15000000596046448
2015-10-06,0.15000000596046448,0.15000000596046448,0.15000000596046448,0.15000000596046448,0.0,0.15000000596046448
2015-10-07,0.15000000596046448,0.15000000596046448,0.15000000596046448,0.15000000596046448,0.0,0.15000000596046448
2015-10-08,0.15000000596046448,0.15000000596046448,0.15000000596046448,0.15000000596046448,0.0,0.15000000596046448
2015-10-09,0.15000000596046448,0.15000000596046448,0.15000000596046448,0.15000000596046448,0.0,0.15000000596046448
2015-10-12,0.15000000596046448,0.15000000596046448,0.15000000596046448,0.15000000596046448,0.0,0.15000000596046448
2015-10-13,0.15000000596046448,0.15000000596046448,0.15000000596046448,0.15000000596046448,0.0,0.15000000596046448
2015-10-14,0.15000000596046448,0.15000000596046448,0.15000000596046448,0.15000000596046448,0.0,0.15000000596046448
2015-10-15,0.15000000596046448,0.15000000596046448,0.15000000596046448,0.15000000596046448,0.0,0.15000000596046448
2015-10-16,0.15000000596046448,0.15000000596046448,0.15000000596046448,0.15000000596046448,0.0,0.15000000596046448
2015-10-19,0.15000000596046448,0.15000000596046448,0.15000000596046448,0.15000000596046448,0.0,0.15000000596046448
2015-10-20,0.15000000596046448,0.15000000596046448,0.15000000596046448,0.15000000596046448,0.0,0.15000000596046448
2015-10-21,0.15000000596046448,0.15000000596046448,0.15000000596046448,0.15000000596046448,0.0,0.15000000596046448
2015-10-22,0.15000000596046448,0.15000000596046448,0.15000000596046448,0.15000000596046448,0.0,0.15000000596046448
2015-10-23,0.15000000596046448,0.15000000596046448,0.15000000596046448,0.15000000596046448,0.0,0.15000000596046448
2015-10-26,0.15000000596046448,0.15000000596046448,0.15000000596046448,0.15000000596046448,0.0,0.15000000596046448
2015-10-27,0.15000000596046448,0.15000000596046448,0.15000000596046448,0.15000000596046448,0.0,0.15000000596046448
2015-10-28,0.15000000596046448,0.15000000596046448,0.15000000596046448,0.15000000596046448,0.0,0.15000000596046448
2015-10-29,0.15000000596046448,0.15000000596046448,0.15000000596046448,0.15000000596046448,0.0,0.15000000596046448
2015-10-30,0.15000000596046448,0.15000000596046448,0.15000000596046448,0.15000000596046448,0.0,0.15000000596046448
2015-11-02,0.15000000596046448,0.12999999523162842,0.12999999523162842,0.15000000596046448,666.0,0.15000000596046448
2015-11-03,0.15000000596046448,0.15000000596046448,0.15000000596046448,0.15000000596046448,0.0,0.15000000596046448
2015-11-04,0.15000000596046448,0.15000000596046448,0.15000000596046448,0.15000000596046448,0.0,0.15000000596046448
2015-11-05,0.15000000596046448,0.15000000596046448,0.15000000596046448,0.15000000596046448,0.0,0.15000000596046448
2015-11-06,0.15000000596046448,0.15000000596046448,0.15000000596046448,0.15000000596046448,0.0,0.15000000596046448
2015-11-09,0.15000000596046448,0.15000000596046448,0.15000000596046448,0.15000000596046448,0.0,0.15000000596046448
2015-11-10,0.15000000596046448,0.15000000596046448,0.15000000596046448,0.15000000596046448,0.0,0.15000000596046448
2015-11-11,0.15000000596046448,0.15000000596046448,0.15000000596046448,0.15000000596046448,0.0,0.15000000596046448
2015-11-12,0.15000000596046448,0.15000000596046448,0.15000000596046448,0.15000000596046448,0.0,0.15000000596046448
2015-11-13,0.15000000596046448,0.15000000596046448,0.15000000596046448,0.15000000596046448,0.0,0.15000000596046448
2015-11-16,0.12999999523162842,0.12999999523162842,0.12999999523162842,0.12999999523162842,5000.0,0.12999999523162842
2015-11-17,0.12999999523162842,0.12999999523162842,0.12999999523162842,0.12999999523162842,0.0,0.12999999523162842
2015-11-18,0.12999999523162842,0.12999999523162842,0.12999999523162842,0.12999999523162842,0.0,0.12999999523162842
2015-11-19,0.12999999523162842,0.12999999523162842,0.12999999523162842,0.12999999523162842,0.0,0.12999999523162842
2015-11-20,0.11999999731779099,0.10999999940395355,0.10999999940395355,0.11999999731779099,18000.0,0.11999999731779099
2015-11-23,0.11999999731779099,0.11999999731779099,0.11999999731779099,0.11999999731779099,0.0,0.11999999731779099
2015-11-24,0.11999999731779099,0.10000000149011612,0.10000000149011612,0.11999999731779099,2766.0,0.11999999731779099
2015-11-25,0.11999999731779099,0.10000000149011612,0.10000000149011612,0.11999999731779099,326.0,0.11999999731779099
2015-11-27,0.11999999731779099,0.11999999731779099,0.11999999731779099,0.11999999731779099,0.0,0.11999999731779099
2015-11-30,0.10999999940395355,0.10000000149011612,0.10000000149011612,0.10999999940395355,5100.0,0.10999999940395355
2015-12-01,0.10000000149011612,0.10000000149011612,0.10000000149011612,0.10000000149011612,100.0,0.10000000149011612
2015-12-02,0.10000000149011612,0.10000000149011612,0.10000000149011612,0.10000000149011612,5000.0,0.10000000149011612
2015-12-03,0.14499999582767487,0.14499999582767487,0.14499999582767487,0.14499999582767487,100.0,0.14499999582767487
2015-12-04,0.14499999582767487,0.14499999582767487,0.14499999582767487,0.14499999582767487,0.0,0.14499999582767487
2015-12-07,0.14499999582767487,0.14499999582767487,0.14499999582767487,0.14499999582767487,0.0,0.14499999582767487
2015-12-08,0.14499999582767487,0.14499999582767487,0.14499999582767487,0.14499999582767487,0.0,0.14499999582767487
2015-12-09,0.14499999582767487,0.14499999582767487,0.14499999582767487,0.14499999582767487,0.0,0.14499999582767487
2015-12-10,0.07999999821186066,0.05000000074505806,0.07999999821186066,0.05000000074505806,19340.0,0.05000000074505806
2015-12-11,0.10000000149011612,0.10000000149011612,0.10000000149011612,0.10000000149011612,5100.0,0.10000000149011612
2015-12-14,0.10000000149011612,0.10000000149011612,0.10000000149011612,0.10000000149011612,0.0,0.10000000149011612
2015-12-15,0.15000000596046448,0.15000000596046448,0.15000000596046448,0.15000000596046448,100.0,0.15000000596046448
2015-12-16,0.15000000596046448,0.15000000596046448,0.15000000596046448,0.15000000596046448,0.0,0.15000000596046448
2015-12-17,0.15000000596046448,0.15000000596046448,0.15000000596046448,0.15000000596046448,0.0,0.15000000596046448
2015-12-18,0.15000000596046448,0.15000000596046448,0.15000000596046448,0.15000000596046448,0.0,0.15000000596046448
2015-12-21,0.15000000596046448,0.15000000596046448,0.15000000596046448,0.15000000596046448,0.0,0.15000000596046448
2015-12-22,0.12999999523162842,0.10000000149011612,0.10000000149011612,0.12999999523162842,1766.0,0.12999999523162842
2015-12-23,0.12999999523162842,0.12999999523162842,0.12999999523162842,0.12999999523162842,0.0,0.12999999523162842
2015-12-24,0.12999999523162842,0.12999999523162842,0.12999999523162842,0.12999999523162842,0.0,0.12999999523162842
2015-12-28,0.12999999523162842,0.12999999523162842,0.12999999523162842,0.12999999523162842,0.0,0.12999999523162842
2015-12-29,0.12999999523162842,0.12999999523162842,0.12999999523162842,0.12999999523162842,0.0,0.12999999523162842
2015-12-30,0.12999999523162842,0.12999999523162842,0.12999999523162842,0.12999999523162842,0.0,0.12999999523162842
2015-12-31,0.12999999523162842,0.12999999523162842,0.12999999523162842,0.12999999523162842,0.0,0.12999999523162842
2016-01-04,0.12999999523162842,0.12999999523162842,0.12999999523162842,0.12999999523162842,0.0,0.12999999523162842
2016-01-05,0.12999999523162842,0.12999999523162842,0.12999999523162842,0.12999999523162842,0.0,0.12999999523162842
2016-01-06,0.12999999523162842,0.12999999523162842,0.12999999523162842,0.12999999523162842,0.0,0.12999999523162842
2016-01-07,0.12999999523162842,0.12999999523162842,0.12999999523162842,0.12999999523162842,0.0,0.12999999523162842
2016-01-08,0.12999999523162842,0.12999999523162842,0.12999999523162842,0.12999999523162842,0.0,0.12999999523162842
2016-01-11,0.12999999523162842,0.12999999523162842,0.12999999523162842,0.12999999523162842,0.0,0.12999999523162842
2016-01-12,0.12999999523162842,0.12999999523162842,0.12999999523162842,0.12999999523162842,0.0,0.12999999523162842
2016-01-13,0.12999999523162842,0.12999999523162842,0.12999999523162842,0.12999999523162842,0.0,0.12999999523162842
2016-01-14,0.12999999523162842,0.12999999523162842,0.12999999523162842,0.12999999523162842,0.0,0.12999999523162842
2016-01-15,0.12999999523162842,0.12999999523162842,0.12999999523162842,0.12999999523162842,0.0,0.12999999523162842
2016-01-19,0.12999999523162842,0.12999999523162842,0.12999999523162842,0.12999999523162842,0.0,0.12999999523162842
2016-01-20,0.12999999523162842,0.12999999523162842,0.12999999523162842,0.12999999523162842,0.0,0.12999999523162842
2016-01-21,0.12999999523162842,0.12999999523162842,0.12999999523162842,0.12999999523162842,943.0,0.12999999523162842
2016-01-22,0.12999999523162842,0.12999999523162842,0.12999999523162842,0.12999999523162842,0.0,0.12999999523162842
2016-01-25,0.12999999523162842,0.12999999523162842,0.12999999523162842,0.12999999523162842,0.0,0.12999999523162842
2016-01-26,0.12999999523162842,0.12999999523162842,0.12999999523162842,0.12999999523162842,0.0,0.12999999523162842
2016-01-27,0.10000000149011612,0.10000000149011612,0.10000000149011612,0.10000000149011612,2000.0,0.10000000149011612
2016-01-28,0.10000000149011612,0.10000000149011612,0.10000000149011612,0.10000000149011612,0.0,0.10000000149011612
2016-01-29,0.10000000149011612,0.10000000149011612,0.10000000149011612,0.10000000149011612,0.0,0.10000000149011612
2016-02-01,0.10000000149011612,0.10000000149011612,0.10000000149011612,0.10000000149011612,0.0,0.10000000149011612
2016-02-02,0.12999999523162842,0.12999999523162842,0.12999999523162842,0.12999999523162842,100.0,0.12999999523162842
2016-02-03,0.12999999523162842,0.12999999523162842,0.12999999523162842,0.12999999523162842,0.0,0.12999999523162842
2016-02-04,0.12999999523162842,0.12999999523162842,0.12999999523162842,0.12999999523162842,0.0,0.12999999523162842
2016-02-05,0.12999999523162842,0.12999999523162842,0.12999999523162842,0.12999999523162842,0.0,0.12999999523162842
2016-02-08,0.12999999523162842,0.12999999523162842,0.12999999523162842,0.12999999523162842,0.0,0.12999999523162842
2016-02-09,0.12999999523162842,0.12999999523162842,0.12999999523162842,0.12999999523162842,0.0,0.12999999523162842
2016-02-10,0.12999999523162842,0.12999999523162842,0.12999999523162842,0.12999999523162842,0.0,0.12999999523162842
2016-02-11,0.12999999523162842,0.12999999523162842,0.12999999523162842,0.12999999523162842,0.0,0.12999999523162842
2016-02-12,0.12999999523162842,0.12999999523162842,0.12999999523162842,0.12999999523162842,0.0,0.12999999523162842
2016-02-16,0.12999999523162842,0.12999999523162842,0.12999999523162842,0.12999999523162842,0.0,0.12999999523162842
2016-02-17,0.12999999523162842,0.12999999523162842,0.12999999523162842,0.12999999523162842,0.0,0.12999999523162842
2016-02-18,0.12999999523162842,0.12999999523162842,0.12999999523162842,0.12999999523162842,0.0,0.12999999523162842
2016-02-19,0.12999999523162842,0.12999999523162842,0.12999999523162842,0.12999999523162842,0.0,0.12999999523162842
2016-02-22,0.12999999523162842,0.12999999523162842,0.12999999523162842,0.12999999523162842,0.0,0.12999999523162842
2016-02-23,0.12999999523162842,0.12999999523162842,0.12999999523162842,0.12999999523162842,0.0,0.12999999523162842
2016-02-24,0.12999999523162842,0.12999999523162842,0.12999999523162842,0.12999999523162842,0.0,0.12999999523162842
2016-02-25,0.12999999523162842,0.12999999523162842,0.12999999523162842,0.12999999523162842,0.0,0.12999999523162842
2016-02-26,0.12999999523162842,0.12999999523162842,0.12999999523162842,0.12999999523162842,0.0,0.12999999523162842
2016-02-29,0.12999999523162842,0.12999999523162842,0.12999999523162842,0.12999999523162842,0.0,0.12999999523162842
2016-03-01,0.12999999523162842,0.12999999523162842,0.12999999523162842,0.12999999523162842,0.0,0.12999999523162842
2016-03-02,0.12999999523162842,0.12999999523162842,0.12999999523162842,0.12999999523162842,0.0,0.12999999523162842
2016-03-03,0.12999999523162842,0.12999999523162842,0.12999999523162842,0.12999999523162842,0.0,0.12999999523162842
2016-03-04,0.12999999523162842,0.12999999523162842,0.12999999523162842,0.12999999523162842,0.0,0.12999999523162842
2016-03-07,0.12999999523162842,0.12999999523162842,0.12999999523162842,0.12999999523162842,0.0,0.12999999523162842
2016-03-08,0.12999999523162842,0.12999999523162842,0.12999999523162842,0.12999999523162842,0.0,0.12999999523162842
2016-03-09,0.12999999523162842,0.12999999523162842,0.12999999523162842,0.12999999523162842,0.0,0.12999999523162842
2016-03-10,0.12999999523162842,0.12999999523162842,0.12999999523162842,0.12999999523162842,0.0,0.12999999523162842
2016-03-11,0.12999999523162842,0.12999999523162842,0.12999999523162842,0.12999999523162842,0.0,0.12999999523162842
2016-03-14,0.12999999523162842,0.12999999523162842,0.12999999523162842,0.12999999523162842,0.0,0.12999999523162842
2016-03-15,0.12999999523162842,0.12999999523162842,0.12999999523162842,0.12999999523162842,0.0,0.12999999523162842
2016-03-16,0.12999999523162842,0.12999999523162842,0.12999999523162842,0.12999999523162842,0.0,0.12999999523162842
2016-03-17,0.12999999523162842,0.12999999523162842,0.12999999523162842,0.12999999523162842,0.0,0.12999999523162842
2016-03-18,0.12999999523162842,0.12999999523162842,0.12999999523162842,0.12999999523162842,0.0,0.12999999523162842
2016-03-21,0.10000000149011612,0.07000000029802322,0.10000000149011612,0.10000000149011612,28700.0,0.10000000149011612
2016-03-22,0.10000000149011612,0.10000000149011612,0.10000000149011612,0.10000000149011612,0.0,0.10000000149011612
2016-03-23,0.10000000149011612,0.10000000149011612,0.10000000149011612,0.10000000149011612,0.0,0.10000000149011612
2016-03-24,0.10000000149011612,0.10000000149011612,0.10000000149011612,0.10000000149011612,0.0,0.10000000149011612
2016-03-28,0.10000000149011612,0.10000000149011612,0.10000000149011612,0.10000000149011612,0.0,0.10000000149011612
2016-03-29,0.10000000149011612,0.10000000149011612,0.10000000149011612,0.10000000149011612,0.0,0.10000000149011612
2016-03-30,0.10000000149011612,0.10000000149011612,0.10000000149011612,0.10000000149011612,0.0,0.10000000149011612
2016-03-31,0.10000000149011612,0.10000000149011612,0.10000000149011612,0.10000000149011612,0.0,0.10000000149011612
2016-04-01,0.10000000149011612,0.10000000149011612,0.10000000149011612,0.10000000149011612,0.0,0.10000000149011612
2016-04-04,0.10000000149011612,0.10000000149011612,0.10000000149011612,0.10000000149011612,0.0,0.10000000149011612
2016-04-05,0.10000000149011612,0.10000000149011612,0.10000000149011612,0.10000000149011612,0.0,0.10000000149011612
2016-04-06,0.10000000149011612,0.10000000149011612,0.10000000149011612,0.10000000149011612,0.0,0.10000000149011612
2016-04-07,0.10000000149011612,0.10000000149011612,0.10000000149011612,0.10000000149011612,0.0,0.10000000149011612
2016-04-08,0.10000000149011612,0.10000000149011612,0.10000000149011612,0.10000000149011612,0.0,0.10000000149011612
2016-04-11,0.10000000149011612,0.10000000149011612,0.10000000149011612,0.10000000149011612,0.0,0.10000000149011612
2016-04-12,0.10000000149011612,0.10000000149011612,0.10000000149011612,0.10000000149011612,0.0,0.10000000149011612
2016-04-13,0.10000000149011612,0.10000000149011612,0.10000000149011612,0.10000000149011612,0.0,0.10000000149011612
2016-04-14,0.10000000149011612,0.10000000149011612,0.10000000149011612,0.10000000149011612,0.0,0.10000000149011612
2016-04-15,0.10000000149011612,0.10000000149011612,0.10000000149011612,0.10000000149011612,0.0,0.10000000149011612
2016-04-18,0.10000000149011612,0.10000000149011612,0.10000000149011612,0.10000000149011612,0.0,0.10000000149011612
2016-04-19,0.10000000149011612,0.10000000149011612,0.10000000149011612,0.10000000149011612,0.0,0.10000000149011612
2016-04-20,0.10000000149011612,0.10000000149011612,0.10000000149011612,0.10000000149011612,0.0,0.10000000149011612
2016-04-21,0.10000000149011612,0.10000000149011612,0.10000000149011612,0.10000000149011612,0.0,0.10000000149011612
2016-04-22,0.10000000149011612,0.10000000149011612,0.10000000149011612,0.10000000149011612,0.0,0.10000000149011612
2016-04-25,0.10000000149011612,0.10000000149011612,0.10000000149011612,0.10000000149011612,0.0,0.10000000149011612
2016-04-26,0.10000000149011612,0.10000000149011612,0.10000000149011612,0.10000000149011612,0.0,0.10000000149011612
2016-04-27,0.10000000149011612,0.10000000149011612,0.10000000149011612,0.10000000149011612,0.0,0.10000000149011612
2016-04-28,0.0729999989271164,0.0729999989271164,0.0729999989271164,0.0729999989271164,166.0,0.0729999989271164
2016-04-29,0.0729999989271164,0.0729999989271164,0.0729999989271164,0.0729999989271164,0.0,0.0729999989271164
2016-05-02,0.10000000149011612,0.10000000149011612,0.10000000149011612,0.10000000149011612,100.0,0.10000000149011612
2016-05-03,0.10000000149011612,0.10000000149011612,0.10000000149011612,0.10000000149011612,0.0,0.10000000149011612
2016-05-04,0.10000000149011612,0.10000000149011612,0.10000000149011612,0.10000000149011612,0.0,0.10000000149011612
2016-05-05,0.10000000149011612,0.10000000149011612,0.10000000149011612,0.10000000149011612,0.0,0.10000000149011612
2016-05-06,0.10000000149011612,0.07000000029802322,0.07000000029802322,0.10000000149011612,599.0,0.10000000149011612
2016-05-09,0.10000000149011612,0.10000000149011612,0.10000000149011612,0.10000000149011612,0.0,0.10000000149011612
2016-05-10,0.10000000149011612,0.10000000149011612,0.10000000149011612,0.10000000149011612,0.0,0.10000000149011612
2016-05-11,0.10000000149011612,0.10000000149011612,0.10000000149011612,0.10000000149011612,0.0,0.10000000149011612
2016-05-12,0.10000000149011612,0.10000000149011612,0.10000000149011612,0.10000000149011612,0.0,0.10000000149011612
2016-05-13,0.10000000149011612,0.10000000149011612,0.10000000149011612,0.10000000149011612,0.0,0.10000000149011612
2016-05-16,0.10000000149011612,0.10000000149011612,0.10000000149011612,0.10000000149011612,0.0,0.10000000149011612
2016-05-17,0.10000000149011612,0.10000000149011612,0.10000000149011612,0.10000000149011612,0.0,0.10000000149011612
2016-05-18,0.10000000149011612,0.10000000149011612,0.10000000149011612,0.10000000149011612,0.0,0.10000000149011612
2016-05-19,0.10000000149011612,0.10000000149011612,0.10000000149011612,0.10000000149011612,0.0,0.10000000149011612
2016-05-20,0.10000000149011612,0.10000000149011612,0.10000000149011612,0.10000000149011612,0.0,0.10000000149011612
2016-05-23,0.10000000149011612,0.10000000149011612,0.10000000149011612,0.10000000149011612,0.0,0.10000000149011612
2016-05-24,0.10000000149011612,0.10000000149011612,0.10000000149011612,0.10000000149011612,0.0,0.10000000149011612
2016-05-25,0.07000000029802322,0.07000000029802322,0.07000000029802322,0.07000000029802322,250.0,0.07000000029802322
2016-05-26,0.10000000149011612,0.10000000149011612,0.10000000149011612,0.10000000149011612,100.0,0.10000000149011612
2016-05-27,0.10000000149011612,0.10000000149011612,0.10000000149011612,0.10000000149011612,0.0,0.10000000149011612
2016-05-31,0.10000000149011612,0.10000000149011612,0.10000000149011612,0.10000000149011612,100.0,0.10000000149011612
2016-06-01,0.10000000149011612,0.07000000029802322,0.07000000029802322,0.10000000149011612,1719.0,0.10000000149011612
2016-06-02,0.10000000149011612,0.10000000149011612,0.10000000149011612,0.10000000149011612,0.0,0.10000000149011612
2016-06-03,0.10000000149011612,0.10000000149011612,0.10000000149011612,0.10000000149011612,0.0,0.10000000149011612
2016-06-06,0.10000000149011612,0.10000000149011612,0.10000000149011612,0.10000000149011612,0.0,0.10000000149011612
2016-06-07,0.10000000149011612,0.10000000149011612,0.10000000149011612,0.10000000149011612,0.0,0.10000000149011612
2016-06-08,0.10000000149011612,0.10000000149011612,0.10000000149011612,0.10000000149011612,0.0,0.10000000149011612
2016-06-09,0.10000000149011612,0.10000000149011612,0.10000000149011612,0.10000000149011612,0.0,0.10000000149011612
2016-06-10,0.10000000149011612,0.10000000149011612,0.10000000149011612,0.10000000149011612,0.0,0.10000000149011612
2016-06-13,0.10000000149011612,0.10000000149011612,0.10000000149011612,0.10000000149011612,0.0,0.10000000149011612
2016-06-14,0.09700000286102295,0.07000000029802322,0.07000000029802322,0.09700000286102295,583.0,0.09700000286102295
2016-06-15,0.09700000286102295,0.09700000286102295,0.09700000286102295,0.09700000286102295,0.0,0.09700000286102295
2016-06-16,0.09700000286102295,0.09700000286102295,0.09700000286102295,0.09700000286102295,0.0,0.09700000286102295
2016-06-17,0.09700000286102295,0.09700000286102295,0.09700000286102295,0.09700000286102295,0.0,0.09700000286102295
2016-06-20,0.10000000149011612,0.10000000149011612,0.10000000149011612,0.10000000149011612,10929.0,0.10000000149011612
2016-06-21,0.10000000149011612,0.10000000149011612,0.10000000149011612,0.10000000149011612,0.0,0.10000000149011612
2016-06-22,0.10000000149011612,0.10000000149011612,0.10000000149011612,0.10000000149011612,0.0,0.10000000149011612
2016-06-23,0.10000000149011612,0.10000000149011612,0.10000000149011612,0.10000000149011612,0.0,0.10000000149011612
2016-06-24,0.10000000149011612,0.10000000149011612,0.10000000149011612,0.10000000149011612,0.0,0.10000000149011612
2016-06-27,0.10000000149011612,0.10000000149011612,0.10000000149011612,0.10000000149011612,0.0,0.10000000149011612
2016-06-28,0.10000000149011612,0.10000000149011612,0.10000000149011612,0.10000000149011612,0.0,0.10000000149011612
2016-06-29,0.07000000029802322,0.05000000074505806,0.07000000029802322,0.05000000074505806,15433.0,0.05000000074505806
2016-06-30,0.05000000074505806,0.05000000074505806,0.05000000074505806,0.05000000074505806,0.0,0.05000000074505806
2016-07-01,0.07999999821186066,0.07999999821186066,0.07999999821186066,0.07999999821186066,2000.0,0.07999999821186066
2016-07-05,0.07999999821186066,0.07999999821186066,0.07999999821186066,0.07999999821186066,0.0,0.07999999821186066
2016-07-06,0.07999999821186066,0.07999999821186066,0.07999999821186066,0.07999999821186066,0.0,0.07999999821186066
2016-07-07,0.07999999821186066,0.07999999821186066,0.07999999821186066,0.07999999821186066,0.0,0.07999999821186066
2016-07-08,0.07999999821186066,0.07999999821186066,0.07999999821186066,0.07999999821186066,0.0,0.07999999821186066
2016-07-11,0.07999999821186066,0.07999999821186066,0.07999999821186066,0.07999999821186066,0.0,0.07999999821186066
2016-07-12,0.07999999821186066,0.05000000074505806,0.05000000074505806,0.07999999821186066,236.0,0.07999999821186066
2016-07-13,0.07999999821186066,0.07999999821186066,0.07999999821186066,0.07999999821186066,0.0,0.07999999821186066
2016-07-14,0.07999999821186066,0.07999999821186066,0.07999999821186066,0.07999999821186066,0.0,0.07999999821186066
2016-07-15,0.07999999821186066,0.07999999821186066,0.07999999821186066,0.07999999821186066,0.0,0.07999999821186066
2016-07-18,0.07999999821186066,0.07999999821186066,0.07999999821186066,0.07999999821186066,0.0,0.07999999821186066
2016-07-19,0.07999999821186066,0.07999999821186066,0.07999999821186066,0.07999999821186066,0.0,0.07999999821186066
2016-07-20,0.07999999821186066,0.07999999821186066,0.07999999821186066,0.07999999821186066,0.0,0.07999999821186066
2016-07-21,0.07999999821186066,0.07999999821186066,0.07999999821186066,0.07999999821186066,0.0,0.07999999821186066
2016-07-22,0.07999999821186066,0.07999999821186066,0.07999999821186066,0.07999999821186066,0.0,0.07999999821186066
2016-07-25,0.07999999821186066,0.07999999821186066,0.07999999821186066,0.07999999821186066,0.0,0.07999999821186066
2016-07-26,0.07999999821186066,0.07999999821186066,0.07999999821186066,0.07999999821186066,0.0,0.07999999821186066
2016-07-27,0.07999999821186066,0.07999999821186066,0.07999999821186066,0.07999999821186066,0.0,0.07999999821186066
2016-07-28,0.07999999821186066,0.07999999821186066,0.07999999821186066,0.07999999821186066,20243.0,0.07999999821186066
2016-07-29,0.07999999821186066,0.07999999821186066,0.07999999821186066,0.07999999821186066,0.0,0.07999999821186066
2016-08-01,0.07999999821186066,0.07999999821186066,0.07999999821186066,0.07999999821186066,0.0,0.07999999821186066
2016-08-02,0.07999999821186066,0.07999999821186066,0.07999999821186066,0.07999999821186066,0.0,0.07999999821186066
2016-08-03,0.07999999821186066,0.07999999821186066,0.07999999821186066,0.07999999821186066,0.0,0.07999999821186066
2016-08-04,0.07999999821186066,0.07999999821186066,0.07999999821186066,0.07999999821186066,0.0,0.07999999821186066
2016-08-05,0.07999999821186066,0.07999999821186066,0.07999999821186066,0.07999999821186066,0.0,0.07999999821186066
2016-08-08,0.07999999821186066,0.07999999821186066,0.07999999821186066,0.07999999821186066,0.0,0.07999999821186066
2016-08-09,0.07999999821186066,0.07999999821186066,0.07999999821186066,0.07999999821186066,0.0,0.07999999821186066
2016-08-10,0.05999999865889549,0.05999999865889549,0.05999999865889549,0.05999999865889549,133.0,0.05999999865889549
2016-08-11,0.07999999821186066,0.07999999821186066,0.07999999821186066,0.07999999821186066,200.0,0.07999999821186066
2016-08-12,0.07999999821186066,0.07999999821186066,0.07999999821186066,0.07999999821186066,0.0,0.07999999821186066
2016-08-15,0.07999999821186066,0.07999999821186066,0.07999999821186066,0.07999999821186066,0.0,0.07999999821186066
2016-08-16,0.07999999821186066,0.07999999821186066,0.07999999821186066,0.07999999821186066,0.0,0.07999999821186066
2016-08-17,0.07999999821186066,0.07999999821186066,0.07999999821186066,0.07999999821186066,0.0,0.07999999821186066
2016-08-18,0.07999999821186066,0.07999999821186066,0.07999999821186066,0.07999999821186066,0.0,0.07999999821186066
2016-08-19,0.07999999821186066,0.07999999821186066,0.07999999821186066,0.07999999821186066,0.0,0.07999999821186066
2016-08-22,0.07999999821186066,0.07999999821186066,0.07999999821186066,0.07999999821186066,500.0,0.07999999821186066
2016-08-23,0.07999999821186066,0.07999999821186066,0.07999999821186066,0.07999999821186066,0.0,0.07999999821186066
2016-08-24,0.05999999865889549,0.05999999865889549,0.05999999865889549,0.05999999865889549,100.0,0.05999999865889549
2016-08-25,0.07999999821186066,0.07999999821186066,0.07999999821186066,0.07999999821186066,100.0,0.07999999821186066
2016-08-26,0.07999999821186066,0.07999999821186066,0.07999999821186066,0.07999999821186066,0.0,0.07999999821186066
2016-08-29,0.07999999821186066,0.07999999821186066,0.07999999821186066,0.07999999821186066,0.0,0.07999999821186066
2016-08-30,0.07999999821186066,0.07999999821186066,0.07999999821186066,0.07999999821186066,0.0,0.07999999821186066
2016-08-31,0.07999999821186066,0.07999999821186066,0.07999999821186066,0.07999999821186066,0.0,0.07999999821186066
2016-09-01,0.07999999821186066,0.07999999821186066,0.07999999821186066,0.07999999821186066,0.0,0.07999999821186066
2016-09-02,0.07999999821186066,0.07999999821186066,0.07999999821186066,0.07999999821186066,0.0,0.07999999821186066
2016-09-06,0.07999999821186066,0.07999999821186066,0.07999999821186066,0.07999999821186066,0.0,0.07999999821186066
2016-09-07,0.07999999821186066,0.07999999821186066,0.07999999821186066,0.07999999821186066,0.0,0.07999999821186066
2016-09-08,0.07999999821186066,0.07999999821186066,0.07999999821186066,0.07999999821186066,0.0,0.07999999821186066
2016-09-09,0.07999999821186066,0.07999999821186066,0.07999999821186066,0.07999999821186066,0.0,0.07999999821186066
2016-09-12,0.07999999821186066,0.07999999821186066,0.07999999821186066,0.07999999821186066,0.0,0.07999999821186066
2016-09-13,0.07999999821186066,0.07999999821186066,0.07999999821186066,0.07999999821186066,0.0,0.07999999821186066
2016-09-14,0.07999999821186066,0.07999999821186066,0.07999999821186066,0.07999999821186066,0.0,0.07999999821186066
2016-09-15,0.07999999821186066,0.07999999821186066,0.07999999821186066,0.07999999821186066,0.0,0.07999999821186066
2016-09-16,0.07999999821186066,0.07999999821186066,0.07999999821186066,0.07999999821186066,0.0,0.07999999821186066
2016-09-19,0.07999999821186066,0.07999999821186066,0.07999999821186066,0.07999999821186066,0.0,0.07999999821186066
2016-09-20,0.07999999821186066,0.07999999821186066,0.07999999821186066,0.07999999821186066,0.0,0.07999999821186066
2016-09-21,0.07999999821186066,0.07999999821186066,0.07999999821186066,0.07999999821186066,0.0,0.07999999821186066
2016-09-22,0.07999999821186066,0.07999999821186066,0.07999999821186066,0.07999999821186066,0.0,0.07999999821186066
2016-09-23,0.07999999821186066,0.07999999821186066,0.07999999821186066,0.07999999821186066,0.0,0.07999999821186066
2016-09-26,0.07999999821186066,0.07999999821186066,0.07999999821186066,0.07999999821186066,0.0,0.07999999821186066
2016-09-27,0.07999999821186066,0.07999999821186066,0.07999999821186066,0.07999999821186066,0.0,0.07999999821186066
2016-09-28,0.07999999821186066,0.07999999821186066,0.07999999821186066,0.07999999821186066,0.0,0.07999999821186066
2016-09-29,0.07999999821186066,0.07999999821186066,0.07999999821186066,0.07999999821186066,0.0,0.07999999821186066
2016-09-30,0.07999999821186066,0.07999999821186066,0.07999999821186066,0.07999999821186066,0.0,0.07999999821186066
2016-10-03,0.07999999821186066,0.07999999821186066,0.07999999821186066,0.07999999821186066,0.0,0.07999999821186066
2016-10-04,0.07999999821186066,0.07999999821186066,0.07999999821186066,0.07999999821186066,0.0,0.07999999821186066
2016-10-05,0.07999999821186066,0.07999999821186066,0.07999999821186066,0.07999999821186066,0.0,0.07999999821186066
2016-10-06,0.07999999821186066,0.07999999821186066,0.07999999821186066,0.07999999821186066,0.0,0.07999999821186066
2016-10-07,0.07999999821186066,0.07999999821186066,0.07999999821186066,0.07999999821186066,0.0,0.07999999821186066
2016-10-10,0.05999999865889549,0.057999998331069946,0.05999999865889549,0.057999998331069946,968.0,0.057999998331069946
2016-10-11,0.057999998331069946,0.057999998331069946,0.057999998331069946,0.057999998331069946,0.0,0.057999998331069946
2016-10-12,0.057999998331069946,0.057999998331069946,0.057999998331069946,0.057999998331069946,0.0,0.057999998331069946
2016-10-13,0.05999999865889549,0.05999999865889549,0.05999999865889549,0.05999999865889549,1000.0,0.05999999865889549
2016-10-14,0.05999999865889549,0.05999999865889549,0.05999999865889549,0.05999999865889549,1000.0,0.05999999865889549
2016-10-17,0.05999999865889549,0.05999999865889549,0.05999999865889549,0.05999999865889549,0.0,0.05999999865889549
2016-10-18,0.05999999865889549,0.05999999865889549,0.05999999865889549,0.05999999865889549,0.0,0.05999999865889549
2016-10-19,0.052000001072883606,0.05000000074505806,0.052000001072883606,0.05000000074505806,200.0,0.05000000074505806
2016-10-20,0.05999999865889549,0.05999999865889549,0.05999999865889549,0.05999999865889549,1000.0,0.05999999865889549
2016-10-21,0.05999999865889549,0.05999999865889549,0.05999999865889549,0.05999999865889549,0.0,0.05999999865889549
2016-10-24,0.05999999865889549,0.05999999865889549,0.05999999865889549,0.05999999865889549,0.0,0.05999999865889549
2016-10-25,0.05999999865889549,0.05999999865889549,0.05999999865889549,0.05999999865889549,0.0,0.05999999865889549
2016-10-26,0.05999999865889549,0.05999999865889549,0.05999999865889549,0.05999999865889549,0.0,0.05999999865889549
2016-10-27,0.05999999865889549,0.05999999865889549,0.05999999865889549,0.05999999865889549,0.0,0.05999999865889549
2016-10-28,0.05999999865889549,0.05999999865889549,0.05999999865889549,0.05999999865889549,0.0,0.05999999865889549
2016-10-31,0.05999999865889549,0.05999999865889549,0.05999999865889549,0.05999999865889549,0.0,0.05999999865889549
2016-11-01,0.05999999865889549,0.05999999865889549,0.05999999865889549,0.05999999865889549,0.0,0.05999999865889549
2016-11-02,0.05999999865889549,0.05999999865889549,0.05999999865889549,0.05999999865889549,0.0,0.05999999865889549
2016-11-03,0.05999999865889549,0.05999999865889549,0.05999999865889549,0.05999999865889549,0.0,0.05999999865889549
2016-11-04,0.05999999865889549,0.05999999865889549,0.05999999865889549,0.05999999865889549,0.0,0.05999999865889549
2016-11-07,0.07999999821186066,0.05999999865889549,0.05999999865889549,0.07999999821186066,30000.0,0.07999999821186066
2016-11-08,0.07999999821186066,0.05999999865889549,0.05999999865889549,0.07999999821186066,31000.0,0.07999999821186066
2016-11-09,0.07999999821186066,0.07999999821186066,0.07999999821186066,0.07999999821186066,0.0,0.07999999821186066
2016-11-10,0.054999999701976776,0.054999999701976776,0.054999999701976776,0.054999999701976776,20243.0,0.054999999701976776
2016-11-11,0.07999999821186066,0.07999999821186066,0.07999999821186066,0.07999999821186066,500.0,0.07999999821186066
2016-11-14,0.07999999821186066,0.07999999821186066,0.07999999821186066,0.07999999821186066,0.0,0.07999999821186066
2016-11-15,0.07999999821186066,0.07999999821186066,0.07999999821186066,0.07999999821186066,10000.0,0.07999999821186066
2016-11-16,0.07999999821186066,0.07999999821186066,0.07999999821186066,0.07999999821186066,0.0,0.07999999821186066
2016-11-17,0.07999999821186066,0.07999999821186066,0.07999999821186066,0.07999999821186066,0.0,0.07999999821186066
2016-11-18,0.07999999821186066,0.07999999821186066,0.07999999821186066,0.07999999821186066,167.0,0.07999999821186066
2016-11-21,0.07999999821186066,0.07999999821186066,0.07999999821186066,0.07999999821186066,0.0,0.07999999821186066
2016-11-22,0.07999999821186066,0.07999999821186066,0.07999999821186066,0.07999999821186066,0.0,0.07999999821186066
2016-11-23,0.07999999821186066,0.07999999821186066,0.07999999821186066,0.07999999821186066,0.0,0.07999999821186066
2016-11-25,0.07999999821186066,0.07999999821186066,0.07999999821186066,0.07999999821186066,0.0,0.07999999821186066
2016-11-28,0.07999999821186066,0.07999999821186066,0.07999999821186066,0.07999999821186066,0.0,0.07999999821186066
2016-11-29,0.07999999821186066,0.07999999821186066,0.07999999821186066,0.07999999821186066,0.0,0.07999999821186066
2016-11-30,0.07999999821186066,0.07999999821186066,0.07999999821186066,0.07999999821186066,0.0,0.07999999821186066
2016-12-01,0.060750000178813934,0.054999999701976776,0.060750000178813934,0.054999999701976776,3666.0,0.054999999701976776
2016-12-02,0.054999999701976776,0.054999999701976776,0.054999999701976776,0.054999999701976776,0.0,0.054999999701976776
2016-12-05,0.07999999821186066,0.054999999701976776,0.07999999821186066,0.054999999701976776,5600.0,0.054999999701976776
2016-12-06,0.054999999701976776,0.054999999701976776,0.054999999701976776,0.054999999701976776,0.0,0.054999999701976776
2016-12-07,0.054999999701976776,0.054999999701976776,0.054999999701976776,0.054999999701976776,0.0,0.054999999701976776
2016-12-08,0.07000000029802322,0.054999999701976776,0.07000000029802322,0.054999999701976776,433.0,0.054999999701976776
2016-12-09,0.07000000029802322,0.07000000029802322,0.07000000029802322,0.07000000029802322,1000.0,0.07000000029802322
2016-12-12,0.07000000029802322,0.054999999701976776,0.06499999761581421,0.07000000029802322,16766.0,0.07000000029802322
2016-12-13,0.07000000029802322,0.07000000029802322,0.07000000029802322,0.07000000029802322,0.0,0.07000000029802322
2016-12-14,0.07000000029802322,0.07000000029802322,0.07000000029802322,0.07000000029802322,0.0,0.07000000029802322
2016-12-15,0.07000000029802322,0.07000000029802322,0.07000000029802322,0.07000000029802322,0.0,0.07000000029802322
2016-12-16,0.07000000029802322,0.06949999928474426,0.06949999928474426,0.07000000029802322,20000.0,0.07000000029802322
2016-12-19,0.07000000029802322,0.07000000029802322,0.07000000029802322,0.07000000029802322,0.0,0.07000000029802322
2016-12-20,0.07000000029802322,0.07000000029802322,0.07000000029802322,0.07000000029802322,0.0,0.07000000029802322
2016-12-21,0.07000000029802322,0.07000000029802322,0.07000000029802322,0.07000000029802322,0.0,0.07000000029802322
2016-12-22,0.07000000029802322,0.07000000029802322,0.07000000029802322,0.07000000029802322,0.0,0.07000000029802322
2016-12-23,0.07000000029802322,0.07000000029802322,0.07000000029802322,0.07000000029802322,0.0,0.07000000029802322
2016-12-27,0.10000000149011612,0.06499999761581421,0.06499999761581421,0.10000000149011612,2450.0,0.10000000149011612
2016-12-28,0.10000000149011612,0.10000000149011612,0.10000000149011612,0.10000000149011612,0.0,0.10000000149011612
2016-12-29,0.10000000149011612,0.10000000149011612,0.10000000149011612,0.10000000149011612,0.0,0.10000000149011612
2016-12-30,0.10000000149011612,0.10000000149011612,0.10000000149011612,0.10000000149011612,0.0,0.10000000149011612
2017-01-03,0.10000000149011612,0.10000000149011612,0.10000000149011612,0.10000000149011612,0.0,0.10000000149011612
2017-01-04,0.10000000149011612,0.10000000149011612,0.10000000149011612,0.10000000149011612,0.0,0.10000000149011612
2017-01-05,0.10000000149011612,0.10000000149011612,0.10000000149011612,0.10000000149011612,0.0,0.10000000149011612
2017-01-06,0.10000000149011612,0.10000000149011612,0.10000000149011612,0.10000000149011612,0.0,0.10000000149011612
2017-01-09,0.10000000149011612,0.10000000149011612,0.10000000149011612,0.10000000149011612,0.0,0.10000000149011612
2017-01-10,0.10000000149011612,0.10000000149011612,0.10000000149011612,0.10000000149011612,0.0,0.10000000149011612
2017-01-11,0.10000000149011612,0.10000000149011612,0.10000000149011612,0.10000000149011612,0.0,0.10000000149011612
2017-01-12,0.10000000149011612,0.10000000149011612,0.10000000149011612,0.10000000149011612,0.0,0.10000000149011612
2017-01-13,0.10000000149011612,0.10000000149011612,0.10000000149011612,0.10000000149011612,0.0,0.10000000149011612
2017-01-17,0.10000000149011612,0.10000000149011612,0.10000000149011612,0.10000000149011612,0.0,0.10000000149011612
2017-01-18,0.10000000149011612,0.10000000149011612,0.10000000149011612,0.10000000149011612,0.0,0.10000000149011612
2017-01-19,0.10000000149011612,0.10000000149011612,0.10000000149011612,0.10000000149011612,0.0,0.10000000149011612
2017-01-20,0.10000000149011612,0.10000000149011612,0.10000000149011612,0.10000000149011612,0.0,0.10000000149011612
2017-01-23,0.10000000149011612,0.10000000149011612,0.10000000149011612,0.10000000149011612,0.0,0.10000000149011612
2017-01-24,0.10000000149011612,0.10000000149011612,0.10000000149011612,0.10000000149011612,0.0,0.10000000149011612
2017-01-25,0.10000000149011612,0.10000000149011612,0.10000000149011612,0.10000000149011612,0.0,0.10000000149011612
2017-01-26,0.10000000149011612,0.10000000149011612,0.10000000149011612,0.10000000149011612,0.0,0.10000000149011612
2017-01-27,0.10000000149011612,0.10000000149011612,0.10000000149011612,0.10000000149011612,0.0,0.10000000149011612
2017-01-30,0.10000000149011612,0.10000000149011612,0.10000000149011612,0.10000000149011612,0.0,0.10000000149011612
2017-01-31,0.10000000149011612,0.10000000149011612,0.10000000149011612,0.10000000149011612,0.0,0.10000000149011612
2017-02-01,0.10000000149011612,0.10000000149011612,0.10000000149011612,0.10000000149011612,0.0,0.10000000149011612
2017-02-02,0.10000000149011612,0.10000000149011612,0.10000000149011612,0.10000000149011612,0.0,0.10000000149011612
2017-02-03,0.10000000149011612,0.10000000149011612,0.10000000149011612,0.10000000149011612,0.0,0.10000000149011612
2017-02-06,0.10000000149011612,0.10000000149011612,0.10000000149011612,0.10000000149011612,0.0,0.10000000149011612
2017-02-07,0.10000000149011612,0.10000000149011612,0.10000000149011612,0.10000000149011612,0.0,0.10000000149011612
2017-02-08,0.10000000149011612,0.10000000149011612,0.10000000149011612,0.10000000149011612,0.0,0.10000000149011612
2017-02-09,0.10000000149011612,0.10000000149011612,0.10000000149011612,0.10000000149011612,0.0,0.10000000149011612
2017-02-10,0.10000000149011612,0.10000000149011612,0.10000000149011612,0.10000000149011612,0.0,0.10000000149011612
2017-02-13,0.09650000184774399,0.06499999761581421,0.06499999761581421,0.09650000184774399,350.0,0.09650000184774399
2017-02-14,0.09650000184774399,0.09650000184774399,0.09650000184774399,0.09650000184774399,0.0,0.09650000184774399
2017-02-15,0.09650000184774399,0.09650000184774399,0.09650000184774399,0.09650000184774399,0.0,0.09650000184774399
2017-02-16,0.09650000184774399,0.09650000184774399,0.09650000184774399,0.09650000184774399,0.0,0.09650000184774399
2017-02-17,0.09650000184774399,0.09650000184774399,0.09650000184774399,0.09650000184774399,0.0,0.09650000184774399
2017-02-21,0.10000000149011612,0.06499999761581421,0.06499999761581421,0.10000000149011612,285.0,0.10000000149011612
2017-02-22,0.10000000149011612,0.10000000149011612,0.10000000149011612,0.10000000149011612,0.0,0.10000000149011612
2017-02-23,0.10000000149011612,0.10000000149011612,0.10000000149011612,0.10000000149011612,0.0,0.10000000149011612
2017-02-24,0.10000000149011612,0.10000000149011612,0.10000000149011612,0.10000000149011612,0.0,0.10000000149011612
2017-02-27,0.10000000149011612,0.10000000149011612,0.10000000149011612,0.10000000149011612,0.0,0.10000000149011612
2017-02-28,0.10000000149011612,0.10000000149011612,0.10000000149011612,0.10000000149011612,0.0,0.10000000149011612
2017-03-01,0.10000000149011612,0.10000000149011612,0.10000000149011612,0.10000000149011612,0.0,0.10000000149011612
2017-03-02,0.10000000149011612,0.10000000149011612,0.10000000149011612,0.10000000149011612,0.0,0.10000000149011612
2017-03-03,0.10000000149011612,0.10000000149011612,0.10000000149011612,0.10000000149011612,0.0,0.10000000149011612
2017-03-06,0.10000000149011612,0.10000000149011612,0.10000000149011612,0.10000000149011612,0.0,0.10000000149011612
2017-03-07,0.10000000149011612,0.10000000149011612,0.10000000149011612,0.10000000149011612,0.0,0.10000000149011612
2017-03-08,0.10000000149011612,0.10000000149011612,0.10000000149011612,0.10000000149011612,0.0,0.10000000149011612
2017-03-09,0.10000000149011612,0.10000000149011612,0.10000000149011612,0.10000000149011612,0.0,0.10000000149011612
2017-03-10,0.06499999761581421,0.009999999776482582,0.06499999761581421,0.009999999776482582,66671.0,0.009999999776482582
2017-03-13,0.05000000074505806,0.04899999871850014,0.04899999871850014,0.04989999905228615,7500.0,0.04989999905228615
2017-03-14,0.04989999905228615,0.04989999905228615,0.04989999905228615,0.04989999905228615,0.0,0.04989999905228615
2017-03-15,0.05000000074505806,0.05000000074505806,0.05000000074505806,0.05000000074505806,11000.0,0.05000000074505806
2017-03-16,0.05000000074505806,0.05000000074505806,0.05000000074505806,0.05000000074505806,0.0,0.05000000074505806
2017-03-17,0.05000000074505806,0.05000000074505806,0.05000000074505806,0.05000000074505806,0.0,0.05000000074505806
2017-03-20,0.05000000074505806,0.05000000074505806,0.05000000074505806,0.05000000074505806,0.0,0.05000000074505806
2017-03-21,0.05000000074505806,0.03999999910593033,0.03999999910593033,0.05000000074505806,2616.0,0.05000000074505806
2017-03-22,0.05000000074505806,0.05000000074505806,0.05000000074505806,0.05000000074505806,0.0,0.05000000074505806
2017-03-23,0.05000000074505806,0.05000000074505806,0.05000000074505806,0.05000000074505806,0.0,0.05000000074505806
2017-03-24,0.05000000074505806,0.05000000074505806,0.05000000074505806,0.05000000074505806,0.0,0.05000000074505806
2017-03-27,0.05000000074505806,0.05000000074505806,0.05000000074505806,0.05000000074505806,0.0,0.05000000074505806
2017-03-28,0.05000000074505806,0.05000000074505806,0.05000000074505806,0.05000000074505806,0.0,0.05000000074505806
2017-03-29,0.05000000074505806,0.05000000074505806,0.05000000074505806,0.05000000074505806,0.0,0.05000000074505806
2017-03-30,0.05000000074505806,0.05000000074505806,0.05000000074505806,0.05000000074505806,0.0,0.05000000074505806
2017-03-31,0.05000000074505806,0.05000000074505806,0.05000000074505806,0.05000000074505806,500.0,0.05000000074505806
2017-04-03,0.05000000074505806,0.05000000074505806,0.05000000074505806,0.05000000074505806,0.0,0.05000000074505806
2017-04-04,0.05000000074505806,0.05000000074505806,0.05000000074505806,0.05000000074505806,1000.0,0.05000000074505806
2017-04-05,0.05000000074505806,0.05000000074505806,0.05000000074505806,0.05000000074505806,0.0,0.05000000074505806
2017-04-06,0.05000000074505806,0.05000000074505806,0.05000000074505806,0.05000000074505806,0.0,0.05000000074505806
2017-04-07,0.05000000074505806,0.05000000074505806,0.05000000074505806,0.05000000074505806,0.0,0.05000000074505806
2017-04-10,0.05000000074505806,0.05000000074505806,0.05000000074505806,0.05000000074505806,0.0,0.05000000074505806
2017-04-11,0.05000000074505806,0.03999999910593033,0.05000000074505806,0.05000000074505806,5933.0,0.05000000074505806
2017-04-12,0.05000000074505806,0.05000000074505806,0.05000000074505806,0.05000000074505806,0.0,0.05000000074505806
2017-04-13,0.05000000074505806,0.05000000074505806,0.05000000074505806,0.05000000074505806,0.0,0.05000000074505806
2017-04-17,0.05000000074505806,0.05000000074505806,0.05000000074505806,0.05000000074505806,0.0,0.05000000074505806
2017-04-18,0.05000000074505806,0.05000000074505806,0.05000000074505806,0.05000000074505806,0.0,0.05000000074505806
2017-04-19,0.05000000074505806,0.05000000074505806,0.05000000074505806,0.05000000074505806,0.0,0.05000000074505806
2017-04-20,0.05000000074505806,0.05000000074505806,0.05000000074505806,0.05000000074505806,0.0,0.05000000074505806
2017-04-21,0.05000000074505806,0.05000000074505806,0.05000000074505806,0.05000000074505806,0.0,0.05000000074505806
2017-04-24,0.05000000074505806,0.05000000074505806,0.05000000074505806,0.05000000074505806,0.0,0.05000000074505806
2017-04-25,0.05000000074505806,0.05000000074505806,0.05000000074505806,0.05000000074505806,0.0,0.05000000074505806
2017-04-26,0.05000000074505806,0.05000000074505806,0.05000000074505806,0.05000000074505806,0.0,0.05000000074505806
2017-04-27,0.05000000074505806,0.05000000074505806,0.05000000074505806,0.05000000074505806,0.0,0.05000000074505806
2017-04-28,0.05000000074505806,0.05000000074505806,0.05000000074505806,0.05000000074505806,0.0,0.05000000074505806
2017-05-01,0.05000000074505806,0.03999999910593033,0.03999999910593033,0.05000000074505806,1166.0,0.05000000074505806
2017-05-02,0.05000000074505806,0.05000000074505806,0.05000000074505806,0.05000000074505806,0.0,0.05000000074505806
2017-05-03,0.05000000074505806,0.05000000074505806,0.05000000074505806,0.05000000074505806,0.0,0.05000000074505806
2017-05-04,0.05000000074505806,0.05000000074505806,0.05000000074505806,0.05000000074505806,0.0,0.05000000074505806
2017-05-05,0.05000000074505806,0.05000000074505806,0.05000000074505806,0.05000000074505806,0.0,0.05000000074505806
2017-05-08,0.05000000074505806,0.05000000074505806,0.05000000074505806,0.05000000074505806,0.0,0.05000000074505806
2017-05-09,0.05000000074505806,0.05000000074505806,0.05000000074505806,0.05000000074505806,0.0,0.05000000074505806
2017-05-10,0.05000000074505806,0.05000000074505806,0.05000000074505806,0.05000000074505806,0.0,0.05000000074505806
2017-05-11,0.05000000074505806,0.05000000074505806,0.05000000074505806,0.05000000074505806,0.0,0.05000000074505806
2017-05-12,0.05000000074505806,0.05000000074505806,0.05000000074505806,0.05000000074505806,0.0,0.05000000074505806
2017-05-15,0.05000000074505806,0.05000000074505806,0.05000000074505806,0.05000000074505806,0.0,0.05000000074505806
2017-05-16,0.05000000074505806,0.05000000074505806,0.05000000074505806,0.05000000074505806,0.0,0.05000000074505806
2017-05-17,0.05000000074505806,0.05000000074505806,0.05000000074505806,0.05000000074505806,0.0,0.05000000074505806
2017-05-18,0.05000000074505806,0.05000000074505806,0.05000000074505806,0.05000000074505806,0.0,0.05000000074505806
2017-05-19,0.05000000074505806,0.05000000074505806,0.05000000074505806,0.05000000074505806,0.0,0.05000000074505806
2017-05-22,0.05000000074505806,0.05000000074505806,0.05000000074505806,0.05000000074505806,0.0,0.05000000074505806
2017-05-23,0.05000000074505806,0.05000000074505806,0.05000000074505806,0.05000000074505806,10000.0,0.05000000074505806
2017-05-24,0.05000000074505806,0.05000000074505806,0.05000000074505806,0.05000000074505806,0.0,0.05000000074505806
2017-05-25,0.05000000074505806,0.05000000074505806,0.05000000074505806,0.05000000074505806,0.0,0.05000000074505806
2017-05-26,0.05000000074505806,0.05000000074505806,0.05000000074505806,0.05000000074505806,0.0,0.05000000074505806
2017-05-30,0.05000000074505806,0.05000000074505806,0.05000000074505806,0.05000000074505806,0.0,0.05000000074505806
2017-05-31,0.05000000074505806,0.05000000074505806,0.05000000074505806,0.05000000074505806,0.0,0.05000000074505806
2017-06-01,0.05000000074505806,0.05000000074505806,0.05000000074505806,0.05000000074505806,0.0,0.05000000074505806
2017-06-02,0.07000000029802322,0.05000000074505806,0.05000000074505806,0.07000000029802322,11000.0,0.07000000029802322
2017-06-05,0.07000000029802322,0.07000000029802322,0.07000000029802322,0.07000000029802322,0.0,0.07000000029802322
2017-06-06,0.07000000029802322,0.07000000029802322,0.07000000029802322,0.07000000029802322,0.0,0.07000000029802322
2017-06-07,0.07000000029802322,0.07000000029802322,0.07000000029802322,0.07000000029802322,0.0,0.07000000029802322
2017-06-08,0.07000000029802322,0.07000000029802322,0.07000000029802322,0.07000000029802322,0.0,0.07000000029802322
2017-06-09,0.07000000029802322,0.07000000029802322,0.07000000029802322,0.07000000029802322,0.0,0.07000000029802322
2017-06-12,0.07000000029802322,0.07000000029802322,0.07000000029802322,0.07000000029802322,0.0,0.07000000029802322
2017-06-13,0.07000000029802322,0.07000000029802322,0.07000000029802322,0.07000000029802322,0.0,0.07000000029802322
2017-06-14,0.07000000029802322,0.07000000029802322,0.07000000029802322,0.07000000029802322,0.0,0.07000000029802322
2017-06-15,0.07000000029802322,0.07000000029802322,0.07000000029802322,0.07000000029802322,0.0,0.07000000029802322
2017-06-16,0.07000000029802322,0.07000000029802322,0.07000000029802322,0.07000000029802322,0.0,0.07000000029802322
2017-06-19,0.10000000149011612,0.07000000029802322,0.07000000029802322,0.10000000149011612,11284.0,0.10000000149011612
2017-06-20,0.10000000149011612,0.10000000149011612,0.10000000149011612,0.10000000149011612,0.0,0.10000000149011612
2017-06-21,0.10000000149011612,0.10000000149011612,0.10000000149011612,0.10000000149011612,0.0,0.10000000149011612
2017-06-22,0.10000000149011612,0.10000000149011612,0.10000000149011612,0.10000000149011612,0.0,0.10000000149011612
2017-06-23,0.10000000149011612,0.10000000149011612,0.10000000149011612,0.10000000149011612,0.0,0.10000000149011612
2017-06-26,0.10000000149011612,0.10000000149011612,0.10000000149011612,0.10000000149011612,0.0,0.10000000149011612
2017-06-27,0.10000000149011612,0.10000000149011612,0.10000000149011612,0.10000000149011612,0.0,0.10000000149011612
2017-06-28,0.10000000149011612,0.10000000149011612,0.10000000149011612,0.10000000149011612,0.0,0.10000000149011612
2017-06-29,0.10000000149011612,0.10000000149011612,0.10000000149011612,0.10000000149011612,0.0,0.10000000149011612
2017-06-30,0.10000000149011612,0.10000000149011612,0.10000000149011612,0.10000000149011612,0.0,0.10000000149011612
2017-07-03,0.10000000149011612,0.10000000149011612,0.10000000149011612,0.10000000149011612,0.0,0.10000000149011612
2017-07-05,0.10000000149011612,0.10000000149011612,0.10000000149011612,0.10000000149011612,0.0,0.10000000149011612
2017-07-06,0.10000000149011612,0.10000000149011612,0.10000000149011612,0.10000000149011612,0.0,0.10000000149011612
2017-07-07,0.10000000149011612,0.10000000149011612,0.10000000149011612,0.10000000149011612,0.0,0.10000000149011612
2017-07-10,0.10000000149011612,0.10000000149011612,0.10000000149011612,0.10000000149011612,0.0,0.10000000149011612
2017-07-11,0.10000000149011612,0.10000000149011612,0.10000000149011612,0.10000000149011612,0.0,0.10000000149011612
2017-07-12,0.10000000149011612,0.10000000149011612,0.10000000149011612,0.10000000149011612,0.0,0.10000000149011612
2017-07-13,0.10000000149011612,0.10000000149011612,0.10000000149011612,0.10000000149011612,0.0,0.10000000149011612
2017-07-14,0.10000000149011612,0.10000000149011612,0.10000000149011612,0.10000000149011612,0.0,0.10000000149011612
2017-07-17,0.10000000149011612,0.10000000149011612,0.10000000149011612,0.10000000149011612,0.0,0.10000000149011612
2017-07-18,0.10000000149011612,0.10000000149011612,0.10000000149011612,0.10000000149011612,0.0,0.10000000149011612
2017-07-19,0.10000000149011612,0.10000000149011612,0.10000000149011612,0.10000000149011612,0.0,0.10000000149011612
2017-07-20,0.10000000149011612,0.10000000149011612,0.10000000149011612,0.10000000149011612,0.0,0.10000000149011612
2017-07-21,0.10000000149011612,0.10000000149011612,0.10000000149011612,0.10000000149011612,0.0,0.10000000149011612
2017-07-24,0.10000000149011612,0.10000000149011612,0.10000000149011612,0.10000000149011612,0.0,0.10000000149011612
2017-07-25,0.10000000149011612,0.10000000149011612,0.10000000149011612,0.10000000149011612,0.0,0.10000000149011612
2017-07-26,0.10000000149011612,0.10000000149011612,0.10000000149011612,0.10000000149011612,0.0,0.10000000149011612
2017-07-27,0.07000000029802322,0.07000000029802322,0.07000000029802322,0.07000000029802322,500.0,0.07000000029802322
2017-07-28,0.07999999821186066,0.07999999821186066,0.07999999821186066,0.07999999821186066,2500.0,0.07999999821186066
2017-07-31,0.07999999821186066,0.07999999821186066,0.07999999821186066,0.07999999821186066,0.0,0.07999999821186066
2017-08-01,0.07999999821186066,0.07999999821186066,0.07999999821186066,0.07999999821186066,0.0,0.07999999821186066
2017-08-02,0.07999999821186066,0.07999999821186066,0.07999999821186066,0.07999999821186066,0.0,0.07999999821186066
2017-08-03,0.07000000029802322,0.07000000029802322,0.07000000029802322,0.07000000029802322,214.0,0.07000000029802322
2017-08-04,0.07999999821186066,0.07999999821186066,0.07999999821186066,0.07999999821186066,1000.0,0.07999999821186066
2017-08-07,0.07999999821186066,0.07999999821186066,0.07999999821186066,0.07999999821186066,0.0,0.07999999821186066
2017-08-08,0.07999999821186066,0.07999999821186066,0.07999999821186066,0.07999999821186066,0.0,0.07999999821186066
2017-08-09,0.07999999821186066,0.07999999821186066,0.07999999821186066,0.07999999821186066,0.0,0.07999999821186066
2017-08-10,0.07999999821186066,0.07999999821186066,0.07999999821186066,0.07999999821186066,0.0,0.07999999821186066
2017-08-11,0.07999999821186066,0.07999999821186066,0.07999999821186066,0.07999999821186066,0.0,0.07999999821186066
2017-08-14,0.07999999821186066,0.07999999821186066,0.07999999821186066,0.07999999821186066,0.0,0.07999999821186066
2017-08-15,0.07999999821186066,0.07999999821186066,0.07999999821186066,0.07999999821186066,0.0,0.07999999821186066
2017-08-16,0.07999999821186066,0.07999999821186066,0.07999999821186066,0.07999999821186066,0.0,0.07999999821186066
2017-08-17,0.07999999821186066,0.07999999821186066,0.07999999821186066,0.07999999821186066,0.0,0.07999999821186066
2017-08-18,0.07999999821186066,0.07999999821186066,0.07999999821186066,0.07999999821186066,0.0,0.07999999821186066
2017-08-21,0.07999999821186066,0.07999999821186066,0.07999999821186066,0.07999999821186066,0.0,0.07999999821186066
2017-08-22,0.07999999821186066,0.07999999821186066,0.07999999821186066,0.07999999821186066,0.0,0.07999999821186066
2017-08-23,0.07999999821186066,0.07999999821186066,0.07999999821186066,0.07999999821186066,0.0,0.07999999821186066
2017-08-24,0.07999999821186066,0.07999999821186066,0.07999999821186066,0.07999999821186066,0.0,0.07999999821186066
2017-08-25,0.07999999821186066,0.07999999821186066,0.07999999821186066,0.07999999821186066,0.0,0.07999999821186066
2017-08-28,0.07999999821186066,0.07999999821186066,0.07999999821186066,0.07999999821186066,0.0,0.07999999821186066
2017-08-29,0.07999999821186066,0.07999999821186066,0.07999999821186066,0.07999999821186066,0.0,0.07999999821186066
2017-08-30,0.07999999821186066,0.07999999821186066,0.07999999821186066,0.07999999821186066,0.0,0.07999999821186066
2017-08-31,0.07999999821186066,0.07999999821186066,0.07999999821186066,0.07999999821186066,0.0,0.07999999821186066
2017-09-01,0.07999999821186066,0.07999999821186066,0.07999999821186066,0.07999999821186066,0.0,0.07999999821186066
2017-09-05,0.07999999821186066,0.07999999821186066,0.07999999821186066,0.07999999821186066,0.0,0.07999999821186066
2017-09-06,0.07999999821186066,0.07999999821186066,0.07999999821186066,0.07999999821186066,0.0,0.07999999821186066
2017-09-07,0.07999999821186066,0.07999999821186066,0.07999999821186066,0.07999999821186066,0.0,0.07999999821186066
2017-09-08,0.07999999821186066,0.07999999821186066,0.07999999821186066,0.07999999821186066,0.0,0.07999999821186066
2017-09-11,0.07999999821186066,0.07999999821186066,0.07999999821186066,0.07999999821186066,0.0,0.07999999821186066
2017-09-12,0.07999999821186066,0.07999999821186066,0.07999999821186066,0.07999999821186066,0.0,0.07999999821186066
2017-09-13,0.07999999821186066,0.07999999821186066,0.07999999821186066,0.07999999821186066,0.0,0.07999999821186066
2017-09-14,0.07999999821186066,0.07999999821186066,0.07999999821186066,0.07999999821186066,0.0,0.07999999821186066
2017-09-15,0.07999999821186066,0.07999999821186066,0.07999999821186066,0.07999999821186066,0.0,0.07999999821186066
2017-09-18,0.07999999821186066,0.07999999821186066,0.07999999821186066,0.07999999821186066,0.0,0.07999999821186066
2017-09-19,0.07999999821186066,0.07999999821186066,0.07999999821186066,0.07999999821186066,0.0,0.07999999821186066
2017-09-20,0.07999999821186066,0.07999999821186066,0.07999999821186066,0.07999999821186066,0.0,0.07999999821186066
2017-09-21,0.07999999821186066,0.07999999821186066,0.07999999821186066,0.07999999821186066,0.0,0.07999999821186066
2017-09-22,0.07999999821186066,0.07999999821186066,0.07999999821186066,0.07999999821186066,0.0,0.07999999821186066
2017-09-25,0.07999999821186066,0.07999999821186066,0.07999999821186066,0.07999999821186066,0.0,0.07999999821186066
2017-09-26,0.07999999821186066,0.07999999821186066,0.07999999821186066,0.07999999821186066,0.0,0.07999999821186066
2017-09-27,0.07999999821186066,0.07999999821186066,0.07999999821186066,0.07999999821186066,0.0,0.07999999821186066
2017-09-28,0.07999999821186066,0.07999999821186066,0.07999999821186066,0.07999999821186066,0.0,0.07999999821186066
2017-09-29,0.07999999821186066,0.07999999821186066,0.07999999821186066,0.07999999821186066,0.0,0.07999999821186066
2017-10-02,0.07999999821186066,0.07999999821186066,0.07999999821186066,0.07999999821186066,0.0,0.07999999821186066
2017-10-03,0.07999999821186066,0.07999999821186066,0.07999999821186066,0.07999999821186066,0.0,0.07999999821186066
2017-10-04,0.07999999821186066,0.07999999821186066,0.07999999821186066,0.07999999821186066,0.0,0.07999999821186066
2017-10-05,0.07999999821186066,0.07999999821186066,0.07999999821186066,0.07999999821186066,0.0,0.07999999821186066
2017-10-06,0.07999999821186066,0.07999999821186066,0.07999999821186066,0.07999999821186066,0.0,0.07999999821186066
2017-10-09,0.07999999821186066,0.07999999821186066,0.07999999821186066,0.07999999821186066,0.0,0.07999999821186066
2017-10-10,0.07999999821186066,0.07999999821186066,0.07999999821186066,0.07999999821186066,0.0,0.07999999821186066
2017-10-11,0.07999999821186066,0.07999999821186066,0.07999999821186066,0.07999999821186066,0.0,0.07999999821186066
2017-10-12,0.07999999821186066,0.07999999821186066,0.07999999821186066,0.07999999821186066,0.0,0.07999999821186066
2017-10-13,0.07999999821186066,0.07999999821186066,0.07999999821186066,0.07999999821186066,0.0,0.07999999821186066
2017-10-16,0.07999999821186066,0.07999999821186066,0.07999999821186066,0.07999999821186066,0.0,0.07999999821186066
2017-10-17,0.07999999821186066,0.07999999821186066,0.07999999821186066,0.07999999821186066,0.0,0.07999999821186066
2017-10-18,0.07999999821186066,0.07999999821186066,0.07999999821186066,0.07999999821186066,0.0,0.07999999821186066
2017-10-19,0.07999999821186066,0.07999999821186066,0.07999999821186066,0.07999999821186066,0.0,0.07999999821186066
2017-10-20,0.07999999821186066,0.07999999821186066,0.07999999821186066,0.07999999821186066,0.0,0.07999999821186066
2017-10-23,0.07999999821186066,0.07999999821186066,0.07999999821186066,0.07999999821186066,0.0,0.07999999821186066
2017-10-24,0.07999999821186066,0.07000000029802322,0.07000000029802322,0.07999999821186066,1333.0,0.07999999821186066
2017-10-25,0.07999999821186066,0.07999999821186066,0.07999999821186066,0.07999999821186066,0.0,0.07999999821186066
2017-10-26,0.07999999821186066,0.07999999821186066,0.07999999821186066,0.07999999821186066,0.0,0.07999999821186066
2017-10-27,0.07999999821186066,0.07999999821186066,0.07999999821186066,0.07999999821186066,0.0,0.07999999821186066
2017-10-30,0.07999999821186066,0.07999999821186066,0.07999999821186066,0.07999999821186066,0.0,0.07999999821186066
2017-10-31,0.07999999821186066,0.07999999821186066,0.07999999821186066,0.07999999821186066,0.0,0.07999999821186066
2017-11-01,0.07999999821186066,0.07999999821186066,0.07999999821186066,0.07999999821186066,0.0,0.07999999821186066
2017-11-02,0.07999999821186066,0.07999999821186066,0.07999999821186066,0.07999999821186066,0.0,0.07999999821186066
2017-11-03,0.07999999821186066,0.07999999821186066,0.07999999821186066,0.07999999821186066,0.0,0.07999999821186066
2017-11-06,0.07999999821186066,0.07999999821186066,0.07999999821186066,0.07999999821186066,0.0,0.07999999821186066
2017-11-07,0.07999999821186066,0.07999999821186066,0.07999999821186066,0.07999999821186066,0.0,0.07999999821186066
2017-11-08,0.07999999821186066,0.07999999821186066,0.07999999821186066,0.07999999821186066,0.0,0.07999999821186066
2017-11-09,0.07999999821186066,0.07999999821186066,0.07999999821186066,0.07999999821186066,0.0,0.07999999821186066
2017-11-10,0.07999999821186066,0.07000000029802322,0.07000000029802322,0.07999999821186066,266.0,0.07999999821186066
2017-11-13,0.07999999821186066,0.07999999821186066,0.07999999821186066,0.07999999821186066,0.0,0.07999999821186066
2017-11-14,0.07999999821186066,0.07999999821186066,0.07999999821186066,0.07999999821186066,0.0,0.07999999821186066
2017-11-15,0.07999999821186066,0.07999999821186066,0.07999999821186066,0.07999999821186066,0.0,0.07999999821186066
2017-11-16,0.07999999821186066,0.07999999821186066,0.07999999821186066,0.07999999821186066,0.0,0.07999999821186066
2017-11-17,0.10000000149011612,0.07000000029802322,0.07000000029802322,0.10000000149011612,12133.0,0.10000000149011612
2017-11-20,0.10000000149011612,0.10000000149011612,0.10000000149011612,0.10000000149011612,0.0,0.10000000149011612
2017-11-21,0.10000000149011612,0.10000000149011612,0.10000000149011612,0.10000000149011612,0.0,0.10000000149011612
2017-11-22,0.10000000149011612,0.10000000149011612,0.10000000149011612,0.10000000149011612,2000.0,0.10000000149011612
2017-11-24,0.10000000149011612,0.10000000149011612,0.10000000149011612,0.10000000149011612,0.0,0.10000000149011612
2017-11-27,0.10000000149011612,0.07000000029802322,0.07000000029802322,0.10000000149011612,2451.0,0.10000000149011612
2017-11-28,0.10000000149011612,0.10000000149011612,0.10000000149011612,0.10000000149011612,0.0,0.10000000149011612
2017-11-29,0.10000000149011612,0.10000000149011612,0.10000000149011612,0.10000000149011612,0.0,0.10000000149011612
2017-11-30,0.10000000149011612,0.10000000149011612,0.10000000149011612,0.10000000149011612,1890.0,0.10000000149011612
2017-12-01,0.10000000149011612,0.10000000149011612,0.10000000149011612,0.10000000149011612,0.0,0.10000000149011612
2017-12-04,0.10000000149011612,0.10000000149011612,0.10000000149011612,0.10000000149011612,0.0,0.10000000149011612
2017-12-05,0.10000000149011612,0.10000000149011612,0.10000000149011612,0.10000000149011612,0.0,0.10000000149011612
2017-12-06,0.10000000149011612,0.10000000149011612,0.10000000149011612,0.10000000149011612,0.0,0.10000000149011612
2017-12-07,0.10000000149011612,0.10000000149011612,0.10000000149011612,0.10000000149011612,0.0,0.10000000149011612
2017-12-08,0.10000000149011612,0.10000000149011612,0.10000000149011612,0.10000000149011612,0.0,0.10000000149011612
2017-12-11,0.10000000149011612,0.10000000149011612,0.10000000149011612,0.10000000149011612,0.0,0.10000000149011612
2017-12-12,0.10000000149011612,0.10000000149011612,0.10000000149011612,0.10000000149011612,0.0,0.10000000149011612
2017-12-13,0.10000000149011612,0.10000000149011612,0.10000000149011612,0.10000000149011612,0.0,0.10000000149011612
2017-12-14,0.10000000149011612,0.10000000149011612,0.10000000149011612,0.10000000149011612,0.0,0.10000000149011612
2017-12-15,0.10000000149011612,0.10000000149011612,0.10000000149011612,0.10000000149011612,0.0,0.10000000149011612
2017-12-18,0.10000000149011612,0.10000000149011612,0.10000000149011612,0.10000000149011612,0.0,0.10000000149011612
2017-12-19,0.10000000149011612,0.07000000029802322,0.07000000029802322,0.10000000149011612,11004.0,0.10000000149011612
2017-12-20,0.10000000149011612,0.10000000149011612,0.10000000149011612,0.10000000149011612,0.0,0.10000000149011612
2017-12-21,0.07000000029802322,0.03999999910593033,0.07000000029802322,0.03999999910593033,40000.0,0.03999999910593033
2017-12-22,0.03999999910593033,0.03999999910593033,0.03999999910593033,0.03999999910593033,0.0,0.03999999910593033
2017-12-26,0.03999999910593033,0.03999999910593033,0.03999999910593033,0.03999999910593033,0.0,0.03999999910593033
2017-12-27,0.03999999910593033,0.03999999910593033,0.03999999910593033,0.03999999910593033,0.0,0.03999999910593033
2017-12-28,0.03999999910593033,0.03999999910593033,0.03999999910593033,0.03999999910593033,0.0,0.03999999910593033
2017-12-29,0.03999999910593033,0.03999999910593033,0.03999999910593033,0.03999999910593033,0.0,0.03999999910593033
2018-01-02,0.03999999910593033,0.03999999910593033,0.03999999910593033,0.03999999910593033,0.0,0.03999999910593033
2018-01-03,0.03999999910593033,0.03999999910593033,0.03999999910593033,0.03999999910593033,0.0,0.03999999910593033
2018-01-04,0.03999999910593033,0.03999999910593033,0.03999999910593033,0.03999999910593033,0.0,0.03999999910593033
2018-01-05,0.03999999910593033,0.03999999910593033,0.03999999910593033,0.03999999910593033,0.0,0.03999999910593033
2018-01-08,0.03999999910593033,0.03999999910593033,0.03999999910593033,0.03999999910593033,0.0,0.03999999910593033
2018-01-09,0.029999999329447746,0.029999999329447746,0.029999999329447746,0.029999999329447746,250.0,0.029999999329447746
2018-01-10,0.029999999329447746,0.029999999329447746,0.029999999329447746,0.029999999329447746,0.0,0.029999999329447746
2018-01-11,0.029999999329447746,0.029999999329447746,0.029999999329447746,0.029999999329447746,0.0,0.029999999329447746
2018-01-12,0.029999999329447746,0.029999999329447746,0.029999999329447746,0.029999999329447746,0.0,0.029999999329447746
2018-01-16,0.029999999329447746,0.029999999329447746,0.029999999329447746,0.029999999329447746,0.0,0.029999999329447746
2018-01-17,0.029999999329447746,0.029999999329447746,0.029999999329447746,0.029999999329447746,0.0,0.029999999329447746
2018-01-18,0.029999999329447746,0.029999999329447746,0.029999999329447746,0.029999999329447746,0.0,0.029999999329447746
2018-01-19,0.029999999329447746,0.029999999329447746,0.029999999329447746,0.029999999329447746,0.0,0.029999999329447746
2018-01-22,0.029999999329447746,0.029999999329447746,0.029999999329447746,0.029999999329447746,0.0,0.029999999329447746
2018-01-23,0.05000000074505806,0.05000000074505806,0.05000000074505806,0.05000000074505806,250.0,0.05000000074505806
2018-01-24,0.05000000074505806,0.05000000074505806,0.05000000074505806,0.05000000074505806,10000.0,0.05000000074505806
2018-01-25,0.05000000074505806,0.05000000074505806,0.05000000074505806,0.05000000074505806,0.0,0.05000000074505806
2018-01-26,0.05000000074505806,0.05000000074505806,0.05000000074505806,0.05000000074505806,0.0,0.05000000074505806
2018-01-29,0.05000000074505806,0.029999999329447746,0.029999999329447746,0.05000000074505806,1500.0,0.05000000074505806
2018-01-30,0.05000000074505806,0.05000000074505806,0.05000000074505806,0.05000000074505806,0.0,0.05000000074505806
2018-01-31,0.05000000074505806,0.05000000074505806,0.05000000074505806,0.05000000074505806,0.0,0.05000000074505806
2018-02-01,0.05000000074505806,0.05000000074505806,0.05000000074505806,0.05000000074505806,0.0,0.05000000074505806
2018-02-02,0.04800000041723251,0.029999999329447746,0.029999999329447746,0.04800000041723251,999.0,0.04800000041723251
2018-02-05,0.04800000041723251,0.04800000041723251,0.04800000041723251,0.04800000041723251,0.0,0.04800000041723251
2018-02-06,0.04800000041723251,0.04800000041723251,0.04800000041723251,0.04800000041723251,0.0,0.04800000041723251
2018-02-07,0.04800000041723251,0.04800000041723251,0.04800000041723251,0.04800000041723251,0.0,0.04800000041723251
2018-02-08,0.04800000041723251,0.04800000041723251,0.04800000041723251,0.04800000041723251,0.0,0.04800000041723251
2018-02-09,0.04800000041723251,0.04800000041723251,0.04800000041723251,0.04800000041723251,0.0,0.04800000041723251
2018-02-12,0.04800000041723251,0.04800000041723251,0.04800000041723251,0.04800000041723251,0.0,0.04800000041723251
2018-02-13,0.04800000041723251,0.04800000041723251,0.04800000041723251,0.04800000041723251,0.0,0.04800000041723251
2018-02-14,0.04800000041723251,0.04800000041723251,0.04800000041723251,0.04800000041723251,0.0,0.04800000041723251
2018-02-15,0.04800000041723251,0.04800000041723251,0.04800000041723251,0.04800000041723251,0.0,0.04800000041723251
2018-02-16,0.04800000041723251,0.04800000041723251,0.04800000041723251,0.04800000041723251,0.0,0.04800000041723251
2018-02-20,0.04800000041723251,0.04800000041723251,0.04800000041723251,0.04800000041723251,0.0,0.04800000041723251
2018-02-21,0.04800000041723251,0.04800000041723251,0.04800000041723251,0.04800000041723251,0.0,0.04800000041723251
2018-02-22,0.04800000041723251,0.04800000041723251,0.04800000041723251,0.04800000041723251,0.0,0.04800000041723251
2018-02-23,0.04800000041723251,0.04800000041723251,0.04800000041723251,0.04800000041723251,0.0,0.04800000041723251
2018-02-26,0.04800000041723251,0.04800000041723251,0.04800000041723251,0.04800000041723251,0.0,0.04800000041723251
2018-02-27,0.04800000041723251,0.04800000041723251,0.04800000041723251,0.04800000041723251,0.0,0.04800000041723251
2018-02-28,0.04800000041723251,0.04800000041723251,0.04800000041723251,0.04800000041723251,0.0,0.04800000041723251
2018-03-01,0.04800000041723251,0.04800000041723251,0.04800000041723251,0.04800000041723251,0.0,0.04800000041723251
2018-03-02,0.04800000041723251,0.04800000041723251,0.04800000041723251,0.04800000041723251,0.0,0.04800000041723251
2018-03-05,0.03999999910593033,0.019999999552965164,0.030500000342726707,0.03999999910593033,60073.0,0.03999999910593033
2018-03-06,0.03999999910593033,0.03999999910593033,0.03999999910593033,0.03999999910593033,0.0,0.03999999910593033
2018-03-07,0.03999999910593033,0.03999999910593033,0.03999999910593033,0.03999999910593033,0.0,0.03999999910593033
2018-03-08,0.03999999910593033,0.03999999910593033,0.03999999910593033,0.03999999910593033,0.0,0.03999999910593033
2018-03-09,0.03999999910593033,0.03999999910593033,0.03999999910593033,0.03999999910593033,0.0,0.03999999910593033
2018-03-12,0.03999999910593033,0.03999999910593033,0.03999999910593033,0.03999999910593033,0.0,0.03999999910593033
2018-03-13,0.03999999910593033,0.03999999910593033,0.03999999910593033,0.03999999910593033,0.0,0.03999999910593033
2018-03-14,0.03999999910593033,0.03999999910593033,0.03999999910593033,0.03999999910593033,0.0,0.03999999910593033
2018-03-15,0.03999999910593033,0.03999999910593033,0.03999999910593033,0.03999999910593033,0.0,0.03999999910593033
2018-03-16,0.03999999910593033,0.03999999910593033,0.03999999910593033,0.03999999910593033,0.0,0.03999999910593033
2018-03-19,0.03999999910593033,0.03999999910593033,0.03999999910593033,0.03999999910593033,0.0,0.03999999910593033
2018-03-20,0.03999999910593033,0.03999999910593033,0.03999999910593033,0.03999999910593033,0.0,0.03999999910593033
2018-03-21,0.03999999910593033,0.03999999910593033,0.03999999910593033,0.03999999910593033,0.0,0.03999999910593033
2018-03-22,0.03999999910593033,0.03999999910593033,0.03999999910593033,0.03999999910593033,0.0,0.03999999910593033
2018-03-23,0.03999999910593033,0.03999999910593033,0.03999999910593033,0.03999999910593033,0.0,0.03999999910593033
2018-03-26,0.03999999910593033,0.03999999910593033,0.03999999910593033,0.03999999910593033,0.0,0.03999999910593033
2018-03-27,0.03999999910593033,0.03999999910593033,0.03999999910593033,0.03999999910593033,0.0,0.03999999910593033
2018-03-28,0.03999999910593033,0.03999999910593033,0.03999999910593033,0.03999999910593033,0.0,0.03999999910593033
2018-03-29,0.03999999910593033,0.03999999910593033,0.03999999910593033,0.03999999910593033,0.0,0.03999999910593033
2018-04-02,0.03999999910593033,0.03999999910593033,0.03999999910593033,0.03999999910593033,0.0,0.03999999910593033
2018-04-03,0.03999999910593033,0.03999999910593033,0.03999999910593033,0.03999999910593033,0.0,0.03999999910593033
2018-04-04,0.03999999910593033,0.03999999910593033,0.03999999910593033,0.03999999910593033,0.0,0.03999999910593033
2018-04-05,0.03999999910593033,0.03999999910593033,0.03999999910593033,0.03999999910593033,0.0,0.03999999910593033
2018-04-06,0.03999999910593033,0.03999999910593033,0.03999999910593033,0.03999999910593033,0.0,0.03999999910593033
2018-04-09,0.03999999910593033,0.03999999910593033,0.03999999910593033,0.03999999910593033,0.0,0.03999999910593033
2018-04-10,0.03999999910593033,0.03999999910593033,0.03999999910593033,0.03999999910593033,0.0,0.03999999910593033
2018-04-11,0.03999999910593033,0.03999999910593033,0.03999999910593033,0.03999999910593033,0.0,0.03999999910593033
2018-04-12,0.03999999910593033,0.03999999910593033,0.03999999910593033,0.03999999910593033,0.0,0.03999999910593033
2018-04-13,0.03999999910593033,0.03999999910593033,0.03999999910593033,0.03999999910593033,0.0,0.03999999910593033
2018-04-16,0.03999999910593033,0.019999999552965164,0.019999999552965164,0.03999999910593033,832.0,0.03999999910593033
2018-04-17,0.03999999910593033,0.03999999910593033,0.03999999910593033,0.03999999910593033,0.0,0.03999999910593033
2018-04-18,0.03999999910593033,0.03999999910593033,0.03999999910593033,0.03999999910593033,0.0,0.03999999910593033
2018-04-19,0.03999999910593033,0.03999999910593033,0.03999999910593033,0.03999999910593033,0.0,0.03999999910593033
2018-04-20,0.03999999910593033,0.03999999910593033,0.03999999910593033,0.03999999910593033,0.0,0.03999999910593033
2018-04-23,0.03999999910593033,0.03999999910593033,0.03999999910593033,0.03999999910593033,0.0,0.03999999910593033
2018-04-24,0.03999999910593033,0.03999999910593033,0.03999999910593033,0.03999999910593033,0.0,0.03999999910593033
2018-04-25,0.03999999910593033,0.03999999910593033,0.03999999910593033,0.03999999910593033,0.0,0.03999999910593033
2018-04-26,0.03999999910593033,0.03999999910593033,0.03999999910593033,0.03999999910593033,0.0,0.03999999910593033
2018-04-27,0.03999999910593033,0.03999999910593033,0.03999999910593033,0.03999999910593033,0.0,0.03999999910593033
2018-04-30,0.03999999910593033,0.03999999910593033,0.03999999910593033,0.03999999910593033,0.0,0.03999999910593033
2018-05-01,0.03999999910593033,0.03999999910593033,0.03999999910593033,0.03999999910593033,0.0,0.03999999910593033
2018-05-02,0.03999999910593033,0.03999999910593033,0.03999999910593033,0.03999999910593033,0.0,0.03999999910593033
2018-05-03,0.03999999910593033,0.03999999910593033,0.03999999910593033,0.03999999910593033,0.0,0.03999999910593033
2018-05-04,0.03999999910593033,0.019999999552965164,0.019999999552965164,0.03999999910593033,10450.0,0.03999999910593033
2018-05-07,0.03999999910593033,0.03999999910593033,0.03999999910593033,0.03999999910593033,0.0,0.03999999910593033
2018-05-08,0.03999999910593033,0.03999999910593033,0.03999999910593033,0.03999999910593033,0.0,0.03999999910593033
2018-05-09,0.03999999910593033,0.03999999910593033,0.03999999910593033,0.03999999910593033,0.0,0.03999999910593033
2018-05-10,0.03999999910593033,0.03999999910593033,0.03999999910593033,0.03999999910593033,0.0,0.03999999910593033
2018-05-11,0.09000000357627869,0.09000000357627869,0.09000000357627869,0.09000000357627869,250.0,0.09000000357627869
2018-05-14,0.09000000357627869,0.09000000357627869,0.09000000357627869,0.09000000357627869,0.0,0.09000000357627869
2018-05-15,0.09000000357627869,0.09000000357627869,0.09000000357627869,0.09000000357627869,0.0,0.09000000357627869
2018-05-16,0.09000000357627869,0.09000000357627869,0.09000000357627869,0.09000000357627869,10000.0,0.09000000357627869
2018-05-17,0.09000000357627869,0.09000000357627869,0.09000000357627869,0.09000000357627869,0.0,0.09000000357627869
2018-05-18,0.09000000357627869,0.09000000357627869,0.09000000357627869,0.09000000357627869,0.0,0.09000000357627869
2018-05-21,0.09000000357627869,0.09000000357627869,0.09000000357627869,0.09000000357627869,0.0,0.09000000357627869
2018-05-22,0.09000000357627869,0.09000000357627869,0.09000000357627869,0.09000000357627869,0.0,0.09000000357627869
2018-05-23,0.09000000357627869,0.09000000357627869,0.09000000357627869,0.09000000357627869,0.0,0.09000000357627869
2018-05-24,0.09000000357627869,0.09000000357627869,0.09000000357627869,0.09000000357627869,0.0,0.09000000357627869
2018-05-25,0.09000000357627869,0.09000000357627869,0.09000000357627869,0.09000000357627869,0.0,0.09000000357627869
2018-05-29,0.09000000357627869,0.09000000357627869,0.09000000357627869,0.09000000357627869,445.0,0.09000000357627869
2018-05-30,0.09000000357627869,0.09000000357627869,0.09000000357627869,0.09000000357627869,0.0,0.09000000357627869
2018-05-31,0.09000000357627869,0.09000000357627869,0.09000000357627869,0.09000000357627869,0.0,0.09000000357627869
2018-06-01,0.09000000357627869,0.09000000357627869,0.09000000357627869,0.09000000357627869,0.0,0.09000000357627869
2018-06-04,0.09000000357627869,0.09000000357627869,0.09000000357627869,0.09000000357627869,0.0,0.09000000357627869
2018-06-05,0.09000000357627869,0.09000000357627869,0.09000000357627869,0.09000000357627869,0.0,0.09000000357627869
2018-06-06,0.09000000357627869,0.09000000357627869,0.09000000357627869,0.09000000357627869,0.0,0.09000000357627869
2018-06-07,0.09000000357627869,0.09000000357627869,0.09000000357627869,0.09000000357627869,0.0,0.09000000357627869
2018-06-08,0.09000000357627869,0.09000000357627869,0.09000000357627869,0.09000000357627869,0.0,0.09000000357627869
2018-06-11,0.09000000357627869,0.09000000357627869,0.09000000357627869,0.09000000357627869,0.0,0.09000000357627869
2018-06-12,0.09000000357627869,0.09000000357627869,0.09000000357627869,0.09000000357627869,0.0,0.09000000357627869
2018-06-13,0.09000000357627869,0.09000000357627869,0.09000000357627869,0.09000000357627869,0.0,0.09000000357627869
2018-06-14,0.09000000357627869,0.09000000357627869,0.09000000357627869,0.09000000357627869,0.0,0.09000000357627869
2018-06-15,0.09000000357627869,0.09000000357627869,0.09000000357627869,0.09000000357627869,0.0,0.09000000357627869
2018-06-18,0.09000000357627869,0.09000000357627869,0.09000000357627869,0.09000000357627869,100.0,0.09000000357627869
2018-06-19,0.09000000357627869,0.09000000357627869,0.09000000357627869,0.09000000357627869,0.0,0.09000000357627869
2018-06-20,0.09000000357627869,0.09000000357627869,0.09000000357627869,0.09000000357627869,0.0,0.09000000357627869
2018-06-21,0.09000000357627869,0.09000000357627869,0.09000000357627869,0.09000000357627869,0.0,0.09000000357627869
2018-06-22,0.09000000357627869,0.09000000357627869,0.09000000357627869,0.09000000357627869,0.0,0.09000000357627869
2018-06-25,0.09000000357627869,0.09000000357627869,0.09000000357627869,0.09000000357627869,0.0,0.09000000357627869
2018-06-26,0.09000000357627869,0.09000000357627869,0.09000000357627869,0.09000000357627869,0.0,0.09000000357627869
2018-06-27,0.09000000357627869,0.09000000357627869,0.09000000357627869,0.09000000357627869,0.0,0.09000000357627869
2018-06-28,0.09000000357627869,0.09000000357627869,0.09000000357627869,0.09000000357627869,0.0,0.09000000357627869
2018-06-29,0.09000000357627869,0.09000000357627869,0.09000000357627869,0.09000000357627869,0.0,0.09000000357627869
2018-07-02,0.09000000357627869,0.09000000357627869,0.09000000357627869,0.09000000357627869,0.0,0.09000000357627869
2018-07-03,0.09000000357627869,0.09000000357627869,0.09000000357627869,0.09000000357627869,0.0,0.09000000357627869
2018-07-05,0.09000000357627869,0.09000000357627869,0.09000000357627869,0.09000000357627869,0.0,0.09000000357627869
2018-07-06,0.09000000357627869,0.09000000357627869,0.09000000357627869,0.09000000357627869,0.0,0.09000000357627869
2018-07-09,0.09000000357627869,0.09000000357627869,0.09000000357627869,0.09000000357627869,0.0,0.09000000357627869
2018-07-10,0.09000000357627869,0.09000000357627869,0.09000000357627869,0.09000000357627869,0.0,0.09000000357627869
2018-07-11,0.09000000357627869,0.09000000357627869,0.09000000357627869,0.09000000357627869,0.0,0.09000000357627869
2018-07-12,0.09000000357627869,0.09000000357627869,0.09000000357627869,0.09000000357627869,0.0,0.09000000357627869
2018-07-13,0.09000000357627869,0.019999999552965164,0.019999999552965164,0.09000000357627869,933.0,0.09000000357627869
2018-07-16,0.09000000357627869,0.09000000357627869,0.09000000357627869,0.09000000357627869,0.0,0.09000000357627869
2018-07-17,0.09000000357627869,0.019999999552965164,0.019999999552965164,0.09000000357627869,8433.0,0.09000000357627869
2018-07-18,0.09000000357627869,0.09000000357627869,0.09000000357627869,0.09000000357627869,0.0,0.09000000357627869
2018-07-19,0.09000000357627869,0.09000000357627869,0.09000000357627869,0.09000000357627869,0.0,0.09000000357627869
2018-07-20,0.09000000357627869,0.09000000357627869,0.09000000357627869,0.09000000357627869,0.0,0.09000000357627869
2018-07-23,0.09000000357627869,0.09000000357627869,0.09000000357627869,0.09000000357627869,0.0,0.09000000357627869
2018-07-24,0.09000000357627869,0.09000000357627869,0.09000000357627869,0.09000000357627869,0.0,0.09000000357627869
2018-07-25,0.09000000357627869,0.09000000357627869,0.09000000357627869,0.09000000357627869,0.0,0.09000000357627869
2018-07-26,0.09000000357627869,0.09000000357627869,0.09000000357627869,0.09000000357627869,0.0,0.09000000357627869
2018-07-27,0.09000000357627869,0.09000000357627869,0.09000000357627869,0.09000000357627869,0.0,0.09000000357627869
2018-07-30,0.03999999910593033,0.03999999910593033,0.03999999910593033,0.03999999910593033,100.0,0.03999999910593033
2018-07-31,0.03999999910593033,0.03999999910593033,0.03999999910593033,0.03999999910593033,0.0,0.03999999910593033
2018-08-01,0.03999999910593033,0.03999999910593033,0.03999999910593033,0.03999999910593033,0.0,0.03999999910593033
2018-08-02,0.03999999910593033,0.03999999910593033,0.03999999910593033,0.03999999910593033,0.0,0.03999999910593033
2018-08-03,0.03999999910593033,0.03999999910593033,0.03999999910593033,0.03999999910593033,0.0,0.03999999910593033
2018-08-06,0.03999999910593033,0.03999999910593033,0.03999999910593033,0.03999999910593033,0.0,0.03999999910593033
2018-08-07,0.03999999910593033,0.03999999910593033,0.03999999910593033,0.03999999910593033,0.0,0.03999999910593033
2018-08-08,0.03999999910593033,0.03999999910593033,0.03999999910593033,0.03999999910593033,0.0,0.03999999910593033
2018-08-09,0.03999999910593033,0.03999999910593033,0.03999999910593033,0.03999999910593033,0.0,0.03999999910593033
2018-08-10,0.03999999910593033,0.03999999910593033,0.03999999910593033,0.03999999910593033,0.0,0.03999999910593033
2018-08-13,0.03999999910593033,0.03999999910593033,0.03999999910593033,0.03999999910593033,0.0,0.03999999910593033
2018-08-14,0.03999999910593033,0.03999999910593033,0.03999999910593033,0.03999999910593033,0.0,0.03999999910593033
2018-08-15,0.03999999910593033,0.03999999910593033,0.03999999910593033,0.03999999910593033,0.0,0.03999999910593033
2018-08-16,0.03999999910593033,0.03999999910593033,0.03999999910593033,0.03999999910593033,0.0,0.03999999910593033
2018-08-17,0.03999999910593033,0.03999999910593033,0.03999999910593033,0.03999999910593033,0.0,0.03999999910593033
2018-08-20,0.03999999910593033,0.03999999910593033,0.03999999910593033,0.03999999910593033,0.0,0.03999999910593033
2018-08-21,0.03999999910593033,0.03999999910593033,0.03999999910593033,0.03999999910593033,0.0,0.03999999910593033
2018-08-22,0.03999999910593033,0.03999999910593033,0.03999999910593033,0.03999999910593033,0.0,0.03999999910593033
2018-08-23,0.03999999910593033,0.03999999910593033,0.03999999910593033,0.03999999910593033,0.0,0.03999999910593033
2018-08-24,0.03999999910593033,0.03999999910593033,0.03999999910593033,0.03999999910593033,0.0,0.03999999910593033
2018-08-27,0.03999999910593033,0.03999999910593033,0.03999999910593033,0.03999999910593033,0.0,0.03999999910593033
2018-08-28,0.03999999910593033,0.03999999910593033,0.03999999910593033,0.03999999910593033,0.0,0.03999999910593033
2018-08-29,0.03999999910593033,0.03999999910593033,0.03999999910593033,0.03999999910593033,0.0,0.03999999910593033
2018-08-30,0.03999999910593033,0.03999999910593033,0.03999999910593033,0.03999999910593033,0.0,0.03999999910593033
2018-08-31,0.03999999910593033,0.03999999910593033,0.03999999910593033,0.03999999910593033,0.0,0.03999999910593033
2018-09-04,0.03999999910593033,0.03999999910593033,0.03999999910593033,0.03999999910593033,0.0,0.03999999910593033
2018-09-05,0.03999999910593033,0.03999999910593033,0.03999999910593033,0.03999999910593033,0.0,0.03999999910593033
2018-09-06,0.03999999910593033,0.03999999910593033,0.03999999910593033,0.03999999910593033,0.0,0.03999999910593033
2018-09-07,0.03999999910593033,0.03999999910593033,0.03999999910593033,0.03999999910593033,0.0,0.03999999910593033
2018-09-10,0.02500000037252903,0.014999999664723873,0.019999999552965164,0.02500000037252903,134721.0,0.02500000037252903
2018-09-11,0.02500000037252903,0.02500000037252903,0.02500000037252903,0.02500000037252903,0.0,0.02500000037252903
2018-09-12,0.02500000037252903,0.02500000037252903,0.02500000037252903,0.02500000037252903,0.0,0.02500000037252903
2018-09-13,0.02500000037252903,0.02500000037252903,0.02500000037252903,0.02500000037252903,0.0,0.02500000037252903
2018-09-14,0.02500000037252903,0.02500000037252903,0.02500000037252903,0.02500000037252903,0.0,0.02500000037252903
2018-09-17,0.02500000037252903,0.02500000037252903,0.02500000037252903,0.02500000037252903,0.0,0.02500000037252903
2018-09-18,0.02500000037252903,0.02500000037252903,0.02500000037252903,0.02500000037252903,0.0,0.02500000037252903
2018-09-19,0.02500000037252903,0.02500000037252903,0.02500000037252903,0.02500000037252903,0.0,0.02500000037252903
2018-09-20,0.02500000037252903,0.014999999664723873,0.014999999664723873,0.02500000037252903,933.0,0.02500000037252903
2018-09-21,0.02500000037252903,0.02500000037252903,0.02500000037252903,0.02500000037252903,0.0,0.02500000037252903
2018-09-24,0.02500000037252903,0.02500000037252903,0.02500000037252903,0.02500000037252903,0.0,0.02500000037252903
2018-09-25,0.02500000037252903,0.02500000037252903,0.02500000037252903,0.02500000037252903,0.0,0.02500000037252903
2018-09-26,0.014999999664723873,0.006000000052154064,0.014999999664723873,0.014000000432133675,212500.0,0.014000000432133675
2018-09-27,0.014000000432133675,0.014000000432133675,0.014000000432133675,0.014000000432133675,0.0,0.014000000432133675
2018-09-28,0.014000000432133675,0.014000000432133675,0.014000000432133675,0.014000000432133675,0.0,0.014000000432133675
2018-10-01,0.009999999776482582,0.009999999776482582,0.009999999776482582,0.009999999776482582,3250.0,0.009999999776482582
2018-10-02,0.009999999776482582,0.009999999776482582,0.009999999776482582,0.009999999776482582,0.0,0.009999999776482582
2018-10-03,0.009999999776482582,0.009999999776482582,0.009999999776482582,0.009999999776482582,0.0,0.009999999776482582
2018-10-04,0.009999999776482582,0.009999999776482582,0.009999999776482582,0.009999999776482582,0.0,0.009999999776482582
2018-10-05,0.009999999776482582,0.009999999776482582,0.009999999776482582,0.009999999776482582,0.0,0.009999999776482582
2018-10-08,0.009999999776482582,0.009999999776482582,0.009999999776482582,0.009999999776482582,0.0,0.009999999776482582
2018-10-09,0.009999999776482582,0.009999999776482582,0.009999999776482582,0.009999999776482582,0.0,0.009999999776482582
2018-10-10,0.009999999776482582,0.009999999776482582,0.009999999776482582,0.009999999776482582,0.0,0.009999999776482582
2018-10-11,0.009999999776482582,0.009999999776482582,0.009999999776482582,0.009999999776482582,0.0,0.009999999776482582
2018-10-12,0.009999999776482582,0.009999999776482582,0.009999999776482582,0.009999999776482582,0.0,0.009999999776482582
2018-10-15,0.009999999776482582,0.009999999776482582,0.009999999776482582,0.009999999776482582,0.0,0.009999999776482582
2018-10-16,0.009999999776482582,0.009999999776482582,0.009999999776482582,0.009999999776482582,0.0,0.009999999776482582
2018-10-17,0.009999999776482582,0.009999999776482582,0.009999999776482582,0.009999999776482582,0.0,0.009999999776482582
2018-10-18,0.012500000186264515,0.009999999776482582,0.009999999776482582,0.012500000186264515,4100.0,0.012500000186264515
2018-10-19,0.012500000186264515,0.012500000186264515,0.012500000186264515,0.012500000186264515,0.0,0.012500000186264515
2018-10-22,0.012500000186264515,0.012500000186264515,0.012500000186264515,0.012500000186264515,0.0,0.012500000186264515
2018-10-23,0.012500000186264515,0.012500000186264515,0.012500000186264515,0.012500000186264515,0.0,0.012500000186264515
2018-10-24,0.012500000186264515,0.012500000186264515,0.012500000186264515,0.012500000186264515,0.0,0.012500000186264515
2018-10-25,0.012500000186264515,0.012500000186264515,0.012500000186264515,0.012500000186264515,0.0,0.012500000186264515
2018-10-26,0.012500000186264515,0.012500000186264515,0.012500000186264515,0.012500000186264515,0.0,0.012500000186264515
2018-10-29,0.012500000186264515,0.012500000186264515,0.012500000186264515,0.012500000186264515,0.0,0.012500000186264515
2018-10-30,0.012500000186264515,0.012500000186264515,0.012500000186264515,0.012500000186264515,0.0,0.012500000186264515
2018-10-31,0.009999999776482582,0.009999999776482582,0.009999999776482582,0.009999999776482582,19100.0,0.009999999776482582
2018-11-01,0.009999999776482582,0.009999999776482582,0.009999999776482582,0.009999999776482582,0.0,0.009999999776482582
2018-11-02,0.009999999776482582,0.009999999776482582,0.009999999776482582,0.009999999776482582,0.0,0.009999999776482582
2018-11-05,0.009999999776482582,0.009999999776482582,0.009999999776482582,0.009999999776482582,0.0,0.009999999776482582
2018-11-06,0.009999999776482582,0.009999999776482582,0.009999999776482582,0.009999999776482582,0.0,0.009999999776482582
2018-11-07,0.009999999776482582,0.009999999776482582,0.009999999776482582,0.009999999776482582,0.0,0.009999999776482582
2018-11-08,0.009999999776482582,0.009999999776482582,0.009999999776482582,0.009999999776482582,0.0,0.009999999776482582
2018-11-09,0.009999999776482582,0.009999999776482582,0.009999999776482582,0.009999999776482582,0.0,0.009999999776482582
2018-11-12,0.009999999776482582,0.009999999776482582,0.009999999776482582,0.009999999776482582,0.0,0.009999999776482582
2018-11-13,0.009999999776482582,0.009999999776482582,0.009999999776482582,0.009999999776482582,0.0,0.009999999776482582
2018-11-14,0.009999999776482582,0.009999999776482582,0.009999999776482582,0.009999999776482582,0.0,0.009999999776482582
2018-11-15,0.009999999776482582,0.009999999776482582,0.009999999776482582,0.009999999776482582,0.0,0.009999999776482582
2018-11-16,0.009999999776482582,0.009999999776482582,0.009999999776482582,0.009999999776482582,0.0,0.009999999776482582
2018-11-19,0.009999999776482582,0.009999999776482582,0.009999999776482582,0.009999999776482582,0.0,0.009999999776482582
2018-11-20,0.009999999776482582,0.009999999776482582,0.009999999776482582,0.009999999776482582,0.0,0.009999999776482582
2018-11-21,0.009999999776482582,0.009999999776482582,0.009999999776482582,0.009999999776482582,0.0,0.009999999776482582
2018-11-23,0.009999999776482582,0.009999999776482582,0.009999999776482582,0.009999999776482582,0.0,0.009999999776482582
2018-11-26,0.009999999776482582,0.009999999776482582,0.009999999776482582,0.009999999776482582,0.0,0.009999999776482582
2018-11-27,0.009999999776482582,0.009999999776482582,0.009999999776482582,0.009999999776482582,0.0,0.009999999776482582
2018-11-28,0.009999999776482582,0.009999999776482582,0.009999999776482582,0.009999999776482582,10000.0,0.009999999776482582
2018-11-29,0.009999999776482582,0.009999999776482582,0.009999999776482582,0.009999999776482582,20000.0,0.009999999776482582
2018-11-30,0.009999999776482582,0.009999999776482582,0.009999999776482582,0.009999999776482582,0.0,0.009999999776482582
2018-12-03,0.009999999776482582,0.009999999776482582,0.009999999776482582,0.009999999776482582,0.0,0.009999999776482582
2018-12-04,0.009999999776482582,0.009999999776482582,0.009999999776482582,0.009999999776482582,0.0,0.009999999776482582
2018-12-06,0.008100000210106373,0.008100000210106373,0.008100000210106373,0.008100000210106373,3721.0,0.008100000210106373
2018-12-07,0.008100000210106373,0.008100000210106373,0.008100000210106373,0.008100000210106373,0.0,0.008100000210106373
2018-12-10,0.008100000210106373,0.008100000210106373,0.008100000210106373,0.008100000210106373,0.0,0.008100000210106373
2018-12-11,0.008100000210106373,0.008100000210106373,0.008100000210106373,0.008100000210106373,0.0,0.008100000210106373
2018-12-12,0.008100000210106373,0.008100000210106373,0.008100000210106373,0.008100000210106373,0.0,0.008100000210106373
2018-12-13,0.008100000210106373,0.008100000210106373,0.008100000210106373,0.008100000210106373,0.0,0.008100000210106373
2018-12-14,0.00800000037997961,0.00800000037997961,0.00800000037997961,0.00800000037997961,100.0,0.00800000037997961
2018-12-17,0.00800000037997961,0.00800000037997961,0.00800000037997961,0.00800000037997961,0.0,0.00800000037997961
2018-12-18,0.00800000037997961,0.00800000037997961,0.00800000037997961,0.00800000037997961,0.0,0.00800000037997961
2018-12-19,0.00800000037997961,0.00800000037997961,0.00800000037997961,0.00800000037997961,0.0,0.00800000037997961
2018-12-20,0.00800000037997961,0.00800000037997961,0.00800000037997961,0.00800000037997961,0.0,0.00800000037997961
2018-12-21,0.00800000037997961,0.00800000037997961,0.00800000037997961,0.00800000037997961,0.0,0.00800000037997961
2018-12-24,0.00800000037997961,0.00800000037997961,0.00800000037997961,0.00800000037997961,0.0,0.00800000037997961
2018-12-26,0.00800000037997961,0.00800000037997961,0.00800000037997961,0.00800000037997961,0.0,0.00800000037997961
2018-12-27,0.009999999776482582,0.00800000037997961,0.00800000037997961,0.00800000037997961,49457.0,0.00800000037997961
2018-12-28,0.00800000037997961,0.00800000037997961,0.00800000037997961,0.00800000037997961,0.0,0.00800000037997961
2018-12-31,0.00800000037997961,0.00800000037997961,0.00800000037997961,0.00800000037997961,0.0,0.00800000037997961
2019-01-02,0.00800000037997961,0.00800000037997961,0.00800000037997961,0.00800000037997961,3033.0,0.00800000037997961
2019-01-03,0.00800000037997961,0.00800000037997961,0.00800000037997961,0.00800000037997961,0.0,0.00800000037997961
2019-01-04,0.00800000037997961,0.00800000037997961,0.00800000037997961,0.00800000037997961,0.0,0.00800000037997961
2019-01-07,0.00800000037997961,0.00800000037997961,0.00800000037997961,0.00800000037997961,0.0,0.00800000037997961
2019-01-08,0.00800000037997961,0.00800000037997961,0.00800000037997961,0.00800000037997961,0.0,0.00800000037997961
2019-01-09,0.00800000037997961,0.00800000037997961,0.00800000037997961,0.00800000037997961,0.0,0.00800000037997961
2019-01-10,0.00800000037997961,0.00800000037997961,0.00800000037997961,0.00800000037997961,0.0,0.00800000037997961
2019-01-11,0.00800000037997961,0.00800000037997961,0.00800000037997961,0.00800000037997961,10000.0,0.00800000037997961
2019-01-14,0.00800000037997961,0.00800000037997961,0.00800000037997961,0.00800000037997961,0.0,0.00800000037997961
2019-01-15,0.00800000037997961,0.00800000037997961,0.00800000037997961,0.00800000037997961,0.0,0.00800000037997961
2019-01-16,0.00800000037997961,0.00800000037997961,0.00800000037997961,0.00800000037997961,0.0,0.00800000037997961
2019-01-17,0.00800000037997961,0.00800000037997961,0.00800000037997961,0.00800000037997961,0.0,0.00800000037997961
2019-01-18,0.00800000037997961,0.00800000037997961,0.00800000037997961,0.00800000037997961,0.0,0.00800000037997961
2019-01-22,0.00800000037997961,0.00800000037997961,0.00800000037997961,0.00800000037997961,0.0,0.00800000037997961
2019-01-23,0.00800000037997961,0.00800000037997961,0.00800000037997961,0.00800000037997961,0.0,0.00800000037997961
2019-01-24,0.00800000037997961,0.00800000037997961,0.00800000037997961,0.00800000037997961,0.0,0.00800000037997961
2019-01-25,0.00800000037997961,0.00800000037997961,0.00800000037997961,0.00800000037997961,0.0,0.00800000037997961
2019-01-28,0.00800000037997961,0.00800000037997961,0.00800000037997961,0.00800000037997961,0.0,0.00800000037997961
2019-01-29,0.00800000037997961,0.00800000037997961,0.00800000037997961,0.00800000037997961,0.0,0.00800000037997961
2019-01-30,0.004999999888241291,0.004999999888241291,0.004999999888241291,0.004999999888241291,30700.0,0.004999999888241291
2019-01-31,0.004999999888241291,0.004999999888241291,0.004999999888241291,0.004999999888241291,0.0,0.004999999888241291
2019-02-01,0.004999999888241291,0.004999999888241291,0.004999999888241291,0.004999999888241291,0.0,0.004999999888241291
2019-02-04,0.004999999888241291,0.004999999888241291,0.004999999888241291,0.004999999888241291,0.0,0.004999999888241291
2019-02-05,0.004999999888241291,0.004999999888241291,0.004999999888241291,0.004999999888241291,0.0,0.004999999888241291
2019-02-06,0.004999999888241291,0.004999999888241291,0.004999999888241291,0.004999999888241291,0.0,0.004999999888241291
2019-02-07,0.004999999888241291,0.004999999888241291,0.004999999888241291,0.004999999888241291,0.0,0.004999999888241291
2019-02-08,0.004999999888241291,0.004999999888241291,0.004999999888241291,0.004999999888241291,0.0,0.004999999888241291
2019-02-11,0.004999999888241291,0.004999999888241291,0.004999999888241291,0.004999999888241291,0.0,0.004999999888241291
2019-02-12,0.004999999888241291,0.004999999888241291,0.004999999888241291,0.004999999888241291,0.0,0.004999999888241291
2019-02-13,0.004999999888241291,0.004999999888241291,0.004999999888241291,0.004999999888241291,0.0,0.004999999888241291
2019-02-14,0.004999999888241291,0.004999999888241291,0.004999999888241291,0.004999999888241291,0.0,0.004999999888241291
2019-02-15,0.004999999888241291,0.004999999888241291,0.004999999888241291,0.004999999888241291,0.0,0.004999999888241291
2019-02-19,0.004999999888241291,0.004999999888241291,0.004999999888241291,0.004999999888241291,0.0,0.004999999888241291
2019-02-20,0.004999999888241291,0.004999999888241291,0.004999999888241291,0.004999999888241291,0.0,0.004999999888241291
2019-02-21,0.004999999888241291,0.004999999888241291,0.004999999888241291,0.004999999888241291,0.0,0.004999999888241291
2019-02-22,0.004999999888241291,0.004999999888241291,0.004999999888241291,0.004999999888241291,0.0,0.004999999888241291
2019-02-25,0.004999999888241291,0.004999999888241291,0.004999999888241291,0.004999999888241291,0.0,0.004999999888241291
2019-02-26,0.004999999888241291,0.004999999888241291,0.004999999888241291,0.004999999888241291,0.0,0.004999999888241291
2019-02-27,0.004999999888241291,0.004999999888241291,0.004999999888241291,0.004999999888241291,0.0,0.004999999888241291
2019-02-28,0.004999999888241291,0.004999999888241291,0.004999999888241291,0.004999999888241291,0.0,0.004999999888241291
2019-03-01,0.004999999888241291,0.004999999888241291,0.004999999888241291,0.004999999888241291,0.0,0.004999999888241291
2019-03-04,0.004999999888241291,0.004999999888241291,0.004999999888241291,0.004999999888241291,0.0,0.004999999888241291
2019-03-05,0.004999999888241291,0.004999999888241291,0.004999999888241291,0.004999999888241291,0.0,0.004999999888241291
2019-03-06,0.039000000804662704,0.013000000268220901,0.013000000268220901,0.029999999329447746,258573.0,0.029999999329447746
2019-03-07,0.02500000037252903,0.01600000075995922,0.02500000037252903,0.01600000075995922,109573.0,0.01600000075995922
2019-03-08,0.016499999910593033,0.01600000075995922,0.01600000075995922,0.016499999910593033,60000.0,0.016499999910593033
2019-03-11,0.016499999910593033,0.016499999910593033,0.016499999910593033,0.016499999910593033,0.0,0.016499999910593033
2019-03-12,0.016499999910593033,0.016499999910593033,0.016499999910593033,0.016499999910593033,0.0,0.016499999910593033
2019-03-13,0.016499999910593033,0.016499999910593033,0.016499999910593033,0.016499999910593033,0.0,0.016499999910593033
2019-03-14,0.016499999910593033,0.016499999910593033,0.016499999910593033,0.016499999910593033,0.0,0.016499999910593033
2019-03-15,0.016499999910593033,0.016499999910593033,0.016499999910593033,0.016499999910593033,0.0,0.016499999910593033
2019-03-18,0.016499999910593033,0.016499999910593033,0.016499999910593033,0.016499999910593033,0.0,0.016499999910593033
2019-03-19,0.016499999910593033,0.016499999910593033,0.016499999910593033,0.016499999910593033,0.0,0.016499999910593033
2019-03-20,0.016499999910593033,0.016499999910593033,0.016499999910593033,0.016499999910593033,0.0,0.016499999910593033
2019-03-21,0.01600000075995922,0.01600000075995922,0.01600000075995922,0.01600000075995922,10000.0,0.01600000075995922
2019-03-22,0.01600000075995922,0.01600000075995922,0.01600000075995922,0.01600000075995922,0.0,0.01600000075995922
2019-03-25,0.01600000075995922,0.01600000075995922,0.01600000075995922,0.01600000075995922,0.0,0.01600000075995922
2019-03-26,0.01600000075995922,0.01600000075995922,0.01600000075995922,0.01600000075995922,0.0,0.01600000075995922
2019-03-27,0.014999999664723873,0.014999999664723873,0.014999999664723873,0.014999999664723873,20000.0,0.014999999664723873
2019-03-28,0.014999999664723873,0.014999999664723873,0.014999999664723873,0.014999999664723873,0.0,0.014999999664723873
2019-03-29,0.014999999664723873,0.014999999664723873,0.014999999664723873,0.014999999664723873,0.0,0.014999999664723873
2019-04-01,0.014999999664723873,0.014999999664723873,0.014999999664723873,0.014999999664723873,0.0,0.014999999664723873
2019-04-02,0.014999999664723873,0.014999999664723873,0.014999999664723873,0.014999999664723873,0.0,0.014999999664723873
2019-04-03,0.014999999664723873,0.014999999664723873,0.014999999664723873,0.014999999664723873,0.0,0.014999999664723873
2019-04-04,0.014999999664723873,0.014999999664723873,0.014999999664723873,0.014999999664723873,0.0,0.014999999664723873
2019-04-05,0.014999999664723873,0.014999999664723873,0.014999999664723873,0.014999999664723873,0.0,0.014999999664723873
2019-04-08,0.014999999664723873,0.014999999664723873,0.014999999664723873,0.014999999664723873,0.0,0.014999999664723873
2019-04-09,0.014999999664723873,0.014999999664723873,0.014999999664723873,0.014999999664723873,0.0,0.014999999664723873
2019-04-10,0.014999999664723873,0.014999999664723873,0.014999999664723873,0.014999999664723873,0.0,0.014999999664723873
2019-04-11,0.016499999910593033,0.016499999910593033,0.016499999910593033,0.016499999910593033,40000.0,0.016499999910593033
2019-04-12,0.016499999910593033,0.016499999910593033,0.016499999910593033,0.016499999910593033,0.0,0.016499999910593033
2019-04-15,0.016499999910593033,0.016499999910593033,0.016499999910593033,0.016499999910593033,0.0,0.016499999910593033
2019-04-16,0.016499999910593033,0.016499999910593033,0.016499999910593033,0.016499999910593033,0.0,0.016499999910593033
2019-04-17,0.016499999910593033,0.016499999910593033,0.016499999910593033,0.016499999910593033,0.0,0.016499999910593033
2019-04-18,0.016499999910593033,0.016499999910593033,0.016499999910593033,0.016499999910593033,0.0,0.016499999910593033
2019-04-22,0.016499999910593033,0.016499999910593033,0.016499999910593033,0.016499999910593033,0.0,0.016499999910593033
2019-04-23,0.016499999910593033,0.016499999910593033,0.016499999910593033,0.016499999910593033,0.0,0.016499999910593033
2019-04-24,0.016499999910593033,0.016499999910593033,0.016499999910593033,0.016499999910593033,0.0,0.016499999910593033
2019-04-25,0.016499999910593033,0.016499999910593033,0.016499999910593033,0.016499999910593033,0.0,0.016499999910593033
2019-04-26,0.016499999910593033,0.016499999910593033,0.016499999910593033,0.016499999910593033,0.0,0.016499999910593033
2019-04-29,0.016499999910593033,0.016499999910593033,0.016499999910593033,0.016499999910593033,0.0,0.016499999910593033
2019-04-30,0.016499999910593033,0.016499999910593033,0.016499999910593033,0.016499999910593033,0.0,0.016499999910593033
2019-05-01,0.016499999910593033,0.016499999910593033,0.016499999910593033,0.016499999910593033,0.0,0.016499999910593033
2019-05-02,0.016499999910593033,0.016499999910593033,0.016499999910593033,0.016499999910593033,0.0,0.016499999910593033
2019-05-03,0.016499999910593033,0.016499999910593033,0.016499999910593033,0.016499999910593033,0.0,0.016499999910593033
2019-05-06,0.016499999910593033,0.016499999910593033,0.016499999910593033,0.016499999910593033,0.0,0.016499999910593033
2019-05-07,0.016499999910593033,0.016499999910593033,0.016499999910593033,0.016499999910593033,0.0,0.016499999910593033
2019-05-08,0.016499999910593033,0.016499999910593033,0.016499999910593033,0.016499999910593033,0.0,0.016499999910593033
2019-05-09,0.016499999910593033,0.016499999910593033,0.016499999910593033,0.016499999910593033,0.0,0.016499999910593033
2019-05-10,0.016499999910593033,0.016499999910593033,0.016499999910593033,0.016499999910593033,0.0,0.016499999910593033
2019-05-13,0.016499999910593033,0.016499999910593033,0.016499999910593033,0.016499999910593033,0.0,0.016499999910593033
2019-05-14,0.014000000432133675,0.014000000432133675,0.014000000432133675,0.014000000432133675,4006.0,0.014000000432133675
2019-05-15,0.014000000432133675,0.014000000432133675,0.014000000432133675,0.014000000432133675,0.0,0.014000000432133675
2019-05-16,0.017999999225139618,0.017999999225139618,0.017999999225139618,0.017999999225139618,10000.0,0.017999999225139618
2019-05-17,0.017999999225139618,0.017999999225139618,0.017999999225139618,0.017999999225139618,0.0,0.017999999225139618
2019-05-20,0.02500000037252903,0.009999999776482582,0.01924999989569187,0.024250000715255737,110400.0,0.024250000715255737
2019-05-21,0.024250000715255737,0.024250000715255737,0.024250000715255737,0.024250000715255737,0.0,0.024250000715255737
2019-05-22,0.019999999552965164,0.019999999552965164,0.019999999552965164,0.019999999552965164,125.0,0.019999999552965164
2019-05-23,0.019999999552965164,0.019999999552965164,0.019999999552965164,0.019999999552965164,0.0,0.019999999552965164
2019-05-24,0.019999999552965164,0.019999999552965164,0.019999999552965164,0.019999999552965164,10000.0,0.019999999552965164
2019-05-28,0.019999999552965164,0.019999999552965164,0.019999999552965164,0.019999999552965164,0.0,0.019999999552965164
2019-05-29,0.019999999552965164,0.019999999552965164,0.019999999552965164,0.019999999552965164,0.0,0.019999999552965164
2019-05-30,0.019999999552965164,0.019999999552965164,0.019999999552965164,0.019999999552965164,0.0,0.019999999552965164
2019-05-31,0.019999999552965164,0.019999999552965164,0.019999999552965164,0.019999999552965164,0.0,0.019999999552965164
2019-06-03,0.019999999552965164,0.019999999552965164,0.019999999552965164,0.019999999552965164,0.0,0.019999999552965164
2019-06-04,0.019999999552965164,0.019999999552965164,0.019999999552965164,0.019999999552965164,0.0,0.019999999552965164
2019-06-05,0.019999999552965164,0.019999999552965164,0.019999999552965164,0.019999999552965164,0.0,0.019999999552965164
2019-06-06,0.019999999552965164,0.019999999552965164,0.019999999552965164,0.019999999552965164,0.0,0.019999999552965164
2019-06-07,0.019999999552965164,0.019999999552965164,0.019999999552965164,0.019999999552965164,0.0,0.019999999552965164
2019-06-10,0.019999999552965164,0.019999999552965164,0.019999999552965164,0.019999999552965164,0.0,0.019999999552965164
2019-06-11,0.019999999552965164,0.019999999552965164,0.019999999552965164,0.019999999552965164,0.0,0.019999999552965164
2019-06-12,0.017000000923871994,0.017000000923871994,0.017000000923871994,0.017000000923871994,1500.0,0.017000000923871994
2019-06-13,0.017000000923871994,0.017000000923871994,0.017000000923871994,0.017000000923871994,0.0,0.017000000923871994
2019-06-14,0.017000000923871994,0.017000000923871994,0.017000000923871994,0.017000000923871994,0.0,0.017000000923871994
2019-06-17,0.017000000923871994,0.017000000923871994,0.017000000923871994,0.017000000923871994,0.0,0.017000000923871994
2019-06-18,0.017000000923871994,0.017000000923871994,0.017000000923871994,0.017000000923871994,0.0,0.017000000923871994
2019-06-19,0.017000000923871994,0.017000000923871994,0.017000000923871994,0.017000000923871994,0.0,0.017000000923871994
2019-06-20,0.017000000923871994,0.017000000923871994,0.017000000923871994,0.017000000923871994,0.0,0.017000000923871994
2019-06-21,0.017000000923871994,0.017000000923871994,0.017000000923871994,0.017000000923871994,0.0,0.017000000923871994
2019-06-24,0.017000000923871994,0.017000000923871994,0.017000000923871994,0.017000000923871994,0.0,0.017000000923871994
2019-06-25,0.017000000923871994,0.017000000923871994,0.017000000923871994,0.017000000923871994,0.0,0.017000000923871994
2019-06-26,0.017000000923871994,0.017000000923871994,0.017000000923871994,0.017000000923871994,0.0,0.017000000923871994
2019-06-27,0.017000000923871994,0.017000000923871994,0.017000000923871994,0.017000000923871994,0.0,0.017000000923871994
2019-06-28,0.017000000923871994,0.017000000923871994,0.017000000923871994,0.017000000923871994,0.0,0.017000000923871994
2019-07-01,0.017100000753998756,0.017100000753998756,0.017100000753998756,0.017100000753998756,333.0,0.017100000753998756
2019-07-02,0.017100000753998756,0.017100000753998756,0.017100000753998756,0.017100000753998756,0.0,0.017100000753998756
2019-07-03,0.017100000753998756,0.017100000753998756,0.017100000753998756,0.017100000753998756,0.0,0.017100000753998756
2019-07-05,0.017100000753998756,0.017100000753998756,0.017100000753998756,0.017100000753998756,0.0,0.017100000753998756
2019-07-08,0.017100000753998756,0.017100000753998756,0.017100000753998756,0.017100000753998756,0.0,0.017100000753998756
2019-07-09,0.017100000753998756,0.017100000753998756,0.017100000753998756,0.017100000753998756,0.0,0.017100000753998756
2019-07-10,0.017100000753998756,0.017100000753998756,0.017100000753998756,0.017100000753998756,0.0,0.017100000753998756
2019-07-11,0.017100000753998756,0.017100000753998756,0.017100000753998756,0.017100000753998756,0.0,0.017100000753998756
2019-07-12,0.017100000753998756,0.017100000753998756,0.017100000753998756,0.017100000753998756,0.0,0.017100000753998756
2019-07-15,0.017100000753998756,0.017100000753998756,0.017100000753998756,0.017100000753998756,0.0,0.017100000753998756
2019-07-16,0.017100000753998756,0.017100000753998756,0.017100000753998756,0.017100000753998756,0.0,0.017100000753998756
2019-07-17,0.017100000753998756,0.017100000753998756,0.017100000753998756,0.017100000753998756,0.0,0.017100000753998756
2019-07-18,0.017100000753998756,0.017100000753998756,0.017100000753998756,0.017100000753998756,0.0,0.017100000753998756
2019-07-19,0.017100000753998756,0.017100000753998756,0.017100000753998756,0.017100000753998756,0.0,0.017100000753998756
2019-07-22,0.017100000753998756,0.017100000753998756,0.017100000753998756,0.017100000753998756,0.0,0.017100000753998756
2019-07-23,0.018239999189972878,0.018239999189972878,0.018239999189972878,0.018239999189972878,4800.0,0.018239999189972878
2019-07-24,0.018239999189972878,0.018239999189972878,0.018239999189972878,0.018239999189972878,0.0,0.018239999189972878
2019-07-25,0.018239999189972878,0.018239999189972878,0.018239999189972878,0.018239999189972878,0.0,0.018239999189972878
2019-07-26,0.018239999189972878,0.018239999189972878,0.018239999189972878,0.018239999189972878,0.0,0.018239999189972878
2019-07-29,0.018239999189972878,0.018239999189972878,0.018239999189972878,0.018239999189972878,0.0,0.018239999189972878
2019-07-30,0.018239999189972878,0.018239999189972878,0.018239999189972878,0.018239999189972878,0.0,0.018239999189972878
2019-07-31,0.018239999189972878,0.018239999189972878,0.018239999189972878,0.018239999189972878,0.0,0.018239999189972878
2019-08-01,0.018239999189972878,0.018239999189972878,0.018239999189972878,0.018239999189972878,0.0,0.018239999189972878
2019-08-02,0.018239999189972878,0.018239999189972878,0.018239999189972878,0.018239999189972878,0.0,0.018239999189972878
2019-08-05,0.018239999189972878,0.018239999189972878,0.018239999189972878,0.018239999189972878,0.0,0.018239999189972878
2019-08-06,0.018239999189972878,0.018239999189972878,0.018239999189972878,0.018239999189972878,0.0,0.018239999189972878
2019-08-07,0.018239999189972878,0.018239999189972878,0.018239999189972878,0.018239999189972878,0.0,0.018239999189972878
2019-08-08,0.018239999189972878,0.018239999189972878,0.018239999189972878,0.018239999189972878,0.0,0.018239999189972878
2019-08-09,0.018239999189972878,0.018239999189972878,0.018239999189972878,0.018239999189972878,0.0,0.018239999189972878
2019-08-12,0.018239999189972878,0.018239999189972878,0.018239999189972878,0.018239999189972878,0.0,0.018239999189972878
2019-08-13,0.018239999189972878,0.018239999189972878,0.018239999189972878,0.018239999189972878,0.0,0.018239999189972878
2019-08-14,0.018239999189972878,0.018239999189972878,0.018239999189972878,0.018239999189972878,0.0,0.018239999189972878
2019-08-15,0.01720000058412552,0.01720000058412552,0.01720000058412552,0.01720000058412552,166.0,0.01720000058412552
2019-08-16,0.01720000058412552,0.01720000058412552,0.01720000058412552,0.01720000058412552,0.0,0.01720000058412552
2019-08-19,0.01720000058412552,0.01720000058412552,0.01720000058412552,0.01720000058412552,0.0,0.01720000058412552
2019-08-20,0.01720000058412552,0.01720000058412552,0.01720000058412552,0.01720000058412552,8750.0,0.01720000058412552
2019-08-21,0.01720000058412552,0.01720000058412552,0.01720000058412552,0.01720000058412552,0.0,0.01720000058412552
2019-08-22,0.01720000058412552,0.01720000058412552,0.01720000058412552,0.01720000058412552,0.0,0.01720000058412552
2019-08-23,0.01720000058412552,0.01720000058412552,0.01720000058412552,0.01720000058412552,0.0,0.01720000058412552
2019-08-26,0.01720000058412552,0.01720000058412552,0.01720000058412552,0.01720000058412552,0.0,0.01720000058412552
2019-08-27,0.01720000058412552,0.01720000058412552,0.01720000058412552,0.01720000058412552,163.0,0.01720000058412552
2019-08-28,0.01720000058412552,0.01720000058412552,0.01720000058412552,0.01720000058412552,0.0,0.01720000058412552
2019-08-29,0.01720000058412552,0.01720000058412552,0.01720000058412552,0.01720000058412552,0.0,0.01720000058412552
2019-08-30,0.019999999552965164,0.019999999552965164,0.019999999552965164,0.019999999552965164,300.0,0.019999999552965164
2019-09-03,0.019999999552965164,0.019999999552965164,0.019999999552965164,0.019999999552965164,0.0,0.019999999552965164
2019-09-04,0.01720000058412552,0.01209999993443489,0.01720000058412552,0.014999999664723873,110000.0,0.014999999664723873
2019-09-05,0.014100000262260437,0.012500000186264515,0.014100000262260437,0.013749999925494194,22500.0,0.013749999925494194
2019-09-06,0.012500000186264515,0.005200000014156103,0.012500000186264515,0.005200000014156103,47440.0,0.005200000014156103
2019-09-09,0.005200000014156103,0.005200000014156103,0.005200000014156103,0.005200000014156103,0.0,0.005200000014156103
2019-09-10,0.005200000014156103,0.005200000014156103,0.005200000014156103,0.005200000014156103,0.0,0.005200000014156103
2019-09-11,0.005200000014156103,0.005200000014156103,0.005200000014156103,0.005200000014156103,0.0,0.005200000014156103
2019-09-12,0.005200000014156103,0.005200000014156103,0.005200000014156103,0.005200000014156103,0.0,0.005200000014156103
2019-09-13,0.005200000014156103,0.005200000014156103,0.005200000014156103,0.005200000014156103,0.0,0.005200000014156103
2019-09-16,0.00800000037997961,0.00800000037997961,0.00800000037997961,0.00800000037997961,300.0,0.00800000037997961
2019-09-17,0.00800000037997961,0.00800000037997961,0.00800000037997961,0.00800000037997961,0.0,0.00800000037997961
2019-09-18,0.00800000037997961,0.00800000037997961,0.00800000037997961,0.00800000037997961,0.0,0.00800000037997961
2019-09-19,0.00800000037997961,0.00800000037997961,0.00800000037997961,0.00800000037997961,174.0,0.00800000037997961
2019-09-20,0.00800000037997961,0.00800000037997961,0.00800000037997961,0.00800000037997961,0.0,0.00800000037997961
2019-09-23,0.00800000037997961,0.00800000037997961,0.00800000037997961,0.00800000037997961,0.0,0.00800000037997961
2019-09-24,0.00800000037997961,0.00800000037997961,0.00800000037997961,0.00800000037997961,0.0,0.00800000037997961
2019-09-25,0.00800000037997961,0.00800000037997961,0.00800000037997961,0.00800000037997961,0.0,0.00800000037997961
2019-09-26,0.00800000037997961,0.00800000037997961,0.00800000037997961,0.00800000037997961,0.0,0.00800000037997961
2019-09-27,0.00800000037997961,0.00800000037997961,0.00800000037997961,0.00800000037997961,0.0,0.00800000037997961
2019-09-30,0.00800000037997961,0.00800000037997961,0.00800000037997961,0.00800000037997961,0.0,0.00800000037997961
2019-10-01,0.00800000037997961,0.00800000037997961,0.00800000037997961,0.00800000037997961,0.0,0.00800000037997961
2019-10-02,0.00800000037997961,0.00800000037997961,0.00800000037997961,0.00800000037997961,0.0,0.00800000037997961
2019-10-03,0.00800000037997961,0.00800000037997961,0.00800000037997961,0.00800000037997961,0.0,0.00800000037997961
2019-10-04,0.008999999612569809,0.008999999612569809,0.008999999612569809,0.008999999612569809,15000.0,0.008999999612569809
2019-10-07,0.008999999612569809,0.008999999612569809,0.008999999612569809,0.008999999612569809,0.0,0.008999999612569809
2019-10-08,0.008999999612569809,0.008999999612569809,0.008999999612569809,0.008999999612569809,0.0,0.008999999612569809
2019-10-09,0.019999999552965164,0.009999999776482582,0.009999999776482582,0.019999999552965164,56404.0,0.019999999552965164
2019-10-10,0.014999999664723873,0.010499999858438969,0.014999999664723873,0.010499999858438969,32664.0,0.010499999858438969
2019-10-11,0.010499999858438969,0.010499999858438969,0.010499999858438969,0.010499999858438969,0.0,0.010499999858438969
2019-10-14,0.010499999858438969,0.010499999858438969,0.010499999858438969,0.010499999858438969,0.0,0.010499999858438969
2019-10-15,0.010499999858438969,0.010499999858438969,0.010499999858438969,0.010499999858438969,0.0,0.010499999858438969
2019-10-16,0.010499999858438969,0.010499999858438969,0.010499999858438969,0.010499999858438969,0.0,0.010499999858438969
2019-10-17,0.010499999858438969,0.010499999858438969,0.010499999858438969,0.010499999858438969,0.0,0.010499999858438969
2019-10-18,0.010499999858438969,0.010499999858438969,0.010499999858438969,0.010499999858438969,0.0,0.010499999858438969
2019-10-21,0.010499999858438969,0.010499999858438969,0.010499999858438969,0.010499999858438969,0.0,0.010499999858438969
2019-10-22,0.014999999664723873,0.010499999858438969,0.010499999858438969,0.014999999664723873,62000.0,0.014999999664723873
2019-10-23,0.014999999664723873,0.014999999664723873,0.014999999664723873,0.014999999664723873,0.0,0.014999999664723873
2019-10-24,0.014999999664723873,0.014999999664723873,0.014999999664723873,0.014999999664723873,0.0,0.014999999664723873
2019-10-25,0.014999999664723873,0.014999999664723873,0.014999999664723873,0.014999999664723873,0.0,0.014999999664723873
2019-10-28,0.014999999664723873,0.014999999664723873,0.014999999664723873,0.014999999664723873,0.0,0.014999999664723873
2019-10-29,0.009999999776482582,0.009999999776482582,0.009999999776482582,0.009999999776482582,5800.0,0.009999999776482582
2019-10-30,0.009999999776482582,0.009999999776482582,0.009999999776482582,0.009999999776482582,0.0,0.009999999776482582
2019-10-31,0.10000000149011612,0.014999999664723873,0.014999999664723873,0.026000000536441803,506167.0,0.026000000536441803
2019-11-01,0.028999999165534973,0.014999999664723873,0.02800000086426735,0.02250000089406967,107410.0,0.02250000089406967
2019-11-04,0.019999999552965164,0.014999999664723873,0.019999999552965164,0.014999999664723873,20260.0,0.014999999664723873
2019-11-05,0.014999999664723873,0.014999999664723873,0.014999999664723873,0.014999999664723873,153.0,0.014999999664723873
2019-11-06,0.014999999664723873,0.014999999664723873,0.014999999664723873,0.014999999664723873,0.0,0.014999999664723873
2019-11-07,0.014999999664723873,0.014999999664723873,0.014999999664723873,0.014999999664723873,0.0,0.014999999664723873
2019-11-08,0.014999999664723873,0.014999999664723873,0.014999999664723873,0.014999999664723873,0.0,0.014999999664723873
2019-11-11,0.014999999664723873,0.014999999664723873,0.014999999664723873,0.014999999664723873,2000.0,0.014999999664723873
2019-11-12,0.013899999670684338,0.013899999670684338,0.013899999670684338,0.013899999670684338,2000.0,0.013899999670684338
2019-11-13,0.013899999670684338,0.013899999670684338,0.013899999670684338,0.013899999670684338,0.0,0.013899999670684338
2019-11-14,0.013899999670684338,0.013899999670684338,0.013899999670684338,0.013899999670684338,0.0,0.013899999670684338
2019-11-15,0.013899999670684338,0.013899999670684338,0.013899999670684338,0.013899999670684338,0.0,0.013899999670684338
2019-11-18,0.013899999670684338,0.013899999670684338,0.013899999670684338,0.013899999670684338,0.0,0.013899999670684338
2019-11-19,0.013899999670684338,0.013899999670684338,0.013899999670684338,0.013899999670684338,0.0,0.013899999670684338
2019-11-20,0.013899999670684338,0.013899999670684338,0.013899999670684338,0.013899999670684338,0.0,0.013899999670684338
2019-11-21,0.013899999670684338,0.013899999670684338,0.013899999670684338,0.013899999670684338,1600.0,0.013899999670684338
2019-11-22,0.013899999670684338,0.013899999670684338,0.013899999670684338,0.013899999670684338,0.0,0.013899999670684338
2019-11-25,0.013899999670684338,0.013899999670684338,0.013899999670684338,0.013899999670684338,0.0,0.013899999670684338
2019-11-26,0.013899999670684338,0.013899999670684338,0.013899999670684338,0.013899999670684338,0.0,0.013899999670684338
2019-11-27,0.013899999670684338,0.013899999670684338,0.013899999670684338,0.013899999670684338,0.0,0.013899999670684338
2019-11-29,0.013899999670684338,0.013899999670684338,0.013899999670684338,0.013899999670684338,0.0,0.013899999670684338
2019-12-02,0.013899999670684338,0.013899999670684338,0.013899999670684338,0.013899999670684338,0.0,0.013899999670684338
2019-12-03,0.013899999670684338,0.013899999670684338,0.013899999670684338,0.013899999670684338,0.0,0.013899999670684338
2019-12-04,0.013899999670684338,0.013899999670684338,0.013899999670684338,0.013899999670684338,0.0,0.013899999670684338
2019-12-05,0.013899999670684338,0.013899999670684338,0.013899999670684338,0.013899999670684338,0.0,0.013899999670684338
2019-12-06,0.013899999670684338,0.013899999670684338,0.013899999670684338,0.013899999670684338,0.0,0.013899999670684338
2019-12-09,0.013000000268220901,0.013000000268220901,0.013000000268220901,0.013000000268220901,1666.0,0.013000000268220901
2019-12-10,0.013000000268220901,0.013000000268220901,0.013000000268220901,0.013000000268220901,0.0,0.013000000268220901
2019-12-11,0.013000000268220901,0.013000000268220901,0.013000000268220901,0.013000000268220901,0.0,0.013000000268220901
2019-12-12,0.013000000268220901,0.013000000268220901,0.013000000268220901,0.013000000268220901,0.0,0.013000000268220901
2019-12-13,0.013000000268220901,0.013000000268220901,0.013000000268220901,0.013000000268220901,0.0,0.013000000268220901
2019-12-16,0.013000000268220901,0.013000000268220901,0.013000000268220901,0.013000000268220901,0.0,0.013000000268220901
2019-12-17,0.013000000268220901,0.013000000268220901,0.013000000268220901,0.013000000268220901,0.0,0.013000000268220901
2019-12-18,0.013000000268220901,0.013000000268220901,0.013000000268220901,0.013000000268220901,0.0,0.013000000268220901
2019-12-19,0.013000000268220901,0.013000000268220901,0.013000000268220901,0.013000000268220901,0.0,0.013000000268220901
2019-12-20,0.013000000268220901,0.013000000268220901,0.013000000268220901,0.013000000268220901,0.0,0.013000000268220901
2019-12-23,0.014999999664723873,0.014999999664723873,0.014999999664723873,0.014999999664723873,5000.0,0.014999999664723873
2019-12-24,0.013000000268220901,0.013000000268220901,0.013000000268220901,0.013000000268220901,10000.0,0.013000000268220901
2019-12-26,0.012600000016391277,0.012600000016391277,0.012600000016391277,0.012600000016391277,19482.0,0.012600000016391277
2019-12-27,0.012600000016391277,0.012600000016391277,0.012600000016391277,0.012600000016391277,3000.0,0.012600000016391277
2019-12-30,0.012600000016391277,0.012600000016391277,0.012600000016391277,0.012600000016391277,0.0,0.012600000016391277
2019-12-31,0.012600000016391277,0.012600000016391277,0.012600000016391277,0.012600000016391277,0.0,0.012600000016391277
2020-01-02,0.012600000016391277,0.012600000016391277,0.012600000016391277,0.012600000016391277,0.0,0.012600000016391277
2020-01-03,0.012600000016391277,0.012600000016391277,0.012600000016391277,0.012600000016391277,600.0,0.012600000016391277
2020-01-06,0.012600000016391277,0.012600000016391277,0.012600000016391277,0.012600000016391277,0.0,0.012600000016391277
2020-01-07,0.012600000016391277,0.012600000016391277,0.012600000016391277,0.012600000016391277,416.0,0.012600000016391277
2020-01-08,0.012299999594688416,0.012299999594688416,0.012299999594688416,0.012299999594688416,300.0,0.012299999594688416
2020-01-09,0.012299999594688416,0.012299999594688416,0.012299999594688416,0.012299999594688416,0.0,0.012299999594688416
2020-01-10,0.012299999594688416,0.012299999594688416,0.012299999594688416,0.012299999594688416,0.0,0.012299999594688416
2020-01-13,0.012299999594688416,0.012299999594688416,0.012299999594688416,0.012299999594688416,0.0,0.012299999594688416
2020-01-14,0.012299999594688416,0.012299999594688416,0.012299999594688416,0.012299999594688416,0.0,0.012299999594688416
2020-01-15,0.012299999594688416,0.012299999594688416,0.012299999594688416,0.012299999594688416,0.0,0.012299999594688416
2020-01-16,0.012299999594688416,0.012299999594688416,0.012299999594688416,0.012299999594688416,0.0,0.012299999594688416
2020-01-17,0.012299999594688416,0.012299999594688416,0.012299999594688416,0.012299999594688416,833.0,0.012299999594688416
2020-01-21,0.012299999594688416,0.012299999594688416,0.012299999594688416,0.012299999594688416,0.0,0.012299999594688416
2020-01-22,0.012299999594688416,0.012299999594688416,0.012299999594688416,0.012299999594688416,0.0,0.012299999594688416
2020-01-23,0.012299999594688416,0.012299999594688416,0.012299999594688416,0.012299999594688416,0.0,0.012299999594688416
2020-01-24,0.012299999594688416,0.012299999594688416,0.012299999594688416,0.012299999594688416,0.0,0.012299999594688416
2020-01-27,0.012299999594688416,0.012299999594688416,0.012299999594688416,0.012299999594688416,0.0,0.012299999594688416
2020-01-28,0.012299999594688416,0.012299999594688416,0.012299999594688416,0.012299999594688416,0.0,0.012299999594688416
2020-01-29,0.012299999594688416,0.012299999594688416,0.012299999594688416,0.012299999594688416,0.0,0.012299999594688416
2020-01-30,0.012299999594688416,0.012299999594688416,0.012299999594688416,0.012299999594688416,0.0,0.012299999594688416
2020-01-31,0.012299999594688416,0.012299999594688416,0.012299999594688416,0.012299999594688416,0.0,0.012299999594688416
2020-02-03,0.012299999594688416,0.012299999594688416,0.012299999594688416,0.012299999594688416,0.0,0.012299999594688416
2020-02-04,0.010999999940395355,0.010999999940395355,0.010999999940395355,0.010999999940395355,10000.0,0.010999999940395355
2020-02-05,0.010999999940395355,0.010999999940395355,0.010999999940395355,0.010999999940395355,0.0,0.010999999940395355
2020-02-06,0.010999999940395355,0.010999999940395355,0.010999999940395355,0.010999999940395355,0.0,0.010999999940395355
2020-02-07,0.010999999940395355,0.010999999940395355,0.010999999940395355,0.010999999940395355,0.0,0.010999999940395355
2020-02-10,0.010999999940395355,0.010999999940395355,0.010999999940395355,0.010999999940395355,250.0,0.010999999940395355
2020-02-11,0.010999999940395355,0.010999999940395355,0.010999999940395355,0.010999999940395355,0.0,0.010999999940395355
2020-02-12,0.010999999940395355,0.010999999940395355,0.010999999940395355,0.010999999940395355,0.0,0.010999999940395355
2020-02-13,0.010999999940395355,0.010999999940395355,0.010999999940395355,0.010999999940395355,0.0,0.010999999940395355
2020-02-14,0.010999999940395355,0.010999999940395355,0.010999999940395355,0.010999999940395355,0.0,0.010999999940395355
2020-02-18,0.010999999940395355,0.010999999940395355,0.010999999940395355,0.010999999940395355,11500.0,0.010999999940395355
2020-02-19,0.010999999940395355,0.010999999940395355,0.010999999940395355,0.010999999940395355,0.0,0.010999999940395355
2020-02-20,0.010999999940395355,0.010999999940395355,0.010999999940395355,0.010999999940395355,0.0,0.010999999940395355
2020-02-21,0.010999999940395355,0.010999999940395355,0.010999999940395355,0.010999999940395355,0.0,0.010999999940395355
2020-02-24,0.010999999940395355,0.010999999940395355,0.010999999940395355,0.010999999940395355,0.0,0.010999999940395355
2020-02-25,0.010999999940395355,0.010999999940395355,0.010999999940395355,0.010999999940395355,0.0,0.010999999940395355
2020-02-26,0.010999999940395355,0.010999999940395355,0.010999999940395355,0.010999999940395355,0.0,0.010999999940395355
2020-02-27,0.010999999940395355,0.010999999940395355,0.010999999940395355,0.010999999940395355,0.0,0.010999999940395355
2020-02-28,0.010999999940395355,0.010999999940395355,0.010999999940395355,0.010999999940395355,0.0,0.010999999940395355
2020-03-02,0.012000000104308128,0.012000000104308128,0.012000000104308128,0.012000000104308128,18200.0,0.012000000104308128
2020-03-03,0.012000000104308128,0.012000000104308128,0.012000000104308128,0.012000000104308128,0.0,0.012000000104308128
2020-03-04,0.012000000104308128,0.012000000104308128,0.012000000104308128,0.012000000104308128,0.0,0.012000000104308128
2020-03-05,0.012000000104308128,0.012000000104308128,0.012000000104308128,0.012000000104308128,0.0,0.012000000104308128
2020-03-06,0.012000000104308128,0.012000000104308128,0.012000000104308128,0.012000000104308128,0.0,0.012000000104308128
2020-03-09,0.012000000104308128,0.012000000104308128,0.012000000104308128,0.012000000104308128,0.0,0.012000000104308128
2020-03-10,0.012000000104308128,0.012000000104308128,0.012000000104308128,0.012000000104308128,0.0,0.012000000104308128
2020-03-11,0.012000000104308128,0.012000000104308128,0.012000000104308128,0.012000000104308128,0.0,0.012000000104308128
2020-03-12,0.012000000104308128,0.012000000104308128,0.012000000104308128,0.012000000104308128,0.0,0.012000000104308128
2020-03-13,0.012000000104308128,0.012000000104308128,0.012000000104308128,0.012000000104308128,0.0,0.012000000104308128
2020-03-16,0.012000000104308128,0.012000000104308128,0.012000000104308128,0.012000000104308128,0.0,0.012000000104308128
2020-03-17,0.013000000268220901,0.013000000268220901,0.013000000268220901,0.013000000268220901,400.0,0.013000000268220901
2020-03-18,0.013100000098347664,0.013100000098347664,0.013100000098347664,0.013100000098347664,35000.0,0.013100000098347664
2020-03-19,0.013100000098347664,0.013100000098347664,0.013100000098347664,0.013100000098347664,0.0,0.013100000098347664
2020-03-20,0.013100000098347664,0.013100000098347664,0.013100000098347664,0.013100000098347664,0.0,0.013100000098347664
2020-03-23,0.013100000098347664,0.013100000098347664,0.013100000098347664,0.013100000098347664,0.0,0.013100000098347664
2020-03-24,0.013100000098347664,0.013100000098347664,0.013100000098347664,0.013100000098347664,0.0,0.013100000098347664
2020-03-25,0.013100000098347664,0.013100000098347664,0.013100000098347664,0.013100000098347664,0.0,0.013100000098347664
2020-03-26,0.013100000098347664,0.013100000098347664,0.013100000098347664,0.013100000098347664,0.0,0.013100000098347664
2020-03-27,0.013100000098347664,0.013100000098347664,0.013100000098347664,0.013100000098347664,0.0,0.013100000098347664
2020-03-30,0.013100000098347664,0.013100000098347664,0.013100000098347664,0.013100000098347664,0.0,0.013100000098347664
2020-03-31,0.013100000098347664,0.013100000098347664,0.013100000098347664,0.013100000098347664,0.0,0.013100000098347664
2020-04-01,0.013100000098347664,0.013100000098347664,0.013100000098347664,0.013100000098347664,0.0,0.013100000098347664
2020-04-02,0.013100000098347664,0.013100000098347664,0.013100000098347664,0.013100000098347664,0.0,0.013100000098347664
2020-04-03,0.013100000098347664,0.013100000098347664,0.013100000098347664,0.013100000098347664,0.0,0.013100000098347664
2020-04-06,0.013100000098347664,0.013100000098347664,0.013100000098347664,0.013100000098347664,0.0,0.013100000098347664
2020-04-07,0.013100000098347664,0.013100000098347664,0.013100000098347664,0.013100000098347664,0.0,0.013100000098347664
2020-04-08,0.013100000098347664,0.013100000098347664,0.013100000098347664,0.013100000098347664,0.0,0.013100000098347664
2020-04-09,0.013100000098347664,0.013100000098347664,0.013100000098347664,0.013100000098347664,0.0,0.013100000098347664
2020-04-13,0.013100000098347664,0.013100000098347664,0.013100000098347664,0.013100000098347664,0.0,0.013100000098347664
2020-04-14,0.013100000098347664,0.013100000098347664,0.013100000098347664,0.013100000098347664,0.0,0.013100000098347664
2020-04-15,0.013100000098347664,0.013100000098347664,0.013100000098347664,0.013100000098347664,0.0,0.013100000098347664
2020-04-16,0.014999999664723873,0.014999999664723873,0.014999999664723873,0.014999999664723873,50000.0,0.014999999664723873
2020-04-17,0.01209999993443489,0.01209999993443489,0.01209999993443489,0.01209999993443489,14356.0,0.01209999993443489
2020-04-20,0.01209999993443489,0.01209999993443489,0.01209999993443489,0.01209999993443489,0.0,0.01209999993443489
2020-04-21,0.019999999552965164,0.019999999552965164,0.019999999552965164,0.019999999552965164,10000.0,0.019999999552965164
2020-04-22,0.019999999552965164,0.019999999552965164,0.019999999552965164,0.019999999552965164,0.0,0.019999999552965164
2020-04-23,0.019999999552965164,0.019999999552965164,0.019999999552965164,0.019999999552965164,0.0,0.019999999552965164
2020-04-24,0.019999999552965164,0.019999999552965164,0.019999999552965164,0.019999999552965164,0.0,0.019999999552965164
2020-04-27,0.019999999552965164,0.019999999552965164,0.019999999552965164,0.019999999552965164,0.0,0.019999999552965164
2020-04-28,0.019999999552965164,0.019999999552965164,0.019999999552965164,0.019999999552965164,0.0,0.019999999552965164
2020-04-29,0.012600000016391277,0.012600000016391277,0.012600000016391277,0.012600000016391277,138.0,0.012600000016391277
2020-04-30,0.012600000016391277,0.012600000016391277,0.012600000016391277,0.012600000016391277,0.0,0.012600000016391277
2020-05-01,0.012600000016391277,0.012600000016391277,0.012600000016391277,0.012600000016391277,128.0,0.012600000016391277
2020-05-04,0.012600000016391277,0.012600000016391277,0.012600000016391277,0.012600000016391277,0.0,0.012600000016391277
2020-05-05,0.012600000016391277,0.012600000016391277,0.012600000016391277,0.012600000016391277,0.0,0.012600000016391277
2020-05-06,0.012600000016391277,0.012600000016391277,0.012600000016391277,0.012600000016391277,0.0,0.012600000016391277
2020-05-07,0.012600000016391277,0.012600000016391277,0.012600000016391277,0.012600000016391277,16700.0,0.012600000016391277
2020-05-08,0.012600000016391277,0.012600000016391277,0.012600000016391277,0.012600000016391277,0.0,0.012600000016391277
2020-05-11,0.013000000268220901,0.013000000268220901,0.013000000268220901,0.013000000268220901,398.0,0.013000000268220901
2020-05-12,0.013000000268220901,0.013000000268220901,0.013000000268220901,0.013000000268220901,0.0,0.013000000268220901
2020-05-13,0.013000000268220901,0.013000000268220901,0.013000000268220901,0.013000000268220901,0.0,0.013000000268220901
2020-05-14,0.013000000268220901,0.013000000268220901,0.013000000268220901,0.013000000268220901,0.0,0.013000000268220901
2020-05-15,0.039000000804662704,0.039000000804662704,0.039000000804662704,0.039000000804662704,1000.0,0.039000000804662704
2020-05-18,0.039000000804662704,0.039000000804662704,0.039000000804662704,0.039000000804662704,0.0,0.039000000804662704
2020-05-19,0.039000000804662704,0.039000000804662704,0.039000000804662704,0.039000000804662704,0.0,0.039000000804662704
2020-05-20,0.039000000804662704,0.039000000804662704,0.039000000804662704,0.039000000804662704,0.0,0.039000000804662704
2020-05-21,0.039000000804662704,0.039000000804662704,0.039000000804662704,0.039000000804662704,0.0,0.039000000804662704
2020-05-22,0.039000000804662704,0.039000000804662704,0.039000000804662704,0.039000000804662704,0.0,0.039000000804662704
2020-05-26,0.039000000804662704,0.039000000804662704,0.039000000804662704,0.039000000804662704,0.0,0.039000000804662704
2020-05-27,0.039000000804662704,0.039000000804662704,0.039000000804662704,0.039000000804662704,0.0,0.039000000804662704
2020-05-28,0.039000000804662704,0.039000000804662704,0.039000000804662704,0.039000000804662704,0.0,0.039000000804662704
2020-05-29,0.039000000804662704,0.039000000804662704,0.039000000804662704,0.039000000804662704,0.0,0.039000000804662704
2020-06-01,0.029999999329447746,0.029999999329447746,0.029999999329447746,0.029999999329447746,1000.0,0.029999999329447746
2020-06-02,0.029999999329447746,0.029999999329447746,0.029999999329447746,0.029999999329447746,0.0,0.029999999329447746
2020-06-03,0.029999999329447746,0.029999999329447746,0.029999999329447746,0.029999999329447746,0.0,0.029999999329447746
2020-06-04,0.029999999329447746,0.029999999329447746,0.029999999329447746,0.029999999329447746,0.0,0.029999999329447746
2020-06-05,0.029999999329447746,0.029999999329447746,0.029999999329447746,0.029999999329447746,0.0,0.029999999329447746
2020-06-08,0.029999999329447746,0.029999999329447746,0.029999999329447746,0.029999999329447746,0.0,0.029999999329447746
2020-06-09,0.029999999329447746,0.029999999329447746,0.029999999329447746,0.029999999329447746,0.0,0.029999999329447746
2020-06-10,0.029999999329447746,0.029999999329447746,0.029999999329447746,0.029999999329447746,0.0,0.029999999329447746
2020-06-11,0.013000000268220901,0.013000000268220901,0.013000000268220901,0.013000000268220901,10000.0,0.013000000268220901
2020-06-12,0.013000000268220901,0.013000000268220901,0.013000000268220901,0.013000000268220901,0.0,0.013000000268220901
2020-06-15,0.013000000268220901,0.013000000268220901,0.013000000268220901,0.013000000268220901,0.0,0.013000000268220901
2020-06-16,0.013000000268220901,0.013000000268220901,0.013000000268220901,0.013000000268220901,0.0,0.013000000268220901
2020-06-17,0.013000000268220901,0.013000000268220901,0.013000000268220901,0.013000000268220901,0.0,0.013000000268220901
2020-06-18,0.013000000268220901,0.013000000268220901,0.013000000268220901,0.013000000268220901,0.0,0.013000000268220901
2020-06-19,0.013000000268220901,0.013000000268220901,0.013000000268220901,0.013000000268220901,0.0,0.013000000268220901
2020-06-22,0.013000000268220901,0.013000000268220901,0.013000000268220901,0.013000000268220901,0.0,0.013000000268220901
2020-06-23,0.013000000268220901,0.013000000268220901,0.013000000268220901,0.013000000268220901,0.0,0.013000000268220901
2020-06-24,0.013000000268220901,0.013000000268220901,0.013000000268220901,0.013000000268220901,0.0,0.013000000268220901
2020-06-25,0.013000000268220901,0.013000000268220901,0.013000000268220901,0.013000000268220901,0.0,0.013000000268220901
2020-06-26,0.013000000268220901,0.013000000268220901,0.013000000268220901,0.013000000268220901,0.0,0.013000000268220901
2020-06-29,0.013000000268220901,0.013000000268220901,0.013000000268220901,0.013000000268220901,0.0,0.013000000268220901
2020-06-30,0.013000000268220901,0.013000000268220901,0.013000000268220901,0.013000000268220901,0.0,0.013000000268220901
2020-07-01,0.013000000268220901,0.013000000268220901,0.013000000268220901,0.013000000268220901,0.0,0.013000000268220901
2020-07-02,0.013000000268220901,0.013000000268220901,0.013000000268220901,0.013000000268220901,0.0,0.013000000268220901
2020-07-06,0.013000000268220901,0.013000000268220901,0.013000000268220901,0.013000000268220901,0.0,0.013000000268220901
2020-07-07,0.013000000268220901,0.013000000268220901,0.013000000268220901,0.013000000268220901,0.0,0.013000000268220901
2020-07-08,0.013000000268220901,0.013000000268220901,0.013000000268220901,0.013000000268220901,0.0,0.013000000268220901
2020-07-09,0.013000000268220901,0.013000000268220901,0.013000000268220901,0.013000000268220901,0.0,0.013000000268220901
2020-07-10,0.013000000268220901,0.013000000268220901,0.013000000268220901,0.013000000268220901,0.0,0.013000000268220901
2020-07-13,0.013000000268220901,0.013000000268220901,0.013000000268220901,0.013000000268220901,0.0,0.013000000268220901
2020-07-14,0.013000000268220901,0.013000000268220901,0.013000000268220901,0.013000000268220901,0.0,0.013000000268220901
2020-07-15,0.013000000268220901,0.013000000268220901,0.013000000268220901,0.013000000268220901,0.0,0.013000000268220901
2020-07-16,0.013000000268220901,0.013000000268220901,0.013000000268220901,0.013000000268220901,0.0,0.013000000268220901
2020-07-17,0.013000000268220901,0.013000000268220901,0.013000000268220901,0.013000000268220901,0.0,0.013000000268220901
2020-07-20,0.013000000268220901,0.013000000268220901,0.013000000268220901,0.013000000268220901,0.0,0.013000000268220901
2020-07-21,0.013000000268220901,0.013000000268220901,0.013000000268220901,0.013000000268220901,0.0,0.013000000268220901
2020-07-22,0.013000000268220901,0.013000000268220901,0.013000000268220901,0.013000000268220901,0.0,0.013000000268220901
2020-07-23,0.013000000268220901,0.013000000268220901,0.013000000268220901,0.013000000268220901,0.0,0.013000000268220901
2020-07-24,0.013000000268220901,0.013000000268220901,0.013000000268220901,0.013000000268220901,0.0,0.013000000268220901
2020-07-27,0.013000000268220901,0.013000000268220901,0.013000000268220901,0.013000000268220901,0.0,0.013000000268220901
2020-07-28,0.013000000268220901,0.013000000268220901,0.013000000268220901,0.013000000268220901,17173.0,0.013000000268220901
2020-07-29,0.013000000268220901,0.013000000268220901,0.013000000268220901,0.013000000268220901,0.0,0.013000000268220901
2020-07-30,0.013000000268220901,0.013000000268220901,0.013000000268220901,0.013000000268220901,0.0,0.013000000268220901
2020-07-31,0.013000000268220901,0.013000000268220901,0.013000000268220901,0.013000000268220901,0.0,0.013000000268220901
2020-08-03,0.013000000268220901,0.013000000268220901,0.013000000268220901,0.013000000268220901,0.0,0.013000000268220901
2020-08-04,0.013000000268220901,0.013000000268220901,0.013000000268220901,0.013000000268220901,0.0,0.013000000268220901
2020-08-05,0.013000000268220901,0.013000000268220901,0.013000000268220901,0.013000000268220901,0.0,0.013000000268220901
2020-08-06,0.013000000268220901,0.013000000268220901,0.013000000268220901,0.013000000268220901,0.0,0.013000000268220901
2020-08-07,0.013000000268220901,0.013000000268220901,0.013000000268220901,0.013000000268220901,0.0,0.013000000268220901
2020-08-10,0.013000000268220901,0.013000000268220901,0.013000000268220901,0.013000000268220901,0.0,0.013000000268220901
2020-08-11,0.013000000268220901,0.013000000268220901,0.013000000268220901,0.013000000268220901,0.0,0.013000000268220901
2020-08-12,0.013000000268220901,0.013000000268220901,0.013000000268220901,0.013000000268220901,0.0,0.013000000268220901
2020-08-13,0.013000000268220901,0.013000000268220901,0.013000000268220901,0.013000000268220901,0.0,0.013000000268220901
2020-08-14,0.013000000268220901,0.013000000268220901,0.013000000268220901,0.013000000268220901,0.0,0.013000000268220901
2020-08-17,0.013000000268220901,0.013000000268220901,0.013000000268220901,0.013000000268220901,0.0,0.013000000268220901
2020-08-18,0.013000000268220901,0.013000000268220901,0.013000000268220901,0.013000000268220901,15000.0,0.013000000268220901
2020-08-19,0.013000000268220901,0.013000000268220901,0.013000000268220901,0.013000000268220901,0.0,0.013000000268220901
2020-08-20,0.013000000268220901,0.013000000268220901,0.013000000268220901,0.013000000268220901,0.0,0.013000000268220901
2020-08-21,0.020500000566244125,0.013500000350177288,0.020500000566244125,0.020500000566244125,50000.0,0.020500000566244125
2020-08-24,0.020500000566244125,0.020500000566244125,0.020500000566244125,0.020500000566244125,0.0,0.020500000566244125
2020-08-25,0.020500000566244125,0.020500000566244125,0.020500000566244125,0.020500000566244125,0.0,0.020500000566244125
2020-08-26,0.020500000566244125,0.020500000566244125,0.020500000566244125,0.020500000566244125,0.0,0.020500000566244125
2020-08-27,0.020500000566244125,0.020500000566244125,0.020500000566244125,0.020500000566244125,0.0,0.020500000566244125
2020-08-28,0.020500000566244125,0.020500000566244125,0.020500000566244125,0.020500000566244125,0.0,0.020500000566244125
2020-08-31,0.020500000566244125,0.020500000566244125,0.020500000566244125,0.020500000566244125,0.0,0.020500000566244125
2020-09-01,0.020500000566244125,0.020500000566244125,0.020500000566244125,0.020500000566244125,0.0,0.020500000566244125
2020-09-02,0.020500000566244125,0.020500000566244125,0.020500000566244125,0.020500000566244125,0.0,0.020500000566244125
2020-09-03,0.020500000566244125,0.020500000566244125,0.020500000566244125,0.020500000566244125,0.0,0.020500000566244125
2020-09-04,0.014000000432133675,0.012799999676644802,0.014000000432133675,0.012799999676644802,3346.0,0.012799999676644802
2020-09-08,0.012799999676644802,0.012799999676644802,0.012799999676644802,0.012799999676644802,0.0,0.012799999676644802
2020-09-09,0.012799999676644802,0.012799999676644802,0.012799999676644802,0.012799999676644802,0.0,0.012799999676644802
2020-09-10,0.012799999676644802,0.012799999676644802,0.012799999676644802,0.012799999676644802,0.0,0.012799999676644802
2020-09-11,0.012799999676644802,0.012799999676644802,0.012799999676644802,0.012799999676644802,0.0,0.012799999676644802
2020-09-14,0.012799999676644802,0.01209999993443489,0.012799999676644802,0.01209999993443489,35644.0,0.01209999993443489
2020-09-15,0.01209999993443489,0.01209999993443489,0.01209999993443489,0.01209999993443489,0.0,0.01209999993443489
2020-09-16,0.010999999940395355,0.010599999688565731,0.010999999940395355,0.010599999688565731,35000.0,0.010599999688565731
2020-09-17,0.010599999688565731,0.010599999688565731,0.010599999688565731,0.010599999688565731,0.0,0.010599999688565731
2020-09-21,0.010599999688565731,0.010599999688565731,0.010599999688565731,0.010599999688565731,0.0,0.010599999688565731
2020-09-22,0.010599999688565731,0.010599999688565731,0.010599999688565731,0.010599999688565731,0.0,0.010599999688565731
2020-09-23,0.010599999688565731,0.010599999688565731,0.010599999688565731,0.010599999688565731,0.0,0.010599999688565731
2020-09-24,0.010599999688565731,0.010599999688565731,0.010599999688565731,0.010599999688565731,0.0,0.010599999688565731
2020-09-25,0.010599999688565731,0.010599999688565731,0.010599999688565731,0.010599999688565731,0.0,0.010599999688565731
2020-09-28,0.010599999688565731,0.010599999688565731,0.010599999688565731,0.010599999688565731,0.0,0.010599999688565731
2020-09-29,0.010599999688565731,0.010599999688565731,0.010599999688565731,0.010599999688565731,0.0,0.010599999688565731
2020-09-30,0.010599999688565731,0.010599999688565731,0.010599999688565731,0.010599999688565731,0.0,0.010599999688565731
2020-10-01,0.010599999688565731,0.010599999688565731,0.010599999688565731,0.010599999688565731,2500.0,0.010599999688565731
2020-10-02,0.010599999688565731,0.010599999688565731,0.010599999688565731,0.010599999688565731,0.0,0.010599999688565731
2020-10-05,0.010599999688565731,0.010599999688565731,0.010599999688565731,0.010599999688565731,0.0,0.010599999688565731
2020-10-06,0.010599999688565731,0.010599999688565731,0.010599999688565731,0.010599999688565731,0.0,0.010599999688565731
2020-10-07,0.010599999688565731,0.010599999688565731,0.010599999688565731,0.010599999688565731,0.0,0.010599999688565731
2020-10-08,0.010599999688565731,0.010599999688565731,0.010599999688565731,0.010599999688565731,0.0,0.010599999688565731
2020-10-09,0.010599999688565731,0.010599999688565731,0.010599999688565731,0.010599999688565731,0.0,0.010599999688565731
2020-10-12,0.010599999688565731,0.010599999688565731,0.010599999688565731,0.010599999688565731,0.0,0.010599999688565731
2020-10-13,0.010599999688565731,0.010599999688565731,0.010599999688565731,0.010599999688565731,0.0,0.010599999688565731
2020-10-14,0.010599999688565731,0.010599999688565731,0.010599999688565731,0.010599999688565731,0.0,0.010599999688565731
2020-10-15,0.010599999688565731,0.010599999688565731,0.010599999688565731,0.010599999688565731,0.0,0.010599999688565731
2020-10-16,0.010599999688565731,0.010599999688565731,0.010599999688565731,0.010599999688565731,0.0,0.010599999688565731
2020-10-19,0.010599999688565731,0.010599999688565731,0.010599999688565731,0.010599999688565731,0.0,0.010599999688565731
2020-10-20,0.010599999688565731,0.010599999688565731,0.010599999688565731,0.010599999688565731,0.0,0.010599999688565731
2020-10-21,0.010599999688565731,0.010599999688565731,0.010599999688565731,0.010599999688565731,0.0,0.010599999688565731
2020-10-22,0.010599999688565731,0.010599999688565731,0.010599999688565731,0.010599999688565731,0.0,0.010599999688565731
2020-10-23,0.010599999688565731,0.010599999688565731,0.010599999688565731,0.010599999688565731,0.0,0.010599999688565731
2020-10-26,0.010599999688565731,0.010599999688565731,0.010599999688565731,0.010599999688565731,0.0,0.010599999688565731
2020-10-27,0.010599999688565731,0.010599999688565731,0.010599999688565731,0.010599999688565731,0.0,0.010599999688565731
2020-10-28,0.010599999688565731,0.010599999688565731,0.010599999688565731,0.010599999688565731,0.0,0.010599999688565731
2020-10-29,0.010599999688565731,0.010599999688565731,0.010599999688565731,0.010599999688565731,0.0,0.010599999688565731
2020-10-30,0.010599999688565731,0.010599999688565731,0.010599999688565731,0.010599999688565731,0.0,0.010599999688565731
2020-11-02,0.010599999688565731,0.010599999688565731,0.010599999688565731,0.010599999688565731,0.0,0.010599999688565731
2020-11-03,0.010599999688565731,0.010599999688565731,0.010599999688565731,0.010599999688565731,0.0,0.010599999688565731
2020-11-04,0.010599999688565731,0.010599999688565731,0.010599999688565731,0.010599999688565731,0.0,0.010599999688565731
2020-11-05,0.010599999688565731,0.010599999688565731,0.010599999688565731,0.010599999688565731,0.0,0.010599999688565731
2020-11-06,0.010599999688565731,0.010599999688565731,0.010599999688565731,0.010599999688565731,0.0,0.010599999688565731
2020-11-09,0.010599999688565731,0.010599999688565731,0.010599999688565731,0.010599999688565731,0.0,0.010599999688565731
2020-11-10,0.010599999688565731,0.010599999688565731,0.010599999688565731,0.010599999688565731,0.0,0.010599999688565731
2020-11-11,0.010599999688565731,0.010599999688565731,0.010599999688565731,0.010599999688565731,0.0,0.010599999688565731
2020-11-12,0.010599999688565731,0.010599999688565731,0.010599999688565731,0.010599999688565731,0.0,0.010599999688565731
2020-11-13,0.010599999688565731,0.010599999688565731,0.010599999688565731,0.010599999688565731,0.0,0.010599999688565731
2020-11-16,0.010599999688565731,0.010599999688565731,0.010599999688565731,0.010599999688565731,0.0,0.010599999688565731
2020-11-17,0.010599999688565731,0.010599999688565731,0.010599999688565731,0.010599999688565731,0.0,0.010599999688565731
2020-11-18,0.010599999688565731,0.010599999688565731,0.010599999688565731,0.010599999688565731,0.0,0.010599999688565731
2020-11-19,0.010599999688565731,0.010599999688565731,0.010599999688565731,0.010599999688565731,3752.0,0.010599999688565731
2020-11-20,0.009999999776482582,0.006599999964237213,0.006599999964237213,0.009999999776482582,83295.0,0.009999999776482582
